region,metric,unit,period,value
Illinois,Cake and meal produced,tons,2015-05,384474.0
Illinois,Cake and meal produced,tons,2015-06,443421.0
Illinois,Cake and meal produced,tons,2015-07,402832.0
Illinois,Cake and meal produced,tons,2015-08,437569.0
Illinois,Cake and meal produced,tons,2015-09,355560.0
Illinois,Cake and meal produced,tons,2015-10,398012.0
Illinois,Cake and meal produced,tons,2015-11,418043.0
Illinois,Cake and meal produced,tons,2015-12,423765.0
Illinois,Cake and meal produced,tons,2016-01,366355.0
Illinois,Cake and meal produced,tons,2016-02,398369.0
Illinois,Cake and meal produced,tons,2016-03,436932.0
Illinois,Cake and meal produced,tons,2016-04,411628.0
Illinois,Cake and meal produced,tons,2016-05,435508.0
Illinois,Cake and meal produced,tons,2016-06,377885.0
Illinois,Cake and meal produced,tons,2016-07,325903.0
Illinois,Cake and meal produced,tons,2016-08,342981.0
Illinois,Cake and meal produced,tons,2016-09,327487.0
Illinois,Cake and meal produced,tons,2016-10,459827.0
Illinois,Cake and meal produced,tons,2016-11,475789.0
Illinois,Cake and meal produced,tons,2016-12,462693.0
Illinois,Cake and meal produced,tons,2017-01,459075.0
Illinois,Cake and meal produced,tons,2017-02,410026.0
Illinois,Cake and meal produced,tons,2017-03,468578.0
Illinois,Cake and meal produced,tons,2017-04,417359.0
Illinois,Cake and meal produced,tons,2017-05,398152.0
Illinois,Cake and meal produced,tons,2017-06,346680.0
Illinois,Cake and meal produced,tons,2017-07,402919.0
Illinois,Cake and meal produced,tons,2017-08,393068.0
Illinois,Cake and meal produced,tons,2017-09,374253.0
Illinois,Cake and meal produced,tons,2017-10,437819.0
Illinois,Cake and meal produced,tons,2017-11,452066.0
Illinois,Cake and meal produced,tons,2017-12,465246.0
Illinois,Cake and meal produced,tons,2018-01,438990.0
Illinois,Cake and meal produced,tons,2018-02,420801.0
Illinois,Cake and meal produced,tons,2018-03,450750.0
Illinois,Cake and meal produced,tons,2018-04,453840.0
Illinois,Cake and meal produced,tons,2018-05,451608.0
Illinois,Cake and meal produced,tons,2018-06,429717.0
Illinois,Cake and meal produced,tons,2018-07,469315.0
Illinois,Cake and meal produced,tons,2018-08,452477.0
Illinois,Cake and meal produced,tons,2018-09,420599.0
Illinois,Cake and meal produced,tons,2018-10,453914.0
Illinois,Cake and meal produced,tons,2018-11,450508.0
Illinois,Cake and meal produced,tons,2018-12,483119.0
Illinois,Cake and meal produced,tons,2019-01,486990.0
Illinois,Cake and meal produced,tons,2019-02,422969.0
Illinois,Cake and meal produced,tons,2019-03,497495.0
Illinois,Cake and meal produced,tons,2019-04,431478.0
Illinois,Cake and meal produced,tons,2019-05,353748.0
Illinois,Cake and meal produced,tons,2019-06,374720.0
Illinois,Cake and meal produced,tons,2019-07,493459.0
Illinois,Cake and meal produced,tons,2019-08,491362.0
Illinois,Cake and meal produced,tons,2019-09,372228.0
Illinois,Cake and meal produced,tons,2019-10,466761.0
Illinois,Cake and meal produced,tons,2019-11,447210.0
Illinois,Cake and meal produced,tons,2019-12,493441.0
Illinois,Cake and meal produced,tons,2020-01,494229.0
Illinois,Cake and meal produced,tons,2020-02,470010.0
Illinois,Cake and meal produced,tons,2020-03,461604.0
Illinois,Cake and meal produced,tons,2020-04,488001.0
Illinois,Cake and meal produced,tons,2020-05,418999.0
Illinois,Cake and meal produced,tons,2020-06,481992.0
Illinois,Cake and meal produced,tons,2020-07,493129.0
Illinois,Cake and meal produced,tons,2020-08,494121.0
Illinois,Cake and meal produced,tons,2020-09,428802.0
Illinois,Cake and meal produced,tons,2020-10,508750.0
Illinois,Cake and meal produced,tons,2020-11,509635.0
Illinois,Cake and meal produced,tons,2020-12,479154.0
Illinois,Cake and meal produced,tons,2021-01,504380.0
Illinois,Cake and meal produced,tons,2021-02,412468.0
Illinois,Cake and meal produced,tons,2021-03,474100.0
Illinois,Cake and meal produced,tons,2021-04,441948.0
Illinois,Cake and meal produced,tons,2021-05,419546.0
Illinois,Cake and meal produced,tons,2021-06,386679.0
Illinois,Cake and meal produced,tons,2021-07,399388.0
Illinois,Cake and meal produced,tons,2021-08,388670.0
Illinois,Cake and meal produced,tons,2021-09,415150.0
Illinois,Cake and meal produced,tons,2021-10,482269.0
Illinois,Cake and meal produced,tons,2021-11,479210.0
Illinois,Cake and meal produced,tons,2021-12,489734.0
Illinois,Cake and meal produced,tons,2022-01,489334.0
Illinois,Cake and meal produced,tons,2022-02,424031.0
Illinois,Cake and meal produced,tons,2022-03,487917.0
Illinois,Cake and meal produced,tons,2022-04,470707.0
Illinois,Cake and meal produced,tons,2022-05,454664.0
Illinois,Cake and meal produced,tons,2022-06,405904.0
Illinois,Cake and meal produced,tons,2022-07,443990.0
Illinois,Cake and meal produced,tons,2022-08,390837.0
Illinois,Cake and meal produced,tons,2022-09,319087.0
Illinois,Cake and meal produced,tons,2022-10,490974.0
Illinois,Cake and meal produced,tons,2022-11,478494.0
Illinois,Cake and meal produced,tons,2022-12,503197.0
Illinois,Cake and meal produced,tons,2023-01,519790.0
Illinois,Cake and meal produced,tons,2023-02,465380.0
Illinois,Cake and meal produced,tons,2023-03,512452.0
Illinois,Cake and meal produced,tons,2023-04,487249.0
Illinois,Cake and meal produced,tons,2023-05,475250.0
Illinois,Cake and meal produced,tons,2023-06,470494.0
Illinois,Cake and meal produced,tons,2023-07,482943.0
Illinois,Cake and meal produced,tons,2023-08,426172.0
Illinois,Cake and meal produced,tons,2023-09,365865.0
Illinois,Cake and meal produced,tons,2023-10,474313.0
Illinois,Cake and meal produced,tons,2023-11,473968.0
Illinois,Cake and meal produced,tons,2023-12,495465.0
Illinois,Cake and meal produced,tons,2024-01,449168.0
Illinois,Cake and meal produced,tons,2024-02,446440.0
Illinois,Cake and meal produced,tons,2024-03,467111.0
Illinois,Cake and meal produced,tons,2024-04,418736.0
Illinois,Cake and meal produced,tons,2024-05,408678.0
Illinois,Cake and meal produced,tons,2024-06,445521.0
Illinois,Cake and meal produced,tons,2024-07,431261.0
Illinois,Cake and meal produced,tons,2024-08,359979.0
Illinois,Cake and meal produced,tons,2024-09,368209.0
Illinois,Cake and meal produced,tons,2024-10,484238.0
Illinois,Cake and meal produced,tons,2024-11,494064.0
Illinois,Cake and meal produced,tons,2024-12,481545.0
Illinois,Cake and meal produced,tons,2025-01,422314.0
Illinois,Cake and meal produced,tons,2025-02,368750.0
Illinois,Cake and meal produced,tons,2025-03,444653.0
Illinois,Cake and meal produced,tons,2025-04,458741.0
Illinois,Cake and meal produced,tons,2025-05,469214.0
Illinois,Cake and meal produced,tons,2025-06,460326.0
Illinois,Cake and meal produced,tons,2025-07,490515.0
Illinois,Cake and meal produced,tons,2025-08,426461.0
Illinois,Cake and meal produced,tons,2025-09,467996.0
Illinois,Cake and meal produced,tons,2025-10,534172.0
Illinois,Cake and meal produced,tons,2025-11,507922.0
Illinois,Cake and meal produced,tons,2025-12,510651.0
Illinois,Cake and meal produced,tons,2026-01,531102.0
Illinois,Cake and meal produced,tons,2026-02,502938.0
Illinois,Cake and meal produced,tons,2026-03,506668.0
Illinois,Cake and meal produced,tons,2026-04,492934.0
Illinois,Cake and meal produced,tons,2026-05,443972.0
Illinois,Cake and meal produced,tons,2026-06,489192.0
Illinois,Cake and meal produced,tons,2026-07,509053.0
Illinois,Cake and meal produced,tons,2026-08,544098.0
Illinois,Cake and meal stocks,tons,2015-05,74899.0
Illinois,Cake and meal stocks,tons,2015-06,61107.0
Illinois,Cake and meal stocks,tons,2015-07,64068.0
Illinois,Cake and meal stocks,tons,2015-08,57547.0
Illinois,Cake and meal stocks,tons,2015-09,44165.0
Illinois,Cake and meal stocks,tons,2015-10,51288.0
Illinois,Cake and meal stocks,tons,2015-11,79993.0
Illinois,Cake and meal stocks,tons,2015-12,49628.0
Illinois,Cake and meal stocks,tons,2016-01,61419.0
Illinois,Cake and meal stocks,tons,2016-02,56703.0
Illinois,Cake and meal stocks,tons,2016-03,43670.0
Illinois,Cake and meal stocks,tons,2016-04,53514.0
Illinois,Cake and meal stocks,tons,2016-05,57257.0
Illinois,Cake and meal stocks,tons,2016-06,33058.0
Illinois,Cake and meal stocks,tons,2016-07,51325.0
Illinois,Cake and meal stocks,tons,2016-08,34570.0
Illinois,Cake and meal stocks,tons,2016-09,43807.0
Illinois,Cake and meal stocks,tons,2016-10,69516.0
Illinois,Cake and meal stocks,tons,2016-12,94385.0
Illinois,Cake and meal stocks,tons,2017-01,76612.0
Illinois,Cake and meal stocks,tons,2017-02,96483.0
Illinois,Cake and meal stocks,tons,2017-03,55693.0
Illinois,Cake and meal stocks,tons,2017-04,61435.0
Illinois,Cake and meal stocks,tons,2017-05,49202.0
Illinois,Cake and meal stocks,tons,2017-06,49924.0
Illinois,Cake and meal stocks,tons,2017-07,51264.0
Illinois,Cake and meal stocks,tons,2017-08,34628.0
Illinois,Cake and meal stocks,tons,2017-09,46886.0
Illinois,Cake and meal stocks,tons,2017-10,51227.0
Illinois,Cake and meal stocks,tons,2017-11,55418.0
Illinois,Cake and meal stocks,tons,2017-12,94845.0
Illinois,Cake and meal stocks,tons,2018-01,56640.0
Illinois,Cake and meal stocks,tons,2018-03,103943.0
Illinois,Cake and meal stocks,tons,2018-04,81479.0
Illinois,Cake and meal stocks,tons,2018-05,81209.0
Illinois,Cake and meal stocks,tons,2018-06,57052.0
Illinois,Cake and meal stocks,tons,2018-07,100907.0
Illinois,Cake and meal stocks,tons,2018-08,84311.0
Illinois,Cake and meal stocks,tons,2018-10,111136.0
Illinois,Cake and meal stocks,tons,2018-11,45502.0
Illinois,Cake and meal stocks,tons,2018-12,64375.0
Illinois,Cake and meal stocks,tons,2019-01,98116.0
Illinois,Cake and meal stocks,tons,2019-02,51570.0
Illinois,Cake and meal stocks,tons,2019-03,85134.0
Illinois,Cake and meal stocks,tons,2019-04,66795.0
Illinois,Cake and meal stocks,tons,2019-05,44769.0
Illinois,Cake and meal stocks,tons,2019-06,77454.0
Illinois,Cake and meal stocks,tons,2019-07,61149.0
Illinois,Cake and meal stocks,tons,2019-08,82619.0
Illinois,Cake and meal stocks,tons,2019-09,69794.0
Illinois,Cake and meal stocks,tons,2019-10,72400.0
Illinois,Cake and meal stocks,tons,2019-11,88658.0
Illinois,Cake and meal stocks,tons,2019-12,99599.0
Illinois,Cake and meal stocks,tons,2020-02,104176.0
Illinois,Cake and meal stocks,tons,2020-03,64793.0
Illinois,Cake and meal stocks,tons,2020-04,64585.0
Illinois,Cake and meal stocks,tons,2020-06,82686.0
Illinois,Cake and meal stocks,tons,2020-07,59768.0
Illinois,Cake and meal stocks,tons,2020-08,79781.0
Illinois,Cake and meal stocks,tons,2020-10,67835.0
Illinois,Cake and meal stocks,tons,2020-11,87937.0
Illinois,Cake and meal stocks,tons,2020-12,59441.0
Illinois,Cake and meal stocks,tons,2021-01,100435.0
Illinois,Cake and meal stocks,tons,2021-02,115901.0
Illinois,Cake and meal stocks,tons,2021-03,71222.0
Illinois,Cake and meal stocks,tons,2021-04,59855.0
Illinois,Cake and meal stocks,tons,2021-05,89892.0
Illinois,Cake and meal stocks,tons,2021-06,46662.0
Illinois,Cake and meal stocks,tons,2021-07,50549.0
Illinois,Cake and meal stocks,tons,2021-08,45926.0
Illinois,Cake and meal stocks,tons,2021-09,42049.0
Illinois,Cake and meal stocks,tons,2021-10,53908.0
Illinois,Cake and meal stocks,tons,2021-11,72108.0
Illinois,Cake and meal stocks,tons,2021-12,67919.0
Illinois,Cake and meal stocks,tons,2022-01,59751.0
Illinois,Cake and meal stocks,tons,2022-02,40707.0
Illinois,Cake and meal stocks,tons,2022-03,42072.0
Illinois,Cake and meal stocks,tons,2022-04,61559.0
Illinois,Cake and meal stocks,tons,2022-05,53059.0
Illinois,Cake and meal stocks,tons,2022-06,62138.0
Illinois,Cake and meal stocks,tons,2022-07,81320.0
Illinois,Cake and meal stocks,tons,2022-08,55833.0
Illinois,Cake and meal stocks,tons,2022-09,73658.0
Illinois,Cake and meal stocks,tons,2022-10,50909.0
Illinois,Cake and meal stocks,tons,2022-11,54037.0
Illinois,Cake and meal stocks,tons,2022-12,71576.0
Illinois,Cake and meal stocks,tons,2023-02,90912.0
Illinois,Cake and meal stocks,tons,2023-03,59678.0
Illinois,Cake and meal stocks,tons,2023-04,81094.0
Illinois,Cake and meal stocks,tons,2023-05,49029.0
Illinois,Cake and meal stocks,tons,2023-07,48935.0
Illinois,Cake and meal stocks,tons,2023-08,41202.0
Illinois,Cake and meal stocks,tons,2023-09,66428.0
Illinois,Cake and meal stocks,tons,2023-10,32292.0
Illinois,Cake and meal stocks,tons,2023-11,18326.0
Illinois,Cake and meal stocks,tons,2023-12,62967.0
Illinois,Cake and meal stocks,tons,2024-01,52569.0
Illinois,Cake and meal stocks,tons,2024-02,35354.0
Illinois,Cake and meal stocks,tons,2024-03,71701.0
Illinois,Cake and meal stocks,tons,2024-04,30908.0
Illinois,Cake and meal stocks,tons,2024-05,24580.0
Illinois,Cake and meal stocks,tons,2024-06,45511.0
Illinois,Cake and meal stocks,tons,2024-08,39275.0
Illinois,Cake and meal stocks,tons,2024-09,55048.0
Illinois,Cake and meal stocks,tons,2024-10,26560.0
Illinois,Cake and meal stocks,tons,2024-11,73877.0
Illinois,Cake and meal stocks,tons,2024-12,56058.0
Illinois,Cake and meal stocks,tons,2025-01,84135.0
Illinois,Cake and meal stocks,tons,2025-02,78953.0
Illinois,Cake and meal stocks,tons,2025-03,47462.0
Illinois,Cake and meal stocks,tons,2025-04,30357.0
Illinois,Cake and meal stocks,tons,2025-05,47307.0
Illinois,Cake and meal stocks,tons,2025-06,57149.0
Illinois,Cake and meal stocks,tons,2025-07,37651.0
Illinois,Cake and meal stocks,tons,2025-08,60789.0
Illinois,Cake and meal stocks,tons,2025-09,55460.0
Illinois,Cake and meal stocks,tons,2025-10,32937.0
Illinois,Cake and meal stocks,tons,2025-11,68320.0
Illinois,Cake and meal stocks,tons,2025-12,38881.0
Illinois,Cake and meal stocks,tons,2026-01,53401.0
Illinois,Cake and meal stocks,tons,2026-02,49740.0
Illinois,Cake and meal stocks,tons,2026-03,48061.0
Illinois,Cake and meal stocks,tons,2026-04,34694.0
Illinois,Cake and meal stocks,tons,2026-05,51419.0
Illinois,Cake and meal stocks,tons,2026-06,45484.0
Illinois,Cake and meal stocks,tons,2026-07,23419.0
Illinois,Cake and meal stocks,tons,2026-08,56937.0
Illinois,Crude oil produced,"1,000 pounds",2015-05,199753.0
Illinois,Crude oil produced,"1,000 pounds",2015-06,229969.0
Illinois,Crude oil produced,"1,000 pounds",2015-07,210218.0
Illinois,Crude oil produced,"1,000 pounds",2015-08,229564.0
Illinois,Crude oil produced,"1,000 pounds",2015-09,187146.0
Illinois,Crude oil produced,"1,000 pounds",2015-10,215171.0
Illinois,Crude oil produced,"1,000 pounds",2015-11,224717.0
Illinois,Crude oil produced,"1,000 pounds",2015-12,232176.0
Illinois,Crude oil produced,"1,000 pounds",2016-01,201801.0
Illinois,Crude oil produced,"1,000 pounds",2016-02,212594.0
Illinois,Crude oil produced,"1,000 pounds",2016-03,243082.0
Illinois,Crude oil produced,"1,000 pounds",2016-04,224439.0
Illinois,Crude oil produced,"1,000 pounds",2016-05,236503.0
Illinois,Crude oil produced,"1,000 pounds",2016-06,205480.0
Illinois,Crude oil produced,"1,000 pounds",2016-07,180481.0
Illinois,Crude oil produced,"1,000 pounds",2016-08,188449.0
Illinois,Crude oil produced,"1,000 pounds",2016-09,174081.0
Illinois,Crude oil produced,"1,000 pounds",2016-10,251934.0
Illinois,Crude oil produced,"1,000 pounds",2016-11,255081.0
Illinois,Crude oil produced,"1,000 pounds",2016-12,252510.0
Illinois,Crude oil produced,"1,000 pounds",2017-01,252481.0
Illinois,Crude oil produced,"1,000 pounds",2017-02,225836.0
Illinois,Crude oil produced,"1,000 pounds",2017-03,254539.0
Illinois,Crude oil produced,"1,000 pounds",2017-04,226617.0
Illinois,Crude oil produced,"1,000 pounds",2017-05,218366.0
Illinois,Crude oil produced,"1,000 pounds",2017-06,191316.0
Illinois,Crude oil produced,"1,000 pounds",2017-07,222405.0
Illinois,Crude oil produced,"1,000 pounds",2017-08,217969.0
Illinois,Crude oil produced,"1,000 pounds",2017-09,210070.0
Illinois,Crude oil produced,"1,000 pounds",2017-10,238937.0
Illinois,Crude oil produced,"1,000 pounds",2017-11,240877.0
Illinois,Crude oil produced,"1,000 pounds",2017-12,249755.0
Illinois,Crude oil produced,"1,000 pounds",2018-01,235228.0
Illinois,Crude oil produced,"1,000 pounds",2018-02,227300.0
Illinois,Crude oil produced,"1,000 pounds",2018-03,243725.0
Illinois,Crude oil produced,"1,000 pounds",2018-04,236412.0
Illinois,Crude oil produced,"1,000 pounds",2018-05,241685.0
Illinois,Crude oil produced,"1,000 pounds",2018-06,228251.0
Illinois,Crude oil produced,"1,000 pounds",2018-07,252665.0
Illinois,Crude oil produced,"1,000 pounds",2018-08,242869.0
Illinois,Crude oil produced,"1,000 pounds",2018-09,225764.0
Illinois,Crude oil produced,"1,000 pounds",2018-10,248248.0
Illinois,Crude oil produced,"1,000 pounds",2018-11,247093.0
Illinois,Crude oil produced,"1,000 pounds",2018-12,272127.0
Illinois,Crude oil produced,"1,000 pounds",2019-01,269325.0
Illinois,Crude oil produced,"1,000 pounds",2019-02,237892.0
Illinois,Crude oil produced,"1,000 pounds",2019-03,278846.0
Illinois,Crude oil produced,"1,000 pounds",2019-04,242119.0
Illinois,Crude oil produced,"1,000 pounds",2019-05,196663.0
Illinois,Crude oil produced,"1,000 pounds",2019-06,204795.0
Illinois,Crude oil produced,"1,000 pounds",2019-07,277064.0
Illinois,Crude oil produced,"1,000 pounds",2019-08,270644.0
Illinois,Crude oil produced,"1,000 pounds",2019-09,214278.0
Illinois,Crude oil produced,"1,000 pounds",2019-10,255867.0
Illinois,Crude oil produced,"1,000 pounds",2019-11,234749.0
Illinois,Crude oil produced,"1,000 pounds",2019-12,263719.0
Illinois,Crude oil produced,"1,000 pounds",2020-01,262992.0
Illinois,Crude oil produced,"1,000 pounds",2020-02,247577.0
Illinois,Crude oil produced,"1,000 pounds",2020-03,249561.0
Illinois,Crude oil produced,"1,000 pounds",2020-04,264309.0
Illinois,Crude oil produced,"1,000 pounds",2020-05,229132.0
Illinois,Crude oil produced,"1,000 pounds",2020-06,256210.0
Illinois,Crude oil produced,"1,000 pounds",2020-07,269860.0
Illinois,Crude oil produced,"1,000 pounds",2020-08,270562.0
Illinois,Crude oil produced,"1,000 pounds",2020-09,234411.0
Illinois,Crude oil produced,"1,000 pounds",2020-10,273528.0
Illinois,Crude oil produced,"1,000 pounds",2020-11,269901.0
Illinois,Crude oil produced,"1,000 pounds",2020-12,256308.0
Illinois,Crude oil produced,"1,000 pounds",2021-01,268997.0
Illinois,Crude oil produced,"1,000 pounds",2021-02,218358.0
Illinois,Crude oil produced,"1,000 pounds",2021-03,257144.0
Illinois,Crude oil produced,"1,000 pounds",2021-04,236611.0
Illinois,Crude oil produced,"1,000 pounds",2021-05,228670.0
Illinois,Crude oil produced,"1,000 pounds",2021-06,215265.0
Illinois,Crude oil produced,"1,000 pounds",2021-07,219021.0
Illinois,Crude oil produced,"1,000 pounds",2021-08,211996.0
Illinois,Crude oil produced,"1,000 pounds",2021-09,223398.0
Illinois,Crude oil produced,"1,000 pounds",2021-10,268201.0
Illinois,Crude oil produced,"1,000 pounds",2021-11,258905.0
Illinois,Crude oil produced,"1,000 pounds",2021-12,266247.0
Illinois,Crude oil produced,"1,000 pounds",2022-01,268621.0
Illinois,Crude oil produced,"1,000 pounds",2022-02,238972.0
Illinois,Crude oil produced,"1,000 pounds",2022-03,265000.0
Illinois,Crude oil produced,"1,000 pounds",2022-04,261646.0
Illinois,Crude oil produced,"1,000 pounds",2022-05,253132.0
Illinois,Crude oil produced,"1,000 pounds",2022-06,226095.0
Illinois,Crude oil produced,"1,000 pounds",2022-07,251259.0
Illinois,Crude oil produced,"1,000 pounds",2022-08,212578.0
Illinois,Crude oil produced,"1,000 pounds",2022-09,175570.0
Illinois,Crude oil produced,"1,000 pounds",2022-10,275511.0
Illinois,Crude oil produced,"1,000 pounds",2022-11,253481.0
Illinois,Crude oil produced,"1,000 pounds",2022-12,280113.0
Illinois,Crude oil produced,"1,000 pounds",2023-01,282811.0
Illinois,Crude oil produced,"1,000 pounds",2023-02,244933.0
Illinois,Crude oil produced,"1,000 pounds",2023-03,290186.0
Illinois,Crude oil produced,"1,000 pounds",2023-04,266256.0
Illinois,Crude oil produced,"1,000 pounds",2023-05,260262.0
Illinois,Crude oil produced,"1,000 pounds",2023-06,258909.0
Illinois,Crude oil produced,"1,000 pounds",2023-07,264773.0
Illinois,Crude oil produced,"1,000 pounds",2023-08,240628.0
Illinois,Crude oil produced,"1,000 pounds",2023-09,203793.0
Illinois,Crude oil produced,"1,000 pounds",2023-10,262865.0
Illinois,Crude oil produced,"1,000 pounds",2023-11,256700.0
Illinois,Crude oil produced,"1,000 pounds",2023-12,273411.0
Illinois,Crude oil produced,"1,000 pounds",2024-01,247674.0
Illinois,Crude oil produced,"1,000 pounds",2024-02,262678.0
Illinois,Crude oil produced,"1,000 pounds",2024-03,266242.0
Illinois,Crude oil produced,"1,000 pounds",2024-04,234299.0
Illinois,Crude oil produced,"1,000 pounds",2024-05,227743.0
Illinois,Crude oil produced,"1,000 pounds",2024-06,249278.0
Illinois,Crude oil produced,"1,000 pounds",2024-07,239783.0
Illinois,Crude oil produced,"1,000 pounds",2024-08,201205.0
Illinois,Crude oil produced,"1,000 pounds",2024-09,207854.0
Illinois,Crude oil produced,"1,000 pounds",2024-10,265470.0
Illinois,Crude oil produced,"1,000 pounds",2024-11,264984.0
Illinois,Crude oil produced,"1,000 pounds",2024-12,262928.0
Illinois,Crude oil produced,"1,000 pounds",2025-01,239285.0
Illinois,Crude oil produced,"1,000 pounds",2025-02,205197.0
Illinois,Crude oil produced,"1,000 pounds",2025-03,248253.0
Illinois,Crude oil produced,"1,000 pounds",2025-04,252234.0
Illinois,Crude oil produced,"1,000 pounds",2025-05,261846.0
Illinois,Crude oil produced,"1,000 pounds",2025-06,261426.0
Illinois,Crude oil produced,"1,000 pounds",2025-07,278021.0
Illinois,Crude oil produced,"1,000 pounds",2025-08,241566.0
Illinois,Crude oil produced,"1,000 pounds",2025-09,257505.0
Illinois,Crude oil produced,"1,000 pounds",2025-10,291441.0
Illinois,Crude oil produced,"1,000 pounds",2025-11,277439.0
Illinois,Crude oil produced,"1,000 pounds",2025-12,280937.0
Illinois,Crude oil produced,"1,000 pounds",2026-01,285738.0
Illinois,Crude oil produced,"1,000 pounds",2026-02,275599.0
Illinois,Crude oil produced,"1,000 pounds",2026-03,276250.0
Illinois,Crude oil produced,"1,000 pounds",2026-04,271654.0
Illinois,Crude oil produced,"1,000 pounds",2026-05,247617.0
Illinois,Crude oil produced,"1,000 pounds",2026-06,268605.0
Illinois,Crude oil produced,"1,000 pounds",2026-07,279168.0
Illinois,Crude oil produced,"1,000 pounds",2026-08,331190.0
Illinois,Crude oil stocks at crusher,"1,000 pounds",2015-05,263758.0
Illinois,Crude oil stocks at crusher,"1,000 pounds",2015-06,260325.0
Illinois,Crude oil stocks at crusher,"1,000 pounds",2015-07,235709.0
Illinois,Crude oil stocks at crusher,"1,000 pounds",2015-08,186815.0
Illinois,Crude oil stocks at crusher,"1,000 pounds",2015-09,164881.0
Illinois,Crude oil stocks at crusher,"1,000 pounds",2015-10,83246.0
Illinois,Crude oil stocks at crusher,"1,000 pounds",2015-11,87395.0
Illinois,Crude oil stocks at crusher,"1,000 pounds",2015-12,91653.0
Illinois,Crude oil stocks at crusher,"1,000 pounds",2016-01,126799.0
Illinois,Crude oil stocks at crusher,"1,000 pounds",2016-02,155453.0
Illinois,Crude oil stocks at crusher,"1,000 pounds",2016-03,201541.0
Illinois,Crude oil stocks at crusher,"1,000 pounds",2016-04,208033.0
Illinois,Crude oil stocks at crusher,"1,000 pounds",2016-05,195936.0
Illinois,Crude oil stocks at crusher,"1,000 pounds",2016-06,170858.0
Illinois,Crude oil stocks at crusher,"1,000 pounds",2016-07,131003.0
Illinois,Crude oil stocks at crusher,"1,000 pounds",2016-08,128644.0
Illinois,Crude oil stocks at crusher,"1,000 pounds",2016-09,77781.0
Illinois,Crude oil stocks at crusher,"1,000 pounds",2016-10,99942.0
Illinois,Crude oil stocks at crusher,"1,000 pounds",2016-11,126853.0
Illinois,Crude oil stocks at crusher,"1,000 pounds",2016-12,118626.0
Illinois,Crude oil stocks at crusher,"1,000 pounds",2017-01,141342.0
Illinois,Crude oil stocks at crusher,"1,000 pounds",2017-02,142920.0
Illinois,Crude oil stocks at crusher,"1,000 pounds",2017-03,206014.0
Illinois,Crude oil stocks at crusher,"1,000 pounds",2017-04,196621.0
Illinois,Crude oil stocks at crusher,"1,000 pounds",2017-05,187476.0
Illinois,Crude oil stocks at crusher,"1,000 pounds",2017-06,215991.0
Illinois,Crude oil stocks at crusher,"1,000 pounds",2017-07,169412.0
Illinois,Crude oil stocks at crusher,"1,000 pounds",2017-08,116293.0
Illinois,Crude oil stocks at crusher,"1,000 pounds",2017-09,83848.0
Illinois,Crude oil stocks at crusher,"1,000 pounds",2017-10,76958.0
Illinois,Crude oil stocks at crusher,"1,000 pounds",2017-11,84535.0
Illinois,Crude oil stocks at crusher,"1,000 pounds",2017-12,106505.0
Illinois,Crude oil stocks at crusher,"1,000 pounds",2018-01,130828.0
Illinois,Crude oil stocks at crusher,"1,000 pounds",2018-02,151934.0
Illinois,Crude oil stocks at crusher,"1,000 pounds",2018-03,154913.0
Illinois,Crude oil stocks at crusher,"1,000 pounds",2018-04,139509.0
Illinois,Crude oil stocks at crusher,"1,000 pounds",2018-05,119597.0
Illinois,Crude oil stocks at crusher,"1,000 pounds",2018-06,95762.0
Illinois,Crude oil stocks at crusher,"1,000 pounds",2018-07,85912.0
Illinois,Crude oil stocks at crusher,"1,000 pounds",2018-08,100081.0
Illinois,Crude oil stocks at crusher,"1,000 pounds",2018-10,114887.0
Illinois,Crude oil stocks at crusher,"1,000 pounds",2019-01,129645.0
Illinois,Crude oil stocks at crusher,"1,000 pounds",2019-02,136407.0
Illinois,Crude oil stocks at crusher,"1,000 pounds",2019-03,185655.0
Illinois,Crude oil stocks at crusher,"1,000 pounds",2019-04,202122.0
Illinois,Crude oil stocks at crusher,"1,000 pounds",2019-05,177856.0
Illinois,Crude oil stocks at crusher,"1,000 pounds",2019-06,151492.0
Illinois,Crude oil stocks at crusher,"1,000 pounds",2019-09,123925.0
Illinois,Crude oil stocks at crusher,"1,000 pounds",2019-10,99680.0
Illinois,Crude oil stocks at crusher,"1,000 pounds",2019-11,117153.0
Illinois,Crude oil stocks at crusher,"1,000 pounds",2019-12,156367.0
Illinois,Crude oil stocks at crusher,"1,000 pounds",2020-01,188981.0
Illinois,Crude oil stocks at crusher,"1,000 pounds",2020-02,207636.0
Illinois,Crude oil stocks at crusher,"1,000 pounds",2020-03,125429.0
Illinois,Crude oil stocks at crusher,"1,000 pounds",2020-04,155734.0
Illinois,Crude oil stocks at crusher,"1,000 pounds",2020-05,108904.0
Illinois,Crude oil stocks at crusher,"1,000 pounds",2020-06,108765.0
Illinois,Crude oil stocks at crusher,"1,000 pounds",2020-07,135051.0
Illinois,Crude oil stocks at crusher,"1,000 pounds",2020-08,111723.0
Illinois,Crude oil stocks at crusher,"1,000 pounds",2020-09,70521.0
Illinois,Crude oil stocks at crusher,"1,000 pounds",2020-10,85740.0
Illinois,Crude oil stocks at crusher,"1,000 pounds",2020-11,97961.0
Illinois,Crude oil stocks at crusher,"1,000 pounds",2020-12,97208.0
Illinois,Crude oil stocks at crusher,"1,000 pounds",2021-01,160382.0
Illinois,Crude oil stocks at crusher,"1,000 pounds",2021-02,165256.0
Illinois,Crude oil stocks at crusher,"1,000 pounds",2021-03,116301.0
Illinois,Crude oil stocks at crusher,"1,000 pounds",2021-04,159970.0
Illinois,Crude oil stocks at crusher,"1,000 pounds",2021-05,140864.0
Illinois,Crude oil stocks at crusher,"1,000 pounds",2021-06,138000.0
Illinois,Crude oil stocks at crusher,"1,000 pounds",2021-07,124287.0
Illinois,Crude oil stocks at crusher,"1,000 pounds",2021-08,112312.0
Illinois,Crude oil stocks at crusher,"1,000 pounds",2021-09,108843.0
Illinois,Crude oil stocks at crusher,"1,000 pounds",2021-10,127805.0
Illinois,Crude oil stocks at crusher,"1,000 pounds",2021-11,130224.0
Illinois,Crude oil stocks at crusher,"1,000 pounds",2021-12,111914.0
Illinois,Crude oil stocks at crusher,"1,000 pounds",2022-01,116762.0
Illinois,Crude oil stocks at crusher,"1,000 pounds",2022-02,126320.0
Illinois,Crude oil stocks at crusher,"1,000 pounds",2022-03,136293.0
Illinois,Crude oil stocks at crusher,"1,000 pounds",2022-04,144528.0
Illinois,Crude oil stocks at crusher,"1,000 pounds",2022-05,162526.0
Illinois,Crude oil stocks at crusher,"1,000 pounds",2022-06,161686.0
Illinois,Crude oil stocks at crusher,"1,000 pounds",2022-07,152209.0
Illinois,Crude oil stocks at crusher,"1,000 pounds",2022-08,104205.0
Illinois,Crude oil stocks at crusher,"1,000 pounds",2022-09,70180.0
Illinois,Crude oil stocks at crusher,"1,000 pounds",2022-12,111914.0
Illinois,Crude oil stocks at crusher,"1,000 pounds",2023-03,166220.0
Illinois,Crude oil stocks at crusher,"1,000 pounds",2023-04,157383.0
Illinois,Crude oil stocks at crusher,"1,000 pounds",2023-05,122002.0
Illinois,Crude oil stocks at crusher,"1,000 pounds",2023-06,138926.0
Illinois,Crude oil stocks at crusher,"1,000 pounds",2023-07,122299.0
Illinois,Crude oil stocks at crusher,"1,000 pounds",2023-08,109477.0
Illinois,Crude oil stocks at crusher,"1,000 pounds",2023-09,89170.0
Illinois,Crude oil stocks at crusher,"1,000 pounds",2023-10,76208.0
Illinois,Crude oil stocks at crusher,"1,000 pounds",2023-11,95608.0
Illinois,Crude oil stocks at crusher,"1,000 pounds",2023-12,150350.0
Illinois,Crude oil stocks at crusher,"1,000 pounds",2024-01,186604.0
Illinois,Crude oil stocks at crusher,"1,000 pounds",2024-02,155759.0
Illinois,Crude oil stocks at crusher,"1,000 pounds",2024-03,169518.0
Illinois,Crude oil stocks at crusher,"1,000 pounds",2024-04,165224.0
Illinois,Crude oil stocks at crusher,"1,000 pounds",2024-05,126314.0
Illinois,Crude oil stocks at crusher,"1,000 pounds",2024-06,127905.0
Illinois,Crude oil stocks at crusher,"1,000 pounds",2024-07,127739.0
Illinois,Crude oil stocks at crusher,"1,000 pounds",2024-08,78259.0
Illinois,Crude oil stocks at crusher,"1,000 pounds",2024-09,88614.0
Illinois,Crude oil stocks at crusher,"1,000 pounds",2024-10,95176.0
Illinois,Crude oil stocks at crusher,"1,000 pounds",2024-11,91668.0
Illinois,Crude oil stocks at crusher,"1,000 pounds",2024-12,88065.0
Illinois,Crude oil stocks at crusher,"1,000 pounds",2025-01,115757.0
Illinois,Crude oil stocks at crusher,"1,000 pounds",2025-02,122933.0
Illinois,Crude oil stocks at crusher,"1,000 pounds",2025-03,129505.0
Illinois,Crude oil stocks at crusher,"1,000 pounds",2025-04,91926.0
Illinois,Crude oil stocks at crusher,"1,000 pounds",2025-05,109419.0
Illinois,Crude oil stocks at crusher,"1,000 pounds",2025-06,130900.0
Illinois,Crude oil stocks at crusher,"1,000 pounds",2025-07,156489.0
Illinois,Crude oil stocks at crusher,"1,000 pounds",2025-08,111644.0
Illinois,Crude oil stocks at crusher,"1,000 pounds",2025-09,99306.0
Illinois,Crude oil stocks at crusher,"1,000 pounds",2025-10,85935.0
Illinois,Crude oil stocks at crusher,"1,000 pounds",2025-11,92516.0
Illinois,Crude oil stocks at crusher,"1,000 pounds",2025-12,121405.0
Illinois,Crude oil stocks at crusher,"1,000 pounds",2026-02,183893.0
Illinois,Crude oil stocks at crusher,"1,000 pounds",2026-03,163810.0
Illinois,Crude oil stocks at crusher,"1,000 pounds",2026-04,160240.0
Illinois,Crude oil stocks at crusher,"1,000 pounds",2026-07,119331.0
Illinois,Crude oil stocks at crusher,"1,000 pounds",2026-08,119862.0
Illinois,Soybeans crushed,tons,2015-05,527050.0
Illinois,Soybeans crushed,tons,2015-06,606566.0
Illinois,Soybeans crushed,tons,2015-07,553006.0
Illinois,Soybeans crushed,tons,2015-08,592782.0
Illinois,Soybeans crushed,tons,2015-09,484419.0
Illinois,Soybeans crushed,tons,2015-10,555931.0
Illinois,Soybeans crushed,tons,2015-11,580134.0
Illinois,Soybeans crushed,tons,2015-12,587325.0
Illinois,Soybeans crushed,tons,2016-01,514261.0
Illinois,Soybeans crushed,tons,2016-02,546695.0
Illinois,Soybeans crushed,tons,2016-03,607194.0
Illinois,Soybeans crushed,tons,2016-04,570995.0
Illinois,Soybeans crushed,tons,2016-05,597271.0
Illinois,Soybeans crushed,tons,2016-06,526304.0
Illinois,Soybeans crushed,tons,2016-07,452361.0
Illinois,Soybeans crushed,tons,2016-08,472761.0
Illinois,Soybeans crushed,tons,2016-09,451253.0
Illinois,Soybeans crushed,tons,2016-10,635958.0
Illinois,Soybeans crushed,tons,2016-11,653259.0
Illinois,Soybeans crushed,tons,2016-12,641988.0
Illinois,Soybeans crushed,tons,2017-01,639072.0
Illinois,Soybeans crushed,tons,2017-02,570231.0
Illinois,Soybeans crushed,tons,2017-03,640447.0
Illinois,Soybeans crushed,tons,2017-04,573507.0
Illinois,Soybeans crushed,tons,2017-05,549154.0
Illinois,Soybeans crushed,tons,2017-06,479908.0
Illinois,Soybeans crushed,tons,2017-07,562340.0
Illinois,Soybeans crushed,tons,2017-08,551513.0
Illinois,Soybeans crushed,tons,2017-09,518802.0
Illinois,Soybeans crushed,tons,2017-10,606907.0
Illinois,Soybeans crushed,tons,2017-11,621917.0
Illinois,Soybeans crushed,tons,2017-12,638819.0
Illinois,Soybeans crushed,tons,2018-01,606516.0
Illinois,Soybeans crushed,tons,2018-02,580214.0
Illinois,Soybeans crushed,tons,2018-03,618612.0
Illinois,Soybeans crushed,tons,2018-04,615746.0
Illinois,Soybeans crushed,tons,2018-05,618675.0
Illinois,Soybeans crushed,tons,2018-06,584300.0
Illinois,Soybeans crushed,tons,2018-07,634379.0
Illinois,Soybeans crushed,tons,2018-08,621419.0
Illinois,Soybeans crushed,tons,2018-09,575004.0
Illinois,Soybeans crushed,tons,2018-10,622334.0
Illinois,Soybeans crushed,tons,2018-11,636227.0
Illinois,Soybeans crushed,tons,2018-12,675141.0
Illinois,Soybeans crushed,tons,2019-01,684581.0
Illinois,Soybeans crushed,tons,2019-02,590483.0
Illinois,Soybeans crushed,tons,2019-03,687766.0
Illinois,Soybeans crushed,tons,2019-04,597030.0
Illinois,Soybeans crushed,tons,2019-05,472570.0
Illinois,Soybeans crushed,tons,2019-06,513588.0
Illinois,Soybeans crushed,tons,2019-07,692126.0
Illinois,Soybeans crushed,tons,2019-08,679235.0
Illinois,Soybeans crushed,tons,2019-09,525265.0
Illinois,Soybeans crushed,tons,2019-10,650019.0
Illinois,Soybeans crushed,tons,2019-11,613808.0
Illinois,Soybeans crushed,tons,2019-12,671352.0
Illinois,Soybeans crushed,tons,2020-01,680082.0
Illinois,Soybeans crushed,tons,2020-02,640984.0
Illinois,Soybeans crushed,tons,2020-03,635912.0
Illinois,Soybeans crushed,tons,2020-04,671323.0
Illinois,Soybeans crushed,tons,2020-05,576483.0
Illinois,Soybeans crushed,tons,2020-06,667194.0
Illinois,Soybeans crushed,tons,2020-07,684439.0
Illinois,Soybeans crushed,tons,2020-08,683793.0
Illinois,Soybeans crushed,tons,2020-09,596321.0
Illinois,Soybeans crushed,tons,2020-10,701837.0
Illinois,Soybeans crushed,tons,2020-11,699518.0
Illinois,Soybeans crushed,tons,2020-12,676653.0
Illinois,Soybeans crushed,tons,2021-01,687830.0
Illinois,Soybeans crushed,tons,2021-02,564364.0
Illinois,Soybeans crushed,tons,2021-03,650305.0
Illinois,Soybeans crushed,tons,2021-04,602959.0
Illinois,Soybeans crushed,tons,2021-05,582792.0
Illinois,Soybeans crushed,tons,2021-06,535732.0
Illinois,Soybeans crushed,tons,2021-07,540911.0
Illinois,Soybeans crushed,tons,2021-08,523927.0
Illinois,Soybeans crushed,tons,2021-09,567436.0
Illinois,Soybeans crushed,tons,2021-10,674438.0
Illinois,Soybeans crushed,tons,2021-11,667542.0
Illinois,Soybeans crushed,tons,2021-12,690990.0
Illinois,Soybeans crushed,tons,2022-01,679959.0
Illinois,Soybeans crushed,tons,2022-02,595948.0
Illinois,Soybeans crushed,tons,2022-03,675525.0
Illinois,Soybeans crushed,tons,2022-04,653419.0
Illinois,Soybeans crushed,tons,2022-05,626572.0
Illinois,Soybeans crushed,tons,2022-06,545170.0
Illinois,Soybeans crushed,tons,2022-07,621387.0
Illinois,Soybeans crushed,tons,2022-08,527085.0
Illinois,Soybeans crushed,tons,2022-09,450904.0
Illinois,Soybeans crushed,tons,2022-10,684071.0
Illinois,Soybeans crushed,tons,2022-11,660584.0
Illinois,Soybeans crushed,tons,2022-12,694187.0
Illinois,Soybeans crushed,tons,2023-01,697714.0
Illinois,Soybeans crushed,tons,2023-02,637413.0
Illinois,Soybeans crushed,tons,2023-03,716050.0
Illinois,Soybeans crushed,tons,2023-04,662342.0
Illinois,Soybeans crushed,tons,2023-05,663963.0
Illinois,Soybeans crushed,tons,2023-06,639556.0
Illinois,Soybeans crushed,tons,2023-07,678319.0
Illinois,Soybeans crushed,tons,2023-08,580856.0
Illinois,Soybeans crushed,tons,2023-09,500038.0
Illinois,Soybeans crushed,tons,2023-10,652816.0
Illinois,Soybeans crushed,tons,2023-11,661268.0
Illinois,Soybeans crushed,tons,2023-12,691654.0
Illinois,Soybeans crushed,tons,2024-01,624011.0
Illinois,Soybeans crushed,tons,2024-02,629688.0
Illinois,Soybeans crushed,tons,2024-03,661731.0
Illinois,Soybeans crushed,tons,2024-04,568959.0
Illinois,Soybeans crushed,tons,2024-05,567872.0
Illinois,Soybeans crushed,tons,2024-06,609361.0
Illinois,Soybeans crushed,tons,2024-07,588141.0
Illinois,Soybeans crushed,tons,2024-08,491506.0
Illinois,Soybeans crushed,tons,2024-09,509422.0
Illinois,Soybeans crushed,tons,2024-10,660727.0
Illinois,Soybeans crushed,tons,2024-11,668240.0
Illinois,Soybeans crushed,tons,2024-12,666043.0
Illinois,Soybeans crushed,tons,2025-01,582101.0
Illinois,Soybeans crushed,tons,2025-02,512114.0
Illinois,Soybeans crushed,tons,2025-03,607551.0
Illinois,Soybeans crushed,tons,2025-04,628927.0
Illinois,Soybeans crushed,tons,2025-05,643549.0
Illinois,Soybeans crushed,tons,2025-06,636102.0
Illinois,Soybeans crushed,tons,2025-07,681104.0
Illinois,Soybeans crushed,tons,2025-08,582675.0
Illinois,Soybeans crushed,tons,2025-09,646627.0
Illinois,Soybeans crushed,tons,2025-10,749498.0
Illinois,Soybeans crushed,tons,2025-11,711556.0
Illinois,Soybeans crushed,tons,2025-12,714973.0
Illinois,Soybeans crushed,tons,2026-01,720441.0
Illinois,Soybeans crushed,tons,2026-02,698606.0
Illinois,Soybeans crushed,tons,2026-03,690907.0
Illinois,Soybeans crushed,tons,2026-04,683226.0
Illinois,Soybeans crushed,tons,2026-05,622813.0
Illinois,Soybeans crushed,tons,2026-06,681437.0
Illinois,Soybeans crushed,tons,2026-07,711296.0
Illinois,Soybeans crushed,tons,2026-08,832063.0
Iowa,Cake and meal produced,tons,2015-05,741843.0
Iowa,Cake and meal produced,tons,2015-06,771184.0
Iowa,Cake and meal produced,tons,2015-07,713971.0
Iowa,Cake and meal produced,tons,2015-08,679922.0
Iowa,Cake and meal produced,tons,2015-09,649413.0
Iowa,Cake and meal produced,tons,2015-10,797408.0
Iowa,Cake and meal produced,tons,2015-11,835465.0
Iowa,Cake and meal produced,tons,2015-12,827142.0
Iowa,Cake and meal produced,tons,2016-01,787211.0
Iowa,Cake and meal produced,tons,2016-02,769939.0
Iowa,Cake and meal produced,tons,2016-03,828610.0
Iowa,Cake and meal produced,tons,2016-04,744246.0
Iowa,Cake and meal produced,tons,2016-05,765105.0
Iowa,Cake and meal produced,tons,2016-06,718667.0
Iowa,Cake and meal produced,tons,2016-07,784157.0
Iowa,Cake and meal produced,tons,2016-08,812026.0
Iowa,Cake and meal produced,tons,2016-09,714785.0
Iowa,Cake and meal produced,tons,2016-10,826937.0
Iowa,Cake and meal produced,tons,2016-11,800539.0
Iowa,Cake and meal produced,tons,2016-12,795276.0
Iowa,Cake and meal produced,tons,2017-01,792645.0
Iowa,Cake and meal produced,tons,2017-02,707377.0
Iowa,Cake and meal produced,tons,2017-03,726821.0
Iowa,Cake and meal produced,tons,2017-04,696163.0
Iowa,Cake and meal produced,tons,2017-05,772359.0
Iowa,Cake and meal produced,tons,2017-06,723630.0
Iowa,Cake and meal produced,tons,2017-07,764091.0
Iowa,Cake and meal produced,tons,2017-08,728547.0
Iowa,Cake and meal produced,tons,2017-09,674201.0
Iowa,Cake and meal produced,tons,2017-10,816027.0
Iowa,Cake and meal produced,tons,2017-11,828782.0
Iowa,Cake and meal produced,tons,2017-12,824164.0
Iowa,Cake and meal produced,tons,2018-01,819429.0
Iowa,Cake and meal produced,tons,2018-02,750819.0
Iowa,Cake and meal produced,tons,2018-03,862308.0
Iowa,Cake and meal produced,tons,2018-04,796270.0
Iowa,Cake and meal produced,tons,2018-05,844719.0
Iowa,Cake and meal produced,tons,2018-06,828824.0
Iowa,Cake and meal produced,tons,2018-07,761117.0
Iowa,Cake and meal produced,tons,2018-08,830590.0
Iowa,Cake and meal produced,tons,2018-09,823311.0
Iowa,Cake and meal produced,tons,2018-10,857330.0
Iowa,Cake and meal produced,tons,2018-11,829335.0
Iowa,Cake and meal produced,tons,2018-12,863905.0
Iowa,Cake and meal produced,tons,2019-01,839244.0
Iowa,Cake and meal produced,tons,2019-02,751983.0
Iowa,Cake and meal produced,tons,2019-03,825242.0
Iowa,Cake and meal produced,tons,2019-04,844830.0
Iowa,Cake and meal produced,tons,2019-05,829496.0
Iowa,Cake and meal produced,tons,2019-06,679988.0
Iowa,Cake and meal produced,tons,2019-07,806237.0
Iowa,Cake and meal produced,tons,2019-08,740469.0
Iowa,Cake and meal produced,tons,2019-09,808327.0
Iowa,Cake and meal produced,tons,2019-10,862818.0
Iowa,Cake and meal produced,tons,2019-11,767357.0
Iowa,Cake and meal produced,tons,2019-12,831942.0
Iowa,Cake and meal produced,tons,2020-01,839810.0
Iowa,Cake and meal produced,tons,2020-02,795187.0
Iowa,Cake and meal produced,tons,2020-03,874779.0
Iowa,Cake and meal produced,tons,2020-04,815390.0
Iowa,Cake and meal produced,tons,2020-05,806876.0
Iowa,Cake and meal produced,tons,2020-06,720800.0
Iowa,Cake and meal produced,tons,2020-07,809592.0
Iowa,Cake and meal produced,tons,2020-08,808546.0
Iowa,Cake and meal produced,tons,2020-09,827995.0
Iowa,Cake and meal produced,tons,2020-10,865397.0
Iowa,Cake and meal produced,tons,2020-11,863830.0
Iowa,Cake and meal produced,tons,2020-12,884343.0
Iowa,Cake and meal produced,tons,2021-01,893538.0
Iowa,Cake and meal produced,tons,2021-02,745792.0
Iowa,Cake and meal produced,tons,2021-03,877859.0
Iowa,Cake and meal produced,tons,2021-04,796327.0
Iowa,Cake and meal produced,tons,2021-05,779358.0
Iowa,Cake and meal produced,tons,2021-06,776975.0
Iowa,Cake and meal produced,tons,2021-07,740907.0
Iowa,Cake and meal produced,tons,2021-08,832106.0
Iowa,Cake and meal produced,tons,2021-09,777831.0
Iowa,Cake and meal produced,tons,2021-10,889103.0
Iowa,Cake and meal produced,tons,2021-11,870604.0
Iowa,Cake and meal produced,tons,2021-12,896068.0
Iowa,Cake and meal produced,tons,2022-01,846014.0
Iowa,Cake and meal produced,tons,2022-02,783301.0
Iowa,Cake and meal produced,tons,2022-03,886163.0
Iowa,Cake and meal produced,tons,2022-04,822746.0
Iowa,Cake and meal produced,tons,2022-05,799494.0
Iowa,Cake and meal produced,tons,2022-06,773015.0
Iowa,Cake and meal produced,tons,2022-07,770689.0
Iowa,Cake and meal produced,tons,2022-08,881382.0
Iowa,Cake and meal produced,tons,2022-09,825656.0
Iowa,Cake and meal produced,tons,2022-10,901752.0
Iowa,Cake and meal produced,tons,2022-11,851522.0
Iowa,Cake and meal produced,tons,2022-12,839509.0
Iowa,Cake and meal produced,tons,2023-01,839469.0
Iowa,Cake and meal produced,tons,2023-02,837061.0
Iowa,Cake and meal produced,tons,2023-03,941704.0
Iowa,Cake and meal produced,tons,2023-04,908097.0
Iowa,Cake and meal produced,tons,2023-05,856941.0
Iowa,Cake and meal produced,tons,2023-06,781650.0
Iowa,Cake and meal produced,tons,2023-07,884224.0
Iowa,Cake and meal produced,tons,2023-08,776902.0
Iowa,Cake and meal produced,tons,2023-09,844963.0
Iowa,Cake and meal produced,tons,2023-10,977399.0
Iowa,Cake and meal produced,tons,2023-11,943554.0
Iowa,Cake and meal produced,tons,2023-12,985473.0
Iowa,Cake and meal produced,tons,2024-01,905136.0
Iowa,Cake and meal produced,tons,2024-02,935140.0
Iowa,Cake and meal produced,tons,2024-03,979975.0
Iowa,Cake and meal produced,tons,2024-04,903287.0
Iowa,Cake and meal produced,tons,2024-05,954668.0
Iowa,Cake and meal produced,tons,2024-06,769850.0
Iowa,Cake and meal produced,tons,2024-07,934340.0
Iowa,Cake and meal produced,tons,2024-08,811370.0
Iowa,Cake and meal produced,tons,2024-09,1004917.0
Iowa,Cake and meal produced,tons,2024-10,1035951.0
Iowa,Cake and meal produced,tons,2024-11,950240.0
Iowa,Cake and meal produced,tons,2024-12,1043739.0
Iowa,Cake and meal produced,tons,2025-01,1042754.0
Iowa,Cake and meal produced,tons,2025-02,966563.0
Iowa,Cake and meal produced,tons,2025-03,1060706.0
Iowa,Cake and meal produced,tons,2025-04,1004092.0
Iowa,Cake and meal produced,tons,2025-05,974956.0
Iowa,Cake and meal produced,tons,2025-06,941315.0
Iowa,Cake and meal produced,tons,2025-07,1000422.0
Iowa,Cake and meal produced,tons,2025-08,1046770.0
Iowa,Cake and meal produced,tons,2025-09,1016067.0
Iowa,Cake and meal produced,tons,2025-10,1093509.0
Iowa,Cake and meal produced,tons,2025-11,1036892.0
Iowa,Cake and meal produced,tons,2025-12,1080758.0
Iowa,Cake and meal produced,tons,2026-01,1069603.0
Iowa,Cake and meal produced,tons,2026-02,988613.0
Iowa,Cake and meal produced,tons,2026-03,1101320.0
Iowa,Cake and meal produced,tons,2026-04,1010550.0
Iowa,Cake and meal produced,tons,2026-05,1007114.0
Iowa,Cake and meal produced,tons,2026-06,1012345.0
Iowa,Cake and meal produced,tons,2026-07,1080702.0
Iowa,Cake and meal produced,tons,2026-08,1036448.0
Iowa,Cake and meal stocks,tons,2015-05,93268.0
Iowa,Cake and meal stocks,tons,2015-06,62259.0
Iowa,Cake and meal stocks,tons,2015-07,54557.0
Iowa,Cake and meal stocks,tons,2015-08,46941.0
Iowa,Cake and meal stocks,tons,2015-09,42035.0
Iowa,Cake and meal stocks,tons,2015-10,69455.0
Iowa,Cake and meal stocks,tons,2015-11,64965.0
Iowa,Cake and meal stocks,tons,2015-12,45944.0
Iowa,Cake and meal stocks,tons,2016-01,69767.0
Iowa,Cake and meal stocks,tons,2016-02,65265.0
Iowa,Cake and meal stocks,tons,2016-03,61790.0
Iowa,Cake and meal stocks,tons,2016-04,75985.0
Iowa,Cake and meal stocks,tons,2016-05,86597.0
Iowa,Cake and meal stocks,tons,2016-06,84344.0
Iowa,Cake and meal stocks,tons,2016-07,78619.0
Iowa,Cake and meal stocks,tons,2016-08,53075.0
Iowa,Cake and meal stocks,tons,2016-09,48268.0
Iowa,Cake and meal stocks,tons,2016-10,68084.0
Iowa,Cake and meal stocks,tons,2016-11,59388.0
Iowa,Cake and meal stocks,tons,2016-12,69580.0
Iowa,Cake and meal stocks,tons,2017-01,74009.0
Iowa,Cake and meal stocks,tons,2017-02,67104.0
Iowa,Cake and meal stocks,tons,2017-03,48056.0
Iowa,Cake and meal stocks,tons,2017-04,79494.0
Iowa,Cake and meal stocks,tons,2017-05,90568.0
Iowa,Cake and meal stocks,tons,2017-06,41196.0
Iowa,Cake and meal stocks,tons,2017-07,73213.0
Iowa,Cake and meal stocks,tons,2017-08,54873.0
Iowa,Cake and meal stocks,tons,2017-09,65131.0
Iowa,Cake and meal stocks,tons,2017-10,51108.0
Iowa,Cake and meal stocks,tons,2017-11,53873.0
Iowa,Cake and meal stocks,tons,2017-12,87050.0
Iowa,Cake and meal stocks,tons,2018-01,57813.0
Iowa,Cake and meal stocks,tons,2018-02,52236.0
Iowa,Cake and meal stocks,tons,2018-03,69321.0
Iowa,Cake and meal stocks,tons,2018-04,65445.0
Iowa,Cake and meal stocks,tons,2018-05,55547.0
Iowa,Cake and meal stocks,tons,2018-06,68332.0
Iowa,Cake and meal stocks,tons,2018-07,57399.0
Iowa,Cake and meal stocks,tons,2018-08,67701.0
Iowa,Cake and meal stocks,tons,2018-09,70669.0
Iowa,Cake and meal stocks,tons,2018-10,52023.0
Iowa,Cake and meal stocks,tons,2018-11,44417.0
Iowa,Cake and meal stocks,tons,2018-12,55143.0
Iowa,Cake and meal stocks,tons,2019-01,45253.0
Iowa,Cake and meal stocks,tons,2019-02,35373.0
Iowa,Cake and meal stocks,tons,2019-03,97918.0
Iowa,Cake and meal stocks,tons,2019-04,75450.0
Iowa,Cake and meal stocks,tons,2019-05,79636.0
Iowa,Cake and meal stocks,tons,2019-06,85736.0
Iowa,Cake and meal stocks,tons,2019-07,67871.0
Iowa,Cake and meal stocks,tons,2019-08,43254.0
Iowa,Cake and meal stocks,tons,2019-09,49610.0
Iowa,Cake and meal stocks,tons,2019-10,36425.0
Iowa,Cake and meal stocks,tons,2019-11,62898.0
Iowa,Cake and meal stocks,tons,2019-12,43441.0
Iowa,Cake and meal stocks,tons,2020-01,45618.0
Iowa,Cake and meal stocks,tons,2020-02,57048.0
Iowa,Cake and meal stocks,tons,2020-03,59254.0
Iowa,Cake and meal stocks,tons,2020-04,41711.0
Iowa,Cake and meal stocks,tons,2020-05,82284.0
Iowa,Cake and meal stocks,tons,2020-06,49376.0
Iowa,Cake and meal stocks,tons,2020-07,49142.0
Iowa,Cake and meal stocks,tons,2020-08,56515.0
Iowa,Cake and meal stocks,tons,2020-09,30215.0
Iowa,Cake and meal stocks,tons,2020-10,57555.0
Iowa,Cake and meal stocks,tons,2020-11,60490.0
Iowa,Cake and meal stocks,tons,2020-12,35518.0
Iowa,Cake and meal stocks,tons,2021-01,71100.0
Iowa,Cake and meal stocks,tons,2021-02,77897.0
Iowa,Cake and meal stocks,tons,2021-03,58250.0
Iowa,Cake and meal stocks,tons,2021-04,48654.0
Iowa,Cake and meal stocks,tons,2021-05,87395.0
Iowa,Cake and meal stocks,tons,2021-06,66789.0
Iowa,Cake and meal stocks,tons,2021-07,56689.0
Iowa,Cake and meal stocks,tons,2021-08,50248.0
Iowa,Cake and meal stocks,tons,2021-09,42677.0
Iowa,Cake and meal stocks,tons,2021-10,65958.0
Iowa,Cake and meal stocks,tons,2021-11,48377.0
Iowa,Cake and meal stocks,tons,2021-12,50962.0
Iowa,Cake and meal stocks,tons,2022-01,43976.0
Iowa,Cake and meal stocks,tons,2022-02,49401.0
Iowa,Cake and meal stocks,tons,2022-03,50613.0
Iowa,Cake and meal stocks,tons,2022-04,55870.0
Iowa,Cake and meal stocks,tons,2022-05,69938.0
Iowa,Cake and meal stocks,tons,2022-06,47938.0
Iowa,Cake and meal stocks,tons,2022-07,66453.0
Iowa,Cake and meal stocks,tons,2022-08,44306.0
Iowa,Cake and meal stocks,tons,2022-09,38619.0
Iowa,Cake and meal stocks,tons,2022-10,52795.0
Iowa,Cake and meal stocks,tons,2022-11,40518.0
Iowa,Cake and meal stocks,tons,2022-12,50682.0
Iowa,Cake and meal stocks,tons,2023-01,52375.0
Iowa,Cake and meal stocks,tons,2023-02,60064.0
Iowa,Cake and meal stocks,tons,2023-03,42980.0
Iowa,Cake and meal stocks,tons,2023-04,81860.0
Iowa,Cake and meal stocks,tons,2023-05,48722.0
Iowa,Cake and meal stocks,tons,2023-06,42485.0
Iowa,Cake and meal stocks,tons,2023-07,80963.0
Iowa,Cake and meal stocks,tons,2023-08,42620.0
Iowa,Cake and meal stocks,tons,2023-09,64796.0
Iowa,Cake and meal stocks,tons,2023-10,61372.0
Iowa,Cake and meal stocks,tons,2023-11,47600.0
Iowa,Cake and meal stocks,tons,2023-12,86408.0
Iowa,Cake and meal stocks,tons,2024-01,45629.0
Iowa,Cake and meal stocks,tons,2024-02,51857.0
Iowa,Cake and meal stocks,tons,2024-03,97429.0
Iowa,Cake and meal stocks,tons,2024-04,49740.0
Iowa,Cake and meal stocks,tons,2024-05,77052.0
Iowa,Cake and meal stocks,tons,2024-06,78308.0
Iowa,Cake and meal stocks,tons,2024-07,70118.0
Iowa,Cake and meal stocks,tons,2024-08,59675.0
Iowa,Cake and meal stocks,tons,2024-09,70722.0
Iowa,Cake and meal stocks,tons,2024-10,60703.0
Iowa,Cake and meal stocks,tons,2024-11,64042.0
Iowa,Cake and meal stocks,tons,2024-12,79696.0
Iowa,Cake and meal stocks,tons,2025-01,75043.0
Iowa,Cake and meal stocks,tons,2025-02,65789.0
Iowa,Cake and meal stocks,tons,2025-03,62676.0
Iowa,Cake and meal stocks,tons,2025-04,56816.0
Iowa,Cake and meal stocks,tons,2025-05,66313.0
Iowa,Cake and meal stocks,tons,2025-06,76223.0
Iowa,Cake and meal stocks,tons,2025-07,65655.0
Iowa,Cake and meal stocks,tons,2025-08,73038.0
Iowa,Cake and meal stocks,tons,2025-09,69282.0
Iowa,Cake and meal stocks,tons,2025-10,72561.0
Iowa,Cake and meal stocks,tons,2025-11,89272.0
Iowa,Cake and meal stocks,tons,2025-12,68612.0
Iowa,Cake and meal stocks,tons,2026-01,74934.0
Iowa,Cake and meal stocks,tons,2026-02,76949.0
Iowa,Cake and meal stocks,tons,2026-03,72628.0
Iowa,Cake and meal stocks,tons,2026-04,54058.0
Iowa,Cake and meal stocks,tons,2026-05,83067.0
Iowa,Cake and meal stocks,tons,2026-06,75994.0
Iowa,Cake and meal stocks,tons,2026-07,73714.0
Iowa,Cake and meal stocks,tons,2026-08,68733.0
Iowa,Crude oil produced,"1,000 pounds",2015-05,373025.0
Iowa,Crude oil produced,"1,000 pounds",2015-06,384007.0
Iowa,Crude oil produced,"1,000 pounds",2015-07,355836.0
Iowa,Crude oil produced,"1,000 pounds",2015-08,343825.0
Iowa,Crude oil produced,"1,000 pounds",2015-09,327503.0
Iowa,Crude oil produced,"1,000 pounds",2015-10,414237.0
Iowa,Crude oil produced,"1,000 pounds",2015-11,424938.0
Iowa,Crude oil produced,"1,000 pounds",2015-12,427106.0
Iowa,Crude oil produced,"1,000 pounds",2016-01,409626.0
Iowa,Crude oil produced,"1,000 pounds",2016-02,400845.0
Iowa,Crude oil produced,"1,000 pounds",2016-03,429053.0
Iowa,Crude oil produced,"1,000 pounds",2016-04,386076.0
Iowa,Crude oil produced,"1,000 pounds",2016-05,397548.0
Iowa,Crude oil produced,"1,000 pounds",2016-06,370618.0
Iowa,Crude oil produced,"1,000 pounds",2016-07,408176.0
Iowa,Crude oil produced,"1,000 pounds",2016-08,420591.0
Iowa,Crude oil produced,"1,000 pounds",2016-09,372202.0
Iowa,Crude oil produced,"1,000 pounds",2016-10,432983.0
Iowa,Crude oil produced,"1,000 pounds",2016-11,415128.0
Iowa,Crude oil produced,"1,000 pounds",2016-12,414879.0
Iowa,Crude oil produced,"1,000 pounds",2017-01,414097.0
Iowa,Crude oil produced,"1,000 pounds",2017-02,362039.0
Iowa,Crude oil produced,"1,000 pounds",2017-03,384611.0
Iowa,Crude oil produced,"1,000 pounds",2017-04,361116.0
Iowa,Crude oil produced,"1,000 pounds",2017-05,405476.0
Iowa,Crude oil produced,"1,000 pounds",2017-06,374006.0
Iowa,Crude oil produced,"1,000 pounds",2017-07,399199.0
Iowa,Crude oil produced,"1,000 pounds",2017-08,382373.0
Iowa,Crude oil produced,"1,000 pounds",2017-09,349997.0
Iowa,Crude oil produced,"1,000 pounds",2017-10,428144.0
Iowa,Crude oil produced,"1,000 pounds",2017-11,425604.0
Iowa,Crude oil produced,"1,000 pounds",2017-12,423928.0
Iowa,Crude oil produced,"1,000 pounds",2018-01,420867.0
Iowa,Crude oil produced,"1,000 pounds",2018-02,386772.0
Iowa,Crude oil produced,"1,000 pounds",2018-03,442506.0
Iowa,Crude oil produced,"1,000 pounds",2018-04,411345.0
Iowa,Crude oil produced,"1,000 pounds",2018-05,433983.0
Iowa,Crude oil produced,"1,000 pounds",2018-06,426733.0
Iowa,Crude oil produced,"1,000 pounds",2018-07,389920.0
Iowa,Crude oil produced,"1,000 pounds",2018-08,428787.0
Iowa,Crude oil produced,"1,000 pounds",2018-09,427008.0
Iowa,Crude oil produced,"1,000 pounds",2018-10,453138.0
Iowa,Crude oil produced,"1,000 pounds",2018-11,436749.0
Iowa,Crude oil produced,"1,000 pounds",2018-12,456423.0
Iowa,Crude oil produced,"1,000 pounds",2019-01,442543.0
Iowa,Crude oil produced,"1,000 pounds",2019-02,395432.0
Iowa,Crude oil produced,"1,000 pounds",2019-03,441235.0
Iowa,Crude oil produced,"1,000 pounds",2019-04,446126.0
Iowa,Crude oil produced,"1,000 pounds",2019-05,435841.0
Iowa,Crude oil produced,"1,000 pounds",2019-06,357533.0
Iowa,Crude oil produced,"1,000 pounds",2019-07,430443.0
Iowa,Crude oil produced,"1,000 pounds",2019-08,392396.0
Iowa,Crude oil produced,"1,000 pounds",2019-09,425524.0
Iowa,Crude oil produced,"1,000 pounds",2019-10,452784.0
Iowa,Crude oil produced,"1,000 pounds",2019-11,397636.0
Iowa,Crude oil produced,"1,000 pounds",2019-12,429602.0
Iowa,Crude oil produced,"1,000 pounds",2020-01,437677.0
Iowa,Crude oil produced,"1,000 pounds",2020-02,415770.0
Iowa,Crude oil produced,"1,000 pounds",2020-03,454269.0
Iowa,Crude oil produced,"1,000 pounds",2020-04,423253.0
Iowa,Crude oil produced,"1,000 pounds",2020-05,419557.0
Iowa,Crude oil produced,"1,000 pounds",2020-06,374079.0
Iowa,Crude oil produced,"1,000 pounds",2020-07,418835.0
Iowa,Crude oil produced,"1,000 pounds",2020-08,420085.0
Iowa,Crude oil produced,"1,000 pounds",2020-09,435255.0
Iowa,Crude oil produced,"1,000 pounds",2020-10,465886.0
Iowa,Crude oil produced,"1,000 pounds",2020-11,460839.0
Iowa,Crude oil produced,"1,000 pounds",2020-12,479689.0
Iowa,Crude oil produced,"1,000 pounds",2021-01,481259.0
Iowa,Crude oil produced,"1,000 pounds",2021-02,403783.0
Iowa,Crude oil produced,"1,000 pounds",2021-03,473760.0
Iowa,Crude oil produced,"1,000 pounds",2021-04,431292.0
Iowa,Crude oil produced,"1,000 pounds",2021-05,420025.0
Iowa,Crude oil produced,"1,000 pounds",2021-06,416500.0
Iowa,Crude oil produced,"1,000 pounds",2021-07,399197.0
Iowa,Crude oil produced,"1,000 pounds",2021-08,445121.0
Iowa,Crude oil produced,"1,000 pounds",2021-09,419249.0
Iowa,Crude oil produced,"1,000 pounds",2021-10,482830.0
Iowa,Crude oil produced,"1,000 pounds",2021-11,466018.0
Iowa,Crude oil produced,"1,000 pounds",2021-12,479965.0
Iowa,Crude oil produced,"1,000 pounds",2022-01,452387.0
Iowa,Crude oil produced,"1,000 pounds",2022-02,421061.0
Iowa,Crude oil produced,"1,000 pounds",2022-03,478317.0
Iowa,Crude oil produced,"1,000 pounds",2022-04,440696.0
Iowa,Crude oil produced,"1,000 pounds",2022-05,430398.0
Iowa,Crude oil produced,"1,000 pounds",2022-06,418181.0
Iowa,Crude oil produced,"1,000 pounds",2022-07,414197.0
Iowa,Crude oil produced,"1,000 pounds",2022-08,481065.0
Iowa,Crude oil produced,"1,000 pounds",2022-09,446591.0
Iowa,Crude oil produced,"1,000 pounds",2022-10,482562.0
Iowa,Crude oil produced,"1,000 pounds",2022-11,453039.0
Iowa,Crude oil produced,"1,000 pounds",2022-12,448281.0
Iowa,Crude oil produced,"1,000 pounds",2023-01,443800.0
Iowa,Crude oil produced,"1,000 pounds",2023-02,441149.0
Iowa,Crude oil produced,"1,000 pounds",2023-03,496091.0
Iowa,Crude oil produced,"1,000 pounds",2023-04,488321.0
Iowa,Crude oil produced,"1,000 pounds",2023-05,458126.0
Iowa,Crude oil produced,"1,000 pounds",2023-06,419952.0
Iowa,Crude oil produced,"1,000 pounds",2023-07,478439.0
Iowa,Crude oil produced,"1,000 pounds",2023-08,412262.0
Iowa,Crude oil produced,"1,000 pounds",2023-09,458282.0
Iowa,Crude oil produced,"1,000 pounds",2023-10,525971.0
Iowa,Crude oil produced,"1,000 pounds",2023-11,506192.0
Iowa,Crude oil produced,"1,000 pounds",2023-12,527810.0
Iowa,Crude oil produced,"1,000 pounds",2024-01,483276.0
Iowa,Crude oil produced,"1,000 pounds",2024-02,498896.0
Iowa,Crude oil produced,"1,000 pounds",2024-03,527043.0
Iowa,Crude oil produced,"1,000 pounds",2024-04,482793.0
Iowa,Crude oil produced,"1,000 pounds",2024-05,511780.0
Iowa,Crude oil produced,"1,000 pounds",2024-06,416137.0
Iowa,Crude oil produced,"1,000 pounds",2024-07,504635.0
Iowa,Crude oil produced,"1,000 pounds",2024-08,439594.0
Iowa,Crude oil produced,"1,000 pounds",2024-09,540712.0
Iowa,Crude oil produced,"1,000 pounds",2024-10,547965.0
Iowa,Crude oil produced,"1,000 pounds",2024-11,502482.0
Iowa,Crude oil produced,"1,000 pounds",2024-12,552171.0
Iowa,Crude oil produced,"1,000 pounds",2025-01,553335.0
Iowa,Crude oil produced,"1,000 pounds",2025-02,516394.0
Iowa,Crude oil produced,"1,000 pounds",2025-03,567773.0
Iowa,Crude oil produced,"1,000 pounds",2025-04,530493.0
Iowa,Crude oil produced,"1,000 pounds",2025-05,519557.0
Iowa,Crude oil produced,"1,000 pounds",2025-06,499700.0
Iowa,Crude oil produced,"1,000 pounds",2025-07,534470.0
Iowa,Crude oil produced,"1,000 pounds",2025-08,557507.0
Iowa,Crude oil produced,"1,000 pounds",2025-09,534285.0
Iowa,Crude oil produced,"1,000 pounds",2025-10,560050.0
Iowa,Crude oil produced,"1,000 pounds",2025-11,532495.0
Iowa,Crude oil produced,"1,000 pounds",2025-12,555100.0
Iowa,Crude oil produced,"1,000 pounds",2026-01,547870.0
Iowa,Crude oil produced,"1,000 pounds",2026-02,508280.0
Iowa,Crude oil produced,"1,000 pounds",2026-03,562850.0
Iowa,Crude oil produced,"1,000 pounds",2026-04,517199.0
Iowa,Crude oil produced,"1,000 pounds",2026-05,516864.0
Iowa,Crude oil produced,"1,000 pounds",2026-06,521864.0
Iowa,Crude oil produced,"1,000 pounds",2026-07,562570.0
Iowa,Crude oil produced,"1,000 pounds",2026-08,533636.0
Iowa,Crude oil stocks at crusher,"1,000 pounds",2015-05,154548.0
Iowa,Crude oil stocks at crusher,"1,000 pounds",2015-06,176662.0
Iowa,Crude oil stocks at crusher,"1,000 pounds",2015-07,159745.0
Iowa,Crude oil stocks at crusher,"1,000 pounds",2015-08,148111.0
Iowa,Crude oil stocks at crusher,"1,000 pounds",2015-09,103783.0
Iowa,Crude oil stocks at crusher,"1,000 pounds",2015-10,109952.0
Iowa,Crude oil stocks at crusher,"1,000 pounds",2015-11,134659.0
Iowa,Crude oil stocks at crusher,"1,000 pounds",2015-12,147848.0
Iowa,Crude oil stocks at crusher,"1,000 pounds",2016-01,171135.0
Iowa,Crude oil stocks at crusher,"1,000 pounds",2016-02,177351.0
Iowa,Crude oil stocks at crusher,"1,000 pounds",2016-03,183787.0
Iowa,Crude oil stocks at crusher,"1,000 pounds",2016-04,179767.0
Iowa,Crude oil stocks at crusher,"1,000 pounds",2016-05,168873.0
Iowa,Crude oil stocks at crusher,"1,000 pounds",2016-06,183051.0
Iowa,Crude oil stocks at crusher,"1,000 pounds",2016-07,165368.0
Iowa,Crude oil stocks at crusher,"1,000 pounds",2016-08,151834.0
Iowa,Crude oil stocks at crusher,"1,000 pounds",2016-09,112590.0
Iowa,Crude oil stocks at crusher,"1,000 pounds",2016-10,98398.0
Iowa,Crude oil stocks at crusher,"1,000 pounds",2016-11,99653.0
Iowa,Crude oil stocks at crusher,"1,000 pounds",2016-12,122691.0
Iowa,Crude oil stocks at crusher,"1,000 pounds",2017-01,171682.0
Iowa,Crude oil stocks at crusher,"1,000 pounds",2017-02,164941.0
Iowa,Crude oil stocks at crusher,"1,000 pounds",2017-03,146726.0
Iowa,Crude oil stocks at crusher,"1,000 pounds",2017-04,175273.0
Iowa,Crude oil stocks at crusher,"1,000 pounds",2017-05,170083.0
Iowa,Crude oil stocks at crusher,"1,000 pounds",2017-06,156463.0
Iowa,Crude oil stocks at crusher,"1,000 pounds",2017-07,147673.0
Iowa,Crude oil stocks at crusher,"1,000 pounds",2017-08,117235.0
Iowa,Crude oil stocks at crusher,"1,000 pounds",2017-09,98407.0
Iowa,Crude oil stocks at crusher,"1,000 pounds",2017-10,86277.0
Iowa,Crude oil stocks at crusher,"1,000 pounds",2017-11,90213.0
Iowa,Crude oil stocks at crusher,"1,000 pounds",2017-12,130202.0
Iowa,Crude oil stocks at crusher,"1,000 pounds",2018-01,168440.0
Iowa,Crude oil stocks at crusher,"1,000 pounds",2018-02,178885.0
Iowa,Crude oil stocks at crusher,"1,000 pounds",2018-03,173914.0
Iowa,Crude oil stocks at crusher,"1,000 pounds",2018-04,164705.0
Iowa,Crude oil stocks at crusher,"1,000 pounds",2018-05,139987.0
Iowa,Crude oil stocks at crusher,"1,000 pounds",2018-06,142779.0
Iowa,Crude oil stocks at crusher,"1,000 pounds",2018-07,130235.0
Iowa,Crude oil stocks at crusher,"1,000 pounds",2018-08,108441.0
Iowa,Crude oil stocks at crusher,"1,000 pounds",2018-09,118427.0
Iowa,Crude oil stocks at crusher,"1,000 pounds",2018-10,127335.0
Iowa,Crude oil stocks at crusher,"1,000 pounds",2018-11,121684.0
Iowa,Crude oil stocks at crusher,"1,000 pounds",2018-12,130165.0
Iowa,Crude oil stocks at crusher,"1,000 pounds",2019-01,163529.0
Iowa,Crude oil stocks at crusher,"1,000 pounds",2019-02,184517.0
Iowa,Crude oil stocks at crusher,"1,000 pounds",2019-03,198297.0
Iowa,Crude oil stocks at crusher,"1,000 pounds",2019-04,165013.0
Iowa,Crude oil stocks at crusher,"1,000 pounds",2019-05,150470.0
Iowa,Crude oil stocks at crusher,"1,000 pounds",2019-06,146379.0
Iowa,Crude oil stocks at crusher,"1,000 pounds",2019-07,116694.0
Iowa,Crude oil stocks at crusher,"1,000 pounds",2019-08,92479.0
Iowa,Crude oil stocks at crusher,"1,000 pounds",2019-09,101846.0
Iowa,Crude oil stocks at crusher,"1,000 pounds",2019-10,97692.0
Iowa,Crude oil stocks at crusher,"1,000 pounds",2019-11,150248.0
Iowa,Crude oil stocks at crusher,"1,000 pounds",2019-12,160311.0
Iowa,Crude oil stocks at crusher,"1,000 pounds",2020-01,175855.0
Iowa,Crude oil stocks at crusher,"1,000 pounds",2020-02,220735.0
Iowa,Crude oil stocks at crusher,"1,000 pounds",2020-03,201124.0
Iowa,Crude oil stocks at crusher,"1,000 pounds",2020-04,203994.0
Iowa,Crude oil stocks at crusher,"1,000 pounds",2020-05,173673.0
Iowa,Crude oil stocks at crusher,"1,000 pounds",2020-06,129901.0
Iowa,Crude oil stocks at crusher,"1,000 pounds",2020-07,112281.0
Iowa,Crude oil stocks at crusher,"1,000 pounds",2020-08,102529.0
Iowa,Crude oil stocks at crusher,"1,000 pounds",2020-09,98426.0
Iowa,Crude oil stocks at crusher,"1,000 pounds",2020-10,118238.0
Iowa,Crude oil stocks at crusher,"1,000 pounds",2020-11,123061.0
Iowa,Crude oil stocks at crusher,"1,000 pounds",2020-12,131349.0
Iowa,Crude oil stocks at crusher,"1,000 pounds",2021-01,150240.0
Iowa,Crude oil stocks at crusher,"1,000 pounds",2021-02,167119.0
Iowa,Crude oil stocks at crusher,"1,000 pounds",2021-03,159091.0
Iowa,Crude oil stocks at crusher,"1,000 pounds",2021-04,189514.0
Iowa,Crude oil stocks at crusher,"1,000 pounds",2021-05,175563.0
Iowa,Crude oil stocks at crusher,"1,000 pounds",2021-06,149134.0
Iowa,Crude oil stocks at crusher,"1,000 pounds",2021-07,143445.0
Iowa,Crude oil stocks at crusher,"1,000 pounds",2021-08,145444.0
Iowa,Crude oil stocks at crusher,"1,000 pounds",2021-09,107518.0
Iowa,Crude oil stocks at crusher,"1,000 pounds",2021-10,138813.0
Iowa,Crude oil stocks at crusher,"1,000 pounds",2021-11,142265.0
Iowa,Crude oil stocks at crusher,"1,000 pounds",2021-12,152785.0
Iowa,Crude oil stocks at crusher,"1,000 pounds",2022-01,186959.0
Iowa,Crude oil stocks at crusher,"1,000 pounds",2022-02,205632.0
Iowa,Crude oil stocks at crusher,"1,000 pounds",2022-03,205612.0
Iowa,Crude oil stocks at crusher,"1,000 pounds",2022-04,202283.0
Iowa,Crude oil stocks at crusher,"1,000 pounds",2022-05,182137.0
Iowa,Crude oil stocks at crusher,"1,000 pounds",2022-06,165164.0
Iowa,Crude oil stocks at crusher,"1,000 pounds",2022-07,134456.0
Iowa,Crude oil stocks at crusher,"1,000 pounds",2022-08,156450.0
Iowa,Crude oil stocks at crusher,"1,000 pounds",2022-09,156472.0
Iowa,Crude oil stocks at crusher,"1,000 pounds",2022-10,154044.0
Iowa,Crude oil stocks at crusher,"1,000 pounds",2022-11,158341.0
Iowa,Crude oil stocks at crusher,"1,000 pounds",2022-12,193254.0
Iowa,Crude oil stocks at crusher,"1,000 pounds",2023-01,199825.0
Iowa,Crude oil stocks at crusher,"1,000 pounds",2023-02,211806.0
Iowa,Crude oil stocks at crusher,"1,000 pounds",2023-03,210635.0
Iowa,Crude oil stocks at crusher,"1,000 pounds",2023-04,184120.0
Iowa,Crude oil stocks at crusher,"1,000 pounds",2023-05,157684.0
Iowa,Crude oil stocks at crusher,"1,000 pounds",2023-06,136533.0
Iowa,Crude oil stocks at crusher,"1,000 pounds",2023-07,141628.0
Iowa,Crude oil stocks at crusher,"1,000 pounds",2023-08,87979.0
Iowa,Crude oil stocks at crusher,"1,000 pounds",2023-09,78734.0
Iowa,Crude oil stocks at crusher,"1,000 pounds",2023-10,70759.0
Iowa,Crude oil stocks at crusher,"1,000 pounds",2023-11,76354.0
Iowa,Crude oil stocks at crusher,"1,000 pounds",2023-12,136177.0
Iowa,Crude oil stocks at crusher,"1,000 pounds",2024-01,167686.0
Iowa,Crude oil stocks at crusher,"1,000 pounds",2024-02,200903.0
Iowa,Crude oil stocks at crusher,"1,000 pounds",2024-03,193078.0
Iowa,Crude oil stocks at crusher,"1,000 pounds",2024-04,192728.0
Iowa,Crude oil stocks at crusher,"1,000 pounds",2024-05,175699.0
Iowa,Crude oil stocks at crusher,"1,000 pounds",2024-06,149196.0
Iowa,Crude oil stocks at crusher,"1,000 pounds",2024-07,100769.0
Iowa,Crude oil stocks at crusher,"1,000 pounds",2024-08,93915.0
Iowa,Crude oil stocks at crusher,"1,000 pounds",2024-09,100610.0
Iowa,Crude oil stocks at crusher,"1,000 pounds",2024-10,100658.0
Iowa,Crude oil stocks at crusher,"1,000 pounds",2024-11,103847.0
Iowa,Crude oil stocks at crusher,"1,000 pounds",2024-12,95874.0
Iowa,Crude oil stocks at crusher,"1,000 pounds",2025-01,135826.0
Iowa,Crude oil stocks at crusher,"1,000 pounds",2025-02,126245.0
Iowa,Crude oil stocks at crusher,"1,000 pounds",2025-03,128856.0
Iowa,Crude oil stocks at crusher,"1,000 pounds",2025-04,114687.0
Iowa,Crude oil stocks at crusher,"1,000 pounds",2025-05,108914.0
Iowa,Crude oil stocks at crusher,"1,000 pounds",2025-06,105280.0
Iowa,Crude oil stocks at crusher,"1,000 pounds",2025-07,76507.0
Iowa,Crude oil stocks at crusher,"1,000 pounds",2025-08,83215.0
Iowa,Crude oil stocks at crusher,"1,000 pounds",2025-09,80620.0
Iowa,Crude oil stocks at crusher,"1,000 pounds",2025-10,76284.0
Iowa,Crude oil stocks at crusher,"1,000 pounds",2025-11,114981.0
Iowa,Crude oil stocks at crusher,"1,000 pounds",2025-12,127202.0
Iowa,Crude oil stocks at crusher,"1,000 pounds",2026-01,151440.0
Iowa,Crude oil stocks at crusher,"1,000 pounds",2026-02,137074.0
Iowa,Crude oil stocks at crusher,"1,000 pounds",2026-03,114661.0
Iowa,Crude oil stocks at crusher,"1,000 pounds",2026-04,107259.0
Iowa,Crude oil stocks at crusher,"1,000 pounds",2026-05,98494.0
Iowa,Crude oil stocks at crusher,"1,000 pounds",2026-06,74009.0
Iowa,Crude oil stocks at crusher,"1,000 pounds",2026-07,60447.0
Iowa,Crude oil stocks at crusher,"1,000 pounds",2026-08,52623.0
Iowa,Soybeans crushed,tons,2015-05,999851.0
Iowa,Soybeans crushed,tons,2015-06,1042505.0
Iowa,Soybeans crushed,tons,2015-07,963713.0
Iowa,Soybeans crushed,tons,2015-08,924771.0
Iowa,Soybeans crushed,tons,2015-09,875192.0
Iowa,Soybeans crushed,tons,2015-10,1085673.0
Iowa,Soybeans crushed,tons,2015-11,1117349.0
Iowa,Soybeans crushed,tons,2015-12,1118485.0
Iowa,Soybeans crushed,tons,2016-01,1064253.0
Iowa,Soybeans crushed,tons,2016-02,1039470.0
Iowa,Soybeans crushed,tons,2016-03,1115334.0
Iowa,Soybeans crushed,tons,2016-04,998221.0
Iowa,Soybeans crushed,tons,2016-05,1028376.0
Iowa,Soybeans crushed,tons,2016-06,972010.0
Iowa,Soybeans crushed,tons,2016-07,1049756.0
Iowa,Soybeans crushed,tons,2016-08,1093723.0
Iowa,Soybeans crushed,tons,2016-09,970697.0
Iowa,Soybeans crushed,tons,2016-10,1135222.0
Iowa,Soybeans crushed,tons,2016-11,1097446.0
Iowa,Soybeans crushed,tons,2016-12,1090185.0
Iowa,Soybeans crushed,tons,2017-01,1084773.0
Iowa,Soybeans crushed,tons,2017-02,961556.0
Iowa,Soybeans crushed,tons,2017-03,1001263.0
Iowa,Soybeans crushed,tons,2017-04,952417.0
Iowa,Soybeans crushed,tons,2017-05,1051302.0
Iowa,Soybeans crushed,tons,2017-06,976095.0
Iowa,Soybeans crushed,tons,2017-07,1050410.0
Iowa,Soybeans crushed,tons,2017-08,1004011.0
Iowa,Soybeans crushed,tons,2017-09,916236.0
Iowa,Soybeans crushed,tons,2017-10,1118269.0
Iowa,Soybeans crushed,tons,2017-11,1110239.0
Iowa,Soybeans crushed,tons,2017-12,1108108.0
Iowa,Soybeans crushed,tons,2018-01,1097829.0
Iowa,Soybeans crushed,tons,2018-02,1009213.0
Iowa,Soybeans crushed,tons,2018-03,1158623.0
Iowa,Soybeans crushed,tons,2018-04,1071709.0
Iowa,Soybeans crushed,tons,2018-05,1132262.0
Iowa,Soybeans crushed,tons,2018-06,1114775.0
Iowa,Soybeans crushed,tons,2018-07,1023211.0
Iowa,Soybeans crushed,tons,2018-08,1120453.0
Iowa,Soybeans crushed,tons,2018-09,1117546.0
Iowa,Soybeans crushed,tons,2018-10,1164811.0
Iowa,Soybeans crushed,tons,2018-11,1125556.0
Iowa,Soybeans crushed,tons,2018-12,1179436.0
Iowa,Soybeans crushed,tons,2019-01,1141744.0
Iowa,Soybeans crushed,tons,2019-02,1018700.0
Iowa,Soybeans crushed,tons,2019-03,1124006.0
Iowa,Soybeans crushed,tons,2019-04,1147401.0
Iowa,Soybeans crushed,tons,2019-05,1126100.0
Iowa,Soybeans crushed,tons,2019-06,921588.0
Iowa,Soybeans crushed,tons,2019-07,1104400.0
Iowa,Soybeans crushed,tons,2019-08,1014706.0
Iowa,Soybeans crushed,tons,2019-09,1094919.0
Iowa,Soybeans crushed,tons,2019-10,1175367.0
Iowa,Soybeans crushed,tons,2019-11,1040264.0
Iowa,Soybeans crushed,tons,2019-12,1132541.0
Iowa,Soybeans crushed,tons,2020-01,1149329.0
Iowa,Soybeans crushed,tons,2020-02,1088121.0
Iowa,Soybeans crushed,tons,2020-03,1195974.0
Iowa,Soybeans crushed,tons,2020-04,1112064.0
Iowa,Soybeans crushed,tons,2020-05,1100051.0
Iowa,Soybeans crushed,tons,2020-06,982154.0
Iowa,Soybeans crushed,tons,2020-07,1109862.0
Iowa,Soybeans crushed,tons,2020-08,1100944.0
Iowa,Soybeans crushed,tons,2020-09,1129883.0
Iowa,Soybeans crushed,tons,2020-10,1179232.0
Iowa,Soybeans crushed,tons,2020-11,1161457.0
Iowa,Soybeans crushed,tons,2020-12,1206389.0
Iowa,Soybeans crushed,tons,2021-01,1208731.0
Iowa,Soybeans crushed,tons,2021-02,1006599.0
Iowa,Soybeans crushed,tons,2021-03,1184103.0
Iowa,Soybeans crushed,tons,2021-04,1077647.0
Iowa,Soybeans crushed,tons,2021-05,1044686.0
Iowa,Soybeans crushed,tons,2021-06,1052081.0
Iowa,Soybeans crushed,tons,2021-07,1008359.0
Iowa,Soybeans crushed,tons,2021-08,1127643.0
Iowa,Soybeans crushed,tons,2021-09,1054862.0
Iowa,Soybeans crushed,tons,2021-10,1215324.0
Iowa,Soybeans crushed,tons,2021-11,1195092.0
Iowa,Soybeans crushed,tons,2021-12,1224279.0
Iowa,Soybeans crushed,tons,2022-01,1151328.0
Iowa,Soybeans crushed,tons,2022-02,1056550.0
Iowa,Soybeans crushed,tons,2022-03,1201743.0
Iowa,Soybeans crushed,tons,2022-04,1110486.0
Iowa,Soybeans crushed,tons,2022-05,1086312.0
Iowa,Soybeans crushed,tons,2022-06,1046066.0
Iowa,Soybeans crushed,tons,2022-07,1044438.0
Iowa,Soybeans crushed,tons,2022-08,1198817.0
Iowa,Soybeans crushed,tons,2022-09,1121016.0
Iowa,Soybeans crushed,tons,2022-10,1213824.0
Iowa,Soybeans crushed,tons,2022-11,1148152.0
Iowa,Soybeans crushed,tons,2022-12,1134458.0
Iowa,Soybeans crushed,tons,2023-01,1124889.0
Iowa,Soybeans crushed,tons,2023-02,1114094.0
Iowa,Soybeans crushed,tons,2023-03,1254041.0
Iowa,Soybeans crushed,tons,2023-04,1216961.0
Iowa,Soybeans crushed,tons,2023-05,1155161.0
Iowa,Soybeans crushed,tons,2023-06,1059054.0
Iowa,Soybeans crushed,tons,2023-07,1195702.0
Iowa,Soybeans crushed,tons,2023-08,1042112.0
Iowa,Soybeans crushed,tons,2023-09,1150596.0
Iowa,Soybeans crushed,tons,2023-10,1319303.0
Iowa,Soybeans crushed,tons,2023-11,1285317.0
Iowa,Soybeans crushed,tons,2023-12,1342612.0
Iowa,Soybeans crushed,tons,2024-01,1225141.0
Iowa,Soybeans crushed,tons,2024-02,1272950.0
Iowa,Soybeans crushed,tons,2024-03,1323677.0
Iowa,Soybeans crushed,tons,2024-04,1224998.0
Iowa,Soybeans crushed,tons,2024-05,1296077.0
Iowa,Soybeans crushed,tons,2024-06,1040748.0
Iowa,Soybeans crushed,tons,2024-07,1262187.0
Iowa,Soybeans crushed,tons,2024-08,1103747.0
Iowa,Soybeans crushed,tons,2024-09,1371906.0
Iowa,Soybeans crushed,tons,2024-10,1382798.0
Iowa,Soybeans crushed,tons,2024-11,1278085.0
Iowa,Soybeans crushed,tons,2024-12,1408809.0
Iowa,Soybeans crushed,tons,2025-01,1397968.0
Iowa,Soybeans crushed,tons,2025-02,1291777.0
Iowa,Soybeans crushed,tons,2025-03,1408926.0
Iowa,Soybeans crushed,tons,2025-04,1331350.0
Iowa,Soybeans crushed,tons,2025-05,1303682.0
Iowa,Soybeans crushed,tons,2025-06,1259307.0
Iowa,Soybeans crushed,tons,2025-07,1337906.0
Iowa,Soybeans crushed,tons,2025-08,1402582.0
Iowa,Soybeans crushed,tons,2025-09,1363526.0
Iowa,Soybeans crushed,tons,2025-10,1461642.0
Iowa,Soybeans crushed,tons,2025-11,1391067.0
Iowa,Soybeans crushed,tons,2025-12,1439305.0
Iowa,Soybeans crushed,tons,2026-01,1424439.0
Iowa,Soybeans crushed,tons,2026-02,1322238.0
Iowa,Soybeans crushed,tons,2026-03,1459890.0
Iowa,Soybeans crushed,tons,2026-04,1344198.0
Iowa,Soybeans crushed,tons,2026-05,1339361.0
Iowa,Soybeans crushed,tons,2026-06,1344724.0
Iowa,Soybeans crushed,tons,2026-07,1451969.0
Iowa,Soybeans crushed,tons,2026-08,1378150.0
North Central,Cake and meal produced,tons,2015-05,447321.0
North Central,Cake and meal produced,tons,2015-06,391598.0
North Central,Cake and meal produced,tons,2015-07,501675.0
North Central,Cake and meal produced,tons,2015-08,477627.0
North Central,Cake and meal produced,tons,2015-09,441511.0
North Central,Cake and meal produced,tons,2015-10,556667.0
North Central,Cake and meal produced,tons,2015-11,497698.0
North Central,Cake and meal produced,tons,2015-12,516838.0
North Central,Cake and meal produced,tons,2016-01,488800.0
North Central,Cake and meal produced,tons,2016-02,456642.0
North Central,Cake and meal produced,tons,2016-03,506058.0
North Central,Cake and meal produced,tons,2016-04,466200.0
North Central,Cake and meal produced,tons,2016-05,476754.0
North Central,Cake and meal produced,tons,2016-06,464391.0
North Central,Cake and meal produced,tons,2016-07,519443.0
North Central,Cake and meal produced,tons,2016-08,482264.0
North Central,Cake and meal produced,tons,2016-09,436066.0
North Central,Cake and meal produced,tons,2016-10,524593.0
North Central,Cake and meal produced,tons,2016-11,480770.0
North Central,Cake and meal produced,tons,2016-12,500821.0
North Central,Cake and meal produced,tons,2017-01,511437.0
North Central,Cake and meal produced,tons,2017-02,456569.0
North Central,Cake and meal produced,tons,2017-03,498532.0
North Central,Cake and meal produced,tons,2017-04,466873.0
North Central,Cake and meal produced,tons,2017-05,456003.0
North Central,Cake and meal produced,tons,2017-06,458784.0
North Central,Cake and meal produced,tons,2017-07,463724.0
North Central,Cake and meal produced,tons,2017-08,443078.0
North Central,Cake and meal produced,tons,2017-09,458424.0
North Central,Cake and meal produced,tons,2017-10,505026.0
North Central,Cake and meal produced,tons,2017-11,499021.0
North Central,Cake and meal produced,tons,2017-12,516719.0
North Central,Cake and meal produced,tons,2018-01,514202.0
North Central,Cake and meal produced,tons,2018-02,497062.0
North Central,Cake and meal produced,tons,2018-03,550233.0
North Central,Cake and meal produced,tons,2018-04,496024.0
North Central,Cake and meal produced,tons,2018-05,543481.0
North Central,Cake and meal produced,tons,2018-06,535519.0
North Central,Cake and meal produced,tons,2018-07,552303.0
North Central,Cake and meal produced,tons,2018-08,522762.0
North Central,Cake and meal produced,tons,2018-09,522349.0
North Central,Cake and meal produced,tons,2018-10,553097.0
North Central,Cake and meal produced,tons,2018-11,532849.0
North Central,Cake and meal produced,tons,2018-12,556485.0
North Central,Cake and meal produced,tons,2019-01,540247.0
North Central,Cake and meal produced,tons,2019-02,465846.0
North Central,Cake and meal produced,tons,2019-03,537551.0
North Central,Cake and meal produced,tons,2019-04,513564.0
North Central,Cake and meal produced,tons,2019-05,515103.0
North Central,Cake and meal produced,tons,2019-06,516094.0
North Central,Cake and meal produced,tons,2019-07,571223.0
North Central,Cake and meal produced,tons,2019-08,613310.0
North Central,Cake and meal produced,tons,2019-09,549555.0
North Central,Cake and meal produced,tons,2019-10,632993.0
North Central,Cake and meal produced,tons,2019-11,570693.0
North Central,Cake and meal produced,tons,2019-12,605570.0
North Central,Cake and meal produced,tons,2020-01,602353.0
North Central,Cake and meal produced,tons,2020-02,575311.0
North Central,Cake and meal produced,tons,2020-03,677063.0
North Central,Cake and meal produced,tons,2020-04,634961.0
North Central,Cake and meal produced,tons,2020-05,632245.0
North Central,Cake and meal produced,tons,2020-06,659985.0
North Central,Cake and meal produced,tons,2020-07,640954.0
North Central,Cake and meal produced,tons,2020-08,628144.0
North Central,Cake and meal produced,tons,2020-09,581941.0
North Central,Cake and meal produced,tons,2020-10,706839.0
North Central,Cake and meal produced,tons,2020-11,690980.0
North Central,Cake and meal produced,tons,2020-12,695890.0
North Central,Cake and meal produced,tons,2021-01,716110.0
North Central,Cake and meal produced,tons,2021-02,629941.0
North Central,Cake and meal produced,tons,2021-03,709801.0
North Central,Cake and meal produced,tons,2021-04,558515.0
North Central,Cake and meal produced,tons,2021-05,646497.0
North Central,Cake and meal produced,tons,2021-06,559651.0
North Central,Cake and meal produced,tons,2021-07,612441.0
North Central,Cake and meal produced,tons,2021-08,663145.0
North Central,Cake and meal produced,tons,2021-09,589215.0
North Central,Cake and meal produced,tons,2021-10,718124.0
North Central,Cake and meal produced,tons,2021-11,688681.0
North Central,Cake and meal produced,tons,2021-12,722433.0
North Central,Cake and meal produced,tons,2022-01,674473.0
North Central,Cake and meal produced,tons,2022-02,650070.0
North Central,Cake and meal produced,tons,2022-03,710466.0
North Central,Cake and meal produced,tons,2022-04,653460.0
North Central,Cake and meal produced,tons,2022-05,710082.0
North Central,Cake and meal produced,tons,2022-06,718278.0
North Central,Cake and meal produced,tons,2022-07,716406.0
North Central,Cake and meal produced,tons,2022-08,642633.0
North Central,Cake and meal produced,tons,2022-09,674000.0
North Central,Cake and meal produced,tons,2022-10,734825.0
North Central,Cake and meal produced,tons,2022-11,721242.0
North Central,Cake and meal produced,tons,2022-12,699789.0
North Central,Cake and meal produced,tons,2023-01,692763.0
North Central,Cake and meal produced,tons,2023-02,653356.0
North Central,Cake and meal produced,tons,2023-03,743481.0
North Central,Cake and meal produced,tons,2023-04,650443.0
North Central,Cake and meal produced,tons,2023-05,705163.0
North Central,Cake and meal produced,tons,2023-06,652019.0
North Central,Cake and meal produced,tons,2023-07,664005.0
North Central,Cake and meal produced,tons,2023-08,651305.0
North Central,Cake and meal produced,tons,2023-09,694395.0
North Central,Cake and meal produced,tons,2023-10,741309.0
North Central,Cake and meal produced,tons,2023-11,769883.0
North Central,Cake and meal produced,tons,2023-12,742393.0
North Central,Cake and meal produced,tons,2024-01,752227.0
North Central,Cake and meal produced,tons,2024-02,754845.0
North Central,Cake and meal produced,tons,2024-03,806638.0
North Central,Cake and meal produced,tons,2024-04,691742.0
North Central,Cake and meal produced,tons,2024-05,805857.0
North Central,Cake and meal produced,tons,2024-06,787284.0
North Central,Cake and meal produced,tons,2024-07,782010.0
North Central,Cake and meal produced,tons,2024-08,737515.0
North Central,Cake and meal produced,tons,2024-09,756911.0
North Central,Cake and meal produced,tons,2024-10,900415.0
North Central,Cake and meal produced,tons,2024-11,886874.0
North Central,Cake and meal produced,tons,2024-12,902993.0
North Central,Cake and meal produced,tons,2025-01,918248.0
North Central,Cake and meal produced,tons,2025-02,799460.0
North Central,Cake and meal produced,tons,2025-03,856155.0
North Central,Cake and meal produced,tons,2025-04,778138.0
North Central,Cake and meal produced,tons,2025-05,856557.0
North Central,Cake and meal produced,tons,2025-06,897336.0
North Central,Cake and meal produced,tons,2025-07,956662.0
North Central,Cake and meal produced,tons,2025-08,905451.0
North Central,Cake and meal produced,tons,2025-09,833289.0
North Central,Cake and meal produced,tons,2025-10,989084.0
North Central,Cake and meal produced,tons,2025-11,923183.0
North Central,Cake and meal produced,tons,2025-12,949807.0
North Central,Cake and meal produced,tons,2026-01,928874.0
North Central,Cake and meal produced,tons,2026-02,878870.0
North Central,Cake and meal produced,tons,2026-03,976320.0
North Central,Cake and meal produced,tons,2026-04,891173.0
North Central,Cake and meal produced,tons,2026-05,950058.0
North Central,Cake and meal produced,tons,2026-06,958924.0
North Central,Cake and meal produced,tons,2026-07,920630.0
North Central,Cake and meal produced,tons,2026-08,825437.0
North Central,Cake and meal stocks,tons,2015-05,57914.0
North Central,Cake and meal stocks,tons,2015-06,21242.0
North Central,Cake and meal stocks,tons,2015-07,28561.0
North Central,Cake and meal stocks,tons,2015-08,31862.0
North Central,Cake and meal stocks,tons,2015-09,26602.0
North Central,Cake and meal stocks,tons,2015-10,31603.0
North Central,Cake and meal stocks,tons,2015-11,23946.0
North Central,Cake and meal stocks,tons,2015-12,23431.0
North Central,Cake and meal stocks,tons,2016-01,46726.0
North Central,Cake and meal stocks,tons,2016-02,33701.0
North Central,Cake and meal stocks,tons,2016-03,25074.0
North Central,Cake and meal stocks,tons,2016-04,42366.0
North Central,Cake and meal stocks,tons,2016-05,44241.0
North Central,Cake and meal stocks,tons,2016-06,26267.0
North Central,Cake and meal stocks,tons,2016-07,46051.0
North Central,Cake and meal stocks,tons,2016-08,26997.0
North Central,Cake and meal stocks,tons,2016-09,23354.0
North Central,Cake and meal stocks,tons,2016-10,35370.0
North Central,Cake and meal stocks,tons,2016-11,26602.0
North Central,Cake and meal stocks,tons,2016-12,38060.0
North Central,Cake and meal stocks,tons,2017-02,31006.0
North Central,Cake and meal stocks,tons,2017-03,30702.0
North Central,Cake and meal stocks,tons,2017-04,49873.0
North Central,Cake and meal stocks,tons,2017-05,23402.0
North Central,Cake and meal stocks,tons,2017-06,18412.0
North Central,Cake and meal stocks,tons,2017-07,37504.0
North Central,Cake and meal stocks,tons,2017-08,23636.0
North Central,Cake and meal stocks,tons,2017-09,35006.0
North Central,Cake and meal stocks,tons,2017-10,33417.0
North Central,Cake and meal stocks,tons,2017-11,17772.0
North Central,Cake and meal stocks,tons,2017-12,39521.0
North Central,Cake and meal stocks,tons,2018-01,53008.0
North Central,Cake and meal stocks,tons,2018-02,67739.0
North Central,Cake and meal stocks,tons,2018-03,53640.0
North Central,Cake and meal stocks,tons,2018-04,31721.0
North Central,Cake and meal stocks,tons,2018-05,40229.0
North Central,Cake and meal stocks,tons,2018-06,41345.0
North Central,Cake and meal stocks,tons,2018-07,56936.0
North Central,Cake and meal stocks,tons,2018-08,26380.0
North Central,Cake and meal stocks,tons,2018-10,42214.0
North Central,Cake and meal stocks,tons,2018-11,36917.0
North Central,Cake and meal stocks,tons,2018-12,57894.0
North Central,Cake and meal stocks,tons,2019-01,36196.0
North Central,Cake and meal stocks,tons,2019-02,34125.0
North Central,Cake and meal stocks,tons,2019-03,51211.0
North Central,Cake and meal stocks,tons,2019-04,33888.0
North Central,Cake and meal stocks,tons,2019-05,24176.0
North Central,Cake and meal stocks,tons,2019-06,30992.0
North Central,Cake and meal stocks,tons,2019-07,32820.0
North Central,Cake and meal stocks,tons,2019-08,29698.0
North Central,Cake and meal stocks,tons,2019-09,49400.0
North Central,Cake and meal stocks,tons,2019-10,32419.0
North Central,Cake and meal stocks,tons,2019-11,51934.0
North Central,Cake and meal stocks,tons,2019-12,38531.0
North Central,Cake and meal stocks,tons,2020-01,35194.0
North Central,Cake and meal stocks,tons,2020-02,37049.0
North Central,Cake and meal stocks,tons,2020-03,50888.0
North Central,Cake and meal stocks,tons,2020-04,36106.0
North Central,Cake and meal stocks,tons,2020-05,56373.0
North Central,Cake and meal stocks,tons,2020-06,64440.0
North Central,Cake and meal stocks,tons,2020-07,66782.0
North Central,Cake and meal stocks,tons,2020-08,73354.0
North Central,Cake and meal stocks,tons,2020-09,57606.0
North Central,Cake and meal stocks,tons,2020-10,56982.0
North Central,Cake and meal stocks,tons,2020-11,66881.0
North Central,Cake and meal stocks,tons,2020-12,39779.0
North Central,Cake and meal stocks,tons,2021-01,83151.0
North Central,Cake and meal stocks,tons,2021-02,88176.0
North Central,Cake and meal stocks,tons,2021-03,86273.0
North Central,Cake and meal stocks,tons,2021-04,70046.0
North Central,Cake and meal stocks,tons,2021-05,106917.0
North Central,Cake and meal stocks,tons,2021-06,65838.0
North Central,Cake and meal stocks,tons,2021-07,86506.0
North Central,Cake and meal stocks,tons,2021-08,76153.0
North Central,Cake and meal stocks,tons,2021-09,57740.0
North Central,Cake and meal stocks,tons,2021-10,64941.0
North Central,Cake and meal stocks,tons,2021-11,40451.0
North Central,Cake and meal stocks,tons,2021-12,58676.0
North Central,Cake and meal stocks,tons,2022-01,60049.0
North Central,Cake and meal stocks,tons,2022-02,49291.0
North Central,Cake and meal stocks,tons,2022-03,38943.0
North Central,Cake and meal stocks,tons,2022-04,53073.0
North Central,Cake and meal stocks,tons,2022-05,50804.0
North Central,Cake and meal stocks,tons,2022-06,46809.0
North Central,Cake and meal stocks,tons,2022-07,79207.0
North Central,Cake and meal stocks,tons,2022-08,52046.0
North Central,Cake and meal stocks,tons,2022-09,32105.0
North Central,Cake and meal stocks,tons,2022-10,53628.0
North Central,Cake and meal stocks,tons,2022-11,51920.0
North Central,Cake and meal stocks,tons,2022-12,62261.0
North Central,Cake and meal stocks,tons,2023-01,56960.0
North Central,Cake and meal stocks,tons,2023-02,57223.0
North Central,Cake and meal stocks,tons,2023-03,45030.0
North Central,Cake and meal stocks,tons,2023-04,54587.0
North Central,Cake and meal stocks,tons,2023-05,49372.0
North Central,Cake and meal stocks,tons,2023-06,43635.0
North Central,Cake and meal stocks,tons,2023-07,51436.0
North Central,Cake and meal stocks,tons,2023-08,31836.0
North Central,Cake and meal stocks,tons,2023-09,40263.0
North Central,Cake and meal stocks,tons,2023-10,60419.0
North Central,Cake and meal stocks,tons,2023-11,41035.0
North Central,Cake and meal stocks,tons,2023-12,67670.0
North Central,Cake and meal stocks,tons,2024-01,54077.0
North Central,Cake and meal stocks,tons,2024-02,46437.0
North Central,Cake and meal stocks,tons,2024-03,94047.0
North Central,Cake and meal stocks,tons,2024-04,66113.0
North Central,Cake and meal stocks,tons,2024-05,55663.0
North Central,Cake and meal stocks,tons,2024-06,67091.0
North Central,Cake and meal stocks,tons,2024-07,61561.0
North Central,Cake and meal stocks,tons,2024-08,58807.0
North Central,Cake and meal stocks,tons,2024-09,74670.0
North Central,Cake and meal stocks,tons,2024-10,56913.0
North Central,Cake and meal stocks,tons,2024-11,88787.0
North Central,Cake and meal stocks,tons,2024-12,86420.0
North Central,Cake and meal stocks,tons,2025-01,78840.0
North Central,Cake and meal stocks,tons,2025-02,84883.0
North Central,Cake and meal stocks,tons,2025-03,76822.0
North Central,Cake and meal stocks,tons,2025-04,76467.0
North Central,Cake and meal stocks,tons,2025-05,80773.0
North Central,Cake and meal stocks,tons,2025-06,72773.0
North Central,Cake and meal stocks,tons,2025-07,64412.0
North Central,Cake and meal stocks,tons,2025-08,89210.0
North Central,Cake and meal stocks,tons,2025-09,47745.0
North Central,Cake and meal stocks,tons,2025-10,54284.0
North Central,Cake and meal stocks,tons,2025-11,86061.0
North Central,Cake and meal stocks,tons,2025-12,61165.0
North Central,Cake and meal stocks,tons,2026-01,72813.0
North Central,Cake and meal stocks,tons,2026-02,74871.0
North Central,Cake and meal stocks,tons,2026-03,77384.0
North Central,Cake and meal stocks,tons,2026-04,54070.0
North Central,Cake and meal stocks,tons,2026-05,84837.0
North Central,Cake and meal stocks,tons,2026-06,66035.0
North Central,Cake and meal stocks,tons,2026-07,71558.0
North Central,Cake and meal stocks,tons,2026-08,81908.0
North Central,Crude oil produced,"1,000 pounds",2015-05,221107.0
North Central,Crude oil produced,"1,000 pounds",2015-06,198012.0
North Central,Crude oil produced,"1,000 pounds",2015-07,244417.0
North Central,Crude oil produced,"1,000 pounds",2015-08,240608.0
North Central,Crude oil produced,"1,000 pounds",2015-09,223883.0
North Central,Crude oil produced,"1,000 pounds",2015-10,288655.0
North Central,Crude oil produced,"1,000 pounds",2015-11,261263.0
North Central,Crude oil produced,"1,000 pounds",2015-12,275314.0
North Central,Crude oil produced,"1,000 pounds",2016-01,258811.0
North Central,Crude oil produced,"1,000 pounds",2016-02,245853.0
North Central,Crude oil produced,"1,000 pounds",2016-03,268005.0
North Central,Crude oil produced,"1,000 pounds",2016-04,247599.0
North Central,Crude oil produced,"1,000 pounds",2016-05,253268.0
North Central,Crude oil produced,"1,000 pounds",2016-06,245236.0
North Central,Crude oil produced,"1,000 pounds",2016-07,272386.0
North Central,Crude oil produced,"1,000 pounds",2016-08,255972.0
North Central,Crude oil produced,"1,000 pounds",2016-09,239857.0
North Central,Crude oil produced,"1,000 pounds",2016-10,269439.0
North Central,Crude oil produced,"1,000 pounds",2016-11,247553.0
North Central,Crude oil produced,"1,000 pounds",2016-12,260797.0
North Central,Crude oil produced,"1,000 pounds",2017-01,260212.0
North Central,Crude oil produced,"1,000 pounds",2017-02,235416.0
North Central,Crude oil produced,"1,000 pounds",2017-03,257655.0
North Central,Crude oil produced,"1,000 pounds",2017-04,234759.0
North Central,Crude oil produced,"1,000 pounds",2017-05,233084.0
North Central,Crude oil produced,"1,000 pounds",2017-06,247719.0
North Central,Crude oil produced,"1,000 pounds",2017-07,242369.0
North Central,Crude oil produced,"1,000 pounds",2017-08,230828.0
North Central,Crude oil produced,"1,000 pounds",2017-09,237543.0
North Central,Crude oil produced,"1,000 pounds",2017-10,257619.0
North Central,Crude oil produced,"1,000 pounds",2017-11,250328.0
North Central,Crude oil produced,"1,000 pounds",2017-12,256770.0
North Central,Crude oil produced,"1,000 pounds",2018-01,257544.0
North Central,Crude oil produced,"1,000 pounds",2018-02,247986.0
North Central,Crude oil produced,"1,000 pounds",2018-03,272083.0
North Central,Crude oil produced,"1,000 pounds",2018-04,246259.0
North Central,Crude oil produced,"1,000 pounds",2018-05,265717.0
North Central,Crude oil produced,"1,000 pounds",2018-06,268434.0
North Central,Crude oil produced,"1,000 pounds",2018-07,272751.0
North Central,Crude oil produced,"1,000 pounds",2018-08,256330.0
North Central,Crude oil produced,"1,000 pounds",2018-09,256950.0
North Central,Crude oil produced,"1,000 pounds",2018-10,280929.0
North Central,Crude oil produced,"1,000 pounds",2018-11,272744.0
North Central,Crude oil produced,"1,000 pounds",2018-12,285743.0
North Central,Crude oil produced,"1,000 pounds",2019-01,276478.0
North Central,Crude oil produced,"1,000 pounds",2019-02,239732.0
North Central,Crude oil produced,"1,000 pounds",2019-03,274714.0
North Central,Crude oil produced,"1,000 pounds",2019-04,264430.0
North Central,Crude oil produced,"1,000 pounds",2019-05,258860.0
North Central,Crude oil produced,"1,000 pounds",2019-06,264600.0
North Central,Crude oil produced,"1,000 pounds",2019-07,291825.0
North Central,Crude oil produced,"1,000 pounds",2019-08,306382.0
North Central,Crude oil produced,"1,000 pounds",2019-09,287618.0
North Central,Crude oil produced,"1,000 pounds",2019-10,311889.0
North Central,Crude oil produced,"1,000 pounds",2019-11,290754.0
North Central,Crude oil produced,"1,000 pounds",2019-12,297572.0
North Central,Crude oil produced,"1,000 pounds",2020-01,301556.0
North Central,Crude oil produced,"1,000 pounds",2020-02,284673.0
North Central,Crude oil produced,"1,000 pounds",2020-03,337357.0
North Central,Crude oil produced,"1,000 pounds",2020-04,313346.0
North Central,Crude oil produced,"1,000 pounds",2020-05,313372.0
North Central,Crude oil produced,"1,000 pounds",2020-06,332743.0
North Central,Crude oil produced,"1,000 pounds",2020-07,316057.0
North Central,Crude oil produced,"1,000 pounds",2020-08,311733.0
North Central,Crude oil produced,"1,000 pounds",2020-09,288812.0
North Central,Crude oil produced,"1,000 pounds",2020-10,357605.0
North Central,Crude oil produced,"1,000 pounds",2020-11,352779.0
North Central,Crude oil produced,"1,000 pounds",2020-12,355533.0
North Central,Crude oil produced,"1,000 pounds",2021-01,374035.0
North Central,Crude oil produced,"1,000 pounds",2021-02,310461.0
North Central,Crude oil produced,"1,000 pounds",2021-03,365803.0
North Central,Crude oil produced,"1,000 pounds",2021-04,283193.0
North Central,Crude oil produced,"1,000 pounds",2021-05,334255.0
North Central,Crude oil produced,"1,000 pounds",2021-06,280169.0
North Central,Crude oil produced,"1,000 pounds",2021-07,308616.0
North Central,Crude oil produced,"1,000 pounds",2021-08,341412.0
North Central,Crude oil produced,"1,000 pounds",2021-09,308351.0
North Central,Crude oil produced,"1,000 pounds",2021-10,379028.0
North Central,Crude oil produced,"1,000 pounds",2021-11,367976.0
North Central,Crude oil produced,"1,000 pounds",2021-12,388266.0
North Central,Crude oil produced,"1,000 pounds",2022-01,366007.0
North Central,Crude oil produced,"1,000 pounds",2022-02,350532.0
North Central,Crude oil produced,"1,000 pounds",2022-03,374489.0
North Central,Crude oil produced,"1,000 pounds",2022-04,339642.0
North Central,Crude oil produced,"1,000 pounds",2022-05,381169.0
North Central,Crude oil produced,"1,000 pounds",2022-06,380059.0
North Central,Crude oil produced,"1,000 pounds",2022-07,387483.0
North Central,Crude oil produced,"1,000 pounds",2022-08,342803.0
North Central,Crude oil produced,"1,000 pounds",2022-09,347749.0
North Central,Crude oil produced,"1,000 pounds",2022-10,386494.0
North Central,Crude oil produced,"1,000 pounds",2022-11,368080.0
North Central,Crude oil produced,"1,000 pounds",2022-12,360964.0
North Central,Crude oil produced,"1,000 pounds",2023-01,369176.0
North Central,Crude oil produced,"1,000 pounds",2023-02,345272.0
North Central,Crude oil produced,"1,000 pounds",2023-03,381024.0
North Central,Crude oil produced,"1,000 pounds",2023-04,345950.0
North Central,Crude oil produced,"1,000 pounds",2023-05,371420.0
North Central,Crude oil produced,"1,000 pounds",2023-06,335498.0
North Central,Crude oil produced,"1,000 pounds",2023-07,349740.0
North Central,Crude oil produced,"1,000 pounds",2023-08,342056.0
North Central,Crude oil produced,"1,000 pounds",2023-09,360547.0
North Central,Crude oil produced,"1,000 pounds",2023-10,386163.0
North Central,Crude oil produced,"1,000 pounds",2023-11,404079.0
North Central,Crude oil produced,"1,000 pounds",2023-12,391263.0
North Central,Crude oil produced,"1,000 pounds",2024-01,396439.0
North Central,Crude oil produced,"1,000 pounds",2024-02,400455.0
North Central,Crude oil produced,"1,000 pounds",2024-03,425138.0
North Central,Crude oil produced,"1,000 pounds",2024-04,365824.0
North Central,Crude oil produced,"1,000 pounds",2024-05,427651.0
North Central,Crude oil produced,"1,000 pounds",2024-06,422222.0
North Central,Crude oil produced,"1,000 pounds",2024-07,423053.0
North Central,Crude oil produced,"1,000 pounds",2024-08,388082.0
North Central,Crude oil produced,"1,000 pounds",2024-09,398953.0
North Central,Crude oil produced,"1,000 pounds",2024-10,463875.0
North Central,Crude oil produced,"1,000 pounds",2024-11,466003.0
North Central,Crude oil produced,"1,000 pounds",2024-12,474207.0
North Central,Crude oil produced,"1,000 pounds",2025-01,482445.0
North Central,Crude oil produced,"1,000 pounds",2025-02,416486.0
North Central,Crude oil produced,"1,000 pounds",2025-03,447618.0
North Central,Crude oil produced,"1,000 pounds",2025-04,409362.0
North Central,Crude oil produced,"1,000 pounds",2025-05,447128.0
North Central,Crude oil produced,"1,000 pounds",2025-06,469761.0
North Central,Crude oil produced,"1,000 pounds",2025-07,502345.0
North Central,Crude oil produced,"1,000 pounds",2025-08,473192.0
North Central,Crude oil produced,"1,000 pounds",2025-09,428395.0
North Central,Crude oil produced,"1,000 pounds",2025-10,515116.0
North Central,Crude oil produced,"1,000 pounds",2025-11,468821.0
North Central,Crude oil produced,"1,000 pounds",2025-12,476682.0
North Central,Crude oil produced,"1,000 pounds",2026-01,472581.0
North Central,Crude oil produced,"1,000 pounds",2026-02,442291.0
North Central,Crude oil produced,"1,000 pounds",2026-03,492666.0
North Central,Crude oil produced,"1,000 pounds",2026-04,449608.0
North Central,Crude oil produced,"1,000 pounds",2026-05,483574.0
North Central,Crude oil produced,"1,000 pounds",2026-06,488300.0
North Central,Crude oil produced,"1,000 pounds",2026-07,467707.0
North Central,Crude oil produced,"1,000 pounds",2026-08,420346.0
North Central,Crude oil stocks at crusher,"1,000 pounds",2015-05,220252.0
North Central,Crude oil stocks at crusher,"1,000 pounds",2015-06,177279.0
North Central,Crude oil stocks at crusher,"1,000 pounds",2015-07,185604.0
North Central,Crude oil stocks at crusher,"1,000 pounds",2015-08,193973.0
North Central,Crude oil stocks at crusher,"1,000 pounds",2015-09,176772.0
North Central,Crude oil stocks at crusher,"1,000 pounds",2015-10,191806.0
North Central,Crude oil stocks at crusher,"1,000 pounds",2015-11,204776.0
North Central,Crude oil stocks at crusher,"1,000 pounds",2015-12,227072.0
North Central,Crude oil stocks at crusher,"1,000 pounds",2016-01,247460.0
North Central,Crude oil stocks at crusher,"1,000 pounds",2016-02,264508.0
North Central,Crude oil stocks at crusher,"1,000 pounds",2016-03,267241.0
North Central,Crude oil stocks at crusher,"1,000 pounds",2016-04,259541.0
North Central,Crude oil stocks at crusher,"1,000 pounds",2016-05,247443.0
North Central,Crude oil stocks at crusher,"1,000 pounds",2016-06,196292.0
North Central,Crude oil stocks at crusher,"1,000 pounds",2016-07,201665.0
North Central,Crude oil stocks at crusher,"1,000 pounds",2016-08,156947.0
North Central,Crude oil stocks at crusher,"1,000 pounds",2016-09,156933.0
North Central,Crude oil stocks at crusher,"1,000 pounds",2016-10,177382.0
North Central,Crude oil stocks at crusher,"1,000 pounds",2016-11,159576.0
North Central,Crude oil stocks at crusher,"1,000 pounds",2016-12,147289.0
North Central,Crude oil stocks at crusher,"1,000 pounds",2017-01,195986.0
North Central,Crude oil stocks at crusher,"1,000 pounds",2017-02,222381.0
North Central,Crude oil stocks at crusher,"1,000 pounds",2017-03,242022.0
North Central,Crude oil stocks at crusher,"1,000 pounds",2017-04,236618.0
North Central,Crude oil stocks at crusher,"1,000 pounds",2017-05,219011.0
North Central,Crude oil stocks at crusher,"1,000 pounds",2017-06,212203.0
North Central,Crude oil stocks at crusher,"1,000 pounds",2017-07,196186.0
North Central,Crude oil stocks at crusher,"1,000 pounds",2017-08,162898.0
North Central,Crude oil stocks at crusher,"1,000 pounds",2017-09,171143.0
North Central,Crude oil stocks at crusher,"1,000 pounds",2017-10,162498.0
North Central,Crude oil stocks at crusher,"1,000 pounds",2017-11,166333.0
North Central,Crude oil stocks at crusher,"1,000 pounds",2017-12,199152.0
North Central,Crude oil stocks at crusher,"1,000 pounds",2018-01,251126.0
North Central,Crude oil stocks at crusher,"1,000 pounds",2018-02,255306.0
North Central,Crude oil stocks at crusher,"1,000 pounds",2018-03,246586.0
North Central,Crude oil stocks at crusher,"1,000 pounds",2018-04,253376.0
North Central,Crude oil stocks at crusher,"1,000 pounds",2018-05,269989.0
North Central,Crude oil stocks at crusher,"1,000 pounds",2018-06,292798.0
North Central,Crude oil stocks at crusher,"1,000 pounds",2018-07,276475.0
North Central,Crude oil stocks at crusher,"1,000 pounds",2018-08,259380.0
North Central,Crude oil stocks at crusher,"1,000 pounds",2018-09,228898.0
North Central,Crude oil stocks at crusher,"1,000 pounds",2018-10,211762.0
North Central,Crude oil stocks at crusher,"1,000 pounds",2018-11,238111.0
North Central,Crude oil stocks at crusher,"1,000 pounds",2018-12,219994.0
North Central,Crude oil stocks at crusher,"1,000 pounds",2019-01,214817.0
North Central,Crude oil stocks at crusher,"1,000 pounds",2019-02,210663.0
North Central,Crude oil stocks at crusher,"1,000 pounds",2019-03,234168.0
North Central,Crude oil stocks at crusher,"1,000 pounds",2019-04,245447.0
North Central,Crude oil stocks at crusher,"1,000 pounds",2019-05,212449.0
North Central,Crude oil stocks at crusher,"1,000 pounds",2019-06,215622.0
North Central,Crude oil stocks at crusher,"1,000 pounds",2019-07,209971.0
North Central,Crude oil stocks at crusher,"1,000 pounds",2019-08,199738.0
North Central,Crude oil stocks at crusher,"1,000 pounds",2019-09,214666.0
North Central,Crude oil stocks at crusher,"1,000 pounds",2019-10,171529.0
North Central,Crude oil stocks at crusher,"1,000 pounds",2019-11,176423.0
North Central,Crude oil stocks at crusher,"1,000 pounds",2019-12,189297.0
North Central,Crude oil stocks at crusher,"1,000 pounds",2020-01,190088.0
North Central,Crude oil stocks at crusher,"1,000 pounds",2020-02,197700.0
North Central,Crude oil stocks at crusher,"1,000 pounds",2020-03,206518.0
North Central,Crude oil stocks at crusher,"1,000 pounds",2020-04,251079.0
North Central,Crude oil stocks at crusher,"1,000 pounds",2020-05,240239.0
North Central,Crude oil stocks at crusher,"1,000 pounds",2020-06,231520.0
North Central,Crude oil stocks at crusher,"1,000 pounds",2020-07,198657.0
North Central,Crude oil stocks at crusher,"1,000 pounds",2020-08,167974.0
North Central,Crude oil stocks at crusher,"1,000 pounds",2020-09,149224.0
North Central,Crude oil stocks at crusher,"1,000 pounds",2020-10,171630.0
North Central,Crude oil stocks at crusher,"1,000 pounds",2020-11,191475.0
North Central,Crude oil stocks at crusher,"1,000 pounds",2020-12,195616.0
North Central,Crude oil stocks at crusher,"1,000 pounds",2021-01,217147.0
North Central,Crude oil stocks at crusher,"1,000 pounds",2021-02,228318.0
North Central,Crude oil stocks at crusher,"1,000 pounds",2021-03,253489.0
North Central,Crude oil stocks at crusher,"1,000 pounds",2021-04,230583.0
North Central,Crude oil stocks at crusher,"1,000 pounds",2021-05,191988.0
North Central,Crude oil stocks at crusher,"1,000 pounds",2021-06,166541.0
North Central,Crude oil stocks at crusher,"1,000 pounds",2021-07,160280.0
North Central,Crude oil stocks at crusher,"1,000 pounds",2021-08,179711.0
North Central,Crude oil stocks at crusher,"1,000 pounds",2021-09,179751.0
North Central,Crude oil stocks at crusher,"1,000 pounds",2021-10,186333.0
North Central,Crude oil stocks at crusher,"1,000 pounds",2021-11,192590.0
North Central,Crude oil stocks at crusher,"1,000 pounds",2021-12,214737.0
North Central,Crude oil stocks at crusher,"1,000 pounds",2022-01,224045.0
North Central,Crude oil stocks at crusher,"1,000 pounds",2022-02,256308.0
North Central,Crude oil stocks at crusher,"1,000 pounds",2022-03,252019.0
North Central,Crude oil stocks at crusher,"1,000 pounds",2022-04,275859.0
North Central,Crude oil stocks at crusher,"1,000 pounds",2022-05,235949.0
North Central,Crude oil stocks at crusher,"1,000 pounds",2022-06,253775.0
North Central,Crude oil stocks at crusher,"1,000 pounds",2022-07,262423.0
North Central,Crude oil stocks at crusher,"1,000 pounds",2022-08,220056.0
North Central,Crude oil stocks at crusher,"1,000 pounds",2022-09,205582.0
North Central,Crude oil stocks at crusher,"1,000 pounds",2022-10,207068.0
North Central,Crude oil stocks at crusher,"1,000 pounds",2022-11,205420.0
North Central,Crude oil stocks at crusher,"1,000 pounds",2022-12,300268.0
North Central,Crude oil stocks at crusher,"1,000 pounds",2023-01,237842.0
North Central,Crude oil stocks at crusher,"1,000 pounds",2023-02,223356.0
North Central,Crude oil stocks at crusher,"1,000 pounds",2023-03,224344.0
North Central,Crude oil stocks at crusher,"1,000 pounds",2023-04,266064.0
North Central,Crude oil stocks at crusher,"1,000 pounds",2023-05,201120.0
North Central,Crude oil stocks at crusher,"1,000 pounds",2023-06,191505.0
North Central,Crude oil stocks at crusher,"1,000 pounds",2023-07,183087.0
North Central,Crude oil stocks at crusher,"1,000 pounds",2023-08,161842.0
North Central,Crude oil stocks at crusher,"1,000 pounds",2023-09,153435.0
North Central,Crude oil stocks at crusher,"1,000 pounds",2023-10,142513.0
North Central,Crude oil stocks at crusher,"1,000 pounds",2023-11,140383.0
North Central,Crude oil stocks at crusher,"1,000 pounds",2023-12,161586.0
North Central,Crude oil stocks at crusher,"1,000 pounds",2024-01,201772.0
North Central,Crude oil stocks at crusher,"1,000 pounds",2024-02,213478.0
North Central,Crude oil stocks at crusher,"1,000 pounds",2024-03,232003.0
North Central,Crude oil stocks at crusher,"1,000 pounds",2024-04,213389.0
North Central,Crude oil stocks at crusher,"1,000 pounds",2024-05,204527.0
North Central,Crude oil stocks at crusher,"1,000 pounds",2024-06,199256.0
North Central,Crude oil stocks at crusher,"1,000 pounds",2024-07,185210.0
North Central,Crude oil stocks at crusher,"1,000 pounds",2024-08,149013.0
North Central,Crude oil stocks at crusher,"1,000 pounds",2024-09,121939.0
North Central,Crude oil stocks at crusher,"1,000 pounds",2024-10,103818.0
North Central,Crude oil stocks at crusher,"1,000 pounds",2024-11,111221.0
North Central,Crude oil stocks at crusher,"1,000 pounds",2024-12,118718.0
North Central,Crude oil stocks at crusher,"1,000 pounds",2025-01,155365.0
North Central,Crude oil stocks at crusher,"1,000 pounds",2025-02,184921.0
North Central,Crude oil stocks at crusher,"1,000 pounds",2025-03,174603.0
North Central,Crude oil stocks at crusher,"1,000 pounds",2025-04,228055.0
North Central,Crude oil stocks at crusher,"1,000 pounds",2025-05,225065.0
North Central,Crude oil stocks at crusher,"1,000 pounds",2025-06,228173.0
North Central,Crude oil stocks at crusher,"1,000 pounds",2025-07,239021.0
North Central,Crude oil stocks at crusher,"1,000 pounds",2025-08,226136.0
North Central,Crude oil stocks at crusher,"1,000 pounds",2025-09,216753.0
North Central,Crude oil stocks at crusher,"1,000 pounds",2025-10,249675.0
North Central,Crude oil stocks at crusher,"1,000 pounds",2025-11,254472.0
North Central,Crude oil stocks at crusher,"1,000 pounds",2025-12,293721.0
North Central,Crude oil stocks at crusher,"1,000 pounds",2026-01,316221.0
North Central,Crude oil stocks at crusher,"1,000 pounds",2026-02,329462.0
North Central,Crude oil stocks at crusher,"1,000 pounds",2026-03,372673.0
North Central,Crude oil stocks at crusher,"1,000 pounds",2026-04,320628.0
North Central,Crude oil stocks at crusher,"1,000 pounds",2026-05,305467.0
North Central,Crude oil stocks at crusher,"1,000 pounds",2026-06,307108.0
North Central,Crude oil stocks at crusher,"1,000 pounds",2026-07,255010.0
North Central,Crude oil stocks at crusher,"1,000 pounds",2026-08,199089.0
North Central,Soybeans crushed,tons,2015-05,586822.0
North Central,Soybeans crushed,tons,2015-06,515011.0
North Central,Soybeans crushed,tons,2015-07,662728.0
North Central,Soybeans crushed,tons,2015-08,644551.0
North Central,Soybeans crushed,tons,2015-09,591078.0
North Central,Soybeans crushed,tons,2015-10,745497.0
North Central,Soybeans crushed,tons,2015-11,675509.0
North Central,Soybeans crushed,tons,2015-12,709052.0
North Central,Soybeans crushed,tons,2016-01,654555.0
North Central,Soybeans crushed,tons,2016-02,613960.0
North Central,Soybeans crushed,tons,2016-03,682246.0
North Central,Soybeans crushed,tons,2016-04,631767.0
North Central,Soybeans crushed,tons,2016-05,648696.0
North Central,Soybeans crushed,tons,2016-06,625978.0
North Central,Soybeans crushed,tons,2016-07,701390.0
North Central,Soybeans crushed,tons,2016-08,653307.0
North Central,Soybeans crushed,tons,2016-09,592748.0
North Central,Soybeans crushed,tons,2016-10,712934.0
North Central,Soybeans crushed,tons,2016-11,647631.0
North Central,Soybeans crushed,tons,2016-12,690151.0
North Central,Soybeans crushed,tons,2017-01,689401.0
North Central,Soybeans crushed,tons,2017-02,612244.0
North Central,Soybeans crushed,tons,2017-03,675416.0
North Central,Soybeans crushed,tons,2017-04,637805.0
North Central,Soybeans crushed,tons,2017-05,607298.0
North Central,Soybeans crushed,tons,2017-06,619325.0
North Central,Soybeans crushed,tons,2017-07,631139.0
North Central,Soybeans crushed,tons,2017-08,599953.0
North Central,Soybeans crushed,tons,2017-09,620072.0
North Central,Soybeans crushed,tons,2017-10,687033.0
North Central,Soybeans crushed,tons,2017-11,667253.0
North Central,Soybeans crushed,tons,2017-12,675602.0
North Central,Soybeans crushed,tons,2018-01,693338.0
North Central,Soybeans crushed,tons,2018-02,668153.0
North Central,Soybeans crushed,tons,2018-03,751088.0
North Central,Soybeans crushed,tons,2018-04,659328.0
North Central,Soybeans crushed,tons,2018-05,719504.0
North Central,Soybeans crushed,tons,2018-06,721430.0
North Central,Soybeans crushed,tons,2018-07,738396.0
North Central,Soybeans crushed,tons,2018-08,698118.0
North Central,Soybeans crushed,tons,2018-09,695155.0
North Central,Soybeans crushed,tons,2018-10,749975.0
North Central,Soybeans crushed,tons,2018-11,722446.0
North Central,Soybeans crushed,tons,2018-12,755401.0
North Central,Soybeans crushed,tons,2019-01,730058.0
North Central,Soybeans crushed,tons,2019-02,633558.0
North Central,Soybeans crushed,tons,2019-03,725092.0
North Central,Soybeans crushed,tons,2019-04,694306.0
North Central,Soybeans crushed,tons,2019-05,686496.0
North Central,Soybeans crushed,tons,2019-06,702629.0
North Central,Soybeans crushed,tons,2019-07,766908.0
North Central,Soybeans crushed,tons,2019-08,829756.0
North Central,Soybeans crushed,tons,2019-09,749420.0
North Central,Soybeans crushed,tons,2019-10,863537.0
North Central,Soybeans crushed,tons,2019-11,775266.0
North Central,Soybeans crushed,tons,2019-12,819147.0
North Central,Soybeans crushed,tons,2020-01,819487.0
North Central,Soybeans crushed,tons,2020-02,779178.0
North Central,Soybeans crushed,tons,2020-03,917472.0
North Central,Soybeans crushed,tons,2020-04,863843.0
North Central,Soybeans crushed,tons,2020-05,854165.0
North Central,Soybeans crushed,tons,2020-06,903057.0
North Central,Soybeans crushed,tons,2020-07,865768.0
North Central,Soybeans crushed,tons,2020-08,850283.0
North Central,Soybeans crushed,tons,2020-09,785032.0
North Central,Soybeans crushed,tons,2020-10,945362.0
North Central,Soybeans crushed,tons,2020-11,930684.0
North Central,Soybeans crushed,tons,2020-12,932895.0
North Central,Soybeans crushed,tons,2021-01,960834.0
North Central,Soybeans crushed,tons,2021-02,834276.0
North Central,Soybeans crushed,tons,2021-03,948475.0
North Central,Soybeans crushed,tons,2021-04,740687.0
North Central,Soybeans crushed,tons,2021-05,866672.0
North Central,Soybeans crushed,tons,2021-06,747586.0
North Central,Soybeans crushed,tons,2021-07,816910.0
North Central,Soybeans crushed,tons,2021-08,892792.0
North Central,Soybeans crushed,tons,2021-09,803971.0
North Central,Soybeans crushed,tons,2021-10,979305.0
North Central,Soybeans crushed,tons,2021-11,938426.0
North Central,Soybeans crushed,tons,2021-12,988790.0
North Central,Soybeans crushed,tons,2022-01,935755.0
North Central,Soybeans crushed,tons,2022-02,886474.0
North Central,Soybeans crushed,tons,2022-03,964389.0
North Central,Soybeans crushed,tons,2022-04,881353.0
North Central,Soybeans crushed,tons,2022-05,968543.0
North Central,Soybeans crushed,tons,2022-06,973607.0
North Central,Soybeans crushed,tons,2022-07,960021.0
North Central,Soybeans crushed,tons,2022-08,863888.0
North Central,Soybeans crushed,tons,2022-09,902879.0
North Central,Soybeans crushed,tons,2022-10,996060.0
North Central,Soybeans crushed,tons,2022-11,970217.0
North Central,Soybeans crushed,tons,2022-12,944508.0
North Central,Soybeans crushed,tons,2023-01,934137.0
North Central,Soybeans crushed,tons,2023-02,882404.0
North Central,Soybeans crushed,tons,2023-03,993561.0
North Central,Soybeans crushed,tons,2023-04,880680.0
North Central,Soybeans crushed,tons,2023-05,969711.0
North Central,Soybeans crushed,tons,2023-06,875341.0
North Central,Soybeans crushed,tons,2023-07,890644.0
North Central,Soybeans crushed,tons,2023-08,867419.0
North Central,Soybeans crushed,tons,2023-09,935683.0
North Central,Soybeans crushed,tons,2023-10,1001749.0
North Central,Soybeans crushed,tons,2023-11,1048102.0
North Central,Soybeans crushed,tons,2023-12,1007726.0
North Central,Soybeans crushed,tons,2024-01,1018773.0
North Central,Soybeans crushed,tons,2024-02,1018521.0
North Central,Soybeans crushed,tons,2024-03,1089165.0
North Central,Soybeans crushed,tons,2024-04,941406.0
North Central,Soybeans crushed,tons,2024-05,1081852.0
North Central,Soybeans crushed,tons,2024-06,1069796.0
North Central,Soybeans crushed,tons,2024-07,1065719.0
North Central,Soybeans crushed,tons,2024-08,992121.0
North Central,Soybeans crushed,tons,2024-09,1020638.0
North Central,Soybeans crushed,tons,2024-10,1203817.0
North Central,Soybeans crushed,tons,2024-11,1179427.0
North Central,Soybeans crushed,tons,2024-12,1204936.0
North Central,Soybeans crushed,tons,2025-01,1223495.0
North Central,Soybeans crushed,tons,2025-02,1066893.0
North Central,Soybeans crushed,tons,2025-03,1139676.0
North Central,Soybeans crushed,tons,2025-04,1041654.0
North Central,Soybeans crushed,tons,2025-05,1138781.0
North Central,Soybeans crushed,tons,2025-06,1196451.0
North Central,Soybeans crushed,tons,2025-07,1277281.0
North Central,Soybeans crushed,tons,2025-08,1206344.0
North Central,Soybeans crushed,tons,2025-09,1116744.0
North Central,Soybeans crushed,tons,2025-10,1331616.0
North Central,Soybeans crushed,tons,2025-11,1226174.0
North Central,Soybeans crushed,tons,2025-12,1261847.0
North Central,Soybeans crushed,tons,2026-01,1244439.0
North Central,Soybeans crushed,tons,2026-02,1168746.0
North Central,Soybeans crushed,tons,2026-03,1304896.0
North Central,Soybeans crushed,tons,2026-04,1191003.0
North Central,Soybeans crushed,tons,2026-05,1261409.0
North Central,Soybeans crushed,tons,2026-06,1278155.0
North Central,Soybeans crushed,tons,2026-07,1221857.0
North Central,Soybeans crushed,tons,2026-08,1109191.0
North and East,Cake and meal produced,tons,2015-05,836302.0
North and East,Cake and meal produced,tons,2015-06,800609.0
North and East,Cake and meal produced,tons,2015-07,823075.0
North and East,Cake and meal produced,tons,2015-08,716415.0
North and East,Cake and meal produced,tons,2015-09,746864.0
North and East,Cake and meal produced,tons,2015-10,917687.0
North and East,Cake and meal produced,tons,2015-11,870005.0
North and East,Cake and meal produced,tons,2015-12,816299.0
North and East,Cake and meal produced,tons,2016-01,822623.0
North and East,Cake and meal produced,tons,2016-02,791416.0
North and East,Cake and meal produced,tons,2016-03,818269.0
North and East,Cake and meal produced,tons,2016-04,798843.0
North and East,Cake and meal produced,tons,2016-05,809399.0
North and East,Cake and meal produced,tons,2016-06,801865.0
North and East,Cake and meal produced,tons,2016-07,771938.0
North and East,Cake and meal produced,tons,2016-08,658529.0
North and East,Cake and meal produced,tons,2016-09,721657.0
North and East,Cake and meal produced,tons,2016-10,914440.0
North and East,Cake and meal produced,tons,2016-11,854893.0
North and East,Cake and meal produced,tons,2016-12,803907.0
North and East,Cake and meal produced,tons,2017-01,859929.0
North and East,Cake and meal produced,tons,2017-02,747598.0
North and East,Cake and meal produced,tons,2017-03,763467.0
North and East,Cake and meal produced,tons,2017-04,763093.0
North and East,Cake and meal produced,tons,2017-05,823617.0
North and East,Cake and meal produced,tons,2017-06,769159.0
North and East,Cake and meal produced,tons,2017-07,752636.0
North and East,Cake and meal produced,tons,2017-08,732795.0
North and East,Cake and meal produced,tons,2017-09,764112.0
North and East,Cake and meal produced,tons,2017-10,915499.0
North and East,Cake and meal produced,tons,2017-11,865530.0
North and East,Cake and meal produced,tons,2017-12,890477.0
North and East,Cake and meal produced,tons,2018-01,879903.0
North and East,Cake and meal produced,tons,2018-02,855836.0
North and East,Cake and meal produced,tons,2018-03,933877.0
North and East,Cake and meal produced,tons,2018-04,911120.0
North and East,Cake and meal produced,tons,2018-05,904003.0
North and East,Cake and meal produced,tons,2018-06,846870.0
North and East,Cake and meal produced,tons,2018-07,962587.0
North and East,Cake and meal produced,tons,2018-08,810788.0
North and East,Cake and meal produced,tons,2018-09,876911.0
North and East,Cake and meal produced,tons,2018-10,978484.0
North and East,Cake and meal produced,tons,2018-11,896323.0
North and East,Cake and meal produced,tons,2018-12,932675.0
North and East,Cake and meal produced,tons,2019-01,940010.0
North and East,Cake and meal produced,tons,2019-02,848293.0
North and East,Cake and meal produced,tons,2019-03,941717.0
North and East,Cake and meal produced,tons,2019-04,884970.0
North and East,Cake and meal produced,tons,2019-05,850463.0
North and East,Cake and meal produced,tons,2019-06,883791.0
North and East,Cake and meal produced,tons,2019-07,919601.0
North and East,Cake and meal produced,tons,2019-08,900203.0
North and East,Cake and meal produced,tons,2019-09,891792.0
North and East,Cake and meal produced,tons,2019-10,982999.0
North and East,Cake and meal produced,tons,2019-11,903978.0
North and East,Cake and meal produced,tons,2019-12,949863.0
North and East,Cake and meal produced,tons,2020-01,978893.0
North and East,Cake and meal produced,tons,2020-02,903277.0
North and East,Cake and meal produced,tons,2020-03,971216.0
North and East,Cake and meal produced,tons,2020-04,942859.0
North and East,Cake and meal produced,tons,2020-05,923780.0
North and East,Cake and meal produced,tons,2020-06,876500.0
North and East,Cake and meal produced,tons,2020-07,913112.0
North and East,Cake and meal produced,tons,2020-08,843230.0
North and East,Cake and meal produced,tons,2020-09,873751.0
North and East,Cake and meal produced,tons,2020-10,988468.0
North and East,Cake and meal produced,tons,2020-11,933354.0
North and East,Cake and meal produced,tons,2020-12,947899.0
North and East,Cake and meal produced,tons,2021-01,974209.0
North and East,Cake and meal produced,tons,2021-02,852001.0
North and East,Cake and meal produced,tons,2021-03,922999.0
North and East,Cake and meal produced,tons,2021-04,878415.0
North and East,Cake and meal produced,tons,2021-05,841583.0
North and East,Cake and meal produced,tons,2021-06,788993.0
North and East,Cake and meal produced,tons,2021-07,802133.0
North and East,Cake and meal produced,tons,2021-08,811541.0
North and East,Cake and meal produced,tons,2021-09,864915.0
North and East,Cake and meal produced,tons,2021-10,997216.0
North and East,Cake and meal produced,tons,2021-11,939348.0
North and East,Cake and meal produced,tons,2021-12,973831.0
North and East,Cake and meal produced,tons,2022-01,978036.0
North and East,Cake and meal produced,tons,2022-02,851907.0
North and East,Cake and meal produced,tons,2022-03,954196.0
North and East,Cake and meal produced,tons,2022-04,939151.0
North and East,Cake and meal produced,tons,2022-05,825175.0
North and East,Cake and meal produced,tons,2022-06,849835.0
North and East,Cake and meal produced,tons,2022-07,845001.0
North and East,Cake and meal produced,tons,2022-08,810874.0
North and East,Cake and meal produced,tons,2022-09,865132.0
North and East,Cake and meal produced,tons,2022-10,981993.0
North and East,Cake and meal produced,tons,2022-11,939736.0
North and East,Cake and meal produced,tons,2022-12,950508.0
North and East,Cake and meal produced,tons,2023-01,998157.0
North and East,Cake and meal produced,tons,2023-02,903185.0
North and East,Cake and meal produced,tons,2023-03,982273.0
North and East,Cake and meal produced,tons,2023-04,991315.0
North and East,Cake and meal produced,tons,2023-05,953075.0
North and East,Cake and meal produced,tons,2023-06,853953.0
North and East,Cake and meal produced,tons,2023-07,950231.0
North and East,Cake and meal produced,tons,2023-08,803244.0
North and East,Cake and meal produced,tons,2023-09,847236.0
North and East,Cake and meal produced,tons,2023-10,1007371.0
North and East,Cake and meal produced,tons,2023-11,1005715.0
North and East,Cake and meal produced,tons,2023-12,1031264.0
North and East,Cake and meal produced,tons,2024-01,997918.0
North and East,Cake and meal produced,tons,2024-02,948571.0
North and East,Cake and meal produced,tons,2024-03,1028511.0
North and East,Cake and meal produced,tons,2024-04,928444.0
North and East,Cake and meal produced,tons,2024-05,990562.0
North and East,Cake and meal produced,tons,2024-06,930382.0
North and East,Cake and meal produced,tons,2024-07,962380.0
North and East,Cake and meal produced,tons,2024-08,767206.0
North and East,Cake and meal produced,tons,2024-09,958676.0
North and East,Cake and meal produced,tons,2024-10,1056440.0
North and East,Cake and meal produced,tons,2024-11,1029968.0
North and East,Cake and meal produced,tons,2024-12,1007686.0
North and East,Cake and meal produced,tons,2025-01,1032965.0
North and East,Cake and meal produced,tons,2025-02,934189.0
North and East,Cake and meal produced,tons,2025-03,977476.0
North and East,Cake and meal produced,tons,2025-04,993844.0
North and East,Cake and meal produced,tons,2025-05,975637.0
North and East,Cake and meal produced,tons,2025-06,925471.0
North and East,Cake and meal produced,tons,2025-07,967178.0
North and East,Cake and meal produced,tons,2025-08,939838.0
North and East,Cake and meal produced,tons,2025-09,922799.0
North and East,Cake and meal produced,tons,2025-10,1097397.0
North and East,Cake and meal produced,tons,2025-11,1016053.0
North and East,Cake and meal produced,tons,2025-12,1069691.0
North and East,Cake and meal produced,tons,2026-01,1083318.0
North and East,Cake and meal produced,tons,2026-02,998027.0
North and East,Cake and meal produced,tons,2026-03,1052946.0
North and East,Cake and meal produced,tons,2026-04,1041960.0
North and East,Cake and meal produced,tons,2026-05,1008753.0
North and East,Cake and meal produced,tons,2026-06,1009553.0
North and East,Cake and meal produced,tons,2026-07,1026463.0
North and East,Cake and meal produced,tons,2026-08,851484.0
North and East,Cake and meal stocks,tons,2015-05,105526.0
North and East,Cake and meal stocks,tons,2015-06,69294.0
North and East,Cake and meal stocks,tons,2015-07,94817.0
North and East,Cake and meal stocks,tons,2015-08,78902.0
North and East,Cake and meal stocks,tons,2015-09,53217.0
North and East,Cake and meal stocks,tons,2015-10,95336.0
North and East,Cake and meal stocks,tons,2015-11,65415.0
North and East,Cake and meal stocks,tons,2015-12,77279.0
North and East,Cake and meal stocks,tons,2016-01,99828.0
North and East,Cake and meal stocks,tons,2016-02,84293.0
North and East,Cake and meal stocks,tons,2016-03,57727.0
North and East,Cake and meal stocks,tons,2016-04,86303.0
North and East,Cake and meal stocks,tons,2016-05,65641.0
North and East,Cake and meal stocks,tons,2016-06,81716.0
North and East,Cake and meal stocks,tons,2016-07,106520.0
North and East,Cake and meal stocks,tons,2016-08,38239.0
North and East,Cake and meal stocks,tons,2016-09,51805.0
North and East,Cake and meal stocks,tons,2016-10,62601.0
North and East,Cake and meal stocks,tons,2016-11,96250.0
North and East,Cake and meal stocks,tons,2016-12,79529.0
North and East,Cake and meal stocks,tons,2017-01,77743.0
North and East,Cake and meal stocks,tons,2017-02,77987.0
North and East,Cake and meal stocks,tons,2017-03,67010.0
North and East,Cake and meal stocks,tons,2017-04,93644.0
North and East,Cake and meal stocks,tons,2017-05,94476.0
North and East,Cake and meal stocks,tons,2017-06,85505.0
North and East,Cake and meal stocks,tons,2017-07,91445.0
North and East,Cake and meal stocks,tons,2017-08,88598.0
North and East,Cake and meal stocks,tons,2017-09,88543.0
North and East,Cake and meal stocks,tons,2017-10,114752.0
North and East,Cake and meal stocks,tons,2017-11,110529.0
North and East,Cake and meal stocks,tons,2017-12,136304.0
North and East,Cake and meal stocks,tons,2018-01,115398.0
North and East,Cake and meal stocks,tons,2018-02,104916.0
North and East,Cake and meal stocks,tons,2018-03,112525.0
North and East,Cake and meal stocks,tons,2018-04,100661.0
North and East,Cake and meal stocks,tons,2018-05,114294.0
North and East,Cake and meal stocks,tons,2018-06,100865.0
North and East,Cake and meal stocks,tons,2018-07,125930.0
North and East,Cake and meal stocks,tons,2018-08,68340.0
North and East,Cake and meal stocks,tons,2018-09,101094.0
North and East,Cake and meal stocks,tons,2018-10,98129.0
North and East,Cake and meal stocks,tons,2018-11,72766.0
North and East,Cake and meal stocks,tons,2018-12,77385.0
North and East,Cake and meal stocks,tons,2019-01,97462.0
North and East,Cake and meal stocks,tons,2019-02,67969.0
North and East,Cake and meal stocks,tons,2019-03,108897.0
North and East,Cake and meal stocks,tons,2019-04,83710.0
North and East,Cake and meal stocks,tons,2019-05,67263.0
North and East,Cake and meal stocks,tons,2019-06,92581.0
North and East,Cake and meal stocks,tons,2019-07,94540.0
North and East,Cake and meal stocks,tons,2019-08,126443.0
North and East,Cake and meal stocks,tons,2019-09,81633.0
North and East,Cake and meal stocks,tons,2019-10,98909.0
North and East,Cake and meal stocks,tons,2019-11,110754.0
North and East,Cake and meal stocks,tons,2019-12,54872.0
North and East,Cake and meal stocks,tons,2020-01,68352.0
North and East,Cake and meal stocks,tons,2020-02,91350.0
North and East,Cake and meal stocks,tons,2020-03,101508.0
North and East,Cake and meal stocks,tons,2020-04,101387.0
North and East,Cake and meal stocks,tons,2020-05,78560.0
North and East,Cake and meal stocks,tons,2020-06,116076.0
North and East,Cake and meal stocks,tons,2020-07,117219.0
North and East,Cake and meal stocks,tons,2020-08,86188.0
North and East,Cake and meal stocks,tons,2020-09,91693.0
North and East,Cake and meal stocks,tons,2020-10,70234.0
North and East,Cake and meal stocks,tons,2020-11,93138.0
North and East,Cake and meal stocks,tons,2020-12,95399.0
North and East,Cake and meal stocks,tons,2021-01,131145.0
North and East,Cake and meal stocks,tons,2021-02,145741.0
North and East,Cake and meal stocks,tons,2021-03,137616.0
North and East,Cake and meal stocks,tons,2021-04,136328.0
North and East,Cake and meal stocks,tons,2021-05,149456.0
North and East,Cake and meal stocks,tons,2021-06,118855.0
North and East,Cake and meal stocks,tons,2021-07,158614.0
North and East,Cake and meal stocks,tons,2021-08,89272.0
North and East,Cake and meal stocks,tons,2021-09,83545.0
North and East,Cake and meal stocks,tons,2021-10,84421.0
North and East,Cake and meal stocks,tons,2021-11,104593.0
North and East,Cake and meal stocks,tons,2021-12,105010.0
North and East,Cake and meal stocks,tons,2022-01,126846.0
North and East,Cake and meal stocks,tons,2022-02,119050.0
North and East,Cake and meal stocks,tons,2022-03,117923.0
North and East,Cake and meal stocks,tons,2022-04,121964.0
North and East,Cake and meal stocks,tons,2022-05,116230.0
North and East,Cake and meal stocks,tons,2022-06,103651.0
North and East,Cake and meal stocks,tons,2022-07,107561.0
North and East,Cake and meal stocks,tons,2022-08,73600.0
North and East,Cake and meal stocks,tons,2022-09,62441.0
North and East,Cake and meal stocks,tons,2022-10,99026.0
North and East,Cake and meal stocks,tons,2022-11,94944.0
North and East,Cake and meal stocks,tons,2022-12,127540.0
North and East,Cake and meal stocks,tons,2023-01,134717.0
North and East,Cake and meal stocks,tons,2023-02,134621.0
North and East,Cake and meal stocks,tons,2023-03,103484.0
North and East,Cake and meal stocks,tons,2023-04,164964.0
North and East,Cake and meal stocks,tons,2023-05,174554.0
North and East,Cake and meal stocks,tons,2023-06,100671.0
North and East,Cake and meal stocks,tons,2023-07,140605.0
North and East,Cake and meal stocks,tons,2023-08,86195.0
North and East,Cake and meal stocks,tons,2023-09,62504.0
North and East,Cake and meal stocks,tons,2023-10,69448.0
North and East,Cake and meal stocks,tons,2023-11,90741.0
North and East,Cake and meal stocks,tons,2023-12,101286.0
North and East,Cake and meal stocks,tons,2024-01,106148.0
North and East,Cake and meal stocks,tons,2024-02,95157.0
North and East,Cake and meal stocks,tons,2024-03,88100.0
North and East,Cake and meal stocks,tons,2024-04,78966.0
North and East,Cake and meal stocks,tons,2024-05,80577.0
North and East,Cake and meal stocks,tons,2024-06,98377.0
North and East,Cake and meal stocks,tons,2024-07,104921.0
North and East,Cake and meal stocks,tons,2024-08,70549.0
North and East,Cake and meal stocks,tons,2024-09,76990.0
North and East,Cake and meal stocks,tons,2024-10,76521.0
North and East,Cake and meal stocks,tons,2024-11,114245.0
North and East,Cake and meal stocks,tons,2024-12,95610.0
North and East,Cake and meal stocks,tons,2025-01,112053.0
North and East,Cake and meal stocks,tons,2025-02,114764.0
North and East,Cake and meal stocks,tons,2025-03,92137.0
North and East,Cake and meal stocks,tons,2025-04,118495.0
North and East,Cake and meal stocks,tons,2025-05,107577.0
North and East,Cake and meal stocks,tons,2025-06,102607.0
North and East,Cake and meal stocks,tons,2025-07,84693.0
North and East,Cake and meal stocks,tons,2025-08,81745.0
North and East,Cake and meal stocks,tons,2025-09,66588.0
North and East,Cake and meal stocks,tons,2025-10,87503.0
North and East,Cake and meal stocks,tons,2025-11,91134.0
North and East,Cake and meal stocks,tons,2025-12,70519.0
North and East,Cake and meal stocks,tons,2026-01,85868.0
North and East,Cake and meal stocks,tons,2026-02,108830.0
North and East,Cake and meal stocks,tons,2026-03,108197.0
North and East,Cake and meal stocks,tons,2026-04,115002.0
North and East,Cake and meal stocks,tons,2026-05,104177.0
North and East,Cake and meal stocks,tons,2026-06,107737.0
North and East,Cake and meal stocks,tons,2026-07,107270.0
North and East,Cake and meal stocks,tons,2026-08,107823.0
North and East,Crude oil produced,"1,000 pounds",2015-05,411841.0
North and East,Crude oil produced,"1,000 pounds",2015-06,395927.0
North and East,Crude oil produced,"1,000 pounds",2015-07,405282.0
North and East,Crude oil produced,"1,000 pounds",2015-08,356274.0
North and East,Crude oil produced,"1,000 pounds",2015-09,381500.0
North and East,Crude oil produced,"1,000 pounds",2015-10,478700.0
North and East,Crude oil produced,"1,000 pounds",2015-11,449049.0
North and East,Crude oil produced,"1,000 pounds",2015-12,425422.0
North and East,Crude oil produced,"1,000 pounds",2016-01,428442.0
North and East,Crude oil produced,"1,000 pounds",2016-02,412264.0
North and East,Crude oil produced,"1,000 pounds",2016-03,429941.0
North and East,Crude oil produced,"1,000 pounds",2016-04,418968.0
North and East,Crude oil produced,"1,000 pounds",2016-05,426247.0
North and East,Crude oil produced,"1,000 pounds",2016-06,419149.0
North and East,Crude oil produced,"1,000 pounds",2016-07,406715.0
North and East,Crude oil produced,"1,000 pounds",2016-08,348789.0
North and East,Crude oil produced,"1,000 pounds",2016-09,384123.0
North and East,Crude oil produced,"1,000 pounds",2016-10,487728.0
North and East,Crude oil produced,"1,000 pounds",2016-11,453481.0
North and East,Crude oil produced,"1,000 pounds",2016-12,428512.0
North and East,Crude oil produced,"1,000 pounds",2017-01,455529.0
North and East,Crude oil produced,"1,000 pounds",2017-02,398011.0
North and East,Crude oil produced,"1,000 pounds",2017-03,404064.0
North and East,Crude oil produced,"1,000 pounds",2017-04,406268.0
North and East,Crude oil produced,"1,000 pounds",2017-05,436505.0
North and East,Crude oil produced,"1,000 pounds",2017-06,410565.0
North and East,Crude oil produced,"1,000 pounds",2017-07,399501.0
North and East,Crude oil produced,"1,000 pounds",2017-08,389552.0
North and East,Crude oil produced,"1,000 pounds",2017-09,411374.0
North and East,Crude oil produced,"1,000 pounds",2017-10,473778.0
North and East,Crude oil produced,"1,000 pounds",2017-11,445371.0
North and East,Crude oil produced,"1,000 pounds",2017-12,457012.0
North and East,Crude oil produced,"1,000 pounds",2018-01,452900.0
North and East,Crude oil produced,"1,000 pounds",2018-02,442392.0
North and East,Crude oil produced,"1,000 pounds",2018-03,480354.0
North and East,Crude oil produced,"1,000 pounds",2018-04,466765.0
North and East,Crude oil produced,"1,000 pounds",2018-05,452616.0
North and East,Crude oil produced,"1,000 pounds",2018-06,427222.0
North and East,Crude oil produced,"1,000 pounds",2018-07,488238.0
North and East,Crude oil produced,"1,000 pounds",2018-08,417576.0
North and East,Crude oil produced,"1,000 pounds",2018-09,462925.0
North and East,Crude oil produced,"1,000 pounds",2018-10,524090.0
North and East,Crude oil produced,"1,000 pounds",2018-11,478068.0
North and East,Crude oil produced,"1,000 pounds",2018-12,496433.0
North and East,Crude oil produced,"1,000 pounds",2019-01,502921.0
North and East,Crude oil produced,"1,000 pounds",2019-02,444840.0
North and East,Crude oil produced,"1,000 pounds",2019-03,497656.0
North and East,Crude oil produced,"1,000 pounds",2019-04,461600.0
North and East,Crude oil produced,"1,000 pounds",2019-05,436813.0
North and East,Crude oil produced,"1,000 pounds",2019-06,455344.0
North and East,Crude oil produced,"1,000 pounds",2019-07,490886.0
North and East,Crude oil produced,"1,000 pounds",2019-08,470079.0
North and East,Crude oil produced,"1,000 pounds",2019-09,477829.0
North and East,Crude oil produced,"1,000 pounds",2019-10,516049.0
North and East,Crude oil produced,"1,000 pounds",2019-11,467445.0
North and East,Crude oil produced,"1,000 pounds",2019-12,497540.0
North and East,Crude oil produced,"1,000 pounds",2020-01,505365.0
North and East,Crude oil produced,"1,000 pounds",2020-02,463127.0
North and East,Crude oil produced,"1,000 pounds",2020-03,505281.0
North and East,Crude oil produced,"1,000 pounds",2020-04,489298.0
North and East,Crude oil produced,"1,000 pounds",2020-05,476061.0
North and East,Crude oil produced,"1,000 pounds",2020-06,458046.0
North and East,Crude oil produced,"1,000 pounds",2020-07,467559.0
North and East,Crude oil produced,"1,000 pounds",2020-08,446338.0
North and East,Crude oil produced,"1,000 pounds",2020-09,459483.0
North and East,Crude oil produced,"1,000 pounds",2020-10,518764.0
North and East,Crude oil produced,"1,000 pounds",2020-11,481274.0
North and East,Crude oil produced,"1,000 pounds",2020-12,496703.0
North and East,Crude oil produced,"1,000 pounds",2021-01,512987.0
North and East,Crude oil produced,"1,000 pounds",2021-02,445826.0
North and East,Crude oil produced,"1,000 pounds",2021-03,486457.0
North and East,Crude oil produced,"1,000 pounds",2021-04,460822.0
North and East,Crude oil produced,"1,000 pounds",2021-05,446077.0
North and East,Crude oil produced,"1,000 pounds",2021-06,417359.0
North and East,Crude oil produced,"1,000 pounds",2021-07,424371.0
North and East,Crude oil produced,"1,000 pounds",2021-08,427196.0
North and East,Crude oil produced,"1,000 pounds",2021-09,464280.0
North and East,Crude oil produced,"1,000 pounds",2021-10,540676.0
North and East,Crude oil produced,"1,000 pounds",2021-11,497334.0
North and East,Crude oil produced,"1,000 pounds",2021-12,513178.0
North and East,Crude oil produced,"1,000 pounds",2022-01,520105.0
North and East,Crude oil produced,"1,000 pounds",2022-02,449514.0
North and East,Crude oil produced,"1,000 pounds",2022-03,512552.0
North and East,Crude oil produced,"1,000 pounds",2022-04,509780.0
North and East,Crude oil produced,"1,000 pounds",2022-05,449684.0
North and East,Crude oil produced,"1,000 pounds",2022-06,452011.0
North and East,Crude oil produced,"1,000 pounds",2022-07,454137.0
North and East,Crude oil produced,"1,000 pounds",2022-08,435983.0
North and East,Crude oil produced,"1,000 pounds",2022-09,467892.0
North and East,Crude oil produced,"1,000 pounds",2022-10,520536.0
North and East,Crude oil produced,"1,000 pounds",2022-11,483583.0
North and East,Crude oil produced,"1,000 pounds",2022-12,492431.0
North and East,Crude oil produced,"1,000 pounds",2023-01,518767.0
North and East,Crude oil produced,"1,000 pounds",2023-02,470795.0
North and East,Crude oil produced,"1,000 pounds",2023-03,510961.0
North and East,Crude oil produced,"1,000 pounds",2023-04,524651.0
North and East,Crude oil produced,"1,000 pounds",2023-05,505329.0
North and East,Crude oil produced,"1,000 pounds",2023-06,452665.0
North and East,Crude oil produced,"1,000 pounds",2023-07,497317.0
North and East,Crude oil produced,"1,000 pounds",2023-08,427894.0
North and East,Crude oil produced,"1,000 pounds",2023-09,462445.0
North and East,Crude oil produced,"1,000 pounds",2023-10,536926.0
North and East,Crude oil produced,"1,000 pounds",2023-11,522832.0
North and East,Crude oil produced,"1,000 pounds",2023-12,536517.0
North and East,Crude oil produced,"1,000 pounds",2024-01,529565.0
North and East,Crude oil produced,"1,000 pounds",2024-02,498259.0
North and East,Crude oil produced,"1,000 pounds",2024-03,545415.0
North and East,Crude oil produced,"1,000 pounds",2024-04,499100.0
North and East,Crude oil produced,"1,000 pounds",2024-05,533634.0
North and East,Crude oil produced,"1,000 pounds",2024-06,498983.0
North and East,Crude oil produced,"1,000 pounds",2024-07,512977.0
North and East,Crude oil produced,"1,000 pounds",2024-08,404300.0
North and East,Crude oil produced,"1,000 pounds",2024-09,522920.0
North and East,Crude oil produced,"1,000 pounds",2024-10,567023.0
North and East,Crude oil produced,"1,000 pounds",2024-11,553734.0
North and East,Crude oil produced,"1,000 pounds",2024-12,536191.0
North and East,Crude oil produced,"1,000 pounds",2025-01,560000.0
North and East,Crude oil produced,"1,000 pounds",2025-02,493816.0
North and East,Crude oil produced,"1,000 pounds",2025-03,526294.0
North and East,Crude oil produced,"1,000 pounds",2025-04,536632.0
North and East,Crude oil produced,"1,000 pounds",2025-05,527837.0
North and East,Crude oil produced,"1,000 pounds",2025-06,497841.0
North and East,Crude oil produced,"1,000 pounds",2025-07,518314.0
North and East,Crude oil produced,"1,000 pounds",2025-08,503323.0
North and East,Crude oil produced,"1,000 pounds",2025-09,508741.0
North and East,Crude oil produced,"1,000 pounds",2025-10,571787.0
North and East,Crude oil produced,"1,000 pounds",2025-11,530300.0
North and East,Crude oil produced,"1,000 pounds",2025-12,562062.0
North and East,Crude oil produced,"1,000 pounds",2026-01,563760.0
North and East,Crude oil produced,"1,000 pounds",2026-02,517492.0
North and East,Crude oil produced,"1,000 pounds",2026-03,554516.0
North and East,Crude oil produced,"1,000 pounds",2026-04,550602.0
North and East,Crude oil produced,"1,000 pounds",2026-05,523566.0
North and East,Crude oil produced,"1,000 pounds",2026-06,526997.0
North and East,Crude oil produced,"1,000 pounds",2026-07,542374.0
North and East,Crude oil produced,"1,000 pounds",2026-08,443550.0
North and East,Crude oil stocks at crusher,"1,000 pounds",2015-05,233055.0
North and East,Crude oil stocks at crusher,"1,000 pounds",2015-06,210258.0
North and East,Crude oil stocks at crusher,"1,000 pounds",2015-07,193378.0
North and East,Crude oil stocks at crusher,"1,000 pounds",2015-08,161482.0
North and East,Crude oil stocks at crusher,"1,000 pounds",2015-09,175137.0
North and East,Crude oil stocks at crusher,"1,000 pounds",2015-10,232422.0
North and East,Crude oil stocks at crusher,"1,000 pounds",2015-11,203856.0
North and East,Crude oil stocks at crusher,"1,000 pounds",2015-12,198288.0
North and East,Crude oil stocks at crusher,"1,000 pounds",2016-01,226634.0
North and East,Crude oil stocks at crusher,"1,000 pounds",2016-02,268007.0
North and East,Crude oil stocks at crusher,"1,000 pounds",2016-03,252746.0
North and East,Crude oil stocks at crusher,"1,000 pounds",2016-04,274473.0
North and East,Crude oil stocks at crusher,"1,000 pounds",2016-05,287145.0
North and East,Crude oil stocks at crusher,"1,000 pounds",2016-06,298731.0
North and East,Crude oil stocks at crusher,"1,000 pounds",2016-07,243729.0
North and East,Crude oil stocks at crusher,"1,000 pounds",2016-08,184115.0
North and East,Crude oil stocks at crusher,"1,000 pounds",2016-09,155045.0
North and East,Crude oil stocks at crusher,"1,000 pounds",2016-10,123690.0
North and East,Crude oil stocks at crusher,"1,000 pounds",2016-11,136874.0
North and East,Crude oil stocks at crusher,"1,000 pounds",2016-12,117929.0
North and East,Crude oil stocks at crusher,"1,000 pounds",2017-01,169843.0
North and East,Crude oil stocks at crusher,"1,000 pounds",2017-02,208509.0
North and East,Crude oil stocks at crusher,"1,000 pounds",2017-03,216093.0
North and East,Crude oil stocks at crusher,"1,000 pounds",2017-04,201587.0
North and East,Crude oil stocks at crusher,"1,000 pounds",2017-05,225011.0
North and East,Crude oil stocks at crusher,"1,000 pounds",2017-06,144714.0
North and East,Crude oil stocks at crusher,"1,000 pounds",2017-07,135408.0
North and East,Crude oil stocks at crusher,"1,000 pounds",2017-08,123299.0
North and East,Crude oil stocks at crusher,"1,000 pounds",2017-09,157799.0
North and East,Crude oil stocks at crusher,"1,000 pounds",2017-10,155710.0
North and East,Crude oil stocks at crusher,"1,000 pounds",2017-11,203449.0
North and East,Crude oil stocks at crusher,"1,000 pounds",2017-12,209925.0
North and East,Crude oil stocks at crusher,"1,000 pounds",2018-01,204009.0
North and East,Crude oil stocks at crusher,"1,000 pounds",2018-02,207498.0
North and East,Crude oil stocks at crusher,"1,000 pounds",2018-03,237509.0
North and East,Crude oil stocks at crusher,"1,000 pounds",2018-04,256429.0
North and East,Crude oil stocks at crusher,"1,000 pounds",2018-05,200790.0
North and East,Crude oil stocks at crusher,"1,000 pounds",2018-06,209529.0
North and East,Crude oil stocks at crusher,"1,000 pounds",2018-07,170560.0
North and East,Crude oil stocks at crusher,"1,000 pounds",2018-08,155776.0
North and East,Crude oil stocks at crusher,"1,000 pounds",2018-09,147769.0
North and East,Crude oil stocks at crusher,"1,000 pounds",2018-10,156059.0
North and East,Crude oil stocks at crusher,"1,000 pounds",2018-11,168147.0
North and East,Crude oil stocks at crusher,"1,000 pounds",2018-12,188844.0
North and East,Crude oil stocks at crusher,"1,000 pounds",2019-01,199748.0
North and East,Crude oil stocks at crusher,"1,000 pounds",2019-02,217638.0
North and East,Crude oil stocks at crusher,"1,000 pounds",2019-03,218384.0
North and East,Crude oil stocks at crusher,"1,000 pounds",2019-04,207466.0
North and East,Crude oil stocks at crusher,"1,000 pounds",2019-05,177673.0
North and East,Crude oil stocks at crusher,"1,000 pounds",2019-06,189761.0
North and East,Crude oil stocks at crusher,"1,000 pounds",2019-07,199453.0
North and East,Crude oil stocks at crusher,"1,000 pounds",2019-08,167717.0
North and East,Crude oil stocks at crusher,"1,000 pounds",2019-09,168120.0
North and East,Crude oil stocks at crusher,"1,000 pounds",2019-10,181614.0
North and East,Crude oil stocks at crusher,"1,000 pounds",2019-11,193446.0
North and East,Crude oil stocks at crusher,"1,000 pounds",2019-12,224720.0
North and East,Crude oil stocks at crusher,"1,000 pounds",2020-01,202076.0
North and East,Crude oil stocks at crusher,"1,000 pounds",2020-02,202995.0
North and East,Crude oil stocks at crusher,"1,000 pounds",2020-03,189326.0
North and East,Crude oil stocks at crusher,"1,000 pounds",2020-04,197397.0
North and East,Crude oil stocks at crusher,"1,000 pounds",2020-05,221161.0
North and East,Crude oil stocks at crusher,"1,000 pounds",2020-06,191839.0
North and East,Crude oil stocks at crusher,"1,000 pounds",2020-07,164513.0
North and East,Crude oil stocks at crusher,"1,000 pounds",2020-08,151241.0
North and East,Crude oil stocks at crusher,"1,000 pounds",2020-09,128751.0
North and East,Crude oil stocks at crusher,"1,000 pounds",2020-10,155644.0
North and East,Crude oil stocks at crusher,"1,000 pounds",2020-11,169071.0
North and East,Crude oil stocks at crusher,"1,000 pounds",2020-12,191111.0
North and East,Crude oil stocks at crusher,"1,000 pounds",2021-01,211885.0
North and East,Crude oil stocks at crusher,"1,000 pounds",2021-02,206603.0
North and East,Crude oil stocks at crusher,"1,000 pounds",2021-03,186154.0
North and East,Crude oil stocks at crusher,"1,000 pounds",2021-04,210365.0
North and East,Crude oil stocks at crusher,"1,000 pounds",2021-05,216426.0
North and East,Crude oil stocks at crusher,"1,000 pounds",2021-06,184364.0
North and East,Crude oil stocks at crusher,"1,000 pounds",2021-07,197277.0
North and East,Crude oil stocks at crusher,"1,000 pounds",2021-08,211380.0
North and East,Crude oil stocks at crusher,"1,000 pounds",2021-09,241363.0
North and East,Crude oil stocks at crusher,"1,000 pounds",2021-10,296888.0
North and East,Crude oil stocks at crusher,"1,000 pounds",2021-11,257434.0
North and East,Crude oil stocks at crusher,"1,000 pounds",2021-12,276807.0
North and East,Crude oil stocks at crusher,"1,000 pounds",2022-01,238844.0
North and East,Crude oil stocks at crusher,"1,000 pounds",2022-02,237210.0
North and East,Crude oil stocks at crusher,"1,000 pounds",2022-03,209325.0
North and East,Crude oil stocks at crusher,"1,000 pounds",2022-04,192298.0
North and East,Crude oil stocks at crusher,"1,000 pounds",2022-05,217719.0
North and East,Crude oil stocks at crusher,"1,000 pounds",2022-06,183835.0
North and East,Crude oil stocks at crusher,"1,000 pounds",2022-07,166739.0
North and East,Crude oil stocks at crusher,"1,000 pounds",2022-08,140669.0
North and East,Crude oil stocks at crusher,"1,000 pounds",2022-09,125113.0
North and East,Crude oil stocks at crusher,"1,000 pounds",2022-10,134813.0
North and East,Crude oil stocks at crusher,"1,000 pounds",2022-11,161899.0
North and East,Crude oil stocks at crusher,"1,000 pounds",2022-12,196326.0
North and East,Crude oil stocks at crusher,"1,000 pounds",2023-01,224012.0
North and East,Crude oil stocks at crusher,"1,000 pounds",2023-02,234704.0
North and East,Crude oil stocks at crusher,"1,000 pounds",2023-03,229345.0
North and East,Crude oil stocks at crusher,"1,000 pounds",2023-04,255806.0
North and East,Crude oil stocks at crusher,"1,000 pounds",2023-05,243405.0
North and East,Crude oil stocks at crusher,"1,000 pounds",2023-06,228647.0
North and East,Crude oil stocks at crusher,"1,000 pounds",2023-07,224465.0
North and East,Crude oil stocks at crusher,"1,000 pounds",2023-08,202148.0
North and East,Crude oil stocks at crusher,"1,000 pounds",2023-09,194304.0
North and East,Crude oil stocks at crusher,"1,000 pounds",2023-10,188327.0
North and East,Crude oil stocks at crusher,"1,000 pounds",2023-11,224524.0
North and East,Crude oil stocks at crusher,"1,000 pounds",2023-12,253602.0
North and East,Crude oil stocks at crusher,"1,000 pounds",2024-01,254571.0
North and East,Crude oil stocks at crusher,"1,000 pounds",2024-02,267062.0
North and East,Crude oil stocks at crusher,"1,000 pounds",2024-03,281879.0
North and East,Crude oil stocks at crusher,"1,000 pounds",2024-04,271242.0
North and East,Crude oil stocks at crusher,"1,000 pounds",2024-05,265951.0
North and East,Crude oil stocks at crusher,"1,000 pounds",2024-06,268231.0
North and East,Crude oil stocks at crusher,"1,000 pounds",2024-07,220815.0
North and East,Crude oil stocks at crusher,"1,000 pounds",2024-08,172134.0
North and East,Crude oil stocks at crusher,"1,000 pounds",2024-09,214911.0
North and East,Crude oil stocks at crusher,"1,000 pounds",2024-10,215236.0
North and East,Crude oil stocks at crusher,"1,000 pounds",2024-11,222999.0
North and East,Crude oil stocks at crusher,"1,000 pounds",2024-12,211294.0
North and East,Crude oil stocks at crusher,"1,000 pounds",2025-01,218018.0
North and East,Crude oil stocks at crusher,"1,000 pounds",2025-02,221495.0
North and East,Crude oil stocks at crusher,"1,000 pounds",2025-03,204452.0
North and East,Crude oil stocks at crusher,"1,000 pounds",2025-04,224263.0
North and East,Crude oil stocks at crusher,"1,000 pounds",2025-05,191071.0
North and East,Crude oil stocks at crusher,"1,000 pounds",2025-06,196214.0
North and East,Crude oil stocks at crusher,"1,000 pounds",2025-07,197658.0
North and East,Crude oil stocks at crusher,"1,000 pounds",2025-08,168030.0
North and East,Crude oil stocks at crusher,"1,000 pounds",2025-09,169724.0
North and East,Crude oil stocks at crusher,"1,000 pounds",2025-10,178064.0
North and East,Crude oil stocks at crusher,"1,000 pounds",2025-11,237004.0
North and East,Crude oil stocks at crusher,"1,000 pounds",2025-12,274646.0
North and East,Crude oil stocks at crusher,"1,000 pounds",2026-01,320887.0
North and East,Crude oil stocks at crusher,"1,000 pounds",2026-02,384471.0
North and East,Crude oil stocks at crusher,"1,000 pounds",2026-03,371931.0
North and East,Crude oil stocks at crusher,"1,000 pounds",2026-04,409470.0
North and East,Crude oil stocks at crusher,"1,000 pounds",2026-05,405352.0
North and East,Crude oil stocks at crusher,"1,000 pounds",2026-06,338915.0
North and East,Crude oil stocks at crusher,"1,000 pounds",2026-07,301418.0
North and East,Crude oil stocks at crusher,"1,000 pounds",2026-08,224377.0
North and East,Soybeans crushed,tons,2015-05,1122112.0
North and East,Soybeans crushed,tons,2015-06,1069307.0
North and East,Soybeans crushed,tons,2015-07,1107382.0
North and East,Soybeans crushed,tons,2015-08,967985.0
North and East,Soybeans crushed,tons,2015-09,1016594.0
North and East,Soybeans crushed,tons,2015-10,1251197.0
North and East,Soybeans crushed,tons,2015-11,1186723.0
North and East,Soybeans crushed,tons,2015-12,1105040.0
North and East,Soybeans crushed,tons,2016-01,1119325.0
North and East,Soybeans crushed,tons,2016-02,1073727.0
North and East,Soybeans crushed,tons,2016-03,1114512.0
North and East,Soybeans crushed,tons,2016-04,1082465.0
North and East,Soybeans crushed,tons,2016-05,1098826.0
North and East,Soybeans crushed,tons,2016-06,1077584.0
North and East,Soybeans crushed,tons,2016-07,1050197.0
North and East,Soybeans crushed,tons,2016-08,897159.0
North and East,Soybeans crushed,tons,2016-09,985484.0
North and East,Soybeans crushed,tons,2016-10,1260422.0
North and East,Soybeans crushed,tons,2016-11,1177106.0
North and East,Soybeans crushed,tons,2016-12,1102200.0
North and East,Soybeans crushed,tons,2017-01,1169152.0
North and East,Soybeans crushed,tons,2017-02,1012452.0
North and East,Soybeans crushed,tons,2017-03,1041351.0
North and East,Soybeans crushed,tons,2017-04,1034640.0
North and East,Soybeans crushed,tons,2017-05,1115453.0
North and East,Soybeans crushed,tons,2017-06,1042782.0
North and East,Soybeans crushed,tons,2017-07,1021984.0
North and East,Soybeans crushed,tons,2017-08,993459.0
North and East,Soybeans crushed,tons,2017-09,1046125.0
North and East,Soybeans crushed,tons,2017-10,1249228.0
North and East,Soybeans crushed,tons,2017-11,1185186.0
North and East,Soybeans crushed,tons,2017-12,1227815.0
North and East,Soybeans crushed,tons,2018-01,1199435.0
North and East,Soybeans crushed,tons,2018-02,1158157.0
North and East,Soybeans crushed,tons,2018-03,1263566.0
North and East,Soybeans crushed,tons,2018-04,1224411.0
North and East,Soybeans crushed,tons,2018-05,1214147.0
North and East,Soybeans crushed,tons,2018-06,1130569.0
North and East,Soybeans crushed,tons,2018-07,1298210.0
North and East,Soybeans crushed,tons,2018-08,1088537.0
North and East,Soybeans crushed,tons,2018-09,1205334.0
North and East,Soybeans crushed,tons,2018-10,1344400.0
North and East,Soybeans crushed,tons,2018-11,1233200.0
North and East,Soybeans crushed,tons,2018-12,1279947.0
North and East,Soybeans crushed,tons,2019-01,1294880.0
North and East,Soybeans crushed,tons,2019-02,1162486.0
North and East,Soybeans crushed,tons,2019-03,1294358.0
North and East,Soybeans crushed,tons,2019-04,1201783.0
North and East,Soybeans crushed,tons,2019-05,1160768.0
North and East,Soybeans crushed,tons,2019-06,1212672.0
North and East,Soybeans crushed,tons,2019-07,1266215.0
North and East,Soybeans crushed,tons,2019-08,1237662.0
North and East,Soybeans crushed,tons,2019-09,1226240.0
North and East,Soybeans crushed,tons,2019-10,1339397.0
North and East,Soybeans crushed,tons,2019-11,1227011.0
North and East,Soybeans crushed,tons,2019-12,1303311.0
North and East,Soybeans crushed,tons,2020-01,1331469.0
North and East,Soybeans crushed,tons,2020-02,1219111.0
North and East,Soybeans crushed,tons,2020-03,1315398.0
North and East,Soybeans crushed,tons,2020-04,1277645.0
North and East,Soybeans crushed,tons,2020-05,1242434.0
North and East,Soybeans crushed,tons,2020-06,1174651.0
North and East,Soybeans crushed,tons,2020-07,1218596.0
North and East,Soybeans crushed,tons,2020-08,1136320.0
North and East,Soybeans crushed,tons,2020-09,1197052.0
North and East,Soybeans crushed,tons,2020-10,1353433.0
North and East,Soybeans crushed,tons,2020-11,1258202.0
North and East,Soybeans crushed,tons,2020-12,1286949.0
North and East,Soybeans crushed,tons,2021-01,1317875.0
North and East,Soybeans crushed,tons,2021-02,1148657.0
North and East,Soybeans crushed,tons,2021-03,1249030.0
North and East,Soybeans crushed,tons,2021-04,1181213.0
North and East,Soybeans crushed,tons,2021-05,1140335.0
North and East,Soybeans crushed,tons,2021-06,1067029.0
North and East,Soybeans crushed,tons,2021-07,1075246.0
North and East,Soybeans crushed,tons,2021-08,1095494.0
North and East,Soybeans crushed,tons,2021-09,1181329.0
North and East,Soybeans crushed,tons,2021-10,1373563.0
North and East,Soybeans crushed,tons,2021-11,1284894.0
North and East,Soybeans crushed,tons,2021-12,1340409.0
North and East,Soybeans crushed,tons,2022-01,1353371.0
North and East,Soybeans crushed,tons,2022-02,1175071.0
North and East,Soybeans crushed,tons,2022-03,1307652.0
North and East,Soybeans crushed,tons,2022-04,1298834.0
North and East,Soybeans crushed,tons,2022-05,1132823.0
North and East,Soybeans crushed,tons,2022-06,1177246.0
North and East,Soybeans crushed,tons,2022-07,1158212.0
North and East,Soybeans crushed,tons,2022-08,1103922.0
North and East,Soybeans crushed,tons,2022-09,1184202.0
North and East,Soybeans crushed,tons,2022-10,1344275.0
North and East,Soybeans crushed,tons,2022-11,1271546.0
North and East,Soybeans crushed,tons,2022-12,1283246.0
North and East,Soybeans crushed,tons,2023-01,1340192.0
North and East,Soybeans crushed,tons,2023-02,1214284.0
North and East,Soybeans crushed,tons,2023-03,1325535.0
North and East,Soybeans crushed,tons,2023-04,1336471.0
North and East,Soybeans crushed,tons,2023-05,1283471.0
North and East,Soybeans crushed,tons,2023-06,1143567.0
North and East,Soybeans crushed,tons,2023-07,1281129.0
North and East,Soybeans crushed,tons,2023-08,1087196.0
North and East,Soybeans crushed,tons,2023-09,1170105.0
North and East,Soybeans crushed,tons,2023-10,1378347.0
North and East,Soybeans crushed,tons,2023-11,1367655.0
North and East,Soybeans crushed,tons,2023-12,1399920.0
North and East,Soybeans crushed,tons,2024-01,1355219.0
North and East,Soybeans crushed,tons,2024-02,1290057.0
North and East,Soybeans crushed,tons,2024-03,1403497.0
North and East,Soybeans crushed,tons,2024-04,1261496.0
North and East,Soybeans crushed,tons,2024-05,1362485.0
North and East,Soybeans crushed,tons,2024-06,1264323.0
North and East,Soybeans crushed,tons,2024-07,1313013.0
North and East,Soybeans crushed,tons,2024-08,1043663.0
North and East,Soybeans crushed,tons,2024-09,1333691.0
North and East,Soybeans crushed,tons,2024-10,1466606.0
North and East,Soybeans crushed,tons,2024-11,1405284.0
North and East,Soybeans crushed,tons,2024-12,1380543.0
North and East,Soybeans crushed,tons,2025-01,1412991.0
North and East,Soybeans crushed,tons,2025-02,1272385.0
North and East,Soybeans crushed,tons,2025-03,1333008.0
North and East,Soybeans crushed,tons,2025-04,1351860.0
North and East,Soybeans crushed,tons,2025-05,1334313.0
North and East,Soybeans crushed,tons,2025-06,1262026.0
North and East,Soybeans crushed,tons,2025-07,1311070.0
North and East,Soybeans crushed,tons,2025-08,1278841.0
North and East,Soybeans crushed,tons,2025-09,1283828.0
North and East,Soybeans crushed,tons,2025-10,1492095.0
North and East,Soybeans crushed,tons,2025-11,1390994.0
North and East,Soybeans crushed,tons,2025-12,1446281.0
North and East,Soybeans crushed,tons,2026-01,1478648.0
North and East,Soybeans crushed,tons,2026-02,1350844.0
North and East,Soybeans crushed,tons,2026-03,1437863.0
North and East,Soybeans crushed,tons,2026-04,1421599.0
North and East,Soybeans crushed,tons,2026-05,1377325.0
North and East,Soybeans crushed,tons,2026-06,1371961.0
North and East,Soybeans crushed,tons,2026-07,1390420.0
North and East,Soybeans crushed,tons,2026-08,1139673.0
"South, West and Pacific",Cake and meal produced,tons,2015-05,458922.0
"South, West and Pacific",Cake and meal produced,tons,2015-06,405561.0
"South, West and Pacific",Cake and meal produced,tons,2015-07,445672.0
"South, West and Pacific",Cake and meal produced,tons,2015-08,390476.0
"South, West and Pacific",Cake and meal produced,tons,2015-09,366874.0
"South, West and Pacific",Cake and meal produced,tons,2015-10,477898.0
"South, West and Pacific",Cake and meal produced,tons,2015-11,472620.0
"South, West and Pacific",Cake and meal produced,tons,2015-12,475881.0
"South, West and Pacific",Cake and meal produced,tons,2016-01,487459.0
"South, West and Pacific",Cake and meal produced,tons,2016-02,451372.0
"South, West and Pacific",Cake and meal produced,tons,2016-03,498229.0
"South, West and Pacific",Cake and meal produced,tons,2016-04,483795.0
"South, West and Pacific",Cake and meal produced,tons,2016-05,473892.0
"South, West and Pacific",Cake and meal produced,tons,2016-06,481283.0
"South, West and Pacific",Cake and meal produced,tons,2016-07,455490.0
"South, West and Pacific",Cake and meal produced,tons,2016-08,355686.0
"South, West and Pacific",Cake and meal produced,tons,2016-09,357654.0
"South, West and Pacific",Cake and meal produced,tons,2016-10,471436.0
"South, West and Pacific",Cake and meal produced,tons,2016-11,484419.0
"South, West and Pacific",Cake and meal produced,tons,2016-12,478293.0
"South, West and Pacific",Cake and meal produced,tons,2017-01,502314.0
"South, West and Pacific",Cake and meal produced,tons,2017-02,451358.0
"South, West and Pacific",Cake and meal produced,tons,2017-03,457981.0
"South, West and Pacific",Cake and meal produced,tons,2017-04,365106.0
"South, West and Pacific",Cake and meal produced,tons,2017-05,413623.0
"South, West and Pacific",Cake and meal produced,tons,2017-06,423696.0
"South, West and Pacific",Cake and meal produced,tons,2017-07,427193.0
"South, West and Pacific",Cake and meal produced,tons,2017-08,445349.0
"South, West and Pacific",Cake and meal produced,tons,2017-09,423283.0
"South, West and Pacific",Cake and meal produced,tons,2017-10,502119.0
"South, West and Pacific",Cake and meal produced,tons,2017-11,513025.0
"South, West and Pacific",Cake and meal produced,tons,2017-12,523477.0
"South, West and Pacific",Cake and meal produced,tons,2018-01,516908.0
"South, West and Pacific",Cake and meal produced,tons,2018-02,482197.0
"South, West and Pacific",Cake and meal produced,tons,2018-03,533275.0
"South, West and Pacific",Cake and meal produced,tons,2018-04,501127.0
"South, West and Pacific",Cake and meal produced,tons,2018-05,399668.0
"South, West and Pacific",Cake and meal produced,tons,2018-06,467505.0
"South, West and Pacific",Cake and meal produced,tons,2018-07,541487.0
"South, West and Pacific",Cake and meal produced,tons,2018-08,514631.0
"South, West and Pacific",Cake and meal produced,tons,2018-09,472394.0
"South, West and Pacific",Cake and meal produced,tons,2018-10,509322.0
"South, West and Pacific",Cake and meal produced,tons,2018-11,502185.0
"South, West and Pacific",Cake and meal produced,tons,2018-12,479883.0
"South, West and Pacific",Cake and meal produced,tons,2019-01,492970.0
"South, West and Pacific",Cake and meal produced,tons,2019-02,462724.0
"South, West and Pacific",Cake and meal produced,tons,2019-03,478007.0
"South, West and Pacific",Cake and meal produced,tons,2019-04,481344.0
"South, West and Pacific",Cake and meal produced,tons,2019-05,486253.0
"South, West and Pacific",Cake and meal produced,tons,2019-06,365783.0
"South, West and Pacific",Cake and meal produced,tons,2019-07,464539.0
"South, West and Pacific",Cake and meal produced,tons,2019-08,473265.0
"South, West and Pacific",Cake and meal produced,tons,2019-09,392077.0
"South, West and Pacific",Cake and meal produced,tons,2019-10,455123.0
"South, West and Pacific",Cake and meal produced,tons,2019-11,476279.0
"South, West and Pacific",Cake and meal produced,tons,2019-12,487156.0
"South, West and Pacific",Cake and meal produced,tons,2020-01,500257.0
"South, West and Pacific",Cake and meal produced,tons,2020-02,444767.0
"South, West and Pacific",Cake and meal produced,tons,2020-03,524541.0
"South, West and Pacific",Cake and meal produced,tons,2020-04,473168.0
"South, West and Pacific",Cake and meal produced,tons,2020-05,463113.0
"South, West and Pacific",Cake and meal produced,tons,2020-06,472294.0
"South, West and Pacific",Cake and meal produced,tons,2020-07,503026.0
"South, West and Pacific",Cake and meal produced,tons,2020-08,382736.0
"South, West and Pacific",Cake and meal produced,tons,2020-09,424571.0
"South, West and Pacific",Cake and meal produced,tons,2020-10,539615.0
"South, West and Pacific",Cake and meal produced,tons,2020-11,534223.0
"South, West and Pacific",Cake and meal produced,tons,2020-12,524963.0
"South, West and Pacific",Cake and meal produced,tons,2021-01,545471.0
"South, West and Pacific",Cake and meal produced,tons,2021-02,466874.0
"South, West and Pacific",Cake and meal produced,tons,2021-03,479929.0
"South, West and Pacific",Cake and meal produced,tons,2021-04,439037.0
"South, West and Pacific",Cake and meal produced,tons,2021-05,504547.0
"South, West and Pacific",Cake and meal produced,tons,2021-06,433016.0
"South, West and Pacific",Cake and meal produced,tons,2021-07,485512.0
"South, West and Pacific",Cake and meal produced,tons,2021-08,492360.0
"South, West and Pacific",Cake and meal produced,tons,2021-09,388317.0
"South, West and Pacific",Cake and meal produced,tons,2021-10,496628.0
"South, West and Pacific",Cake and meal produced,tons,2021-11,490266.0
"South, West and Pacific",Cake and meal produced,tons,2021-12,495221.0
"South, West and Pacific",Cake and meal produced,tons,2022-01,509587.0
"South, West and Pacific",Cake and meal produced,tons,2022-02,460444.0
"South, West and Pacific",Cake and meal produced,tons,2022-03,491191.0
"South, West and Pacific",Cake and meal produced,tons,2022-04,424226.0
"South, West and Pacific",Cake and meal produced,tons,2022-05,474540.0
"South, West and Pacific",Cake and meal produced,tons,2022-06,403849.0
"South, West and Pacific",Cake and meal produced,tons,2022-07,489278.0
"South, West and Pacific",Cake and meal produced,tons,2022-08,474613.0
"South, West and Pacific",Cake and meal produced,tons,2022-09,449121.0
"South, West and Pacific",Cake and meal produced,tons,2022-10,495268.0
"South, West and Pacific",Cake and meal produced,tons,2022-11,500100.0
"South, West and Pacific",Cake and meal produced,tons,2022-12,453644.0
"South, West and Pacific",Cake and meal produced,tons,2023-01,503495.0
"South, West and Pacific",Cake and meal produced,tons,2023-02,448156.0
"South, West and Pacific",Cake and meal produced,tons,2023-03,498227.0
"South, West and Pacific",Cake and meal produced,tons,2023-04,470661.0
"South, West and Pacific",Cake and meal produced,tons,2023-05,475367.0
"South, West and Pacific",Cake and meal produced,tons,2023-06,432987.0
"South, West and Pacific",Cake and meal produced,tons,2023-07,415020.0
"South, West and Pacific",Cake and meal produced,tons,2023-08,474345.0
"South, West and Pacific",Cake and meal produced,tons,2023-09,451730.0
"South, West and Pacific",Cake and meal produced,tons,2023-10,517400.0
"South, West and Pacific",Cake and meal produced,tons,2023-11,515702.0
"South, West and Pacific",Cake and meal produced,tons,2023-12,532512.0
"South, West and Pacific",Cake and meal produced,tons,2024-01,505958.0
"South, West and Pacific",Cake and meal produced,tons,2024-02,495158.0
"South, West and Pacific",Cake and meal produced,tons,2024-03,506447.0
"South, West and Pacific",Cake and meal produced,tons,2024-04,463599.0
"South, West and Pacific",Cake and meal produced,tons,2024-05,448374.0
"South, West and Pacific",Cake and meal produced,tons,2024-06,490694.0
"South, West and Pacific",Cake and meal produced,tons,2024-07,474613.0
"South, West and Pacific",Cake and meal produced,tons,2024-08,447325.0
"South, West and Pacific",Cake and meal produced,tons,2024-09,436789.0
"South, West and Pacific",Cake and meal produced,tons,2024-10,478565.0
"South, West and Pacific",Cake and meal produced,tons,2024-11,481542.0
"South, West and Pacific",Cake and meal produced,tons,2024-12,490335.0
"South, West and Pacific",Cake and meal produced,tons,2025-01,466044.0
"South, West and Pacific",Cake and meal produced,tons,2025-02,391371.0
"South, West and Pacific",Cake and meal produced,tons,2025-03,436533.0
"South, West and Pacific",Cake and meal produced,tons,2025-04,468151.0
"South, West and Pacific",Cake and meal produced,tons,2025-05,394886.0
"South, West and Pacific",Cake and meal produced,tons,2025-06,363574.0
"South, West and Pacific",Cake and meal produced,tons,2025-07,369342.0
"South, West and Pacific",Cake and meal produced,tons,2025-08,389523.0
"South, West and Pacific",Cake and meal produced,tons,2025-09,457117.0
"South, West and Pacific",Cake and meal produced,tons,2025-10,497199.0
"South, West and Pacific",Cake and meal produced,tons,2025-11,492038.0
"South, West and Pacific",Cake and meal produced,tons,2025-12,494385.0
"South, West and Pacific",Cake and meal produced,tons,2026-01,496009.0
"South, West and Pacific",Cake and meal produced,tons,2026-02,438174.0
"South, West and Pacific",Cake and meal produced,tons,2026-03,497823.0
"South, West and Pacific",Cake and meal produced,tons,2026-04,468937.0
"South, West and Pacific",Cake and meal produced,tons,2026-05,409215.0
"South, West and Pacific",Cake and meal produced,tons,2026-06,390161.0
"South, West and Pacific",Cake and meal produced,tons,2026-07,407941.0
"South, West and Pacific",Cake and meal produced,tons,2026-08,497802.0
"South, West and Pacific",Cake and meal stocks,tons,2015-05,50768.0
"South, West and Pacific",Cake and meal stocks,tons,2015-06,53669.0
"South, West and Pacific",Cake and meal stocks,tons,2015-07,45137.0
"South, West and Pacific",Cake and meal stocks,tons,2015-08,42426.0
"South, West and Pacific",Cake and meal stocks,tons,2015-09,38902.0
"South, West and Pacific",Cake and meal stocks,tons,2015-10,66479.0
"South, West and Pacific",Cake and meal stocks,tons,2015-11,65399.0
"South, West and Pacific",Cake and meal stocks,tons,2015-12,35663.0
"South, West and Pacific",Cake and meal stocks,tons,2016-01,39001.0
"South, West and Pacific",Cake and meal stocks,tons,2016-02,30537.0
"South, West and Pacific",Cake and meal stocks,tons,2016-03,71019.0
"South, West and Pacific",Cake and meal stocks,tons,2016-04,58201.0
"South, West and Pacific",Cake and meal stocks,tons,2016-05,41857.0
"South, West and Pacific",Cake and meal stocks,tons,2016-06,32574.0
"South, West and Pacific",Cake and meal stocks,tons,2016-07,71236.0
"South, West and Pacific",Cake and meal stocks,tons,2016-08,46089.0
"South, West and Pacific",Cake and meal stocks,tons,2016-09,35939.0
"South, West and Pacific",Cake and meal stocks,tons,2016-10,51815.0
"South, West and Pacific",Cake and meal stocks,tons,2016-11,50394.0
"South, West and Pacific",Cake and meal stocks,tons,2016-12,65333.0
"South, West and Pacific",Cake and meal stocks,tons,2017-01,70271.0
"South, West and Pacific",Cake and meal stocks,tons,2017-02,63642.0
"South, West and Pacific",Cake and meal stocks,tons,2017-03,74213.0
"South, West and Pacific",Cake and meal stocks,tons,2017-04,51922.0
"South, West and Pacific",Cake and meal stocks,tons,2017-05,78370.0
"South, West and Pacific",Cake and meal stocks,tons,2017-06,92363.0
"South, West and Pacific",Cake and meal stocks,tons,2017-07,94250.0
"South, West and Pacific",Cake and meal stocks,tons,2017-08,48451.0
"South, West and Pacific",Cake and meal stocks,tons,2017-09,75278.0
"South, West and Pacific",Cake and meal stocks,tons,2017-10,61400.0
"South, West and Pacific",Cake and meal stocks,tons,2017-11,74789.0
"South, West and Pacific",Cake and meal stocks,tons,2017-12,86169.0
"South, West and Pacific",Cake and meal stocks,tons,2018-01,57014.0
"South, West and Pacific",Cake and meal stocks,tons,2018-02,81746.0
"South, West and Pacific",Cake and meal stocks,tons,2018-03,75071.0
"South, West and Pacific",Cake and meal stocks,tons,2018-04,68616.0
"South, West and Pacific",Cake and meal stocks,tons,2018-05,38657.0
"South, West and Pacific",Cake and meal stocks,tons,2018-06,46891.0
"South, West and Pacific",Cake and meal stocks,tons,2018-07,61943.0
"South, West and Pacific",Cake and meal stocks,tons,2018-08,67240.0
"South, West and Pacific",Cake and meal stocks,tons,2018-09,75601.0
"South, West and Pacific",Cake and meal stocks,tons,2018-10,53801.0
"South, West and Pacific",Cake and meal stocks,tons,2018-11,57368.0
"South, West and Pacific",Cake and meal stocks,tons,2018-12,74585.0
"South, West and Pacific",Cake and meal stocks,tons,2019-01,52825.0
"South, West and Pacific",Cake and meal stocks,tons,2019-02,42847.0
"South, West and Pacific",Cake and meal stocks,tons,2019-03,69224.0
"South, West and Pacific",Cake and meal stocks,tons,2019-05,25721.0
"South, West and Pacific",Cake and meal stocks,tons,2019-06,31480.0
"South, West and Pacific",Cake and meal stocks,tons,2019-07,48088.0
"South, West and Pacific",Cake and meal stocks,tons,2019-08,52002.0
"South, West and Pacific",Cake and meal stocks,tons,2019-09,49050.0
"South, West and Pacific",Cake and meal stocks,tons,2019-10,47497.0
"South, West and Pacific",Cake and meal stocks,tons,2019-11,70733.0
"South, West and Pacific",Cake and meal stocks,tons,2019-12,61569.0
"South, West and Pacific",Cake and meal stocks,tons,2020-02,32756.0
"South, West and Pacific",Cake and meal stocks,tons,2020-03,39831.0
"South, West and Pacific",Cake and meal stocks,tons,2020-07,78073.0
"South, West and Pacific",Cake and meal stocks,tons,2020-08,34550.0
"South, West and Pacific",Cake and meal stocks,tons,2020-09,20300.0
"South, West and Pacific",Cake and meal stocks,tons,2020-11,59920.0
"South, West and Pacific",Cake and meal stocks,tons,2020-12,21579.0
"South, West and Pacific",Cake and meal stocks,tons,2021-01,64494.0
"South, West and Pacific",Cake and meal stocks,tons,2021-02,46045.0
"South, West and Pacific",Cake and meal stocks,tons,2021-03,18042.0
"South, West and Pacific",Cake and meal stocks,tons,2021-04,43069.0
"South, West and Pacific",Cake and meal stocks,tons,2021-05,89508.0
"South, West and Pacific",Cake and meal stocks,tons,2021-06,40902.0
"South, West and Pacific",Cake and meal stocks,tons,2021-07,44885.0
"South, West and Pacific",Cake and meal stocks,tons,2021-08,43427.0
"South, West and Pacific",Cake and meal stocks,tons,2021-09,37665.0
"South, West and Pacific",Cake and meal stocks,tons,2021-10,43189.0
"South, West and Pacific",Cake and meal stocks,tons,2021-11,25209.0
"South, West and Pacific",Cake and meal stocks,tons,2021-12,31308.0
"South, West and Pacific",Cake and meal stocks,tons,2022-01,62377.0
"South, West and Pacific",Cake and meal stocks,tons,2022-02,52807.0
"South, West and Pacific",Cake and meal stocks,tons,2022-03,55829.0
"South, West and Pacific",Cake and meal stocks,tons,2022-04,73729.0
"South, West and Pacific",Cake and meal stocks,tons,2022-05,62523.0
"South, West and Pacific",Cake and meal stocks,tons,2022-06,18775.0
"South, West and Pacific",Cake and meal stocks,tons,2022-07,65054.0
"South, West and Pacific",Cake and meal stocks,tons,2022-08,42799.0
"South, West and Pacific",Cake and meal stocks,tons,2022-09,39187.0
"South, West and Pacific",Cake and meal stocks,tons,2022-10,45918.0
"South, West and Pacific",Cake and meal stocks,tons,2022-11,33775.0
"South, West and Pacific",Cake and meal stocks,tons,2022-12,45452.0
"South, West and Pacific",Cake and meal stocks,tons,2023-02,34027.0
"South, West and Pacific",Cake and meal stocks,tons,2023-03,35429.0
"South, West and Pacific",Cake and meal stocks,tons,2023-04,51147.0
"South, West and Pacific",Cake and meal stocks,tons,2023-05,33417.0
"South, West and Pacific",Cake and meal stocks,tons,2023-07,58761.0
"South, West and Pacific",Cake and meal stocks,tons,2023-08,35776.0
"South, West and Pacific",Cake and meal stocks,tons,2023-09,56154.0
"South, West and Pacific",Cake and meal stocks,tons,2023-10,27207.0
"South, West and Pacific",Cake and meal stocks,tons,2023-11,22223.0
"South, West and Pacific",Cake and meal stocks,tons,2023-12,57750.0
"South, West and Pacific",Cake and meal stocks,tons,2024-01,14595.0
"South, West and Pacific",Cake and meal stocks,tons,2024-02,22014.0
"South, West and Pacific",Cake and meal stocks,tons,2024-03,64976.0
"South, West and Pacific",Cake and meal stocks,tons,2024-04,25023.0
"South, West and Pacific",Cake and meal stocks,tons,2024-05,25789.0
"South, West and Pacific",Cake and meal stocks,tons,2024-06,85437.0
"South, West and Pacific",Cake and meal stocks,tons,2024-07,45343.0
"South, West and Pacific",Cake and meal stocks,tons,2024-08,48712.0
"South, West and Pacific",Cake and meal stocks,tons,2024-09,60867.0
"South, West and Pacific",Cake and meal stocks,tons,2024-10,39051.0
"South, West and Pacific",Cake and meal stocks,tons,2024-11,47242.0
"South, West and Pacific",Cake and meal stocks,tons,2024-12,39407.0
"South, West and Pacific",Cake and meal stocks,tons,2025-01,29309.0
"South, West and Pacific",Cake and meal stocks,tons,2025-02,45159.0
"South, West and Pacific",Cake and meal stocks,tons,2025-03,32610.0
"South, West and Pacific",Cake and meal stocks,tons,2025-04,56496.0
"South, West and Pacific",Cake and meal stocks,tons,2025-05,55239.0
"South, West and Pacific",Cake and meal stocks,tons,2025-06,47663.0
"South, West and Pacific",Cake and meal stocks,tons,2025-08,59688.0
"South, West and Pacific",Cake and meal stocks,tons,2025-09,28668.0
"South, West and Pacific",Cake and meal stocks,tons,2025-10,28748.0
"South, West and Pacific",Cake and meal stocks,tons,2025-11,50862.0
"South, West and Pacific",Cake and meal stocks,tons,2025-12,42067.0
"South, West and Pacific",Cake and meal stocks,tons,2026-01,39980.0
"South, West and Pacific",Cake and meal stocks,tons,2026-02,37438.0
"South, West and Pacific",Cake and meal stocks,tons,2026-03,28039.0
"South, West and Pacific",Cake and meal stocks,tons,2026-04,38032.0
"South, West and Pacific",Cake and meal stocks,tons,2026-05,35561.0
"South, West and Pacific",Cake and meal stocks,tons,2026-06,58570.0
"South, West and Pacific",Cake and meal stocks,tons,2026-07,21097.0
"South, West and Pacific",Cake and meal stocks,tons,2026-08,51072.0
"South, West and Pacific",Crude oil produced,"1,000 pounds",2015-05,235004.0
"South, West and Pacific",Crude oil produced,"1,000 pounds",2015-06,207559.0
"South, West and Pacific",Crude oil produced,"1,000 pounds",2015-07,228211.0
"South, West and Pacific",Crude oil produced,"1,000 pounds",2015-08,200663.0
"South, West and Pacific",Crude oil produced,"1,000 pounds",2015-09,198914.0
"South, West and Pacific",Crude oil produced,"1,000 pounds",2015-10,255682.0
"South, West and Pacific",Crude oil produced,"1,000 pounds",2015-11,251126.0
"South, West and Pacific",Crude oil produced,"1,000 pounds",2015-12,252254.0
"South, West and Pacific",Crude oil produced,"1,000 pounds",2016-01,257934.0
"South, West and Pacific",Crude oil produced,"1,000 pounds",2016-02,238075.0
"South, West and Pacific",Crude oil produced,"1,000 pounds",2016-03,260381.0
"South, West and Pacific",Crude oil produced,"1,000 pounds",2016-04,254706.0
"South, West and Pacific",Crude oil produced,"1,000 pounds",2016-05,250780.0
"South, West and Pacific",Crude oil produced,"1,000 pounds",2016-06,251559.0
"South, West and Pacific",Crude oil produced,"1,000 pounds",2016-07,235240.0
"South, West and Pacific",Crude oil produced,"1,000 pounds",2016-08,188670.0
"South, West and Pacific",Crude oil produced,"1,000 pounds",2016-09,190805.0
"South, West and Pacific",Crude oil produced,"1,000 pounds",2016-10,252391.0
"South, West and Pacific",Crude oil produced,"1,000 pounds",2016-11,256795.0
"South, West and Pacific",Crude oil produced,"1,000 pounds",2016-12,255052.0
"South, West and Pacific",Crude oil produced,"1,000 pounds",2017-01,266156.0
"South, West and Pacific",Crude oil produced,"1,000 pounds",2017-02,241526.0
"South, West and Pacific",Crude oil produced,"1,000 pounds",2017-03,245290.0
"South, West and Pacific",Crude oil produced,"1,000 pounds",2017-04,194184.0
"South, West and Pacific",Crude oil produced,"1,000 pounds",2017-05,216981.0
"South, West and Pacific",Crude oil produced,"1,000 pounds",2017-06,223833.0
"South, West and Pacific",Crude oil produced,"1,000 pounds",2017-07,226519.0
"South, West and Pacific",Crude oil produced,"1,000 pounds",2017-08,239134.0
"South, West and Pacific",Crude oil produced,"1,000 pounds",2017-09,231191.0
"South, West and Pacific",Crude oil produced,"1,000 pounds",2017-10,268347.0
"South, West and Pacific",Crude oil produced,"1,000 pounds",2017-11,268217.0
"South, West and Pacific",Crude oil produced,"1,000 pounds",2017-12,271303.0
"South, West and Pacific",Crude oil produced,"1,000 pounds",2018-01,269726.0
"South, West and Pacific",Crude oil produced,"1,000 pounds",2018-02,252799.0
"South, West and Pacific",Crude oil produced,"1,000 pounds",2018-03,276443.0
"South, West and Pacific",Crude oil produced,"1,000 pounds",2018-04,260451.0
"South, West and Pacific",Crude oil produced,"1,000 pounds",2018-05,207778.0
"South, West and Pacific",Crude oil produced,"1,000 pounds",2018-06,242674.0
"South, West and Pacific",Crude oil produced,"1,000 pounds",2018-07,280812.0
"South, West and Pacific",Crude oil produced,"1,000 pounds",2018-08,266970.0
"South, West and Pacific",Crude oil produced,"1,000 pounds",2018-09,247861.0
"South, West and Pacific",Crude oil produced,"1,000 pounds",2018-10,276534.0
"South, West and Pacific",Crude oil produced,"1,000 pounds",2018-11,272838.0
"South, West and Pacific",Crude oil produced,"1,000 pounds",2018-12,260729.0
"South, West and Pacific",Crude oil produced,"1,000 pounds",2019-01,269221.0
"South, West and Pacific",Crude oil produced,"1,000 pounds",2019-02,250889.0
"South, West and Pacific",Crude oil produced,"1,000 pounds",2019-03,261026.0
"South, West and Pacific",Crude oil produced,"1,000 pounds",2019-04,258121.0
"South, West and Pacific",Crude oil produced,"1,000 pounds",2019-05,262632.0
"South, West and Pacific",Crude oil produced,"1,000 pounds",2019-06,197226.0
"South, West and Pacific",Crude oil produced,"1,000 pounds",2019-07,248741.0
"South, West and Pacific",Crude oil produced,"1,000 pounds",2019-08,255954.0
"South, West and Pacific",Crude oil produced,"1,000 pounds",2019-09,212573.0
"South, West and Pacific",Crude oil produced,"1,000 pounds",2019-10,242801.0
"South, West and Pacific",Crude oil produced,"1,000 pounds",2019-11,252658.0
"South, West and Pacific",Crude oil produced,"1,000 pounds",2019-12,260953.0
"South, West and Pacific",Crude oil produced,"1,000 pounds",2020-01,264035.0
"South, West and Pacific",Crude oil produced,"1,000 pounds",2020-02,234117.0
"South, West and Pacific",Crude oil produced,"1,000 pounds",2020-03,275266.0
"South, West and Pacific",Crude oil produced,"1,000 pounds",2020-04,250523.0
"South, West and Pacific",Crude oil produced,"1,000 pounds",2020-05,243751.0
"South, West and Pacific",Crude oil produced,"1,000 pounds",2020-06,249481.0
"South, West and Pacific",Crude oil produced,"1,000 pounds",2020-07,266757.0
"South, West and Pacific",Crude oil produced,"1,000 pounds",2020-08,202368.0
"South, West and Pacific",Crude oil produced,"1,000 pounds",2020-09,225880.0
"South, West and Pacific",Crude oil produced,"1,000 pounds",2020-10,287805.0
"South, West and Pacific",Crude oil produced,"1,000 pounds",2020-11,280184.0
"South, West and Pacific",Crude oil produced,"1,000 pounds",2020-12,272543.0
"South, West and Pacific",Crude oil produced,"1,000 pounds",2021-01,281129.0
"South, West and Pacific",Crude oil produced,"1,000 pounds",2021-02,240881.0
"South, West and Pacific",Crude oil produced,"1,000 pounds",2021-03,252520.0
"South, West and Pacific",Crude oil produced,"1,000 pounds",2021-04,230159.0
"South, West and Pacific",Crude oil produced,"1,000 pounds",2021-05,263865.0
"South, West and Pacific",Crude oil produced,"1,000 pounds",2021-06,230079.0
"South, West and Pacific",Crude oil produced,"1,000 pounds",2021-07,257470.0
"South, West and Pacific",Crude oil produced,"1,000 pounds",2021-08,261757.0
"South, West and Pacific",Crude oil produced,"1,000 pounds",2021-09,207227.0
"South, West and Pacific",Crude oil produced,"1,000 pounds",2021-10,274183.0
"South, West and Pacific",Crude oil produced,"1,000 pounds",2021-11,262298.0
"South, West and Pacific",Crude oil produced,"1,000 pounds",2021-12,266050.0
"South, West and Pacific",Crude oil produced,"1,000 pounds",2022-01,273533.0
"South, West and Pacific",Crude oil produced,"1,000 pounds",2022-02,248263.0
"South, West and Pacific",Crude oil produced,"1,000 pounds",2022-03,257838.0
"South, West and Pacific",Crude oil produced,"1,000 pounds",2022-04,224499.0
"South, West and Pacific",Crude oil produced,"1,000 pounds",2022-05,257538.0
"South, West and Pacific",Crude oil produced,"1,000 pounds",2022-06,213559.0
"South, West and Pacific",Crude oil produced,"1,000 pounds",2022-07,259827.0
"South, West and Pacific",Crude oil produced,"1,000 pounds",2022-08,255709.0
"South, West and Pacific",Crude oil produced,"1,000 pounds",2022-09,240616.0
"South, West and Pacific",Crude oil produced,"1,000 pounds",2022-10,264720.0
"South, West and Pacific",Crude oil produced,"1,000 pounds",2022-11,263355.0
"South, West and Pacific",Crude oil produced,"1,000 pounds",2022-12,228843.0
"South, West and Pacific",Crude oil produced,"1,000 pounds",2023-01,257998.0
"South, West and Pacific",Crude oil produced,"1,000 pounds",2023-02,234916.0
"South, West and Pacific",Crude oil produced,"1,000 pounds",2023-03,261056.0
"South, West and Pacific",Crude oil produced,"1,000 pounds",2023-04,244644.0
"South, West and Pacific",Crude oil produced,"1,000 pounds",2023-05,248459.0
"South, West and Pacific",Crude oil produced,"1,000 pounds",2023-06,227986.0
"South, West and Pacific",Crude oil produced,"1,000 pounds",2023-07,215391.0
"South, West and Pacific",Crude oil produced,"1,000 pounds",2023-08,245346.0
"South, West and Pacific",Crude oil produced,"1,000 pounds",2023-09,241627.0
"South, West and Pacific",Crude oil produced,"1,000 pounds",2023-10,277776.0
"South, West and Pacific",Crude oil produced,"1,000 pounds",2023-11,266433.0
"South, West and Pacific",Crude oil produced,"1,000 pounds",2023-12,271185.0
"South, West and Pacific",Crude oil produced,"1,000 pounds",2024-01,259770.0
"South, West and Pacific",Crude oil produced,"1,000 pounds",2024-02,262507.0
"South, West and Pacific",Crude oil produced,"1,000 pounds",2024-03,267860.0
"South, West and Pacific",Crude oil produced,"1,000 pounds",2024-04,235593.0
"South, West and Pacific",Crude oil produced,"1,000 pounds",2024-05,243433.0
"South, West and Pacific",Crude oil produced,"1,000 pounds",2024-06,263618.0
"South, West and Pacific",Crude oil produced,"1,000 pounds",2024-07,254976.0
"South, West and Pacific",Crude oil produced,"1,000 pounds",2024-08,245908.0
"South, West and Pacific",Crude oil produced,"1,000 pounds",2024-09,230509.0
"South, West and Pacific",Crude oil produced,"1,000 pounds",2024-10,261885.0
"South, West and Pacific",Crude oil produced,"1,000 pounds",2024-11,258951.0
"South, West and Pacific",Crude oil produced,"1,000 pounds",2024-12,257612.0
"South, West and Pacific",Crude oil produced,"1,000 pounds",2025-01,251575.0
"South, West and Pacific",Crude oil produced,"1,000 pounds",2025-02,209165.0
"South, West and Pacific",Crude oil produced,"1,000 pounds",2025-03,234042.0
"South, West and Pacific",Crude oil produced,"1,000 pounds",2025-04,245074.0
"South, West and Pacific",Crude oil produced,"1,000 pounds",2025-05,215388.0
"South, West and Pacific",Crude oil produced,"1,000 pounds",2025-06,192277.0
"South, West and Pacific",Crude oil produced,"1,000 pounds",2025-07,195715.0
"South, West and Pacific",Crude oil produced,"1,000 pounds",2025-08,209156.0
"South, West and Pacific",Crude oil produced,"1,000 pounds",2025-09,244416.0
"South, West and Pacific",Crude oil produced,"1,000 pounds",2025-10,262680.0
"South, West and Pacific",Crude oil produced,"1,000 pounds",2025-11,251013.0
"South, West and Pacific",Crude oil produced,"1,000 pounds",2025-12,258401.0
"South, West and Pacific",Crude oil produced,"1,000 pounds",2026-01,259219.0
"South, West and Pacific",Crude oil produced,"1,000 pounds",2026-02,234702.0
"South, West and Pacific",Crude oil produced,"1,000 pounds",2026-03,257639.0
"South, West and Pacific",Crude oil produced,"1,000 pounds",2026-04,242295.0
"South, West and Pacific",Crude oil produced,"1,000 pounds",2026-05,213254.0
"South, West and Pacific",Crude oil produced,"1,000 pounds",2026-06,200535.0
"South, West and Pacific",Crude oil produced,"1,000 pounds",2026-07,210817.0
"South, West and Pacific",Crude oil produced,"1,000 pounds",2026-08,261711.0
"South, West and Pacific",Crude oil stocks at crusher,"1,000 pounds",2015-05,52299.0
"South, West and Pacific",Crude oil stocks at crusher,"1,000 pounds",2015-06,61165.0
"South, West and Pacific",Crude oil stocks at crusher,"1,000 pounds",2015-07,67866.0
"South, West and Pacific",Crude oil stocks at crusher,"1,000 pounds",2015-08,43847.0
"South, West and Pacific",Crude oil stocks at crusher,"1,000 pounds",2015-09,49694.0
"South, West and Pacific",Crude oil stocks at crusher,"1,000 pounds",2015-10,64052.0
"South, West and Pacific",Crude oil stocks at crusher,"1,000 pounds",2015-11,62928.0
"South, West and Pacific",Crude oil stocks at crusher,"1,000 pounds",2015-12,64403.0
"South, West and Pacific",Crude oil stocks at crusher,"1,000 pounds",2016-01,60469.0
"South, West and Pacific",Crude oil stocks at crusher,"1,000 pounds",2016-02,57244.0
"South, West and Pacific",Crude oil stocks at crusher,"1,000 pounds",2016-03,55520.0
"South, West and Pacific",Crude oil stocks at crusher,"1,000 pounds",2016-04,52478.0
"South, West and Pacific",Crude oil stocks at crusher,"1,000 pounds",2016-05,54031.0
"South, West and Pacific",Crude oil stocks at crusher,"1,000 pounds",2016-06,55373.0
"South, West and Pacific",Crude oil stocks at crusher,"1,000 pounds",2016-07,38129.0
"South, West and Pacific",Crude oil stocks at crusher,"1,000 pounds",2016-08,36478.0
"South, West and Pacific",Crude oil stocks at crusher,"1,000 pounds",2016-09,54250.0
"South, West and Pacific",Crude oil stocks at crusher,"1,000 pounds",2016-10,48539.0
"South, West and Pacific",Crude oil stocks at crusher,"1,000 pounds",2016-11,59390.0
"South, West and Pacific",Crude oil stocks at crusher,"1,000 pounds",2016-12,82320.0
"South, West and Pacific",Crude oil stocks at crusher,"1,000 pounds",2017-01,78504.0
"South, West and Pacific",Crude oil stocks at crusher,"1,000 pounds",2017-02,79561.0
"South, West and Pacific",Crude oil stocks at crusher,"1,000 pounds",2017-03,67200.0
"South, West and Pacific",Crude oil stocks at crusher,"1,000 pounds",2017-04,57391.0
"South, West and Pacific",Crude oil stocks at crusher,"1,000 pounds",2017-05,49779.0
"South, West and Pacific",Crude oil stocks at crusher,"1,000 pounds",2017-06,47723.0
"South, West and Pacific",Crude oil stocks at crusher,"1,000 pounds",2017-07,45687.0
"South, West and Pacific",Crude oil stocks at crusher,"1,000 pounds",2017-08,53528.0
"South, West and Pacific",Crude oil stocks at crusher,"1,000 pounds",2017-09,60976.0
"South, West and Pacific",Crude oil stocks at crusher,"1,000 pounds",2017-10,61170.0
"South, West and Pacific",Crude oil stocks at crusher,"1,000 pounds",2017-11,64557.0
"South, West and Pacific",Crude oil stocks at crusher,"1,000 pounds",2017-12,78050.0
"South, West and Pacific",Crude oil stocks at crusher,"1,000 pounds",2018-01,74980.0
"South, West and Pacific",Crude oil stocks at crusher,"1,000 pounds",2018-02,72904.0
"South, West and Pacific",Crude oil stocks at crusher,"1,000 pounds",2018-03,56058.0
"South, West and Pacific",Crude oil stocks at crusher,"1,000 pounds",2018-04,68031.0
"South, West and Pacific",Crude oil stocks at crusher,"1,000 pounds",2018-05,53995.0
"South, West and Pacific",Crude oil stocks at crusher,"1,000 pounds",2018-06,50722.0
"South, West and Pacific",Crude oil stocks at crusher,"1,000 pounds",2018-07,48544.0
"South, West and Pacific",Crude oil stocks at crusher,"1,000 pounds",2018-09,47346.0
"South, West and Pacific",Crude oil stocks at crusher,"1,000 pounds",2018-10,42516.0
"South, West and Pacific",Crude oil stocks at crusher,"1,000 pounds",2018-11,48124.0
"South, West and Pacific",Crude oil stocks at crusher,"1,000 pounds",2018-12,43640.0
"South, West and Pacific",Crude oil stocks at crusher,"1,000 pounds",2019-01,48335.0
"South, West and Pacific",Crude oil stocks at crusher,"1,000 pounds",2019-03,56485.0
"South, West and Pacific",Crude oil stocks at crusher,"1,000 pounds",2019-05,47482.0
"South, West and Pacific",Crude oil stocks at crusher,"1,000 pounds",2019-06,56807.0
"South, West and Pacific",Crude oil stocks at crusher,"1,000 pounds",2019-07,54633.0
"South, West and Pacific",Crude oil stocks at crusher,"1,000 pounds",2019-08,49456.0
"South, West and Pacific",Crude oil stocks at crusher,"1,000 pounds",2019-09,48371.0
"South, West and Pacific",Crude oil stocks at crusher,"1,000 pounds",2019-10,55456.0
"South, West and Pacific",Crude oil stocks at crusher,"1,000 pounds",2019-11,62768.0
"South, West and Pacific",Crude oil stocks at crusher,"1,000 pounds",2019-12,51790.0
"South, West and Pacific",Crude oil stocks at crusher,"1,000 pounds",2020-02,50184.0
"South, West and Pacific",Crude oil stocks at crusher,"1,000 pounds",2020-03,60372.0
"South, West and Pacific",Crude oil stocks at crusher,"1,000 pounds",2020-04,62372.0
"South, West and Pacific",Crude oil stocks at crusher,"1,000 pounds",2020-05,61539.0
"South, West and Pacific",Crude oil stocks at crusher,"1,000 pounds",2020-06,39877.0
"South, West and Pacific",Crude oil stocks at crusher,"1,000 pounds",2020-07,46092.0
"South, West and Pacific",Crude oil stocks at crusher,"1,000 pounds",2020-08,40970.0
"South, West and Pacific",Crude oil stocks at crusher,"1,000 pounds",2020-09,57438.0
"South, West and Pacific",Crude oil stocks at crusher,"1,000 pounds",2020-10,50435.0
"South, West and Pacific",Crude oil stocks at crusher,"1,000 pounds",2020-11,55360.0
"South, West and Pacific",Crude oil stocks at crusher,"1,000 pounds",2020-12,53892.0
"South, West and Pacific",Crude oil stocks at crusher,"1,000 pounds",2021-01,60877.0
"South, West and Pacific",Crude oil stocks at crusher,"1,000 pounds",2021-02,63474.0
"South, West and Pacific",Crude oil stocks at crusher,"1,000 pounds",2021-03,68880.0
"South, West and Pacific",Crude oil stocks at crusher,"1,000 pounds",2021-04,52724.0
"South, West and Pacific",Crude oil stocks at crusher,"1,000 pounds",2021-05,68519.0
"South, West and Pacific",Crude oil stocks at crusher,"1,000 pounds",2021-06,71151.0
"South, West and Pacific",Crude oil stocks at crusher,"1,000 pounds",2021-07,70074.0
"South, West and Pacific",Crude oil stocks at crusher,"1,000 pounds",2021-08,68778.0
"South, West and Pacific",Crude oil stocks at crusher,"1,000 pounds",2021-10,70057.0
"South, West and Pacific",Crude oil stocks at crusher,"1,000 pounds",2021-11,71627.0
"South, West and Pacific",Crude oil stocks at crusher,"1,000 pounds",2021-12,62900.0
"South, West and Pacific",Crude oil stocks at crusher,"1,000 pounds",2022-01,61372.0
"South, West and Pacific",Crude oil stocks at crusher,"1,000 pounds",2022-02,58886.0
"South, West and Pacific",Crude oil stocks at crusher,"1,000 pounds",2022-03,63585.0
"South, West and Pacific",Crude oil stocks at crusher,"1,000 pounds",2022-04,70968.0
"South, West and Pacific",Crude oil stocks at crusher,"1,000 pounds",2022-05,85977.0
"South, West and Pacific",Crude oil stocks at crusher,"1,000 pounds",2022-06,63317.0
"South, West and Pacific",Crude oil stocks at crusher,"1,000 pounds",2022-07,60697.0
"South, West and Pacific",Crude oil stocks at crusher,"1,000 pounds",2022-08,60174.0
"South, West and Pacific",Crude oil stocks at crusher,"1,000 pounds",2022-09,55370.0
"South, West and Pacific",Crude oil stocks at crusher,"1,000 pounds",2022-12,62900.0
"South, West and Pacific",Crude oil stocks at crusher,"1,000 pounds",2023-03,66278.0
"South, West and Pacific",Crude oil stocks at crusher,"1,000 pounds",2023-04,84615.0
"South, West and Pacific",Crude oil stocks at crusher,"1,000 pounds",2023-05,87928.0
"South, West and Pacific",Crude oil stocks at crusher,"1,000 pounds",2023-06,67283.0
"South, West and Pacific",Crude oil stocks at crusher,"1,000 pounds",2023-07,74133.0
"South, West and Pacific",Crude oil stocks at crusher,"1,000 pounds",2023-08,56196.0
"South, West and Pacific",Crude oil stocks at crusher,"1,000 pounds",2023-09,69669.0
"South, West and Pacific",Crude oil stocks at crusher,"1,000 pounds",2023-10,48731.0
"South, West and Pacific",Crude oil stocks at crusher,"1,000 pounds",2023-12,52601.0
"South, West and Pacific",Crude oil stocks at crusher,"1,000 pounds",2024-01,49357.0
"South, West and Pacific",Crude oil stocks at crusher,"1,000 pounds",2024-02,61325.0
"South, West and Pacific",Crude oil stocks at crusher,"1,000 pounds",2024-03,73465.0
"South, West and Pacific",Crude oil stocks at crusher,"1,000 pounds",2024-04,77618.0
"South, West and Pacific",Crude oil stocks at crusher,"1,000 pounds",2024-05,59688.0
"South, West and Pacific",Crude oil stocks at crusher,"1,000 pounds",2024-06,74381.0
"South, West and Pacific",Crude oil stocks at crusher,"1,000 pounds",2024-07,52827.0
"South, West and Pacific",Crude oil stocks at crusher,"1,000 pounds",2024-08,65541.0
"South, West and Pacific",Crude oil stocks at crusher,"1,000 pounds",2024-09,61440.0
"South, West and Pacific",Crude oil stocks at crusher,"1,000 pounds",2024-10,58762.0
"South, West and Pacific",Crude oil stocks at crusher,"1,000 pounds",2024-11,57096.0
"South, West and Pacific",Crude oil stocks at crusher,"1,000 pounds",2024-12,43955.0
"South, West and Pacific",Crude oil stocks at crusher,"1,000 pounds",2025-01,60999.0
"South, West and Pacific",Crude oil stocks at crusher,"1,000 pounds",2025-02,45590.0
"South, West and Pacific",Crude oil stocks at crusher,"1,000 pounds",2025-03,44435.0
"South, West and Pacific",Crude oil stocks at crusher,"1,000 pounds",2025-04,60808.0
"South, West and Pacific",Crude oil stocks at crusher,"1,000 pounds",2025-05,61556.0
"South, West and Pacific",Crude oil stocks at crusher,"1,000 pounds",2025-06,56046.0
"South, West and Pacific",Crude oil stocks at crusher,"1,000 pounds",2025-07,37685.0
"South, West and Pacific",Crude oil stocks at crusher,"1,000 pounds",2025-08,49501.0
"South, West and Pacific",Crude oil stocks at crusher,"1,000 pounds",2025-09,54207.0
"South, West and Pacific",Crude oil stocks at crusher,"1,000 pounds",2025-10,49129.0
"South, West and Pacific",Crude oil stocks at crusher,"1,000 pounds",2025-11,49650.0
"South, West and Pacific",Crude oil stocks at crusher,"1,000 pounds",2025-12,38181.0
"South, West and Pacific",Crude oil stocks at crusher,"1,000 pounds",2026-01,51729.0
"South, West and Pacific",Crude oil stocks at crusher,"1,000 pounds",2026-02,52948.0
"South, West and Pacific",Crude oil stocks at crusher,"1,000 pounds",2026-03,58667.0
"South, West and Pacific",Crude oil stocks at crusher,"1,000 pounds",2026-04,48126.0
"South, West and Pacific",Crude oil stocks at crusher,"1,000 pounds",2026-05,46245.0
"South, West and Pacific",Crude oil stocks at crusher,"1,000 pounds",2026-06,48867.0
"South, West and Pacific",Crude oil stocks at crusher,"1,000 pounds",2026-07,60551.0
"South, West and Pacific",Crude oil stocks at crusher,"1,000 pounds",2026-08,41557.0
"South, West and Pacific",Soybeans crushed,tons,2015-05,630186.0
"South, West and Pacific",Soybeans crushed,tons,2015-06,551190.0
"South, West and Pacific",Soybeans crushed,tons,2015-07,607366.0
"South, West and Pacific",Soybeans crushed,tons,2015-08,535207.0
"South, West and Pacific",Soybeans crushed,tons,2015-09,509672.0
"South, West and Pacific",Soybeans crushed,tons,2015-10,656450.0
"South, West and Pacific",Soybeans crushed,tons,2015-11,653803.0
"South, West and Pacific",Soybeans crushed,tons,2015-12,665297.0
"South, West and Pacific",Soybeans crushed,tons,2016-01,670757.0
"South, West and Pacific",Soybeans crushed,tons,2016-02,619304.0
"South, West and Pacific",Soybeans crushed,tons,2016-03,678267.0
"South, West and Pacific",Soybeans crushed,tons,2016-04,660708.0
"South, West and Pacific",Soybeans crushed,tons,2016-05,649712.0
"South, West and Pacific",Soybeans crushed,tons,2016-06,656650.0
"South, West and Pacific",Soybeans crushed,tons,2016-07,610360.0
"South, West and Pacific",Soybeans crushed,tons,2016-08,483971.0
"South, West and Pacific",Soybeans crushed,tons,2016-09,495385.0
"South, West and Pacific",Soybeans crushed,tons,2016-10,653604.0
"South, West and Pacific",Soybeans crushed,tons,2016-11,666907.0
"South, West and Pacific",Soybeans crushed,tons,2016-12,660057.0
"South, West and Pacific",Soybeans crushed,tons,2017-01,689113.0
"South, West and Pacific",Soybeans crushed,tons,2017-02,622626.0
"South, West and Pacific",Soybeans crushed,tons,2017-03,629645.0
"South, West and Pacific",Soybeans crushed,tons,2017-04,501151.0
"South, West and Pacific",Soybeans crushed,tons,2017-05,561974.0
"South, West and Pacific",Soybeans crushed,tons,2017-06,577870.0
"South, West and Pacific",Soybeans crushed,tons,2017-07,594805.0
"South, West and Pacific",Soybeans crushed,tons,2017-08,613328.0
"South, West and Pacific",Soybeans crushed,tons,2017-09,587170.0
"South, West and Pacific",Soybeans crushed,tons,2017-10,696124.0
"South, West and Pacific",Soybeans crushed,tons,2017-11,707525.0
"South, West and Pacific",Soybeans crushed,tons,2017-12,717027.0
"South, West and Pacific",Soybeans crushed,tons,2018-01,710716.0
"South, West and Pacific",Soybeans crushed,tons,2018-02,663164.0
"South, West and Pacific",Soybeans crushed,tons,2018-03,730338.0
"South, West and Pacific",Soybeans crushed,tons,2018-04,684371.0
"South, West and Pacific",Soybeans crushed,tons,2018-05,544646.0
"South, West and Pacific",Soybeans crushed,tons,2018-06,638075.0
"South, West and Pacific",Soybeans crushed,tons,2018-07,738440.0
"South, West and Pacific",Soybeans crushed,tons,2018-08,700209.0
"South, West and Pacific",Soybeans crushed,tons,2018-09,648670.0
"South, West and Pacific",Soybeans crushed,tons,2018-10,708724.0
"South, West and Pacific",Soybeans crushed,tons,2018-11,700948.0
"South, West and Pacific",Soybeans crushed,tons,2018-12,668333.0
"South, West and Pacific",Soybeans crushed,tons,2019-01,696362.0
"South, West and Pacific",Soybeans crushed,tons,2019-02,645697.0
"South, West and Pacific",Soybeans crushed,tons,2019-03,665443.0
"South, West and Pacific",Soybeans crushed,tons,2019-04,672911.0
"South, West and Pacific",Soybeans crushed,tons,2019-05,669546.0
"South, West and Pacific",Soybeans crushed,tons,2019-06,516578.0
"South, West and Pacific",Soybeans crushed,tons,2019-07,645223.0
"South, West and Pacific",Soybeans crushed,tons,2019-08,656385.0
"South, West and Pacific",Soybeans crushed,tons,2019-09,543194.0
"South, West and Pacific",Soybeans crushed,tons,2019-10,623946.0
"South, West and Pacific",Soybeans crushed,tons,2019-11,653676.0
"South, West and Pacific",Soybeans crushed,tons,2019-12,680364.0
"South, West and Pacific",Soybeans crushed,tons,2020-01,688347.0
"South, West and Pacific",Soybeans crushed,tons,2020-02,612836.0
"South, West and Pacific",Soybeans crushed,tons,2020-03,717311.0
"South, West and Pacific",Soybeans crushed,tons,2020-04,650338.0
"South, West and Pacific",Soybeans crushed,tons,2020-05,635744.0
"South, West and Pacific",Soybeans crushed,tons,2020-06,649999.0
"South, West and Pacific",Soybeans crushed,tons,2020-07,676389.0
"South, West and Pacific",Soybeans crushed,tons,2020-08,528476.0
"South, West and Pacific",Soybeans crushed,tons,2020-09,582097.0
"South, West and Pacific",Soybeans crushed,tons,2020-10,736784.0
"South, West and Pacific",Soybeans crushed,tons,2020-11,737323.0
"South, West and Pacific",Soybeans crushed,tons,2020-12,726266.0
"South, West and Pacific",Soybeans crushed,tons,2021-01,745378.0
"South, West and Pacific",Soybeans crushed,tons,2021-02,634444.0
"South, West and Pacific",Soybeans crushed,tons,2021-03,653920.0
"South, West and Pacific",Soybeans crushed,tons,2021-04,599822.0
"South, West and Pacific",Soybeans crushed,tons,2021-05,684564.0
"South, West and Pacific",Soybeans crushed,tons,2021-06,591106.0
"South, West and Pacific",Soybeans crushed,tons,2021-07,659891.0
"South, West and Pacific",Soybeans crushed,tons,2021-08,680532.0
"South, West and Pacific",Soybeans crushed,tons,2021-09,537592.0
"South, West and Pacific",Soybeans crushed,tons,2021-10,697651.0
"South, West and Pacific",Soybeans crushed,tons,2021-11,685243.0
"South, West and Pacific",Soybeans crushed,tons,2021-12,686568.0
"South, West and Pacific",Soybeans crushed,tons,2022-01,711507.0
"South, West and Pacific",Soybeans crushed,tons,2022-02,637431.0
"South, West and Pacific",Soybeans crushed,tons,2022-03,669125.0
"South, West and Pacific",Soybeans crushed,tons,2022-04,582228.0
"South, West and Pacific",Soybeans crushed,tons,2022-05,648953.0
"South, West and Pacific",Soybeans crushed,tons,2022-06,549449.0
"South, West and Pacific",Soybeans crushed,tons,2022-07,673459.0
"South, West and Pacific",Soybeans crushed,tons,2022-08,652250.0
"South, West and Pacific",Soybeans crushed,tons,2022-09,636007.0
"South, West and Pacific",Soybeans crushed,tons,2022-10,681372.0
"South, West and Pacific",Soybeans crushed,tons,2022-11,686744.0
"South, West and Pacific",Soybeans crushed,tons,2022-12,616438.0
"South, West and Pacific",Soybeans crushed,tons,2023-01,692829.0
"South, West and Pacific",Soybeans crushed,tons,2023-02,610874.0
"South, West and Pacific",Soybeans crushed,tons,2023-03,677617.0
"South, West and Pacific",Soybeans crushed,tons,2023-04,635471.0
"South, West and Pacific",Soybeans crushed,tons,2023-05,641692.0
"South, West and Pacific",Soybeans crushed,tons,2023-06,583067.0
"South, West and Pacific",Soybeans crushed,tons,2023-07,566854.0
"South, West and Pacific",Soybeans crushed,tons,2023-08,643980.0
"South, West and Pacific",Soybeans crushed,tons,2023-09,618491.0
"South, West and Pacific",Soybeans crushed,tons,2023-10,710948.0
"South, West and Pacific",Soybeans crushed,tons,2023-11,705200.0
"South, West and Pacific",Soybeans crushed,tons,2023-12,722034.0
"South, West and Pacific",Soybeans crushed,tons,2024-01,688566.0
"South, West and Pacific",Soybeans crushed,tons,2024-02,674592.0
"South, West and Pacific",Soybeans crushed,tons,2024-03,692847.0
"South, West and Pacific",Soybeans crushed,tons,2024-04,622644.0
"South, West and Pacific",Soybeans crushed,tons,2024-05,614553.0
"South, West and Pacific",Soybeans crushed,tons,2024-06,675597.0
"South, West and Pacific",Soybeans crushed,tons,2024-07,649653.0
"South, West and Pacific",Soybeans crushed,tons,2024-08,621992.0
"South, West and Pacific",Soybeans crushed,tons,2024-09,592320.0
"South, West and Pacific",Soybeans crushed,tons,2024-10,669127.0
"South, West and Pacific",Soybeans crushed,tons,2024-11,672447.0
"South, West and Pacific",Soybeans crushed,tons,2024-12,667510.0
"South, West and Pacific",Soybeans crushed,tons,2025-01,651976.0
"South, West and Pacific",Soybeans crushed,tons,2025-02,541402.0
"South, West and Pacific",Soybeans crushed,tons,2025-03,602147.0
"South, West and Pacific",Soybeans crushed,tons,2025-04,635744.0
"South, West and Pacific",Soybeans crushed,tons,2025-05,551218.0
"South, West and Pacific",Soybeans crushed,tons,2025-06,484689.0
"South, West and Pacific",Soybeans crushed,tons,2025-07,506154.0
"South, West and Pacific",Soybeans crushed,tons,2025-08,533641.0
"South, West and Pacific",Soybeans crushed,tons,2025-09,627136.0
"South, West and Pacific",Soybeans crushed,tons,2025-10,682758.0
"South, West and Pacific",Soybeans crushed,tons,2025-11,665635.0
"South, West and Pacific",Soybeans crushed,tons,2025-12,678261.0
"South, West and Pacific",Soybeans crushed,tons,2026-01,679119.0
"South, West and Pacific",Soybeans crushed,tons,2026-02,601140.0
"South, West and Pacific",Soybeans crushed,tons,2026-03,671931.0
"South, West and Pacific",Soybeans crushed,tons,2026-04,630294.0
"South, West and Pacific",Soybeans crushed,tons,2026-05,553099.0
"South, West and Pacific",Soybeans crushed,tons,2026-06,522987.0
"South, West and Pacific",Soybeans crushed,tons,2026-07,556321.0
"South, West and Pacific",Soybeans crushed,tons,2026-08,670493.0
West Central,Cake and meal produced,tons,2015-05,604096.0
West Central,Cake and meal produced,tons,2015-06,567757.0
West Central,Cake and meal produced,tons,2015-07,581725.0
West Central,Cake and meal produced,tons,2015-08,491272.0
West Central,Cake and meal produced,tons,2015-09,413937.0
West Central,Cake and meal produced,tons,2015-10,594740.0
West Central,Cake and meal produced,tons,2015-11,561919.0
West Central,Cake and meal produced,tons,2015-12,609288.0
West Central,Cake and meal produced,tons,2016-01,587343.0
West Central,Cake and meal produced,tons,2016-02,557498.0
West Central,Cake and meal produced,tons,2016-03,589150.0
West Central,Cake and meal produced,tons,2016-04,598199.0
West Central,Cake and meal produced,tons,2016-05,600523.0
West Central,Cake and meal produced,tons,2016-06,567008.0
West Central,Cake and meal produced,tons,2016-07,546455.0
West Central,Cake and meal produced,tons,2016-08,459815.0
West Central,Cake and meal produced,tons,2016-09,484666.0
West Central,Cake and meal produced,tons,2016-10,632892.0
West Central,Cake and meal produced,tons,2016-11,642683.0
West Central,Cake and meal produced,tons,2016-12,649678.0
West Central,Cake and meal produced,tons,2017-01,638062.0
West Central,Cake and meal produced,tons,2017-02,558090.0
West Central,Cake and meal produced,tons,2017-03,613354.0
West Central,Cake and meal produced,tons,2017-04,592151.0
West Central,Cake and meal produced,tons,2017-05,627564.0
West Central,Cake and meal produced,tons,2017-06,546448.0
West Central,Cake and meal produced,tons,2017-07,590089.0
West Central,Cake and meal produced,tons,2017-08,576318.0
West Central,Cake and meal produced,tons,2017-09,494498.0
West Central,Cake and meal produced,tons,2017-10,671280.0
West Central,Cake and meal produced,tons,2017-11,670716.0
West Central,Cake and meal produced,tons,2017-12,684078.0
West Central,Cake and meal produced,tons,2018-01,690417.0
West Central,Cake and meal produced,tons,2018-02,645071.0
West Central,Cake and meal produced,tons,2018-03,698829.0
West Central,Cake and meal produced,tons,2018-04,663957.0
West Central,Cake and meal produced,tons,2018-05,703208.0
West Central,Cake and meal produced,tons,2018-06,669692.0
West Central,Cake and meal produced,tons,2018-07,692311.0
West Central,Cake and meal produced,tons,2018-08,640479.0
West Central,Cake and meal produced,tons,2018-09,625117.0
West Central,Cake and meal produced,tons,2018-10,667891.0
West Central,Cake and meal produced,tons,2018-11,678142.0
West Central,Cake and meal produced,tons,2018-12,700480.0
West Central,Cake and meal produced,tons,2019-01,689276.0
West Central,Cake and meal produced,tons,2019-02,631407.0
West Central,Cake and meal produced,tons,2019-03,646546.0
West Central,Cake and meal produced,tons,2019-04,607341.0
West Central,Cake and meal produced,tons,2019-05,625262.0
West Central,Cake and meal produced,tons,2019-06,632802.0
West Central,Cake and meal produced,tons,2019-07,663848.0
West Central,Cake and meal produced,tons,2019-08,661891.0
West Central,Cake and meal produced,tons,2019-09,539505.0
West Central,Cake and meal produced,tons,2019-10,704759.0
West Central,Cake and meal produced,tons,2019-11,690310.0
West Central,Cake and meal produced,tons,2019-12,694957.0
West Central,Cake and meal produced,tons,2020-01,728813.0
West Central,Cake and meal produced,tons,2020-02,674923.0
West Central,Cake and meal produced,tons,2020-03,725402.0
West Central,Cake and meal produced,tons,2020-04,683841.0
West Central,Cake and meal produced,tons,2020-05,725034.0
West Central,Cake and meal produced,tons,2020-06,693154.0
West Central,Cake and meal produced,tons,2020-07,720933.0
West Central,Cake and meal produced,tons,2020-08,694428.0
West Central,Cake and meal produced,tons,2020-09,617108.0
West Central,Cake and meal produced,tons,2020-10,725985.0
West Central,Cake and meal produced,tons,2020-11,698252.0
West Central,Cake and meal produced,tons,2020-12,703573.0
West Central,Cake and meal produced,tons,2021-01,719360.0
West Central,Cake and meal produced,tons,2021-02,545498.0
West Central,Cake and meal produced,tons,2021-03,716612.0
West Central,Cake and meal produced,tons,2021-04,659701.0
West Central,Cake and meal produced,tons,2021-05,658144.0
West Central,Cake and meal produced,tons,2021-06,634463.0
West Central,Cake and meal produced,tons,2021-07,658368.0
West Central,Cake and meal produced,tons,2021-08,540294.0
West Central,Cake and meal produced,tons,2021-09,568838.0
West Central,Cake and meal produced,tons,2021-10,700916.0
West Central,Cake and meal produced,tons,2021-11,696850.0
West Central,Cake and meal produced,tons,2021-12,744958.0
West Central,Cake and meal produced,tons,2022-01,733573.0
West Central,Cake and meal produced,tons,2022-02,648031.0
West Central,Cake and meal produced,tons,2022-03,719121.0
West Central,Cake and meal produced,tons,2022-04,664808.0
West Central,Cake and meal produced,tons,2022-05,714180.0
West Central,Cake and meal produced,tons,2022-06,686593.0
West Central,Cake and meal produced,tons,2022-07,723065.0
West Central,Cake and meal produced,tons,2022-08,670173.0
West Central,Cake and meal produced,tons,2022-09,533111.0
West Central,Cake and meal produced,tons,2022-10,721066.0
West Central,Cake and meal produced,tons,2022-11,699456.0
West Central,Cake and meal produced,tons,2022-12,707967.0
West Central,Cake and meal produced,tons,2023-01,700925.0
West Central,Cake and meal produced,tons,2023-02,627450.0
West Central,Cake and meal produced,tons,2023-03,724411.0
West Central,Cake and meal produced,tons,2023-04,654641.0
West Central,Cake and meal produced,tons,2023-05,716908.0
West Central,Cake and meal produced,tons,2023-06,695581.0
West Central,Cake and meal produced,tons,2023-07,692467.0
West Central,Cake and meal produced,tons,2023-08,635096.0
West Central,Cake and meal produced,tons,2023-09,639492.0
West Central,Cake and meal produced,tons,2023-10,724674.0
West Central,Cake and meal produced,tons,2023-11,691056.0
West Central,Cake and meal produced,tons,2023-12,716749.0
West Central,Cake and meal produced,tons,2024-01,680003.0
West Central,Cake and meal produced,tons,2024-02,677546.0
West Central,Cake and meal produced,tons,2024-03,696789.0
West Central,Cake and meal produced,tons,2024-04,526142.0
West Central,Cake and meal produced,tons,2024-05,614248.0
West Central,Cake and meal produced,tons,2024-06,627180.0
West Central,Cake and meal produced,tons,2024-07,681944.0
West Central,Cake and meal produced,tons,2024-08,581726.0
West Central,Cake and meal produced,tons,2024-09,566955.0
West Central,Cake and meal produced,tons,2024-10,815905.0
West Central,Cake and meal produced,tons,2024-11,819938.0
West Central,Cake and meal produced,tons,2024-12,899963.0
West Central,Cake and meal produced,tons,2025-01,830040.0
West Central,Cake and meal produced,tons,2025-02,746403.0
West Central,Cake and meal produced,tons,2025-03,833238.0
West Central,Cake and meal produced,tons,2025-04,805972.0
West Central,Cake and meal produced,tons,2025-05,851151.0
West Central,Cake and meal produced,tons,2025-06,799038.0
West Central,Cake and meal produced,tons,2025-07,772336.0
West Central,Cake and meal produced,tons,2025-08,703159.0
West Central,Cake and meal produced,tons,2025-09,830895.0
West Central,Cake and meal produced,tons,2025-10,1007080.0
West Central,Cake and meal produced,tons,2025-11,904691.0
West Central,Cake and meal produced,tons,2025-12,1001967.0
West Central,Cake and meal produced,tons,2026-01,953056.0
West Central,Cake and meal produced,tons,2026-02,945955.0
West Central,Cake and meal produced,tons,2026-03,1027754.0
West Central,Cake and meal produced,tons,2026-04,927648.0
West Central,Cake and meal produced,tons,2026-05,916417.0
West Central,Cake and meal produced,tons,2026-06,988814.0
West Central,Cake and meal produced,tons,2026-07,978164.0
West Central,Cake and meal produced,tons,2026-08,850201.0
West Central,Cake and meal stocks,tons,2015-05,73641.0
West Central,Cake and meal stocks,tons,2015-06,32654.0
West Central,Cake and meal stocks,tons,2015-07,23045.0
West Central,Cake and meal stocks,tons,2015-08,49079.0
West Central,Cake and meal stocks,tons,2015-09,35834.0
West Central,Cake and meal stocks,tons,2015-10,46092.0
West Central,Cake and meal stocks,tons,2015-11,43244.0
West Central,Cake and meal stocks,tons,2015-12,38476.0
West Central,Cake and meal stocks,tons,2016-01,51322.0
West Central,Cake and meal stocks,tons,2016-02,59558.0
West Central,Cake and meal stocks,tons,2016-03,43392.0
West Central,Cake and meal stocks,tons,2016-04,49284.0
West Central,Cake and meal stocks,tons,2016-05,47818.0
West Central,Cake and meal stocks,tons,2016-06,23079.0
West Central,Cake and meal stocks,tons,2016-07,66051.0
West Central,Cake and meal stocks,tons,2016-08,48829.0
West Central,Cake and meal stocks,tons,2016-09,30542.0
West Central,Cake and meal stocks,tons,2016-10,48027.0
West Central,Cake and meal stocks,tons,2016-11,42431.0
West Central,Cake and meal stocks,tons,2016-12,57014.0
West Central,Cake and meal stocks,tons,2017-02,36182.0
West Central,Cake and meal stocks,tons,2017-03,42449.0
West Central,Cake and meal stocks,tons,2017-04,50839.0
West Central,Cake and meal stocks,tons,2017-05,39138.0
West Central,Cake and meal stocks,tons,2017-06,27565.0
West Central,Cake and meal stocks,tons,2017-07,38192.0
West Central,Cake and meal stocks,tons,2017-08,40735.0
West Central,Cake and meal stocks,tons,2017-09,42914.0
West Central,Cake and meal stocks,tons,2017-10,39031.0
West Central,Cake and meal stocks,tons,2017-11,42617.0
West Central,Cake and meal stocks,tons,2017-12,62314.0
West Central,Cake and meal stocks,tons,2018-01,39486.0
West Central,Cake and meal stocks,tons,2018-03,77724.0
West Central,Cake and meal stocks,tons,2018-04,56546.0
West Central,Cake and meal stocks,tons,2018-05,61876.0
West Central,Cake and meal stocks,tons,2018-06,45338.0
West Central,Cake and meal stocks,tons,2018-07,59235.0
West Central,Cake and meal stocks,tons,2018-08,45964.0
West Central,Cake and meal stocks,tons,2018-09,63658.0
West Central,Cake and meal stocks,tons,2018-10,42111.0
West Central,Cake and meal stocks,tons,2018-11,38026.0
West Central,Cake and meal stocks,tons,2018-12,65062.0
West Central,Cake and meal stocks,tons,2019-01,50372.0
West Central,Cake and meal stocks,tons,2019-02,31631.0
West Central,Cake and meal stocks,tons,2019-03,52775.0
West Central,Cake and meal stocks,tons,2019-05,34711.0
West Central,Cake and meal stocks,tons,2019-06,57782.0
West Central,Cake and meal stocks,tons,2019-07,40982.0
West Central,Cake and meal stocks,tons,2019-08,50960.0
West Central,Cake and meal stocks,tons,2019-09,60900.0
West Central,Cake and meal stocks,tons,2019-10,47533.0
West Central,Cake and meal stocks,tons,2019-11,41355.0
West Central,Cake and meal stocks,tons,2019-12,44073.0
West Central,Cake and meal stocks,tons,2020-01,44905.0
West Central,Cake and meal stocks,tons,2020-02,74132.0
West Central,Cake and meal stocks,tons,2020-03,52278.0
West Central,Cake and meal stocks,tons,2020-05,72660.0
West Central,Cake and meal stocks,tons,2020-07,40941.0
West Central,Cake and meal stocks,tons,2020-08,57750.0
West Central,Cake and meal stocks,tons,2020-11,46741.0
West Central,Cake and meal stocks,tons,2020-12,57217.0
West Central,Cake and meal stocks,tons,2021-01,62071.0
West Central,Cake and meal stocks,tons,2021-02,70418.0
West Central,Cake and meal stocks,tons,2021-03,44015.0
West Central,Cake and meal stocks,tons,2021-04,59651.0
West Central,Cake and meal stocks,tons,2021-05,69692.0
West Central,Cake and meal stocks,tons,2021-06,51709.0
West Central,Cake and meal stocks,tons,2021-07,45047.0
West Central,Cake and meal stocks,tons,2021-08,39715.0
West Central,Cake and meal stocks,tons,2021-09,43247.0
West Central,Cake and meal stocks,tons,2021-10,51552.0
West Central,Cake and meal stocks,tons,2021-11,42787.0
West Central,Cake and meal stocks,tons,2021-12,58957.0
West Central,Cake and meal stocks,tons,2022-01,43463.0
West Central,Cake and meal stocks,tons,2022-02,35904.0
West Central,Cake and meal stocks,tons,2022-03,41811.0
West Central,Cake and meal stocks,tons,2022-04,40672.0
West Central,Cake and meal stocks,tons,2022-05,61989.0
West Central,Cake and meal stocks,tons,2022-06,44762.0
West Central,Cake and meal stocks,tons,2022-07,79526.0
West Central,Cake and meal stocks,tons,2022-08,40086.0
West Central,Cake and meal stocks,tons,2022-09,30963.0
West Central,Cake and meal stocks,tons,2022-10,49930.0
West Central,Cake and meal stocks,tons,2022-11,44789.0
West Central,Cake and meal stocks,tons,2022-12,58082.0
West Central,Cake and meal stocks,tons,2023-01,49843.0
West Central,Cake and meal stocks,tons,2023-02,53494.0
West Central,Cake and meal stocks,tons,2023-03,37691.0
West Central,Cake and meal stocks,tons,2023-04,88162.0
West Central,Cake and meal stocks,tons,2023-05,33669.0
West Central,Cake and meal stocks,tons,2023-06,47375.0
West Central,Cake and meal stocks,tons,2023-07,44715.0
West Central,Cake and meal stocks,tons,2023-08,42706.0
West Central,Cake and meal stocks,tons,2023-09,37429.0
West Central,Cake and meal stocks,tons,2023-10,40333.0
West Central,Cake and meal stocks,tons,2023-11,40127.0
West Central,Cake and meal stocks,tons,2023-12,75898.0
West Central,Cake and meal stocks,tons,2024-01,36866.0
West Central,Cake and meal stocks,tons,2024-02,26496.0
West Central,Cake and meal stocks,tons,2024-03,78949.0
West Central,Cake and meal stocks,tons,2024-04,36238.0
West Central,Cake and meal stocks,tons,2024-05,34717.0
West Central,Cake and meal stocks,tons,2024-06,57810.0
West Central,Cake and meal stocks,tons,2024-08,41475.0
West Central,Cake and meal stocks,tons,2024-09,75117.0
West Central,Cake and meal stocks,tons,2024-10,43682.0
West Central,Cake and meal stocks,tons,2024-11,74826.0
West Central,Cake and meal stocks,tons,2024-12,57001.0
West Central,Cake and meal stocks,tons,2025-01,46950.0
West Central,Cake and meal stocks,tons,2025-02,46303.0
West Central,Cake and meal stocks,tons,2025-03,65535.0
West Central,Cake and meal stocks,tons,2025-04,51712.0
West Central,Cake and meal stocks,tons,2025-05,49348.0
West Central,Cake and meal stocks,tons,2025-06,55186.0
West Central,Cake and meal stocks,tons,2025-07,48768.0
West Central,Cake and meal stocks,tons,2025-08,52516.0
West Central,Cake and meal stocks,tons,2025-09,73327.0
West Central,Cake and meal stocks,tons,2025-10,69279.0
West Central,Cake and meal stocks,tons,2025-11,77267.0
West Central,Cake and meal stocks,tons,2025-12,69595.0
West Central,Cake and meal stocks,tons,2026-01,76953.0
West Central,Cake and meal stocks,tons,2026-02,70766.0
West Central,Cake and meal stocks,tons,2026-03,67903.0
West Central,Cake and meal stocks,tons,2026-04,51349.0
West Central,Cake and meal stocks,tons,2026-05,78229.0
West Central,Cake and meal stocks,tons,2026-06,79457.0
West Central,Cake and meal stocks,tons,2026-07,69873.0
West Central,Cake and meal stocks,tons,2026-08,86057.0
West Central,Crude oil produced,"1,000 pounds",2015-05,313449.0
West Central,Crude oil produced,"1,000 pounds",2015-06,292812.0
West Central,Crude oil produced,"1,000 pounds",2015-07,294089.0
West Central,Crude oil produced,"1,000 pounds",2015-08,255721.0
West Central,Crude oil produced,"1,000 pounds",2015-09,212336.0
West Central,Crude oil produced,"1,000 pounds",2015-10,310492.0
West Central,Crude oil produced,"1,000 pounds",2015-11,290760.0
West Central,Crude oil produced,"1,000 pounds",2015-12,316755.0
West Central,Crude oil produced,"1,000 pounds",2016-01,308273.0
West Central,Crude oil produced,"1,000 pounds",2016-02,286235.0
West Central,Crude oil produced,"1,000 pounds",2016-03,313075.0
West Central,Crude oil produced,"1,000 pounds",2016-04,308475.0
West Central,Crude oil produced,"1,000 pounds",2016-05,311838.0
West Central,Crude oil produced,"1,000 pounds",2016-06,295192.0
West Central,Crude oil produced,"1,000 pounds",2016-07,286358.0
West Central,Crude oil produced,"1,000 pounds",2016-08,240007.0
West Central,Crude oil produced,"1,000 pounds",2016-09,255541.0
West Central,Crude oil produced,"1,000 pounds",2016-10,334043.0
West Central,Crude oil produced,"1,000 pounds",2016-11,333218.0
West Central,Crude oil produced,"1,000 pounds",2016-12,338426.0
West Central,Crude oil produced,"1,000 pounds",2017-01,334418.0
West Central,Crude oil produced,"1,000 pounds",2017-02,294202.0
West Central,Crude oil produced,"1,000 pounds",2017-03,319307.0
West Central,Crude oil produced,"1,000 pounds",2017-04,314831.0
West Central,Crude oil produced,"1,000 pounds",2017-05,328930.0
West Central,Crude oil produced,"1,000 pounds",2017-06,288169.0
West Central,Crude oil produced,"1,000 pounds",2017-07,311383.0
West Central,Crude oil produced,"1,000 pounds",2017-08,302351.0
West Central,Crude oil produced,"1,000 pounds",2017-09,261587.0
West Central,Crude oil produced,"1,000 pounds",2017-10,350063.0
West Central,Crude oil produced,"1,000 pounds",2017-11,346608.0
West Central,Crude oil produced,"1,000 pounds",2017-12,356488.0
West Central,Crude oil produced,"1,000 pounds",2018-01,359324.0
West Central,Crude oil produced,"1,000 pounds",2018-02,332592.0
West Central,Crude oil produced,"1,000 pounds",2018-03,364012.0
West Central,Crude oil produced,"1,000 pounds",2018-04,343690.0
West Central,Crude oil produced,"1,000 pounds",2018-05,364732.0
West Central,Crude oil produced,"1,000 pounds",2018-06,343593.0
West Central,Crude oil produced,"1,000 pounds",2018-07,358937.0
West Central,Crude oil produced,"1,000 pounds",2018-08,332434.0
West Central,Crude oil produced,"1,000 pounds",2018-09,321589.0
West Central,Crude oil produced,"1,000 pounds",2018-10,351614.0
West Central,Crude oil produced,"1,000 pounds",2018-11,353071.0
West Central,Crude oil produced,"1,000 pounds",2018-12,363915.0
West Central,Crude oil produced,"1,000 pounds",2019-01,355311.0
West Central,Crude oil produced,"1,000 pounds",2019-02,330411.0
West Central,Crude oil produced,"1,000 pounds",2019-03,340941.0
West Central,Crude oil produced,"1,000 pounds",2019-04,316705.0
West Central,Crude oil produced,"1,000 pounds",2019-05,325185.0
West Central,Crude oil produced,"1,000 pounds",2019-06,331983.0
West Central,Crude oil produced,"1,000 pounds",2019-07,351209.0
West Central,Crude oil produced,"1,000 pounds",2019-08,354433.0
West Central,Crude oil produced,"1,000 pounds",2019-09,282846.0
West Central,Crude oil produced,"1,000 pounds",2019-10,370579.0
West Central,Crude oil produced,"1,000 pounds",2019-11,356406.0
West Central,Crude oil produced,"1,000 pounds",2019-12,361550.0
West Central,Crude oil produced,"1,000 pounds",2020-01,382802.0
West Central,Crude oil produced,"1,000 pounds",2020-02,354260.0
West Central,Crude oil produced,"1,000 pounds",2020-03,379334.0
West Central,Crude oil produced,"1,000 pounds",2020-04,358736.0
West Central,Crude oil produced,"1,000 pounds",2020-05,375744.0
West Central,Crude oil produced,"1,000 pounds",2020-06,364710.0
West Central,Crude oil produced,"1,000 pounds",2020-07,383690.0
West Central,Crude oil produced,"1,000 pounds",2020-08,361737.0
West Central,Crude oil produced,"1,000 pounds",2020-09,323780.0
West Central,Crude oil produced,"1,000 pounds",2020-10,378883.0
West Central,Crude oil produced,"1,000 pounds",2020-11,361815.0
West Central,Crude oil produced,"1,000 pounds",2020-12,372710.0
West Central,Crude oil produced,"1,000 pounds",2021-01,390345.0
West Central,Crude oil produced,"1,000 pounds",2021-02,305440.0
West Central,Crude oil produced,"1,000 pounds",2021-03,386439.0
West Central,Crude oil produced,"1,000 pounds",2021-04,349800.0
West Central,Crude oil produced,"1,000 pounds",2021-05,350243.0
West Central,Crude oil produced,"1,000 pounds",2021-06,349277.0
West Central,Crude oil produced,"1,000 pounds",2021-07,364013.0
West Central,Crude oil produced,"1,000 pounds",2021-08,302251.0
West Central,Crude oil produced,"1,000 pounds",2021-09,315707.0
West Central,Crude oil produced,"1,000 pounds",2021-10,402662.0
West Central,Crude oil produced,"1,000 pounds",2021-11,382839.0
West Central,Crude oil produced,"1,000 pounds",2021-12,410477.0
West Central,Crude oil produced,"1,000 pounds",2022-01,396702.0
West Central,Crude oil produced,"1,000 pounds",2022-02,355857.0
West Central,Crude oil produced,"1,000 pounds",2022-03,389345.0
West Central,Crude oil produced,"1,000 pounds",2022-04,366855.0
West Central,Crude oil produced,"1,000 pounds",2022-05,386853.0
West Central,Crude oil produced,"1,000 pounds",2022-06,378673.0
West Central,Crude oil produced,"1,000 pounds",2022-07,403027.0
West Central,Crude oil produced,"1,000 pounds",2022-08,367443.0
West Central,Crude oil produced,"1,000 pounds",2022-09,314546.0
West Central,Crude oil produced,"1,000 pounds",2022-10,408262.0
West Central,Crude oil produced,"1,000 pounds",2022-11,378424.0
West Central,Crude oil produced,"1,000 pounds",2022-12,384726.0
West Central,Crude oil produced,"1,000 pounds",2023-01,379760.0
West Central,Crude oil produced,"1,000 pounds",2023-02,354153.0
West Central,Crude oil produced,"1,000 pounds",2023-03,400263.0
West Central,Crude oil produced,"1,000 pounds",2023-04,366479.0
West Central,Crude oil produced,"1,000 pounds",2023-05,384776.0
West Central,Crude oil produced,"1,000 pounds",2023-06,379847.0
West Central,Crude oil produced,"1,000 pounds",2023-07,374376.0
West Central,Crude oil produced,"1,000 pounds",2023-08,345967.0
West Central,Crude oil produced,"1,000 pounds",2023-09,350380.0
West Central,Crude oil produced,"1,000 pounds",2023-10,385953.0
West Central,Crude oil produced,"1,000 pounds",2023-11,368432.0
West Central,Crude oil produced,"1,000 pounds",2023-12,376051.0
West Central,Crude oil produced,"1,000 pounds",2024-01,365600.0
West Central,Crude oil produced,"1,000 pounds",2024-02,365423.0
West Central,Crude oil produced,"1,000 pounds",2024-03,372098.0
West Central,Crude oil produced,"1,000 pounds",2024-04,278599.0
West Central,Crude oil produced,"1,000 pounds",2024-05,322925.0
West Central,Crude oil produced,"1,000 pounds",2024-06,332012.0
West Central,Crude oil produced,"1,000 pounds",2024-07,367658.0
West Central,Crude oil produced,"1,000 pounds",2024-08,312757.0
West Central,Crude oil produced,"1,000 pounds",2024-09,320401.0
West Central,Crude oil produced,"1,000 pounds",2024-10,437235.0
West Central,Crude oil produced,"1,000 pounds",2024-11,443787.0
West Central,Crude oil produced,"1,000 pounds",2024-12,489513.0
West Central,Crude oil produced,"1,000 pounds",2025-01,440017.0
West Central,Crude oil produced,"1,000 pounds",2025-02,404132.0
West Central,Crude oil produced,"1,000 pounds",2025-03,451227.0
West Central,Crude oil produced,"1,000 pounds",2025-04,429084.0
West Central,Crude oil produced,"1,000 pounds",2025-05,443751.0
West Central,Crude oil produced,"1,000 pounds",2025-06,428128.0
West Central,Crude oil produced,"1,000 pounds",2025-07,407860.0
West Central,Crude oil produced,"1,000 pounds",2025-08,369802.0
West Central,Crude oil produced,"1,000 pounds",2025-09,432697.0
West Central,Crude oil produced,"1,000 pounds",2025-10,539919.0
West Central,Crude oil produced,"1,000 pounds",2025-11,472216.0
West Central,Crude oil produced,"1,000 pounds",2025-12,524217.0
West Central,Crude oil produced,"1,000 pounds",2026-01,497665.0
West Central,Crude oil produced,"1,000 pounds",2026-02,500387.0
West Central,Crude oil produced,"1,000 pounds",2026-03,541483.0
West Central,Crude oil produced,"1,000 pounds",2026-04,490655.0
West Central,Crude oil produced,"1,000 pounds",2026-05,483357.0
West Central,Crude oil produced,"1,000 pounds",2026-06,526698.0
West Central,Crude oil produced,"1,000 pounds",2026-07,510622.0
West Central,Crude oil produced,"1,000 pounds",2026-08,457484.0
West Central,Crude oil stocks at crusher,"1,000 pounds",2015-05,131041.0
West Central,Crude oil stocks at crusher,"1,000 pounds",2015-06,141520.0
West Central,Crude oil stocks at crusher,"1,000 pounds",2015-07,151182.0
West Central,Crude oil stocks at crusher,"1,000 pounds",2015-08,89198.0
West Central,Crude oil stocks at crusher,"1,000 pounds",2015-09,66487.0
West Central,Crude oil stocks at crusher,"1,000 pounds",2015-10,66292.0
West Central,Crude oil stocks at crusher,"1,000 pounds",2015-11,57111.0
West Central,Crude oil stocks at crusher,"1,000 pounds",2015-12,49525.0
West Central,Crude oil stocks at crusher,"1,000 pounds",2016-01,58453.0
West Central,Crude oil stocks at crusher,"1,000 pounds",2016-02,54237.0
West Central,Crude oil stocks at crusher,"1,000 pounds",2016-03,53053.0
West Central,Crude oil stocks at crusher,"1,000 pounds",2016-04,59367.0
West Central,Crude oil stocks at crusher,"1,000 pounds",2016-05,48272.0
West Central,Crude oil stocks at crusher,"1,000 pounds",2016-06,37068.0
West Central,Crude oil stocks at crusher,"1,000 pounds",2016-07,43859.0
West Central,Crude oil stocks at crusher,"1,000 pounds",2016-08,47818.0
West Central,Crude oil stocks at crusher,"1,000 pounds",2016-09,43878.0
West Central,Crude oil stocks at crusher,"1,000 pounds",2016-10,44379.0
West Central,Crude oil stocks at crusher,"1,000 pounds",2016-11,35974.0
West Central,Crude oil stocks at crusher,"1,000 pounds",2016-12,43269.0
West Central,Crude oil stocks at crusher,"1,000 pounds",2017-01,36924.0
West Central,Crude oil stocks at crusher,"1,000 pounds",2017-02,43087.0
West Central,Crude oil stocks at crusher,"1,000 pounds",2017-03,30197.0
West Central,Crude oil stocks at crusher,"1,000 pounds",2017-04,30361.0
West Central,Crude oil stocks at crusher,"1,000 pounds",2017-05,27227.0
West Central,Crude oil stocks at crusher,"1,000 pounds",2017-06,21696.0
West Central,Crude oil stocks at crusher,"1,000 pounds",2017-07,25266.0
West Central,Crude oil stocks at crusher,"1,000 pounds",2017-08,24944.0
West Central,Crude oil stocks at crusher,"1,000 pounds",2017-09,29038.0
West Central,Crude oil stocks at crusher,"1,000 pounds",2017-10,25057.0
West Central,Crude oil stocks at crusher,"1,000 pounds",2017-11,42485.0
West Central,Crude oil stocks at crusher,"1,000 pounds",2017-12,51597.0
West Central,Crude oil stocks at crusher,"1,000 pounds",2018-01,56781.0
West Central,Crude oil stocks at crusher,"1,000 pounds",2018-02,61987.0
West Central,Crude oil stocks at crusher,"1,000 pounds",2018-03,46142.0
West Central,Crude oil stocks at crusher,"1,000 pounds",2018-04,41995.0
West Central,Crude oil stocks at crusher,"1,000 pounds",2018-05,50221.0
West Central,Crude oil stocks at crusher,"1,000 pounds",2018-06,41532.0
West Central,Crude oil stocks at crusher,"1,000 pounds",2018-07,44094.0
West Central,Crude oil stocks at crusher,"1,000 pounds",2018-10,37386.0
West Central,Crude oil stocks at crusher,"1,000 pounds",2019-01,39808.0
West Central,Crude oil stocks at crusher,"1,000 pounds",2019-03,49488.0
West Central,Crude oil stocks at crusher,"1,000 pounds",2019-05,44986.0
West Central,Crude oil stocks at crusher,"1,000 pounds",2019-06,42154.0
West Central,Crude oil stocks at crusher,"1,000 pounds",2019-09,40741.0
West Central,Crude oil stocks at crusher,"1,000 pounds",2019-10,40033.0
West Central,Crude oil stocks at crusher,"1,000 pounds",2019-11,39794.0
West Central,Crude oil stocks at crusher,"1,000 pounds",2019-12,47734.0
West Central,Crude oil stocks at crusher,"1,000 pounds",2020-02,68235.0
West Central,Crude oil stocks at crusher,"1,000 pounds",2020-03,73355.0
West Central,Crude oil stocks at crusher,"1,000 pounds",2020-04,68697.0
West Central,Crude oil stocks at crusher,"1,000 pounds",2020-05,70014.0
West Central,Crude oil stocks at crusher,"1,000 pounds",2020-06,71404.0
West Central,Crude oil stocks at crusher,"1,000 pounds",2020-07,72780.0
West Central,Crude oil stocks at crusher,"1,000 pounds",2020-08,81865.0
West Central,Crude oil stocks at crusher,"1,000 pounds",2020-09,100591.0
West Central,Crude oil stocks at crusher,"1,000 pounds",2020-10,111483.0
West Central,Crude oil stocks at crusher,"1,000 pounds",2020-11,122641.0
West Central,Crude oil stocks at crusher,"1,000 pounds",2020-12,112205.0
West Central,Crude oil stocks at crusher,"1,000 pounds",2021-01,114913.0
West Central,Crude oil stocks at crusher,"1,000 pounds",2021-02,122694.0
West Central,Crude oil stocks at crusher,"1,000 pounds",2021-03,97448.0
West Central,Crude oil stocks at crusher,"1,000 pounds",2021-04,102562.0
West Central,Crude oil stocks at crusher,"1,000 pounds",2021-05,99717.0
West Central,Crude oil stocks at crusher,"1,000 pounds",2021-06,122306.0
West Central,Crude oil stocks at crusher,"1,000 pounds",2021-07,127234.0
West Central,Crude oil stocks at crusher,"1,000 pounds",2021-08,154495.0
West Central,Crude oil stocks at crusher,"1,000 pounds",2021-10,137266.0
West Central,Crude oil stocks at crusher,"1,000 pounds",2021-11,143223.0
West Central,Crude oil stocks at crusher,"1,000 pounds",2021-12,135498.0
West Central,Crude oil stocks at crusher,"1,000 pounds",2022-01,129254.0
West Central,Crude oil stocks at crusher,"1,000 pounds",2022-02,134865.0
West Central,Crude oil stocks at crusher,"1,000 pounds",2022-03,119369.0
West Central,Crude oil stocks at crusher,"1,000 pounds",2022-04,120100.0
West Central,Crude oil stocks at crusher,"1,000 pounds",2022-05,126619.0
West Central,Crude oil stocks at crusher,"1,000 pounds",2022-06,133944.0
West Central,Crude oil stocks at crusher,"1,000 pounds",2022-07,134539.0
West Central,Crude oil stocks at crusher,"1,000 pounds",2022-08,143427.0
West Central,Crude oil stocks at crusher,"1,000 pounds",2022-09,134511.0
West Central,Crude oil stocks at crusher,"1,000 pounds",2022-10,149295.0
West Central,Crude oil stocks at crusher,"1,000 pounds",2022-11,150427.0
West Central,Crude oil stocks at crusher,"1,000 pounds",2022-12,120146.0
West Central,Crude oil stocks at crusher,"1,000 pounds",2023-01,120883.0
West Central,Crude oil stocks at crusher,"1,000 pounds",2023-02,103501.0
West Central,Crude oil stocks at crusher,"1,000 pounds",2023-03,113267.0
West Central,Crude oil stocks at crusher,"1,000 pounds",2023-04,144574.0
West Central,Crude oil stocks at crusher,"1,000 pounds",2023-05,129105.0
West Central,Crude oil stocks at crusher,"1,000 pounds",2023-06,127050.0
West Central,Crude oil stocks at crusher,"1,000 pounds",2023-07,124565.0
West Central,Crude oil stocks at crusher,"1,000 pounds",2023-08,142285.0
West Central,Crude oil stocks at crusher,"1,000 pounds",2023-09,131035.0
West Central,Crude oil stocks at crusher,"1,000 pounds",2023-10,133995.0
West Central,Crude oil stocks at crusher,"1,000 pounds",2023-12,114759.0
West Central,Crude oil stocks at crusher,"1,000 pounds",2024-01,125511.0
West Central,Crude oil stocks at crusher,"1,000 pounds",2024-02,120711.0
West Central,Crude oil stocks at crusher,"1,000 pounds",2024-03,148477.0
West Central,Crude oil stocks at crusher,"1,000 pounds",2024-04,127298.0
West Central,Crude oil stocks at crusher,"1,000 pounds",2024-05,125446.0
West Central,Crude oil stocks at crusher,"1,000 pounds",2024-06,136788.0
West Central,Crude oil stocks at crusher,"1,000 pounds",2024-07,119691.0
West Central,Crude oil stocks at crusher,"1,000 pounds",2024-08,118721.0
West Central,Crude oil stocks at crusher,"1,000 pounds",2024-09,110066.0
West Central,Crude oil stocks at crusher,"1,000 pounds",2024-10,125102.0
West Central,Crude oil stocks at crusher,"1,000 pounds",2024-11,104890.0
West Central,Crude oil stocks at crusher,"1,000 pounds",2024-12,94073.0
West Central,Crude oil stocks at crusher,"1,000 pounds",2025-01,93963.0
West Central,Crude oil stocks at crusher,"1,000 pounds",2025-02,132120.0
West Central,Crude oil stocks at crusher,"1,000 pounds",2025-03,149963.0
West Central,Crude oil stocks at crusher,"1,000 pounds",2025-04,149824.0
West Central,Crude oil stocks at crusher,"1,000 pounds",2025-05,138953.0
West Central,Crude oil stocks at crusher,"1,000 pounds",2025-06,132714.0
West Central,Crude oil stocks at crusher,"1,000 pounds",2025-07,162787.0
West Central,Crude oil stocks at crusher,"1,000 pounds",2025-08,137256.0
West Central,Crude oil stocks at crusher,"1,000 pounds",2025-09,123098.0
West Central,Crude oil stocks at crusher,"1,000 pounds",2025-10,124959.0
West Central,Crude oil stocks at crusher,"1,000 pounds",2025-11,130444.0
West Central,Crude oil stocks at crusher,"1,000 pounds",2025-12,139231.0
West Central,Crude oil stocks at crusher,"1,000 pounds",2026-01,147064.0
West Central,Crude oil stocks at crusher,"1,000 pounds",2026-02,176994.0
West Central,Crude oil stocks at crusher,"1,000 pounds",2026-03,177474.0
West Central,Crude oil stocks at crusher,"1,000 pounds",2026-04,150527.0
West Central,Crude oil stocks at crusher,"1,000 pounds",2026-05,133162.0
West Central,Crude oil stocks at crusher,"1,000 pounds",2026-06,139216.0
West Central,Crude oil stocks at crusher,"1,000 pounds",2026-07,111752.0
West Central,Crude oil stocks at crusher,"1,000 pounds",2026-08,131736.0
West Central,Soybeans crushed,tons,2015-05,816301.0
West Central,Soybeans crushed,tons,2015-06,764524.0
West Central,Soybeans crushed,tons,2015-07,778726.0
West Central,Soybeans crushed,tons,2015-08,672044.0
West Central,Soybeans crushed,tons,2015-09,559941.0
West Central,Soybeans crushed,tons,2015-10,809262.0
West Central,Soybeans crushed,tons,2015-11,760016.0
West Central,Soybeans crushed,tons,2015-12,826125.0
West Central,Soybeans crushed,tons,2016-01,790893.0
West Central,Soybeans crushed,tons,2016-02,745507.0
West Central,Soybeans crushed,tons,2016-03,794073.0
West Central,Soybeans crushed,tons,2016-04,800934.0
West Central,Soybeans crushed,tons,2016-05,802952.0
West Central,Soybeans crushed,tons,2016-06,765226.0
West Central,Soybeans crushed,tons,2016-07,739479.0
West Central,Soybeans crushed,tons,2016-08,617868.0
West Central,Soybeans crushed,tons,2016-09,652441.0
West Central,Soybeans crushed,tons,2016-10,878275.0
West Central,Soybeans crushed,tons,2016-11,879689.0
West Central,Soybeans crushed,tons,2016-12,886912.0
West Central,Soybeans crushed,tons,2017-01,868195.0
West Central,Soybeans crushed,tons,2017-02,763227.0
West Central,Soybeans crushed,tons,2017-03,834839.0
West Central,Soybeans crushed,tons,2017-04,809943.0
West Central,Soybeans crushed,tons,2017-05,854206.0
West Central,Soybeans crushed,tons,2017-06,750883.0
West Central,Soybeans crushed,tons,2017-07,808002.0
West Central,Soybeans crushed,tons,2017-08,786328.0
West Central,Soybeans crushed,tons,2017-09,672802.0
West Central,Soybeans crushed,tons,2017-10,919836.0
West Central,Soybeans crushed,tons,2017-11,908342.0
West Central,Soybeans crushed,tons,2017-12,922844.0
West Central,Soybeans crushed,tons,2018-01,931993.0
West Central,Soybeans crushed,tons,2018-02,869871.0
West Central,Soybeans crushed,tons,2018-03,943013.0
West Central,Soybeans crushed,tons,2018-04,893582.0
West Central,Soybeans crushed,tons,2018-05,944806.0
West Central,Soybeans crushed,tons,2018-06,897792.0
West Central,Soybeans crushed,tons,2018-07,933192.0
West Central,Soybeans crushed,tons,2018-08,860148.0
West Central,Soybeans crushed,tons,2018-09,847771.0
West Central,Soybeans crushed,tons,2018-10,916509.0
West Central,Soybeans crushed,tons,2018-11,924676.0
West Central,Soybeans crushed,tons,2018-12,955008.0
West Central,Soybeans crushed,tons,2019-01,944502.0
West Central,Soybeans crushed,tons,2019-02,832510.0
West Central,Soybeans crushed,tons,2019-03,886343.0
West Central,Soybeans crushed,tons,2019-04,832972.0
West Central,Soybeans crushed,tons,2019-05,847791.0
West Central,Soybeans crushed,tons,2019-06,862082.0
West Central,Soybeans crushed,tons,2019-07,909024.0
West Central,Soybeans crushed,tons,2019-08,908136.0
West Central,Soybeans crushed,tons,2019-09,730996.0
West Central,Soybeans crushed,tons,2019-10,963350.0
West Central,Soybeans crushed,tons,2019-11,929427.0
West Central,Soybeans crushed,tons,2019-12,935559.0
West Central,Soybeans crushed,tons,2020-01,994689.0
West Central,Soybeans crushed,tons,2020-02,918547.0
West Central,Soybeans crushed,tons,2020-03,982800.0
West Central,Soybeans crushed,tons,2020-04,926612.0
West Central,Soybeans crushed,tons,2020-05,977657.0
West Central,Soybeans crushed,tons,2020-06,941364.0
West Central,Soybeans crushed,tons,2020-07,980142.0
West Central,Soybeans crushed,tons,2020-08,940414.0
West Central,Soybeans crushed,tons,2020-09,841280.0
West Central,Soybeans crushed,tons,2020-10,980431.0
West Central,Soybeans crushed,tons,2020-11,944023.0
West Central,Soybeans crushed,tons,2020-12,965081.0
West Central,Soybeans crushed,tons,2021-01,974712.0
West Central,Soybeans crushed,tons,2021-02,742159.0
West Central,Soybeans crushed,tons,2021-03,960895.0
West Central,Soybeans crushed,tons,2021-04,893303.0
West Central,Soybeans crushed,tons,2021-05,885983.0
West Central,Soybeans crushed,tons,2021-06,858800.0
West Central,Soybeans crushed,tons,2021-07,888679.0
West Central,Soybeans crushed,tons,2021-08,727388.0
West Central,Soybeans crushed,tons,2021-09,779384.0
West Central,Soybeans crushed,tons,2021-10,967876.0
West Central,Soybeans crushed,tons,2021-11,946746.0
West Central,Soybeans crushed,tons,2021-12,1016186.0
West Central,Soybeans crushed,tons,2022-01,997054.0
West Central,Soybeans crushed,tons,2022-02,880979.0
West Central,Soybeans crushed,tons,2022-03,967725.0
West Central,Soybeans crushed,tons,2022-04,900392.0
West Central,Soybeans crushed,tons,2022-05,963957.0
West Central,Soybeans crushed,tons,2022-06,930874.0
West Central,Soybeans crushed,tons,2022-07,984263.0
West Central,Soybeans crushed,tons,2022-08,906657.0
West Central,Soybeans crushed,tons,2022-09,733279.0
West Central,Soybeans crushed,tons,2022-10,980092.0
West Central,Soybeans crushed,tons,2022-11,949855.0
West Central,Soybeans crushed,tons,2022-12,949724.0
West Central,Soybeans crushed,tons,2023-01,944637.0
West Central,Soybeans crushed,tons,2023-02,847926.0
West Central,Soybeans crushed,tons,2023-03,972208.0
West Central,Soybeans crushed,tons,2023-04,877682.0
West Central,Soybeans crushed,tons,2023-05,965098.0
West Central,Soybeans crushed,tons,2023-06,935931.0
West Central,Soybeans crushed,tons,2023-07,932353.0
West Central,Soybeans crushed,tons,2023-08,848307.0
West Central,Soybeans crushed,tons,2023-09,868018.0
West Central,Soybeans crushed,tons,2023-10,978522.0
West Central,Soybeans crushed,tons,2023-11,935166.0
West Central,Soybeans crushed,tons,2023-12,964612.0
West Central,Soybeans crushed,tons,2024-01,916680.0
West Central,Soybeans crushed,tons,2024-02,917445.0
West Central,Soybeans crushed,tons,2024-03,935139.0
West Central,Soybeans crushed,tons,2024-04,707573.0
West Central,Soybeans crushed,tons,2024-05,825940.0
West Central,Soybeans crushed,tons,2024-06,844952.0
West Central,Soybeans crushed,tons,2024-07,919521.0
West Central,Soybeans crushed,tons,2024-08,773619.0
West Central,Soybeans crushed,tons,2024-09,767118.0
West Central,Soybeans crushed,tons,2024-10,1090429.0
West Central,Soybeans crushed,tons,2024-11,1097742.0
West Central,Soybeans crushed,tons,2024-12,1203202.0
West Central,Soybeans crushed,tons,2025-01,1108104.0
West Central,Soybeans crushed,tons,2025-02,1002733.0
West Central,Soybeans crushed,tons,2025-03,1111334.0
West Central,Soybeans crushed,tons,2025-04,1082005.0
West Central,Soybeans crushed,tons,2025-05,1139572.0
West Central,Soybeans crushed,tons,2025-06,1069168.0
West Central,Soybeans crushed,tons,2025-07,1041694.0
West Central,Soybeans crushed,tons,2025-08,936967.0
West Central,Soybeans crushed,tons,2025-09,1110683.0
West Central,Soybeans crushed,tons,2025-10,1372773.0
West Central,Soybeans crushed,tons,2025-11,1229750.0
West Central,Soybeans crushed,tons,2025-12,1355296.0
West Central,Soybeans crushed,tons,2026-01,1292308.0
West Central,Soybeans crushed,tons,2026-02,1284778.0
West Central,Soybeans crushed,tons,2026-03,1388525.0
West Central,Soybeans crushed,tons,2026-04,1255006.0
West Central,Soybeans crushed,tons,2026-05,1239401.0
West Central,Soybeans crushed,tons,2026-06,1335124.0
West Central,Soybeans crushed,tons,2026-07,1325800.0
West Central,Soybeans crushed,tons,2026-08,1159757.0
