fat_product,metric,unit,period,value
Choice white grease,Production,"1,000 pounds",2015-05,118849.0
Choice white grease,Production,"1,000 pounds",2015-06,116705.0
Choice white grease,Production,"1,000 pounds",2015-07,107580.0
Choice white grease,Production,"1,000 pounds",2015-08,107163.0
Choice white grease,Production,"1,000 pounds",2015-09,118144.0
Choice white grease,Production,"1,000 pounds",2015-10,114187.0
Choice white grease,Production,"1,000 pounds",2015-11,116647.0
Choice white grease,Production,"1,000 pounds",2015-12,117902.0
Choice white grease,Production,"1,000 pounds",2016-01,111920.0
Choice white grease,Production,"1,000 pounds",2016-02,111901.0
Choice white grease,Production,"1,000 pounds",2016-03,112681.0
Choice white grease,Production,"1,000 pounds",2016-04,111103.0
Choice white grease,Production,"1,000 pounds",2016-05,116462.0
Choice white grease,Production,"1,000 pounds",2016-06,115558.0
Choice white grease,Production,"1,000 pounds",2016-07,95777.0
Choice white grease,Production,"1,000 pounds",2016-08,114603.0
Choice white grease,Production,"1,000 pounds",2016-09,112216.0
Choice white grease,Production,"1,000 pounds",2016-10,116183.0
Choice white grease,Production,"1,000 pounds",2016-11,127696.0
Choice white grease,Production,"1,000 pounds",2016-12,121400.0
Choice white grease,Production,"1,000 pounds",2017-01,113025.0
Choice white grease,Production,"1,000 pounds",2017-02,120739.0
Choice white grease,Production,"1,000 pounds",2017-03,110196.0
Choice white grease,Production,"1,000 pounds",2017-04,101511.0
Choice white grease,Production,"1,000 pounds",2017-05,108828.0
Choice white grease,Production,"1,000 pounds",2017-06,118168.0
Choice white grease,Production,"1,000 pounds",2017-07,88859.0
Choice white grease,Production,"1,000 pounds",2017-08,111635.0
Choice white grease,Production,"1,000 pounds",2017-09,103468.0
Choice white grease,Production,"1,000 pounds",2017-10,108646.0
Choice white grease,Production,"1,000 pounds",2017-11,116982.0
Choice white grease,Production,"1,000 pounds",2017-12,103689.0
Choice white grease,Production,"1,000 pounds",2018-01,106903.0
Choice white grease,Production,"1,000 pounds",2018-02,113874.0
Choice white grease,Production,"1,000 pounds",2018-03,109976.0
Choice white grease,Production,"1,000 pounds",2018-04,104166.0
Choice white grease,Production,"1,000 pounds",2018-05,113594.0
Choice white grease,Production,"1,000 pounds",2018-06,99298.0
Choice white grease,Production,"1,000 pounds",2018-07,90095.0
Choice white grease,Production,"1,000 pounds",2018-08,113405.0
Choice white grease,Production,"1,000 pounds",2018-09,103973.0
Choice white grease,Production,"1,000 pounds",2018-10,104610.0
Choice white grease,Production,"1,000 pounds",2018-11,116736.0
Choice white grease,Production,"1,000 pounds",2018-12,118323.0
Choice white grease,Production,"1,000 pounds",2019-01,111538.0
Choice white grease,Production,"1,000 pounds",2019-02,128757.0
Choice white grease,Production,"1,000 pounds",2019-03,121016.0
Choice white grease,Production,"1,000 pounds",2019-04,105546.0
Choice white grease,Production,"1,000 pounds",2019-05,114886.0
Choice white grease,Production,"1,000 pounds",2019-06,110237.0
Choice white grease,Production,"1,000 pounds",2019-07,93335.0
Choice white grease,Production,"1,000 pounds",2019-08,107277.0
Choice white grease,Production,"1,000 pounds",2019-09,106205.0
Choice white grease,Production,"1,000 pounds",2019-10,114003.0
Choice white grease,Production,"1,000 pounds",2019-11,121381.0
Choice white grease,Production,"1,000 pounds",2019-12,112592.0
Choice white grease,Production,"1,000 pounds",2020-01,115706.0
Choice white grease,Production,"1,000 pounds",2020-02,125112.0
Choice white grease,Production,"1,000 pounds",2020-03,126508.0
Choice white grease,Production,"1,000 pounds",2020-04,88974.0
Choice white grease,Production,"1,000 pounds",2020-05,110913.0
Choice white grease,Production,"1,000 pounds",2020-06,114975.0
Choice white grease,Production,"1,000 pounds",2020-07,98436.0
Choice white grease,Production,"1,000 pounds",2020-08,104807.0
Choice white grease,Production,"1,000 pounds",2020-09,105618.0
Choice white grease,Production,"1,000 pounds",2020-10,96576.0
Choice white grease,Production,"1,000 pounds",2020-11,116917.0
Choice white grease,Production,"1,000 pounds",2020-12,110632.0
Choice white grease,Production,"1,000 pounds",2021-01,112172.0
Choice white grease,Production,"1,000 pounds",2021-02,108286.0
Choice white grease,Production,"1,000 pounds",2021-03,108982.0
Choice white grease,Production,"1,000 pounds",2021-04,97445.0
Choice white grease,Production,"1,000 pounds",2021-05,91738.0
Choice white grease,Production,"1,000 pounds",2021-06,88615.0
Choice white grease,Production,"1,000 pounds",2021-07,83645.0
Choice white grease,Production,"1,000 pounds",2021-08,96856.0
Choice white grease,Production,"1,000 pounds",2021-09,102844.0
Choice white grease,Production,"1,000 pounds",2021-10,103514.0
Choice white grease,Production,"1,000 pounds",2021-11,129988.0
Choice white grease,Production,"1,000 pounds",2021-12,123435.0
Choice white grease,Production,"1,000 pounds",2022-01,109463.0
Choice white grease,Production,"1,000 pounds",2022-02,119243.0
Choice white grease,Production,"1,000 pounds",2022-03,121744.0
Choice white grease,Production,"1,000 pounds",2022-04,121473.0
Choice white grease,Production,"1,000 pounds",2022-05,121177.0
Choice white grease,Production,"1,000 pounds",2022-06,113678.0
Choice white grease,Production,"1,000 pounds",2022-07,96405.0
Choice white grease,Production,"1,000 pounds",2022-08,114771.0
Choice white grease,Production,"1,000 pounds",2022-09,107242.0
Choice white grease,Production,"1,000 pounds",2022-10,108287.0
Choice white grease,Production,"1,000 pounds",2022-11,116593.0
Choice white grease,Production,"1,000 pounds",2022-12,110981.0
Choice white grease,Production,"1,000 pounds",2023-01,114801.0
Choice white grease,Production,"1,000 pounds",2023-02,119578.0
Choice white grease,Production,"1,000 pounds",2023-03,119429.0
Choice white grease,Production,"1,000 pounds",2023-04,103830.0
Choice white grease,Production,"1,000 pounds",2023-05,118053.0
Choice white grease,Production,"1,000 pounds",2023-06,109628.0
Choice white grease,Production,"1,000 pounds",2023-07,92937.0
Choice white grease,Production,"1,000 pounds",2023-08,126669.0
Choice white grease,Production,"1,000 pounds",2023-09,100468.0
Choice white grease,Production,"1,000 pounds",2023-10,104509.0
Choice white grease,Production,"1,000 pounds",2023-11,118975.0
Choice white grease,Production,"1,000 pounds",2023-12,112909.0
Choice white grease,Production,"1,000 pounds",2024-01,117828.0
Choice white grease,Production,"1,000 pounds",2024-02,114158.0
Choice white grease,Production,"1,000 pounds",2024-03,109828.0
Choice white grease,Production,"1,000 pounds",2024-04,97826.0
Choice white grease,Production,"1,000 pounds",2024-05,93367.0
Choice white grease,Production,"1,000 pounds",2024-06,103427.0
Choice white grease,Production,"1,000 pounds",2024-07,94425.0
Choice white grease,Production,"1,000 pounds",2024-08,112258.0
Choice white grease,Production,"1,000 pounds",2024-09,95907.0
Choice white grease,Production,"1,000 pounds",2024-10,93742.0
Choice white grease,Production,"1,000 pounds",2024-11,117111.0
Choice white grease,Production,"1,000 pounds",2024-12,101498.0
Choice white grease,Production,"1,000 pounds",2025-01,103403.0
Choice white grease,Production,"1,000 pounds",2025-02,108755.0
Choice white grease,Production,"1,000 pounds",2025-03,99641.0
Choice white grease,Production,"1,000 pounds",2025-04,104584.0
Choice white grease,Production,"1,000 pounds",2025-05,107514.0
Choice white grease,Production,"1,000 pounds",2025-06,98501.0
Choice white grease,Production,"1,000 pounds",2025-07,88064.0
Choice white grease,Production,"1,000 pounds",2025-08,104431.0
Choice white grease,Production,"1,000 pounds",2025-09,99707.0
Choice white grease,Production,"1,000 pounds",2025-10,99045.0
Choice white grease,Production,"1,000 pounds",2025-11,108953.0
Choice white grease,Production,"1,000 pounds",2025-12,107536.0
Choice white grease,Production,"1,000 pounds",2026-01,99941.0
Choice white grease,Production,"1,000 pounds",2026-02,109043.0
Choice white grease,Production,"1,000 pounds",2026-03,106873.0
Choice white grease,Production,"1,000 pounds",2026-04,97948.0
Choice white grease,Production,"1,000 pounds",2026-05,107704.0
Choice white grease,Production,"1,000 pounds",2026-06,100908.0
Choice white grease,Production,"1,000 pounds",2026-07,94981.0
Choice white grease,Production,"1,000 pounds",2026-08,104425.0
Choice white grease,Removed for inedible use,"1,000 pounds",2015-05,119328.0
Choice white grease,Removed for inedible use,"1,000 pounds",2015-06,115031.0
Choice white grease,Removed for inedible use,"1,000 pounds",2015-07,109442.0
Choice white grease,Removed for inedible use,"1,000 pounds",2015-08,103818.0
Choice white grease,Removed for inedible use,"1,000 pounds",2015-09,122376.0
Choice white grease,Removed for inedible use,"1,000 pounds",2015-10,115087.0
Choice white grease,Removed for inedible use,"1,000 pounds",2015-11,117543.0
Choice white grease,Removed for inedible use,"1,000 pounds",2015-12,119056.0
Choice white grease,Removed for inedible use,"1,000 pounds",2016-01,111080.0
Choice white grease,Removed for inedible use,"1,000 pounds",2016-02,110190.0
Choice white grease,Removed for inedible use,"1,000 pounds",2016-03,110810.0
Choice white grease,Removed for inedible use,"1,000 pounds",2016-04,111044.0
Choice white grease,Removed for inedible use,"1,000 pounds",2016-05,115463.0
Choice white grease,Removed for inedible use,"1,000 pounds",2016-06,115517.0
Choice white grease,Removed for inedible use,"1,000 pounds",2016-07,96897.0
Choice white grease,Removed for inedible use,"1,000 pounds",2016-08,115996.0
Choice white grease,Removed for inedible use,"1,000 pounds",2016-09,110832.0
Choice white grease,Removed for inedible use,"1,000 pounds",2016-10,115514.0
Choice white grease,Removed for inedible use,"1,000 pounds",2016-11,128052.0
Choice white grease,Removed for inedible use,"1,000 pounds",2016-12,124399.0
Choice white grease,Removed for inedible use,"1,000 pounds",2017-01,112189.0
Choice white grease,Removed for inedible use,"1,000 pounds",2017-02,122163.0
Choice white grease,Removed for inedible use,"1,000 pounds",2017-03,112753.0
Choice white grease,Removed for inedible use,"1,000 pounds",2017-04,102104.0
Choice white grease,Removed for inedible use,"1,000 pounds",2017-05,108956.0
Choice white grease,Removed for inedible use,"1,000 pounds",2017-06,116019.0
Choice white grease,Removed for inedible use,"1,000 pounds",2017-07,86533.0
Choice white grease,Removed for inedible use,"1,000 pounds",2017-08,112037.0
Choice white grease,Removed for inedible use,"1,000 pounds",2017-09,101877.0
Choice white grease,Removed for inedible use,"1,000 pounds",2017-10,109969.0
Choice white grease,Removed for inedible use,"1,000 pounds",2017-11,116986.0
Choice white grease,Removed for inedible use,"1,000 pounds",2017-12,103260.0
Choice white grease,Removed for inedible use,"1,000 pounds",2018-01,104907.0
Choice white grease,Removed for inedible use,"1,000 pounds",2018-02,115491.0
Choice white grease,Removed for inedible use,"1,000 pounds",2018-03,110761.0
Choice white grease,Removed for inedible use,"1,000 pounds",2018-04,105285.0
Choice white grease,Removed for inedible use,"1,000 pounds",2018-05,112703.0
Choice white grease,Removed for inedible use,"1,000 pounds",2018-06,99851.0
Choice white grease,Removed for inedible use,"1,000 pounds",2018-07,89393.0
Choice white grease,Removed for inedible use,"1,000 pounds",2018-08,112653.0
Choice white grease,Removed for inedible use,"1,000 pounds",2018-09,102781.0
Choice white grease,Removed for inedible use,"1,000 pounds",2018-10,105187.0
Choice white grease,Removed for inedible use,"1,000 pounds",2018-11,114285.0
Choice white grease,Removed for inedible use,"1,000 pounds",2018-12,117817.0
Choice white grease,Removed for inedible use,"1,000 pounds",2019-01,111774.0
Choice white grease,Removed for inedible use,"1,000 pounds",2019-02,131967.0
Choice white grease,Removed for inedible use,"1,000 pounds",2019-03,120727.0
Choice white grease,Removed for inedible use,"1,000 pounds",2019-04,104635.0
Choice white grease,Removed for inedible use,"1,000 pounds",2019-05,118664.0
Choice white grease,Removed for inedible use,"1,000 pounds",2019-06,109944.0
Choice white grease,Removed for inedible use,"1,000 pounds",2019-07,93752.0
Choice white grease,Removed for inedible use,"1,000 pounds",2019-08,105231.0
Choice white grease,Removed for inedible use,"1,000 pounds",2019-09,105495.0
Choice white grease,Removed for inedible use,"1,000 pounds",2019-10,114390.0
Choice white grease,Removed for inedible use,"1,000 pounds",2019-11,119349.0
Choice white grease,Removed for inedible use,"1,000 pounds",2019-12,111265.0
Choice white grease,Removed for inedible use,"1,000 pounds",2020-01,114833.0
Choice white grease,Removed for inedible use,"1,000 pounds",2020-02,125803.0
Choice white grease,Removed for inedible use,"1,000 pounds",2020-03,126385.0
Choice white grease,Removed for inedible use,"1,000 pounds",2020-04,93189.0
Choice white grease,Removed for inedible use,"1,000 pounds",2020-05,108731.0
Choice white grease,Removed for inedible use,"1,000 pounds",2020-06,113761.0
Choice white grease,Removed for inedible use,"1,000 pounds",2020-07,99287.0
Choice white grease,Removed for inedible use,"1,000 pounds",2020-08,103034.0
Choice white grease,Removed for inedible use,"1,000 pounds",2020-09,106395.0
Choice white grease,Removed for inedible use,"1,000 pounds",2020-10,94307.0
Choice white grease,Removed for inedible use,"1,000 pounds",2020-11,115358.0
Choice white grease,Removed for inedible use,"1,000 pounds",2020-12,114200.0
Choice white grease,Removed for inedible use,"1,000 pounds",2021-01,108526.0
Choice white grease,Removed for inedible use,"1,000 pounds",2021-02,111633.0
Choice white grease,Removed for inedible use,"1,000 pounds",2021-03,107621.0
Choice white grease,Removed for inedible use,"1,000 pounds",2021-04,96310.0
Choice white grease,Removed for inedible use,"1,000 pounds",2021-05,97532.0
Choice white grease,Removed for inedible use,"1,000 pounds",2021-06,90666.0
Choice white grease,Removed for inedible use,"1,000 pounds",2021-07,83532.0
Choice white grease,Removed for inedible use,"1,000 pounds",2021-08,95186.0
Choice white grease,Removed for inedible use,"1,000 pounds",2021-09,101908.0
Choice white grease,Removed for inedible use,"1,000 pounds",2021-10,104062.0
Choice white grease,Removed for inedible use,"1,000 pounds",2021-11,127668.0
Choice white grease,Removed for inedible use,"1,000 pounds",2021-12,126360.0
Choice white grease,Removed for inedible use,"1,000 pounds",2022-01,107287.0
Choice white grease,Removed for inedible use,"1,000 pounds",2022-02,120964.0
Choice white grease,Removed for inedible use,"1,000 pounds",2022-03,122380.0
Choice white grease,Removed for inedible use,"1,000 pounds",2022-04,121506.0
Choice white grease,Removed for inedible use,"1,000 pounds",2022-05,122035.0
Choice white grease,Removed for inedible use,"1,000 pounds",2022-06,114790.0
Choice white grease,Removed for inedible use,"1,000 pounds",2022-07,96166.0
Choice white grease,Removed for inedible use,"1,000 pounds",2022-08,111776.0
Choice white grease,Removed for inedible use,"1,000 pounds",2022-09,108779.0
Choice white grease,Removed for inedible use,"1,000 pounds",2022-10,106961.0
Choice white grease,Removed for inedible use,"1,000 pounds",2022-11,116980.0
Choice white grease,Removed for inedible use,"1,000 pounds",2022-12,111094.0
Choice white grease,Removed for inedible use,"1,000 pounds",2023-01,114094.0
Choice white grease,Removed for inedible use,"1,000 pounds",2023-02,121222.0
Choice white grease,Removed for inedible use,"1,000 pounds",2023-03,120275.0
Choice white grease,Removed for inedible use,"1,000 pounds",2023-04,101360.0
Choice white grease,Removed for inedible use,"1,000 pounds",2023-05,119232.0
Choice white grease,Removed for inedible use,"1,000 pounds",2023-06,110953.0
Choice white grease,Removed for inedible use,"1,000 pounds",2023-07,91258.0
Choice white grease,Removed for inedible use,"1,000 pounds",2023-08,126204.0
Choice white grease,Removed for inedible use,"1,000 pounds",2023-09,102201.0
Choice white grease,Removed for inedible use,"1,000 pounds",2023-10,104022.0
Choice white grease,Removed for inedible use,"1,000 pounds",2023-11,117805.0
Choice white grease,Removed for inedible use,"1,000 pounds",2023-12,112503.0
Choice white grease,Removed for inedible use,"1,000 pounds",2024-01,116462.0
Choice white grease,Removed for inedible use,"1,000 pounds",2024-02,116487.0
Choice white grease,Removed for inedible use,"1,000 pounds",2024-03,109617.0
Choice white grease,Removed for inedible use,"1,000 pounds",2024-04,98656.0
Choice white grease,Removed for inedible use,"1,000 pounds",2024-05,95663.0
Choice white grease,Removed for inedible use,"1,000 pounds",2024-06,103437.0
Choice white grease,Removed for inedible use,"1,000 pounds",2024-07,94565.0
Choice white grease,Removed for inedible use,"1,000 pounds",2024-08,109520.0
Choice white grease,Removed for inedible use,"1,000 pounds",2024-09,95788.0
Choice white grease,Removed for inedible use,"1,000 pounds",2024-10,91988.0
Choice white grease,Removed for inedible use,"1,000 pounds",2024-11,121360.0
Choice white grease,Removed for inedible use,"1,000 pounds",2024-12,98224.0
Choice white grease,Removed for inedible use,"1,000 pounds",2025-01,102953.0
Choice white grease,Removed for inedible use,"1,000 pounds",2025-02,111839.0
Choice white grease,Removed for inedible use,"1,000 pounds",2025-03,101945.0
Choice white grease,Removed for inedible use,"1,000 pounds",2025-04,105542.0
Choice white grease,Removed for inedible use,"1,000 pounds",2025-05,106545.0
Choice white grease,Removed for inedible use,"1,000 pounds",2025-06,97391.0
Choice white grease,Removed for inedible use,"1,000 pounds",2025-07,91270.0
Choice white grease,Removed for inedible use,"1,000 pounds",2025-08,103043.0
Choice white grease,Removed for inedible use,"1,000 pounds",2025-09,100887.0
Choice white grease,Removed for inedible use,"1,000 pounds",2025-10,97744.0
Choice white grease,Removed for inedible use,"1,000 pounds",2025-11,109214.0
Choice white grease,Removed for inedible use,"1,000 pounds",2025-12,105623.0
Choice white grease,Removed for inedible use,"1,000 pounds",2026-01,100269.0
Choice white grease,Removed for inedible use,"1,000 pounds",2026-02,112273.0
Choice white grease,Removed for inedible use,"1,000 pounds",2026-03,106165.0
Choice white grease,Removed for inedible use,"1,000 pounds",2026-04,94998.0
Choice white grease,Removed for inedible use,"1,000 pounds",2026-05,108085.0
Choice white grease,Removed for inedible use,"1,000 pounds",2026-06,101726.0
Choice white grease,Removed for inedible use,"1,000 pounds",2026-07,96811.0
Choice white grease,Removed for inedible use,"1,000 pounds",2026-08,102640.0
Choice white grease,Stocks on hand end of month,"1,000 pounds",2015-05,19634.0
Choice white grease,Stocks on hand end of month,"1,000 pounds",2015-06,18840.0
Choice white grease,Stocks on hand end of month,"1,000 pounds",2015-07,15131.0
Choice white grease,Stocks on hand end of month,"1,000 pounds",2015-08,17240.0
Choice white grease,Stocks on hand end of month,"1,000 pounds",2015-09,12490.0
Choice white grease,Stocks on hand end of month,"1,000 pounds",2015-10,11338.0
Choice white grease,Stocks on hand end of month,"1,000 pounds",2015-11,10715.0
Choice white grease,Stocks on hand end of month,"1,000 pounds",2015-12,9253.0
Choice white grease,Stocks on hand end of month,"1,000 pounds",2016-01,10395.0
Choice white grease,Stocks on hand end of month,"1,000 pounds",2016-02,11793.0
Choice white grease,Stocks on hand end of month,"1,000 pounds",2016-03,11811.0
Choice white grease,Stocks on hand end of month,"1,000 pounds",2016-04,11969.0
Choice white grease,Stocks on hand end of month,"1,000 pounds",2016-05,12861.0
Choice white grease,Stocks on hand end of month,"1,000 pounds",2016-06,12825.0
Choice white grease,Stocks on hand end of month,"1,000 pounds",2016-07,12252.0
Choice white grease,Stocks on hand end of month,"1,000 pounds",2016-08,11268.0
Choice white grease,Stocks on hand end of month,"1,000 pounds",2016-09,13077.0
Choice white grease,Stocks on hand end of month,"1,000 pounds",2016-10,13914.0
Choice white grease,Stocks on hand end of month,"1,000 pounds",2016-11,13656.0
Choice white grease,Stocks on hand end of month,"1,000 pounds",2016-12,10463.0
Choice white grease,Stocks on hand end of month,"1,000 pounds",2017-01,13569.0
Choice white grease,Stocks on hand end of month,"1,000 pounds",2017-02,11287.0
Choice white grease,Stocks on hand end of month,"1,000 pounds",2017-03,8635.0
Choice white grease,Stocks on hand end of month,"1,000 pounds",2017-04,8197.0
Choice white grease,Stocks on hand end of month,"1,000 pounds",2017-05,7907.0
Choice white grease,Stocks on hand end of month,"1,000 pounds",2017-06,6357.0
Choice white grease,Stocks on hand end of month,"1,000 pounds",2017-07,7684.0
Choice white grease,Stocks on hand end of month,"1,000 pounds",2017-08,7282.0
Choice white grease,Stocks on hand end of month,"1,000 pounds",2017-09,8872.0
Choice white grease,Stocks on hand end of month,"1,000 pounds",2017-10,8098.0
Choice white grease,Stocks on hand end of month,"1,000 pounds",2017-11,8185.0
Choice white grease,Stocks on hand end of month,"1,000 pounds",2017-12,8523.0
Choice white grease,Stocks on hand end of month,"1,000 pounds",2018-01,19319.0
Choice white grease,Stocks on hand end of month,"1,000 pounds",2018-02,8902.0
Choice white grease,Stocks on hand end of month,"1,000 pounds",2018-03,8100.0
Choice white grease,Stocks on hand end of month,"1,000 pounds",2018-04,6997.0
Choice white grease,Stocks on hand end of month,"1,000 pounds",2018-05,7860.0
Choice white grease,Stocks on hand end of month,"1,000 pounds",2018-06,7308.0
Choice white grease,Stocks on hand end of month,"1,000 pounds",2018-07,8010.0
Choice white grease,Stocks on hand end of month,"1,000 pounds",2018-08,6944.0
Choice white grease,Stocks on hand end of month,"1,000 pounds",2018-09,8136.0
Choice white grease,Stocks on hand end of month,"1,000 pounds",2018-10,7529.0
Choice white grease,Stocks on hand end of month,"1,000 pounds",2018-11,9966.0
Choice white grease,Stocks on hand end of month,"1,000 pounds",2018-12,10529.0
Choice white grease,Stocks on hand end of month,"1,000 pounds",2019-01,10066.0
Choice white grease,Stocks on hand end of month,"1,000 pounds",2019-02,7744.0
Choice white grease,Stocks on hand end of month,"1,000 pounds",2019-03,7892.0
Choice white grease,Stocks on hand end of month,"1,000 pounds",2019-04,9013.0
Choice white grease,Stocks on hand end of month,"1,000 pounds",2019-05,5178.0
Choice white grease,Stocks on hand end of month,"1,000 pounds",2019-06,5296.0
Choice white grease,Stocks on hand end of month,"1,000 pounds",2019-07,4704.0
Choice white grease,Stocks on hand end of month,"1,000 pounds",2019-08,6610.0
Choice white grease,Stocks on hand end of month,"1,000 pounds",2019-09,7170.0
Choice white grease,Stocks on hand end of month,"1,000 pounds",2019-10,6564.0
Choice white grease,Stocks on hand end of month,"1,000 pounds",2019-11,8412.0
Choice white grease,Stocks on hand end of month,"1,000 pounds",2019-12,9738.0
Choice white grease,Stocks on hand end of month,"1,000 pounds",2020-01,10611.0
Choice white grease,Stocks on hand end of month,"1,000 pounds",2020-02,9920.0
Choice white grease,Stocks on hand end of month,"1,000 pounds",2020-03,10045.0
Choice white grease,Stocks on hand end of month,"1,000 pounds",2020-04,5829.0
Choice white grease,Stocks on hand end of month,"1,000 pounds",2020-05,8011.0
Choice white grease,Stocks on hand end of month,"1,000 pounds",2020-06,9152.0
Choice white grease,Stocks on hand end of month,"1,000 pounds",2020-07,8328.0
Choice white grease,Stocks on hand end of month,"1,000 pounds",2020-08,10100.0
Choice white grease,Stocks on hand end of month,"1,000 pounds",2020-09,9317.0
Choice white grease,Stocks on hand end of month,"1,000 pounds",2020-10,11586.0
Choice white grease,Stocks on hand end of month,"1,000 pounds",2020-11,13145.0
Choice white grease,Stocks on hand end of month,"1,000 pounds",2020-12,9577.0
Choice white grease,Stocks on hand end of month,"1,000 pounds",2021-01,13223.0
Choice white grease,Stocks on hand end of month,"1,000 pounds",2021-02,9877.0
Choice white grease,Stocks on hand end of month,"1,000 pounds",2021-03,11238.0
Choice white grease,Stocks on hand end of month,"1,000 pounds",2021-04,12373.0
Choice white grease,Stocks on hand end of month,"1,000 pounds",2021-05,6541.0
Choice white grease,Stocks on hand end of month,"1,000 pounds",2021-06,4529.0
Choice white grease,Stocks on hand end of month,"1,000 pounds",2021-07,4642.0
Choice white grease,Stocks on hand end of month,"1,000 pounds",2021-08,6313.0
Choice white grease,Stocks on hand end of month,"1,000 pounds",2021-09,7249.0
Choice white grease,Stocks on hand end of month,"1,000 pounds",2021-10,6701.0
Choice white grease,Stocks on hand end of month,"1,000 pounds",2021-11,9239.0
Choice white grease,Stocks on hand end of month,"1,000 pounds",2021-12,6315.0
Choice white grease,Stocks on hand end of month,"1,000 pounds",2022-01,8491.0
Choice white grease,Stocks on hand end of month,"1,000 pounds",2022-02,6770.0
Choice white grease,Stocks on hand end of month,"1,000 pounds",2022-03,6135.0
Choice white grease,Stocks on hand end of month,"1,000 pounds",2022-04,6101.0
Choice white grease,Stocks on hand end of month,"1,000 pounds",2022-05,5241.0
Choice white grease,Stocks on hand end of month,"1,000 pounds",2022-06,4131.0
Choice white grease,Stocks on hand end of month,"1,000 pounds",2022-07,4369.0
Choice white grease,Stocks on hand end of month,"1,000 pounds",2022-08,7363.0
Choice white grease,Stocks on hand end of month,"1,000 pounds",2022-09,5828.0
Choice white grease,Stocks on hand end of month,"1,000 pounds",2022-10,7153.0
Choice white grease,Stocks on hand end of month,"1,000 pounds",2022-11,6766.0
Choice white grease,Stocks on hand end of month,"1,000 pounds",2022-12,6654.0
Choice white grease,Stocks on hand end of month,"1,000 pounds",2023-01,7397.0
Choice white grease,Stocks on hand end of month,"1,000 pounds",2023-02,5752.0
Choice white grease,Stocks on hand end of month,"1,000 pounds",2023-03,4905.0
Choice white grease,Stocks on hand end of month,"1,000 pounds",2023-04,7374.0
Choice white grease,Stocks on hand end of month,"1,000 pounds",2023-05,6182.0
Choice white grease,Stocks on hand end of month,"1,000 pounds",2023-06,4802.0
Choice white grease,Stocks on hand end of month,"1,000 pounds",2023-07,6481.0
Choice white grease,Stocks on hand end of month,"1,000 pounds",2023-08,6947.0
Choice white grease,Stocks on hand end of month,"1,000 pounds",2023-09,9048.0
Choice white grease,Stocks on hand end of month,"1,000 pounds",2023-10,5700.0
Choice white grease,Stocks on hand end of month,"1,000 pounds",2023-11,6870.0
Choice white grease,Stocks on hand end of month,"1,000 pounds",2023-12,7276.0
Choice white grease,Stocks on hand end of month,"1,000 pounds",2024-01,8643.0
Choice white grease,Stocks on hand end of month,"1,000 pounds",2024-02,6313.0
Choice white grease,Stocks on hand end of month,"1,000 pounds",2024-03,6484.0
Choice white grease,Stocks on hand end of month,"1,000 pounds",2024-04,5694.0
Choice white grease,Stocks on hand end of month,"1,000 pounds",2024-05,13428.0
Choice white grease,Stocks on hand end of month,"1,000 pounds",2024-06,13417.0
Choice white grease,Stocks on hand end of month,"1,000 pounds",2024-07,6239.0
Choice white grease,Stocks on hand end of month,"1,000 pounds",2024-08,8976.0
Choice white grease,Stocks on hand end of month,"1,000 pounds",2024-09,9095.0
Choice white grease,Stocks on hand end of month,"1,000 pounds",2024-10,10816.0
Choice white grease,Stocks on hand end of month,"1,000 pounds",2024-11,6567.0
Choice white grease,Stocks on hand end of month,"1,000 pounds",2024-12,9840.0
Choice white grease,Stocks on hand end of month,"1,000 pounds",2025-01,10290.0
Choice white grease,Stocks on hand end of month,"1,000 pounds",2025-02,7206.0
Choice white grease,Stocks on hand end of month,"1,000 pounds",2025-03,12003.0
Choice white grease,Stocks on hand end of month,"1,000 pounds",2025-04,6818.0
Choice white grease,Stocks on hand end of month,"1,000 pounds",2025-05,7787.0
Choice white grease,Stocks on hand end of month,"1,000 pounds",2025-06,8897.0
Choice white grease,Stocks on hand end of month,"1,000 pounds",2025-07,5691.0
Choice white grease,Stocks on hand end of month,"1,000 pounds",2025-08,7079.0
Choice white grease,Stocks on hand end of month,"1,000 pounds",2025-09,5899.0
Choice white grease,Stocks on hand end of month,"1,000 pounds",2025-10,7200.0
Choice white grease,Stocks on hand end of month,"1,000 pounds",2025-11,6939.0
Choice white grease,Stocks on hand end of month,"1,000 pounds",2025-12,8851.0
Choice white grease,Stocks on hand end of month,"1,000 pounds",2026-01,8524.0
Choice white grease,Stocks on hand end of month,"1,000 pounds",2026-02,5294.0
Choice white grease,Stocks on hand end of month,"1,000 pounds",2026-03,6002.0
Choice white grease,Stocks on hand end of month,"1,000 pounds",2026-04,8952.0
Choice white grease,Stocks on hand end of month,"1,000 pounds",2026-05,8571.0
Choice white grease,Stocks on hand end of month,"1,000 pounds",2026-06,7753.0
Choice white grease,Stocks on hand end of month,"1,000 pounds",2026-07,5923.0
Choice white grease,Stocks on hand end of month,"1,000 pounds",2026-08,7707.0
Feather meal,Production,"1,000 pounds",2015-05,93489.0
Feather meal,Production,"1,000 pounds",2015-06,91527.0
Feather meal,Production,"1,000 pounds",2015-07,92653.0
Feather meal,Production,"1,000 pounds",2015-08,97549.0
Feather meal,Production,"1,000 pounds",2015-09,100570.0
Feather meal,Production,"1,000 pounds",2015-10,91910.0
Feather meal,Production,"1,000 pounds",2015-11,98132.0
Feather meal,Production,"1,000 pounds",2015-12,90908.0
Feather meal,Production,"1,000 pounds",2016-01,93070.0
Feather meal,Production,"1,000 pounds",2016-02,98226.0
Feather meal,Production,"1,000 pounds",2016-03,96025.0
Feather meal,Production,"1,000 pounds",2016-04,94072.0
Feather meal,Production,"1,000 pounds",2016-05,97415.0
Feather meal,Production,"1,000 pounds",2016-06,98910.0
Feather meal,Production,"1,000 pounds",2016-07,91725.0
Feather meal,Production,"1,000 pounds",2016-08,101611.0
Feather meal,Production,"1,000 pounds",2016-09,96961.0
Feather meal,Production,"1,000 pounds",2016-10,93992.0
Feather meal,Production,"1,000 pounds",2016-11,103760.0
Feather meal,Production,"1,000 pounds",2016-12,96485.0
Feather meal,Production,"1,000 pounds",2017-01,92182.0
Feather meal,Production,"1,000 pounds",2017-02,98858.0
Feather meal,Production,"1,000 pounds",2017-03,97129.0
Feather meal,Production,"1,000 pounds",2017-04,94979.0
Feather meal,Production,"1,000 pounds",2017-05,101340.0
Feather meal,Production,"1,000 pounds",2017-06,94995.0
Feather meal,Production,"1,000 pounds",2017-07,86983.0
Feather meal,Production,"1,000 pounds",2017-08,99989.0
Feather meal,Production,"1,000 pounds",2017-09,97232.0
Feather meal,Production,"1,000 pounds",2017-10,92530.0
Feather meal,Production,"1,000 pounds",2017-11,98186.0
Feather meal,Production,"1,000 pounds",2017-12,96508.0
Feather meal,Production,"1,000 pounds",2018-01,89109.0
Feather meal,Production,"1,000 pounds",2018-02,96893.0
Feather meal,Production,"1,000 pounds",2018-03,97568.0
Feather meal,Production,"1,000 pounds",2018-04,90328.0
Feather meal,Production,"1,000 pounds",2018-05,99524.0
Feather meal,Production,"1,000 pounds",2018-06,81704.0
Feather meal,Production,"1,000 pounds",2018-07,92155.0
Feather meal,Production,"1,000 pounds",2018-08,79265.0
Feather meal,Production,"1,000 pounds",2018-09,74383.0
Feather meal,Production,"1,000 pounds",2018-10,76452.0
Feather meal,Production,"1,000 pounds",2018-11,76780.0
Feather meal,Production,"1,000 pounds",2018-12,69438.0
Feather meal,Production,"1,000 pounds",2019-01,103733.0
Feather meal,Production,"1,000 pounds",2019-02,102221.0
Feather meal,Production,"1,000 pounds",2019-03,109491.0
Feather meal,Production,"1,000 pounds",2019-04,103032.0
Feather meal,Production,"1,000 pounds",2019-05,123203.0
Feather meal,Production,"1,000 pounds",2019-06,116046.0
Feather meal,Production,"1,000 pounds",2019-07,108205.0
Feather meal,Production,"1,000 pounds",2019-08,113157.0
Feather meal,Production,"1,000 pounds",2019-09,99985.0
Feather meal,Production,"1,000 pounds",2019-10,102181.0
Feather meal,Production,"1,000 pounds",2019-11,108150.0
Feather meal,Production,"1,000 pounds",2019-12,135567.0
Feather meal,Production,"1,000 pounds",2020-01,100659.0
Feather meal,Production,"1,000 pounds",2020-02,110205.0
Feather meal,Production,"1,000 pounds",2020-03,101749.0
Feather meal,Production,"1,000 pounds",2020-04,91649.0
Feather meal,Production,"1,000 pounds",2020-05,107366.0
Feather meal,Production,"1,000 pounds",2020-06,96402.0
Feather meal,Production,"1,000 pounds",2020-07,92723.0
Feather meal,Production,"1,000 pounds",2020-08,107198.0
Feather meal,Production,"1,000 pounds",2020-09,108896.0
Feather meal,Production,"1,000 pounds",2020-10,99801.0
Feather meal,Production,"1,000 pounds",2020-11,106956.0
Feather meal,Production,"1,000 pounds",2020-12,96594.0
Feather meal,Production,"1,000 pounds",2021-01,81286.0
Feather meal,Production,"1,000 pounds",2021-02,86309.0
Feather meal,Production,"1,000 pounds",2021-03,83980.0
Feather meal,Production,"1,000 pounds",2021-04,81631.0
Feather meal,Production,"1,000 pounds",2021-05,93858.0
Feather meal,Production,"1,000 pounds",2021-06,84855.0
Feather meal,Production,"1,000 pounds",2021-07,80188.0
Feather meal,Production,"1,000 pounds",2021-08,84291.0
Feather meal,Production,"1,000 pounds",2021-09,78093.0
Feather meal,Production,"1,000 pounds",2021-10,84174.0
Feather meal,Production,"1,000 pounds",2021-11,80324.0
Feather meal,Production,"1,000 pounds",2021-12,77684.0
Feather meal,Production,"1,000 pounds",2022-01,78553.0
Feather meal,Production,"1,000 pounds",2022-02,87115.0
Feather meal,Production,"1,000 pounds",2022-03,83735.0
Feather meal,Production,"1,000 pounds",2022-04,73203.0
Feather meal,Production,"1,000 pounds",2022-05,86550.0
Feather meal,Production,"1,000 pounds",2022-06,93985.0
Feather meal,Production,"1,000 pounds",2022-07,86798.0
Feather meal,Production,"1,000 pounds",2022-08,103553.0
Feather meal,Production,"1,000 pounds",2022-09,100523.0
Feather meal,Production,"1,000 pounds",2022-10,95769.0
Feather meal,Production,"1,000 pounds",2022-11,103734.0
Feather meal,Production,"1,000 pounds",2022-12,90640.0
Feather meal,Production,"1,000 pounds",2023-01,86375.0
Feather meal,Production,"1,000 pounds",2023-02,98709.0
Feather meal,Production,"1,000 pounds",2023-03,95113.0
Feather meal,Production,"1,000 pounds",2023-04,85473.0
Feather meal,Production,"1,000 pounds",2023-05,102046.0
Feather meal,Production,"1,000 pounds",2023-06,91202.0
Feather meal,Production,"1,000 pounds",2023-07,82833.0
Feather meal,Production,"1,000 pounds",2023-08,98767.0
Feather meal,Production,"1,000 pounds",2023-09,98011.0
Feather meal,Production,"1,000 pounds",2023-10,77966.0
Feather meal,Production,"1,000 pounds",2023-11,89588.0
Feather meal,Production,"1,000 pounds",2023-12,78412.0
Feather meal,Production,"1,000 pounds",2024-01,74884.0
Feather meal,Production,"1,000 pounds",2024-02,95055.0
Feather meal,Production,"1,000 pounds",2024-03,79874.0
Feather meal,Production,"1,000 pounds",2024-04,75001.0
Feather meal,Production,"1,000 pounds",2024-05,94433.0
Feather meal,Production,"1,000 pounds",2024-06,83993.0
Feather meal,Production,"1,000 pounds",2024-07,79065.0
Feather meal,Production,"1,000 pounds",2024-08,97273.0
Feather meal,Production,"1,000 pounds",2024-09,87291.0
Feather meal,Production,"1,000 pounds",2024-10,87794.0
Feather meal,Production,"1,000 pounds",2024-11,96300.0
Feather meal,Production,"1,000 pounds",2024-12,81125.0
Feather meal,Production,"1,000 pounds",2025-01,80725.0
Feather meal,Production,"1,000 pounds",2025-02,98066.0
Feather meal,Production,"1,000 pounds",2025-03,85318.0
Feather meal,Production,"1,000 pounds",2025-04,79440.0
Feather meal,Production,"1,000 pounds",2025-05,94869.0
Feather meal,Production,"1,000 pounds",2025-06,85679.0
Feather meal,Production,"1,000 pounds",2025-07,79487.0
Feather meal,Production,"1,000 pounds",2025-08,97652.0
Feather meal,Production,"1,000 pounds",2025-09,101193.0
Feather meal,Production,"1,000 pounds",2025-10,91362.0
Feather meal,Production,"1,000 pounds",2025-11,100131.0
Feather meal,Production,"1,000 pounds",2025-12,83354.0
Feather meal,Production,"1,000 pounds",2026-01,83978.0
Feather meal,Production,"1,000 pounds",2026-02,100251.0
Feather meal,Production,"1,000 pounds",2026-03,88767.0
Feather meal,Production,"1,000 pounds",2026-04,84606.0
Feather meal,Production,"1,000 pounds",2026-05,102086.0
Feather meal,Production,"1,000 pounds",2026-06,87929.0
Feather meal,Production,"1,000 pounds",2026-07,82027.0
Feather meal,Production,"1,000 pounds",2026-08,98900.0
Feather meal,Stocks on hand end of month,"1,000 pounds",2015-05,17034.0
Feather meal,Stocks on hand end of month,"1,000 pounds",2015-06,15885.0
Feather meal,Stocks on hand end of month,"1,000 pounds",2015-07,17744.0
Feather meal,Stocks on hand end of month,"1,000 pounds",2015-08,17288.0
Feather meal,Stocks on hand end of month,"1,000 pounds",2015-09,20082.0
Feather meal,Stocks on hand end of month,"1,000 pounds",2015-10,19777.0
Feather meal,Stocks on hand end of month,"1,000 pounds",2015-11,19215.0
Feather meal,Stocks on hand end of month,"1,000 pounds",2015-12,19785.0
Feather meal,Stocks on hand end of month,"1,000 pounds",2016-01,18277.0
Feather meal,Stocks on hand end of month,"1,000 pounds",2016-02,16836.0
Feather meal,Stocks on hand end of month,"1,000 pounds",2016-03,16192.0
Feather meal,Stocks on hand end of month,"1,000 pounds",2016-04,19795.0
Feather meal,Stocks on hand end of month,"1,000 pounds",2016-05,20674.0
Feather meal,Stocks on hand end of month,"1,000 pounds",2016-06,17726.0
Feather meal,Stocks on hand end of month,"1,000 pounds",2016-07,19076.0
Feather meal,Stocks on hand end of month,"1,000 pounds",2016-08,20373.0
Feather meal,Stocks on hand end of month,"1,000 pounds",2016-09,18460.0
Feather meal,Stocks on hand end of month,"1,000 pounds",2016-10,23806.0
Feather meal,Stocks on hand end of month,"1,000 pounds",2016-11,22997.0
Feather meal,Stocks on hand end of month,"1,000 pounds",2016-12,17039.0
Feather meal,Stocks on hand end of month,"1,000 pounds",2017-01,17694.0
Feather meal,Stocks on hand end of month,"1,000 pounds",2017-02,19324.0
Feather meal,Stocks on hand end of month,"1,000 pounds",2017-03,18655.0
Feather meal,Stocks on hand end of month,"1,000 pounds",2017-04,22452.0
Feather meal,Stocks on hand end of month,"1,000 pounds",2017-05,21892.0
Feather meal,Stocks on hand end of month,"1,000 pounds",2017-06,19494.0
Feather meal,Stocks on hand end of month,"1,000 pounds",2017-07,18695.0
Feather meal,Stocks on hand end of month,"1,000 pounds",2017-08,18130.0
Feather meal,Stocks on hand end of month,"1,000 pounds",2017-09,23121.0
Feather meal,Stocks on hand end of month,"1,000 pounds",2017-10,21167.0
Feather meal,Stocks on hand end of month,"1,000 pounds",2017-11,21257.0
Feather meal,Stocks on hand end of month,"1,000 pounds",2017-12,22949.0
Feather meal,Stocks on hand end of month,"1,000 pounds",2018-01,20526.0
Feather meal,Stocks on hand end of month,"1,000 pounds",2018-02,22054.0
Feather meal,Stocks on hand end of month,"1,000 pounds",2018-03,19247.0
Feather meal,Stocks on hand end of month,"1,000 pounds",2018-04,22836.0
Feather meal,Stocks on hand end of month,"1,000 pounds",2018-05,24002.0
Feather meal,Stocks on hand end of month,"1,000 pounds",2018-06,21293.0
Feather meal,Stocks on hand end of month,"1,000 pounds",2018-07,21916.0
Feather meal,Stocks on hand end of month,"1,000 pounds",2018-08,23271.0
Feather meal,Stocks on hand end of month,"1,000 pounds",2018-09,23446.0
Feather meal,Stocks on hand end of month,"1,000 pounds",2018-10,19058.0
Feather meal,Stocks on hand end of month,"1,000 pounds",2018-11,22180.0
Feather meal,Stocks on hand end of month,"1,000 pounds",2018-12,21893.0
Feather meal,Stocks on hand end of month,"1,000 pounds",2019-01,23744.0
Feather meal,Stocks on hand end of month,"1,000 pounds",2019-02,25950.0
Feather meal,Stocks on hand end of month,"1,000 pounds",2019-03,26705.0
Feather meal,Stocks on hand end of month,"1,000 pounds",2019-04,23632.0
Feather meal,Stocks on hand end of month,"1,000 pounds",2019-05,24779.0
Feather meal,Stocks on hand end of month,"1,000 pounds",2019-06,32179.0
Feather meal,Stocks on hand end of month,"1,000 pounds",2019-07,28200.0
Feather meal,Stocks on hand end of month,"1,000 pounds",2019-08,29091.0
Feather meal,Stocks on hand end of month,"1,000 pounds",2019-09,24864.0
Feather meal,Stocks on hand end of month,"1,000 pounds",2019-10,28890.0
Feather meal,Stocks on hand end of month,"1,000 pounds",2019-11,31085.0
Feather meal,Stocks on hand end of month,"1,000 pounds",2019-12,29940.0
Feather meal,Stocks on hand end of month,"1,000 pounds",2020-01,25793.0
Feather meal,Stocks on hand end of month,"1,000 pounds",2020-02,25803.0
Feather meal,Stocks on hand end of month,"1,000 pounds",2020-03,20707.0
Feather meal,Stocks on hand end of month,"1,000 pounds",2020-04,24130.0
Feather meal,Stocks on hand end of month,"1,000 pounds",2020-05,29834.0
Feather meal,Stocks on hand end of month,"1,000 pounds",2020-06,27568.0
Feather meal,Stocks on hand end of month,"1,000 pounds",2020-07,27910.0
Feather meal,Stocks on hand end of month,"1,000 pounds",2020-08,23132.0
Feather meal,Stocks on hand end of month,"1,000 pounds",2020-09,26915.0
Feather meal,Stocks on hand end of month,"1,000 pounds",2020-10,26098.0
Feather meal,Stocks on hand end of month,"1,000 pounds",2020-11,25515.0
Feather meal,Stocks on hand end of month,"1,000 pounds",2020-12,24797.0
Feather meal,Stocks on hand end of month,"1,000 pounds",2021-01,24711.0
Feather meal,Stocks on hand end of month,"1,000 pounds",2021-02,14905.0
Feather meal,Stocks on hand end of month,"1,000 pounds",2021-03,15568.0
Feather meal,Stocks on hand end of month,"1,000 pounds",2021-04,15752.0
Feather meal,Stocks on hand end of month,"1,000 pounds",2021-05,14092.0
Feather meal,Stocks on hand end of month,"1,000 pounds",2021-06,18632.0
Feather meal,Stocks on hand end of month,"1,000 pounds",2021-07,17844.0
Feather meal,Stocks on hand end of month,"1,000 pounds",2021-08,20022.0
Feather meal,Stocks on hand end of month,"1,000 pounds",2021-09,14838.0
Feather meal,Stocks on hand end of month,"1,000 pounds",2021-10,18194.0
Feather meal,Stocks on hand end of month,"1,000 pounds",2021-11,20916.0
Feather meal,Stocks on hand end of month,"1,000 pounds",2021-12,13193.0
Feather meal,Stocks on hand end of month,"1,000 pounds",2022-01,15504.0
Feather meal,Stocks on hand end of month,"1,000 pounds",2022-02,17263.0
Feather meal,Stocks on hand end of month,"1,000 pounds",2022-03,19273.0
Feather meal,Stocks on hand end of month,"1,000 pounds",2022-04,17031.0
Feather meal,Stocks on hand end of month,"1,000 pounds",2022-05,18566.0
Feather meal,Stocks on hand end of month,"1,000 pounds",2022-06,16601.0
Feather meal,Stocks on hand end of month,"1,000 pounds",2022-07,20529.0
Feather meal,Stocks on hand end of month,"1,000 pounds",2022-08,17496.0
Feather meal,Stocks on hand end of month,"1,000 pounds",2022-09,19845.0
Feather meal,Stocks on hand end of month,"1,000 pounds",2022-10,18376.0
Feather meal,Stocks on hand end of month,"1,000 pounds",2022-11,17990.0
Feather meal,Stocks on hand end of month,"1,000 pounds",2022-12,18350.0
Feather meal,Stocks on hand end of month,"1,000 pounds",2023-01,17472.0
Feather meal,Stocks on hand end of month,"1,000 pounds",2023-02,17597.0
Feather meal,Stocks on hand end of month,"1,000 pounds",2023-03,16898.0
Feather meal,Stocks on hand end of month,"1,000 pounds",2023-04,16088.0
Feather meal,Stocks on hand end of month,"1,000 pounds",2023-05,17744.0
Feather meal,Stocks on hand end of month,"1,000 pounds",2023-06,16404.0
Feather meal,Stocks on hand end of month,"1,000 pounds",2023-07,17156.0
Feather meal,Stocks on hand end of month,"1,000 pounds",2023-08,17247.0
Feather meal,Stocks on hand end of month,"1,000 pounds",2023-09,11941.0
Feather meal,Stocks on hand end of month,"1,000 pounds",2023-10,17083.0
Feather meal,Stocks on hand end of month,"1,000 pounds",2023-11,13067.0
Feather meal,Stocks on hand end of month,"1,000 pounds",2023-12,10843.0
Feather meal,Stocks on hand end of month,"1,000 pounds",2024-01,16359.0
Feather meal,Stocks on hand end of month,"1,000 pounds",2024-02,15535.0
Feather meal,Stocks on hand end of month,"1,000 pounds",2024-03,17190.0
Feather meal,Stocks on hand end of month,"1,000 pounds",2024-04,16139.0
Feather meal,Stocks on hand end of month,"1,000 pounds",2024-05,20352.0
Feather meal,Stocks on hand end of month,"1,000 pounds",2024-06,19668.0
Feather meal,Stocks on hand end of month,"1,000 pounds",2024-07,20558.0
Feather meal,Stocks on hand end of month,"1,000 pounds",2024-08,21159.0
Feather meal,Stocks on hand end of month,"1,000 pounds",2024-09,19437.0
Feather meal,Stocks on hand end of month,"1,000 pounds",2024-10,18823.0
Feather meal,Stocks on hand end of month,"1,000 pounds",2024-11,19638.0
Feather meal,Stocks on hand end of month,"1,000 pounds",2024-12,18083.0
Feather meal,Stocks on hand end of month,"1,000 pounds",2025-01,20690.0
Feather meal,Stocks on hand end of month,"1,000 pounds",2025-02,18032.0
Feather meal,Stocks on hand end of month,"1,000 pounds",2025-03,14335.0
Feather meal,Stocks on hand end of month,"1,000 pounds",2025-04,18235.0
Feather meal,Stocks on hand end of month,"1,000 pounds",2025-05,19394.0
Feather meal,Stocks on hand end of month,"1,000 pounds",2025-06,20464.0
Feather meal,Stocks on hand end of month,"1,000 pounds",2025-07,18288.0
Feather meal,Stocks on hand end of month,"1,000 pounds",2025-08,23136.0
Feather meal,Stocks on hand end of month,"1,000 pounds",2025-09,29821.0
Feather meal,Stocks on hand end of month,"1,000 pounds",2025-10,27911.0
Feather meal,Stocks on hand end of month,"1,000 pounds",2025-11,27099.0
Feather meal,Stocks on hand end of month,"1,000 pounds",2025-12,18721.0
Feather meal,Stocks on hand end of month,"1,000 pounds",2026-01,18252.0
Feather meal,Stocks on hand end of month,"1,000 pounds",2026-02,20164.0
Feather meal,Stocks on hand end of month,"1,000 pounds",2026-03,39388.0
Feather meal,Stocks on hand end of month,"1,000 pounds",2026-04,32730.0
Feather meal,Stocks on hand end of month,"1,000 pounds",2026-05,38459.0
Feather meal,Stocks on hand end of month,"1,000 pounds",2026-06,33721.0
Feather meal,Stocks on hand end of month,"1,000 pounds",2026-07,29035.0
Feather meal,Stocks on hand end of month,"1,000 pounds",2026-08,35858.0
Lard,Production,"1,000 pounds",2015-05,25338.0
Lard,Production,"1,000 pounds",2015-06,28884.0
Lard,Production,"1,000 pounds",2015-07,24504.0
Lard,Production,"1,000 pounds",2015-08,32120.0
Lard,Production,"1,000 pounds",2015-09,31434.0
Lard,Production,"1,000 pounds",2015-10,29825.0
Lard,Production,"1,000 pounds",2015-11,32776.0
Lard,Production,"1,000 pounds",2015-12,29998.0
Lard,Production,"1,000 pounds",2016-01,28209.0
Lard,Production,"1,000 pounds",2016-02,35325.0
Lard,Production,"1,000 pounds",2016-03,26542.0
Lard,Production,"1,000 pounds",2016-04,28245.0
Lard,Production,"1,000 pounds",2016-05,31471.0
Lard,Production,"1,000 pounds",2016-06,27802.0
Lard,Production,"1,000 pounds",2016-07,22838.0
Lard,Production,"1,000 pounds",2016-08,27542.0
Lard,Production,"1,000 pounds",2016-09,30362.0
Lard,Production,"1,000 pounds",2016-10,33270.0
Lard,Production,"1,000 pounds",2016-11,35670.0
Lard,Production,"1,000 pounds",2016-12,41586.0
Lard,Production,"1,000 pounds",2017-01,26461.0
Lard,Production,"1,000 pounds",2017-02,33415.0
Lard,Production,"1,000 pounds",2017-03,27078.0
Lard,Production,"1,000 pounds",2017-04,28099.0
Lard,Production,"1,000 pounds",2017-05,31898.0
Lard,Production,"1,000 pounds",2017-06,27305.0
Lard,Production,"1,000 pounds",2017-07,23958.0
Lard,Production,"1,000 pounds",2017-08,29052.0
Lard,Production,"1,000 pounds",2017-09,28156.0
Lard,Production,"1,000 pounds",2017-10,29183.0
Lard,Production,"1,000 pounds",2017-11,32938.0
Lard,Production,"1,000 pounds",2017-12,31311.0
Lard,Production,"1,000 pounds",2018-01,26605.0
Lard,Production,"1,000 pounds",2018-02,30999.0
Lard,Production,"1,000 pounds",2018-03,27683.0
Lard,Production,"1,000 pounds",2018-04,26539.0
Lard,Production,"1,000 pounds",2018-05,29882.0
Lard,Production,"1,000 pounds",2018-06,23455.0
Lard,Production,"1,000 pounds",2018-07,17440.0
Lard,Production,"1,000 pounds",2018-08,28313.0
Lard,Production,"1,000 pounds",2018-09,26339.0
Lard,Production,"1,000 pounds",2018-10,26914.0
Lard,Production,"1,000 pounds",2018-11,34191.0
Lard,Production,"1,000 pounds",2018-12,31050.0
Lard,Production,"1,000 pounds",2019-01,27411.0
Lard,Production,"1,000 pounds",2019-02,32447.0
Lard,Production,"1,000 pounds",2019-03,28321.0
Lard,Production,"1,000 pounds",2019-04,28653.0
Lard,Production,"1,000 pounds",2019-05,30821.0
Lard,Production,"1,000 pounds",2019-06,28968.0
Lard,Production,"1,000 pounds",2019-07,23645.0
Lard,Production,"1,000 pounds",2019-08,30142.0
Lard,Production,"1,000 pounds",2019-09,25735.0
Lard,Production,"1,000 pounds",2019-10,26027.0
Lard,Production,"1,000 pounds",2019-11,35471.0
Lard,Production,"1,000 pounds",2019-12,30755.0
Lard,Production,"1,000 pounds",2020-01,27580.0
Lard,Production,"1,000 pounds",2020-02,34631.0
Lard,Production,"1,000 pounds",2020-03,30473.0
Lard,Production,"1,000 pounds",2020-04,20610.0
Lard,Production,"1,000 pounds",2020-05,18726.0
Lard,Production,"1,000 pounds",2020-06,25203.0
Lard,Production,"1,000 pounds",2020-07,22559.0
Lard,Production,"1,000 pounds",2020-08,24079.0
Lard,Production,"1,000 pounds",2020-09,24641.0
Lard,Production,"1,000 pounds",2020-10,24052.0
Lard,Production,"1,000 pounds",2020-11,26652.0
Lard,Production,"1,000 pounds",2020-12,24185.0
Lard,Production,"1,000 pounds",2021-01,21702.0
Lard,Production,"1,000 pounds",2021-02,22389.0
Lard,Production,"1,000 pounds",2021-03,17456.0
Lard,Production,"1,000 pounds",2021-04,20696.0
Lard,Production,"1,000 pounds",2021-05,21085.0
Lard,Production,"1,000 pounds",2021-06,19885.0
Lard,Production,"1,000 pounds",2021-07,22967.0
Lard,Production,"1,000 pounds",2021-08,26822.0
Lard,Production,"1,000 pounds",2021-09,27109.0
Lard,Production,"1,000 pounds",2021-10,25739.0
Lard,Production,"1,000 pounds",2021-11,34175.0
Lard,Production,"1,000 pounds",2021-12,30416.0
Lard,Production,"1,000 pounds",2022-01,22136.0
Lard,Production,"1,000 pounds",2022-02,31369.0
Lard,Production,"1,000 pounds",2022-03,25219.0
Lard,Production,"1,000 pounds",2022-04,19982.0
Lard,Production,"1,000 pounds",2022-05,25013.0
Lard,Production,"1,000 pounds",2022-06,22014.0
Lard,Production,"1,000 pounds",2022-07,17133.0
Lard,Production,"1,000 pounds",2022-08,22765.0
Lard,Production,"1,000 pounds",2022-09,23174.0
Lard,Production,"1,000 pounds",2022-10,25225.0
Lard,Production,"1,000 pounds",2022-11,26203.0
Lard,Production,"1,000 pounds",2022-12,23116.0
Lard,Production,"1,000 pounds",2023-01,18686.0
Lard,Production,"1,000 pounds",2023-02,24024.0
Lard,Production,"1,000 pounds",2023-03,24173.0
Lard,Production,"1,000 pounds",2023-04,28210.0
Lard,Production,"1,000 pounds",2023-05,29384.0
Lard,Production,"1,000 pounds",2023-06,23975.0
Lard,Production,"1,000 pounds",2023-07,17882.0
Lard,Production,"1,000 pounds",2023-08,16296.0
Lard,Production,"1,000 pounds",2023-09,25012.0
Lard,Production,"1,000 pounds",2023-10,27205.0
Lard,Production,"1,000 pounds",2023-11,31321.0
Lard,Production,"1,000 pounds",2023-12,25732.0
Lard,Production,"1,000 pounds",2024-01,20037.0
Lard,Production,"1,000 pounds",2024-02,26107.0
Lard,Production,"1,000 pounds",2024-03,21766.0
Lard,Production,"1,000 pounds",2024-04,15925.0
Lard,Production,"1,000 pounds",2024-05,18895.0
Lard,Production,"1,000 pounds",2024-06,18765.0
Lard,Production,"1,000 pounds",2024-07,21403.0
Lard,Production,"1,000 pounds",2024-08,21400.0
Lard,Production,"1,000 pounds",2024-09,26280.0
Lard,Production,"1,000 pounds",2024-10,21030.0
Lard,Production,"1,000 pounds",2024-11,21857.0
Lard,Production,"1,000 pounds",2024-12,25196.0
Lard,Production,"1,000 pounds",2025-01,24149.0
Lard,Production,"1,000 pounds",2025-02,27025.0
Lard,Production,"1,000 pounds",2025-03,21193.0
Lard,Production,"1,000 pounds",2025-04,23692.0
Lard,Production,"1,000 pounds",2025-05,25183.0
Lard,Production,"1,000 pounds",2025-06,21266.0
Lard,Production,"1,000 pounds",2025-07,16800.0
Lard,Production,"1,000 pounds",2025-08,32251.0
Lard,Production,"1,000 pounds",2025-09,31462.0
Lard,Production,"1,000 pounds",2025-10,31987.0
Lard,Production,"1,000 pounds",2025-11,29347.0
Lard,Production,"1,000 pounds",2025-12,27221.0
Lard,Production,"1,000 pounds",2026-01,21825.0
Lard,Production,"1,000 pounds",2026-02,29320.0
Lard,Production,"1,000 pounds",2026-03,25532.0
Lard,Production,"1,000 pounds",2026-04,22624.0
Lard,Production,"1,000 pounds",2026-05,25332.0
Lard,Production,"1,000 pounds",2026-06,22551.0
Lard,Production,"1,000 pounds",2026-07,19381.0
Lard,Production,"1,000 pounds",2026-08,22897.0
Lard,Removed for use in processing,"1,000 pounds",2015-05,25917.0
Lard,Removed for use in processing,"1,000 pounds",2015-06,28705.0
Lard,Removed for use in processing,"1,000 pounds",2015-07,29665.0
Lard,Removed for use in processing,"1,000 pounds",2015-08,43023.0
Lard,Removed for use in processing,"1,000 pounds",2015-09,30654.0
Lard,Removed for use in processing,"1,000 pounds",2015-10,28841.0
Lard,Removed for use in processing,"1,000 pounds",2015-11,32593.0
Lard,Removed for use in processing,"1,000 pounds",2015-12,29534.0
Lard,Removed for use in processing,"1,000 pounds",2016-01,31140.0
Lard,Removed for use in processing,"1,000 pounds",2016-02,35556.0
Lard,Removed for use in processing,"1,000 pounds",2016-03,26673.0
Lard,Removed for use in processing,"1,000 pounds",2016-04,28718.0
Lard,Removed for use in processing,"1,000 pounds",2016-05,30376.0
Lard,Removed for use in processing,"1,000 pounds",2016-06,29918.0
Lard,Removed for use in processing,"1,000 pounds",2016-07,27791.0
Lard,Removed for use in processing,"1,000 pounds",2016-08,28872.0
Lard,Removed for use in processing,"1,000 pounds",2016-09,29845.0
Lard,Removed for use in processing,"1,000 pounds",2016-10,33841.0
Lard,Removed for use in processing,"1,000 pounds",2016-11,37204.0
Lard,Removed for use in processing,"1,000 pounds",2016-12,42776.0
Lard,Removed for use in processing,"1,000 pounds",2017-01,26771.0
Lard,Removed for use in processing,"1,000 pounds",2017-02,32846.0
Lard,Removed for use in processing,"1,000 pounds",2017-03,28048.0
Lard,Removed for use in processing,"1,000 pounds",2017-04,28243.0
Lard,Removed for use in processing,"1,000 pounds",2017-05,31245.0
Lard,Removed for use in processing,"1,000 pounds",2017-06,29299.0
Lard,Removed for use in processing,"1,000 pounds",2017-07,24025.0
Lard,Removed for use in processing,"1,000 pounds",2017-08,29029.0
Lard,Removed for use in processing,"1,000 pounds",2017-09,28726.0
Lard,Removed for use in processing,"1,000 pounds",2017-10,28295.0
Lard,Removed for use in processing,"1,000 pounds",2017-11,32278.0
Lard,Removed for use in processing,"1,000 pounds",2017-12,30294.0
Lard,Removed for use in processing,"1,000 pounds",2018-01,26718.0
Lard,Removed for use in processing,"1,000 pounds",2018-02,30407.0
Lard,Removed for use in processing,"1,000 pounds",2018-03,25790.0
Lard,Removed for use in processing,"1,000 pounds",2018-04,24443.0
Lard,Removed for use in processing,"1,000 pounds",2018-05,28202.0
Lard,Removed for use in processing,"1,000 pounds",2018-06,22182.0
Lard,Removed for use in processing,"1,000 pounds",2018-07,17441.0
Lard,Removed for use in processing,"1,000 pounds",2018-08,27940.0
Lard,Removed for use in processing,"1,000 pounds",2018-09,27345.0
Lard,Removed for use in processing,"1,000 pounds",2018-10,26512.0
Lard,Removed for use in processing,"1,000 pounds",2018-11,32173.0
Lard,Removed for use in processing,"1,000 pounds",2018-12,28745.0
Lard,Removed for use in processing,"1,000 pounds",2019-01,26208.0
Lard,Removed for use in processing,"1,000 pounds",2019-02,31001.0
Lard,Removed for use in processing,"1,000 pounds",2019-03,27810.0
Lard,Removed for use in processing,"1,000 pounds",2019-04,26235.0
Lard,Removed for use in processing,"1,000 pounds",2019-05,31519.0
Lard,Removed for use in processing,"1,000 pounds",2019-06,27602.0
Lard,Removed for use in processing,"1,000 pounds",2019-07,23144.0
Lard,Removed for use in processing,"1,000 pounds",2019-08,29593.0
Lard,Removed for use in processing,"1,000 pounds",2019-09,25484.0
Lard,Removed for use in processing,"1,000 pounds",2019-10,25995.0
Lard,Removed for use in processing,"1,000 pounds",2019-11,39556.0
Lard,Removed for use in processing,"1,000 pounds",2019-12,31377.0
Lard,Removed for use in processing,"1,000 pounds",2020-01,27257.0
Lard,Removed for use in processing,"1,000 pounds",2020-02,34319.0
Lard,Removed for use in processing,"1,000 pounds",2020-03,28897.0
Lard,Removed for use in processing,"1,000 pounds",2020-04,19863.0
Lard,Removed for use in processing,"1,000 pounds",2020-05,18312.0
Lard,Removed for use in processing,"1,000 pounds",2020-06,26364.0
Lard,Removed for use in processing,"1,000 pounds",2020-07,21416.0
Lard,Removed for use in processing,"1,000 pounds",2020-08,22554.0
Lard,Removed for use in processing,"1,000 pounds",2020-09,28742.0
Lard,Removed for use in processing,"1,000 pounds",2020-10,21459.0
Lard,Removed for use in processing,"1,000 pounds",2020-11,27865.0
Lard,Removed for use in processing,"1,000 pounds",2020-12,22969.0
Lard,Removed for use in processing,"1,000 pounds",2021-01,21304.0
Lard,Removed for use in processing,"1,000 pounds",2021-02,24448.0
Lard,Removed for use in processing,"1,000 pounds",2021-03,20165.0
Lard,Removed for use in processing,"1,000 pounds",2021-04,20683.0
Lard,Removed for use in processing,"1,000 pounds",2021-05,23777.0
Lard,Removed for use in processing,"1,000 pounds",2021-06,20972.0
Lard,Removed for use in processing,"1,000 pounds",2021-07,23031.0
Lard,Removed for use in processing,"1,000 pounds",2021-08,26340.0
Lard,Removed for use in processing,"1,000 pounds",2021-09,27491.0
Lard,Removed for use in processing,"1,000 pounds",2021-10,28156.0
Lard,Removed for use in processing,"1,000 pounds",2021-11,37328.0
Lard,Removed for use in processing,"1,000 pounds",2021-12,31368.0
Lard,Removed for use in processing,"1,000 pounds",2022-01,18631.0
Lard,Removed for use in processing,"1,000 pounds",2022-02,27880.0
Lard,Removed for use in processing,"1,000 pounds",2022-03,17504.0
Lard,Removed for use in processing,"1,000 pounds",2022-04,23417.0
Lard,Removed for use in processing,"1,000 pounds",2022-05,24701.0
Lard,Removed for use in processing,"1,000 pounds",2022-06,24987.0
Lard,Removed for use in processing,"1,000 pounds",2022-07,19993.0
Lard,Removed for use in processing,"1,000 pounds",2022-08,27875.0
Lard,Removed for use in processing,"1,000 pounds",2022-09,25478.0
Lard,Removed for use in processing,"1,000 pounds",2022-10,23882.0
Lard,Removed for use in processing,"1,000 pounds",2022-11,27514.0
Lard,Removed for use in processing,"1,000 pounds",2022-12,22625.0
Lard,Removed for use in processing,"1,000 pounds",2023-01,19345.0
Lard,Removed for use in processing,"1,000 pounds",2023-02,21804.0
Lard,Removed for use in processing,"1,000 pounds",2023-03,22231.0
Lard,Removed for use in processing,"1,000 pounds",2023-04,24766.0
Lard,Removed for use in processing,"1,000 pounds",2023-05,31934.0
Lard,Removed for use in processing,"1,000 pounds",2023-06,28592.0
Lard,Removed for use in processing,"1,000 pounds",2023-07,17614.0
Lard,Removed for use in processing,"1,000 pounds",2023-08,15183.0
Lard,Removed for use in processing,"1,000 pounds",2023-09,25156.0
Lard,Removed for use in processing,"1,000 pounds",2023-10,25124.0
Lard,Removed for use in processing,"1,000 pounds",2023-11,34185.0
Lard,Removed for use in processing,"1,000 pounds",2023-12,25179.0
Lard,Removed for use in processing,"1,000 pounds",2024-01,19192.0
Lard,Removed for use in processing,"1,000 pounds",2024-02,26824.0
Lard,Removed for use in processing,"1,000 pounds",2024-03,22301.0
Lard,Removed for use in processing,"1,000 pounds",2024-04,19040.0
Lard,Removed for use in processing,"1,000 pounds",2024-05,20706.0
Lard,Removed for use in processing,"1,000 pounds",2024-06,20178.0
Lard,Removed for use in processing,"1,000 pounds",2024-07,22046.0
Lard,Removed for use in processing,"1,000 pounds",2024-08,24090.0
Lard,Removed for use in processing,"1,000 pounds",2024-09,28661.0
Lard,Removed for use in processing,"1,000 pounds",2024-10,26669.0
Lard,Removed for use in processing,"1,000 pounds",2024-11,23825.0
Lard,Removed for use in processing,"1,000 pounds",2024-12,22490.0
Lard,Removed for use in processing,"1,000 pounds",2025-01,22536.0
Lard,Removed for use in processing,"1,000 pounds",2025-02,25725.0
Lard,Removed for use in processing,"1,000 pounds",2025-03,24373.0
Lard,Removed for use in processing,"1,000 pounds",2025-04,24044.0
Lard,Removed for use in processing,"1,000 pounds",2025-05,27928.0
Lard,Removed for use in processing,"1,000 pounds",2025-06,29232.0
Lard,Removed for use in processing,"1,000 pounds",2025-07,22028.0
Lard,Removed for use in processing,"1,000 pounds",2025-08,39687.0
Lard,Removed for use in processing,"1,000 pounds",2025-09,45818.0
Lard,Removed for use in processing,"1,000 pounds",2025-10,38679.0
Lard,Removed for use in processing,"1,000 pounds",2025-11,31474.0
Lard,Removed for use in processing,"1,000 pounds",2025-12,20510.0
Lard,Removed for use in processing,"1,000 pounds",2026-01,22230.0
Lard,Removed for use in processing,"1,000 pounds",2026-02,26351.0
Lard,Removed for use in processing,"1,000 pounds",2026-03,22780.0
Lard,Removed for use in processing,"1,000 pounds",2026-04,20983.0
Lard,Removed for use in processing,"1,000 pounds",2026-05,29425.0
Lard,Removed for use in processing,"1,000 pounds",2026-06,19017.0
Lard,Removed for use in processing,"1,000 pounds",2026-07,17240.0
"Meat meal, meat and bone meal, and dry rendered tankage",Production,"1,000 pounds",2015-05,495421.0
"Meat meal, meat and bone meal, and dry rendered tankage",Production,"1,000 pounds",2015-06,473234.0
"Meat meal, meat and bone meal, and dry rendered tankage",Production,"1,000 pounds",2015-07,397569.0
"Meat meal, meat and bone meal, and dry rendered tankage",Production,"1,000 pounds",2015-08,423079.0
"Meat meal, meat and bone meal, and dry rendered tankage",Production,"1,000 pounds",2015-09,493284.0
"Meat meal, meat and bone meal, and dry rendered tankage",Production,"1,000 pounds",2015-10,466020.0
"Meat meal, meat and bone meal, and dry rendered tankage",Production,"1,000 pounds",2015-11,488082.0
"Meat meal, meat and bone meal, and dry rendered tankage",Production,"1,000 pounds",2015-12,511225.0
"Meat meal, meat and bone meal, and dry rendered tankage",Production,"1,000 pounds",2016-01,474699.0
"Meat meal, meat and bone meal, and dry rendered tankage",Production,"1,000 pounds",2016-02,497462.0
"Meat meal, meat and bone meal, and dry rendered tankage",Production,"1,000 pounds",2016-03,495307.0
"Meat meal, meat and bone meal, and dry rendered tankage",Production,"1,000 pounds",2016-04,469177.0
"Meat meal, meat and bone meal, and dry rendered tankage",Production,"1,000 pounds",2016-05,510653.0
"Meat meal, meat and bone meal, and dry rendered tankage",Production,"1,000 pounds",2016-06,492239.0
"Meat meal, meat and bone meal, and dry rendered tankage",Production,"1,000 pounds",2016-07,444643.0
"Meat meal, meat and bone meal, and dry rendered tankage",Production,"1,000 pounds",2016-08,523656.0
"Meat meal, meat and bone meal, and dry rendered tankage",Production,"1,000 pounds",2016-09,489606.0
"Meat meal, meat and bone meal, and dry rendered tankage",Production,"1,000 pounds",2016-10,491455.0
"Meat meal, meat and bone meal, and dry rendered tankage",Production,"1,000 pounds",2016-11,548073.0
"Meat meal, meat and bone meal, and dry rendered tankage",Production,"1,000 pounds",2016-12,540870.0
"Meat meal, meat and bone meal, and dry rendered tankage",Production,"1,000 pounds",2017-01,521353.0
"Meat meal, meat and bone meal, and dry rendered tankage",Production,"1,000 pounds",2017-02,546750.0
"Meat meal, meat and bone meal, and dry rendered tankage",Production,"1,000 pounds",2017-03,456885.0
"Meat meal, meat and bone meal, and dry rendered tankage",Production,"1,000 pounds",2017-04,492745.0
"Meat meal, meat and bone meal, and dry rendered tankage",Production,"1,000 pounds",2017-05,516432.0
"Meat meal, meat and bone meal, and dry rendered tankage",Production,"1,000 pounds",2017-06,490202.0
"Meat meal, meat and bone meal, and dry rendered tankage",Production,"1,000 pounds",2017-07,445531.0
"Meat meal, meat and bone meal, and dry rendered tankage",Production,"1,000 pounds",2017-08,528087.0
"Meat meal, meat and bone meal, and dry rendered tankage",Production,"1,000 pounds",2017-09,533264.0
"Meat meal, meat and bone meal, and dry rendered tankage",Production,"1,000 pounds",2017-10,506187.0
"Meat meal, meat and bone meal, and dry rendered tankage",Production,"1,000 pounds",2017-11,560271.0
"Meat meal, meat and bone meal, and dry rendered tankage",Production,"1,000 pounds",2017-12,553544.0
"Meat meal, meat and bone meal, and dry rendered tankage",Production,"1,000 pounds",2018-01,390785.0
"Meat meal, meat and bone meal, and dry rendered tankage",Production,"1,000 pounds",2018-02,501428.0
"Meat meal, meat and bone meal, and dry rendered tankage",Production,"1,000 pounds",2018-03,517317.0
"Meat meal, meat and bone meal, and dry rendered tankage",Production,"1,000 pounds",2018-04,464909.0
"Meat meal, meat and bone meal, and dry rendered tankage",Production,"1,000 pounds",2018-05,469509.0
"Meat meal, meat and bone meal, and dry rendered tankage",Production,"1,000 pounds",2018-06,482620.0
"Meat meal, meat and bone meal, and dry rendered tankage",Production,"1,000 pounds",2018-07,451953.0
"Meat meal, meat and bone meal, and dry rendered tankage",Production,"1,000 pounds",2018-08,514356.0
"Meat meal, meat and bone meal, and dry rendered tankage",Production,"1,000 pounds",2018-09,498512.0
"Meat meal, meat and bone meal, and dry rendered tankage",Production,"1,000 pounds",2018-10,493845.0
"Meat meal, meat and bone meal, and dry rendered tankage",Production,"1,000 pounds",2018-11,542191.0
"Meat meal, meat and bone meal, and dry rendered tankage",Production,"1,000 pounds",2018-12,532801.0
"Meat meal, meat and bone meal, and dry rendered tankage",Production,"1,000 pounds",2019-01,444106.0
"Meat meal, meat and bone meal, and dry rendered tankage",Production,"1,000 pounds",2019-02,543565.0
"Meat meal, meat and bone meal, and dry rendered tankage",Production,"1,000 pounds",2019-03,522255.0
"Meat meal, meat and bone meal, and dry rendered tankage",Production,"1,000 pounds",2019-04,489259.0
"Meat meal, meat and bone meal, and dry rendered tankage",Production,"1,000 pounds",2019-05,511622.0
"Meat meal, meat and bone meal, and dry rendered tankage",Production,"1,000 pounds",2019-06,487970.0
"Meat meal, meat and bone meal, and dry rendered tankage",Production,"1,000 pounds",2019-07,449593.0
"Meat meal, meat and bone meal, and dry rendered tankage",Production,"1,000 pounds",2019-08,519331.0
"Meat meal, meat and bone meal, and dry rendered tankage",Production,"1,000 pounds",2019-09,485260.0
"Meat meal, meat and bone meal, and dry rendered tankage",Production,"1,000 pounds",2019-10,479991.0
"Meat meal, meat and bone meal, and dry rendered tankage",Production,"1,000 pounds",2019-11,503574.0
"Meat meal, meat and bone meal, and dry rendered tankage",Production,"1,000 pounds",2019-12,503602.0
"Meat meal, meat and bone meal, and dry rendered tankage",Production,"1,000 pounds",2020-01,461192.0
"Meat meal, meat and bone meal, and dry rendered tankage",Production,"1,000 pounds",2020-02,508573.0
"Meat meal, meat and bone meal, and dry rendered tankage",Production,"1,000 pounds",2020-03,515537.0
"Meat meal, meat and bone meal, and dry rendered tankage",Production,"1,000 pounds",2020-04,363868.0
"Meat meal, meat and bone meal, and dry rendered tankage",Production,"1,000 pounds",2020-05,401117.0
"Meat meal, meat and bone meal, and dry rendered tankage",Production,"1,000 pounds",2020-06,433970.0
"Meat meal, meat and bone meal, and dry rendered tankage",Production,"1,000 pounds",2020-07,480455.0
"Meat meal, meat and bone meal, and dry rendered tankage",Production,"1,000 pounds",2020-08,471223.0
"Meat meal, meat and bone meal, and dry rendered tankage",Production,"1,000 pounds",2020-09,501547.0
"Meat meal, meat and bone meal, and dry rendered tankage",Production,"1,000 pounds",2020-10,411103.0
"Meat meal, meat and bone meal, and dry rendered tankage",Production,"1,000 pounds",2020-11,468428.0
"Meat meal, meat and bone meal, and dry rendered tankage",Production,"1,000 pounds",2020-12,440433.0
"Meat meal, meat and bone meal, and dry rendered tankage",Production,"1,000 pounds",2021-01,416645.0
"Meat meal, meat and bone meal, and dry rendered tankage",Production,"1,000 pounds",2021-02,424692.0
"Meat meal, meat and bone meal, and dry rendered tankage",Production,"1,000 pounds",2021-03,513462.0
"Meat meal, meat and bone meal, and dry rendered tankage",Production,"1,000 pounds",2021-04,481207.0
"Meat meal, meat and bone meal, and dry rendered tankage",Production,"1,000 pounds",2021-05,456634.0
"Meat meal, meat and bone meal, and dry rendered tankage",Production,"1,000 pounds",2021-06,427461.0
"Meat meal, meat and bone meal, and dry rendered tankage",Production,"1,000 pounds",2021-07,420054.0
"Meat meal, meat and bone meal, and dry rendered tankage",Production,"1,000 pounds",2021-08,427951.0
"Meat meal, meat and bone meal, and dry rendered tankage",Production,"1,000 pounds",2021-09,489251.0
"Meat meal, meat and bone meal, and dry rendered tankage",Production,"1,000 pounds",2021-10,480665.0
"Meat meal, meat and bone meal, and dry rendered tankage",Production,"1,000 pounds",2021-11,520433.0
"Meat meal, meat and bone meal, and dry rendered tankage",Production,"1,000 pounds",2021-12,494499.0
"Meat meal, meat and bone meal, and dry rendered tankage",Production,"1,000 pounds",2022-01,410218.0
"Meat meal, meat and bone meal, and dry rendered tankage",Production,"1,000 pounds",2022-02,472630.0
"Meat meal, meat and bone meal, and dry rendered tankage",Production,"1,000 pounds",2022-03,465363.0
"Meat meal, meat and bone meal, and dry rendered tankage",Production,"1,000 pounds",2022-04,418724.0
"Meat meal, meat and bone meal, and dry rendered tankage",Production,"1,000 pounds",2022-05,448347.0
"Meat meal, meat and bone meal, and dry rendered tankage",Production,"1,000 pounds",2022-06,488158.0
"Meat meal, meat and bone meal, and dry rendered tankage",Production,"1,000 pounds",2022-07,410593.0
"Meat meal, meat and bone meal, and dry rendered tankage",Production,"1,000 pounds",2022-08,467293.0
"Meat meal, meat and bone meal, and dry rendered tankage",Production,"1,000 pounds",2022-09,493846.0
"Meat meal, meat and bone meal, and dry rendered tankage",Production,"1,000 pounds",2022-10,491779.0
"Meat meal, meat and bone meal, and dry rendered tankage",Production,"1,000 pounds",2022-11,473623.0
"Meat meal, meat and bone meal, and dry rendered tankage",Production,"1,000 pounds",2022-12,490739.0
"Meat meal, meat and bone meal, and dry rendered tankage",Production,"1,000 pounds",2023-01,455104.0
"Meat meal, meat and bone meal, and dry rendered tankage",Production,"1,000 pounds",2023-02,469199.0
"Meat meal, meat and bone meal, and dry rendered tankage",Production,"1,000 pounds",2023-03,497179.0
"Meat meal, meat and bone meal, and dry rendered tankage",Production,"1,000 pounds",2023-04,426655.0
"Meat meal, meat and bone meal, and dry rendered tankage",Production,"1,000 pounds",2023-05,450452.0
"Meat meal, meat and bone meal, and dry rendered tankage",Production,"1,000 pounds",2023-06,436184.0
"Meat meal, meat and bone meal, and dry rendered tankage",Production,"1,000 pounds",2023-07,438993.0
"Meat meal, meat and bone meal, and dry rendered tankage",Production,"1,000 pounds",2023-08,548565.0
"Meat meal, meat and bone meal, and dry rendered tankage",Production,"1,000 pounds",2023-09,489565.0
"Meat meal, meat and bone meal, and dry rendered tankage",Production,"1,000 pounds",2023-10,474864.0
"Meat meal, meat and bone meal, and dry rendered tankage",Production,"1,000 pounds",2023-11,524539.0
"Meat meal, meat and bone meal, and dry rendered tankage",Production,"1,000 pounds",2023-12,507927.0
"Meat meal, meat and bone meal, and dry rendered tankage",Production,"1,000 pounds",2024-01,492429.0
"Meat meal, meat and bone meal, and dry rendered tankage",Production,"1,000 pounds",2024-02,475526.0
"Meat meal, meat and bone meal, and dry rendered tankage",Production,"1,000 pounds",2024-03,504290.0
"Meat meal, meat and bone meal, and dry rendered tankage",Production,"1,000 pounds",2024-04,422717.0
"Meat meal, meat and bone meal, and dry rendered tankage",Production,"1,000 pounds",2024-05,393198.0
"Meat meal, meat and bone meal, and dry rendered tankage",Production,"1,000 pounds",2024-06,391350.0
"Meat meal, meat and bone meal, and dry rendered tankage",Production,"1,000 pounds",2024-07,367803.0
"Meat meal, meat and bone meal, and dry rendered tankage",Production,"1,000 pounds",2024-08,411379.0
"Meat meal, meat and bone meal, and dry rendered tankage",Production,"1,000 pounds",2024-09,451653.0
"Meat meal, meat and bone meal, and dry rendered tankage",Production,"1,000 pounds",2024-10,435975.0
"Meat meal, meat and bone meal, and dry rendered tankage",Production,"1,000 pounds",2024-11,440702.0
"Meat meal, meat and bone meal, and dry rendered tankage",Production,"1,000 pounds",2024-12,411998.0
"Meat meal, meat and bone meal, and dry rendered tankage",Production,"1,000 pounds",2025-01,387680.0
"Meat meal, meat and bone meal, and dry rendered tankage",Production,"1,000 pounds",2025-02,460490.0
"Meat meal, meat and bone meal, and dry rendered tankage",Production,"1,000 pounds",2025-03,428942.0
"Meat meal, meat and bone meal, and dry rendered tankage",Production,"1,000 pounds",2025-04,397752.0
"Meat meal, meat and bone meal, and dry rendered tankage",Production,"1,000 pounds",2025-05,419191.0
"Meat meal, meat and bone meal, and dry rendered tankage",Production,"1,000 pounds",2025-06,407909.0
"Meat meal, meat and bone meal, and dry rendered tankage",Production,"1,000 pounds",2025-07,348569.0
"Meat meal, meat and bone meal, and dry rendered tankage",Production,"1,000 pounds",2025-08,390536.0
"Meat meal, meat and bone meal, and dry rendered tankage",Production,"1,000 pounds",2025-09,429953.0
"Meat meal, meat and bone meal, and dry rendered tankage",Production,"1,000 pounds",2025-10,396698.0
"Meat meal, meat and bone meal, and dry rendered tankage",Production,"1,000 pounds",2025-11,444271.0
"Meat meal, meat and bone meal, and dry rendered tankage",Production,"1,000 pounds",2025-12,424457.0
"Meat meal, meat and bone meal, and dry rendered tankage",Production,"1,000 pounds",2026-01,366478.0
"Meat meal, meat and bone meal, and dry rendered tankage",Production,"1,000 pounds",2026-02,428696.0
"Meat meal, meat and bone meal, and dry rendered tankage",Production,"1,000 pounds",2026-03,349809.0
"Meat meal, meat and bone meal, and dry rendered tankage",Production,"1,000 pounds",2026-04,303704.0
"Meat meal, meat and bone meal, and dry rendered tankage",Production,"1,000 pounds",2026-05,335665.0
"Meat meal, meat and bone meal, and dry rendered tankage",Production,"1,000 pounds",2026-06,353592.0
"Meat meal, meat and bone meal, and dry rendered tankage",Production,"1,000 pounds",2026-07,315642.0
"Meat meal, meat and bone meal, and dry rendered tankage",Production,"1,000 pounds",2026-08,332957.0
"Meat meal, meat and bone meal, and dry rendered tankage",Stocks on hand end of month,"1,000 pounds",2015-05,89480.0
"Meat meal, meat and bone meal, and dry rendered tankage",Stocks on hand end of month,"1,000 pounds",2015-06,66311.0
"Meat meal, meat and bone meal, and dry rendered tankage",Stocks on hand end of month,"1,000 pounds",2015-07,63128.0
"Meat meal, meat and bone meal, and dry rendered tankage",Stocks on hand end of month,"1,000 pounds",2015-08,71562.0
"Meat meal, meat and bone meal, and dry rendered tankage",Stocks on hand end of month,"1,000 pounds",2015-09,51930.0
"Meat meal, meat and bone meal, and dry rendered tankage",Stocks on hand end of month,"1,000 pounds",2015-10,60677.0
"Meat meal, meat and bone meal, and dry rendered tankage",Stocks on hand end of month,"1,000 pounds",2015-11,58432.0
"Meat meal, meat and bone meal, and dry rendered tankage",Stocks on hand end of month,"1,000 pounds",2015-12,57972.0
"Meat meal, meat and bone meal, and dry rendered tankage",Stocks on hand end of month,"1,000 pounds",2016-01,54360.0
"Meat meal, meat and bone meal, and dry rendered tankage",Stocks on hand end of month,"1,000 pounds",2016-02,45912.0
"Meat meal, meat and bone meal, and dry rendered tankage",Stocks on hand end of month,"1,000 pounds",2016-03,45464.0
"Meat meal, meat and bone meal, and dry rendered tankage",Stocks on hand end of month,"1,000 pounds",2016-04,43428.0
"Meat meal, meat and bone meal, and dry rendered tankage",Stocks on hand end of month,"1,000 pounds",2016-05,46803.0
"Meat meal, meat and bone meal, and dry rendered tankage",Stocks on hand end of month,"1,000 pounds",2016-06,45154.0
"Meat meal, meat and bone meal, and dry rendered tankage",Stocks on hand end of month,"1,000 pounds",2016-07,49154.0
"Meat meal, meat and bone meal, and dry rendered tankage",Stocks on hand end of month,"1,000 pounds",2016-08,49067.0
"Meat meal, meat and bone meal, and dry rendered tankage",Stocks on hand end of month,"1,000 pounds",2016-09,56741.0
"Meat meal, meat and bone meal, and dry rendered tankage",Stocks on hand end of month,"1,000 pounds",2016-10,58536.0
"Meat meal, meat and bone meal, and dry rendered tankage",Stocks on hand end of month,"1,000 pounds",2016-11,62871.0
"Meat meal, meat and bone meal, and dry rendered tankage",Stocks on hand end of month,"1,000 pounds",2016-12,60233.0
"Meat meal, meat and bone meal, and dry rendered tankage",Stocks on hand end of month,"1,000 pounds",2017-01,63863.0
"Meat meal, meat and bone meal, and dry rendered tankage",Stocks on hand end of month,"1,000 pounds",2017-02,64110.0
"Meat meal, meat and bone meal, and dry rendered tankage",Stocks on hand end of month,"1,000 pounds",2017-03,53914.0
"Meat meal, meat and bone meal, and dry rendered tankage",Stocks on hand end of month,"1,000 pounds",2017-04,49285.0
"Meat meal, meat and bone meal, and dry rendered tankage",Stocks on hand end of month,"1,000 pounds",2017-05,46128.0
"Meat meal, meat and bone meal, and dry rendered tankage",Stocks on hand end of month,"1,000 pounds",2017-06,49102.0
"Meat meal, meat and bone meal, and dry rendered tankage",Stocks on hand end of month,"1,000 pounds",2017-07,49757.0
"Meat meal, meat and bone meal, and dry rendered tankage",Stocks on hand end of month,"1,000 pounds",2017-08,48220.0
"Meat meal, meat and bone meal, and dry rendered tankage",Stocks on hand end of month,"1,000 pounds",2017-09,65483.0
"Meat meal, meat and bone meal, and dry rendered tankage",Stocks on hand end of month,"1,000 pounds",2017-10,66583.0
"Meat meal, meat and bone meal, and dry rendered tankage",Stocks on hand end of month,"1,000 pounds",2017-11,65094.0
"Meat meal, meat and bone meal, and dry rendered tankage",Stocks on hand end of month,"1,000 pounds",2017-12,61593.0
"Meat meal, meat and bone meal, and dry rendered tankage",Stocks on hand end of month,"1,000 pounds",2018-01,58659.0
"Meat meal, meat and bone meal, and dry rendered tankage",Stocks on hand end of month,"1,000 pounds",2018-02,48453.0
"Meat meal, meat and bone meal, and dry rendered tankage",Stocks on hand end of month,"1,000 pounds",2018-03,49828.0
"Meat meal, meat and bone meal, and dry rendered tankage",Stocks on hand end of month,"1,000 pounds",2018-04,50429.0
"Meat meal, meat and bone meal, and dry rendered tankage",Stocks on hand end of month,"1,000 pounds",2018-05,49251.0
"Meat meal, meat and bone meal, and dry rendered tankage",Stocks on hand end of month,"1,000 pounds",2018-06,54817.0
"Meat meal, meat and bone meal, and dry rendered tankage",Stocks on hand end of month,"1,000 pounds",2018-07,60601.0
"Meat meal, meat and bone meal, and dry rendered tankage",Stocks on hand end of month,"1,000 pounds",2018-08,71194.0
"Meat meal, meat and bone meal, and dry rendered tankage",Stocks on hand end of month,"1,000 pounds",2018-09,70513.0
"Meat meal, meat and bone meal, and dry rendered tankage",Stocks on hand end of month,"1,000 pounds",2018-10,73420.0
"Meat meal, meat and bone meal, and dry rendered tankage",Stocks on hand end of month,"1,000 pounds",2018-11,66986.0
"Meat meal, meat and bone meal, and dry rendered tankage",Stocks on hand end of month,"1,000 pounds",2018-12,69521.0
"Meat meal, meat and bone meal, and dry rendered tankage",Stocks on hand end of month,"1,000 pounds",2019-01,68195.0
"Meat meal, meat and bone meal, and dry rendered tankage",Stocks on hand end of month,"1,000 pounds",2019-02,65523.0
"Meat meal, meat and bone meal, and dry rendered tankage",Stocks on hand end of month,"1,000 pounds",2019-03,61632.0
"Meat meal, meat and bone meal, and dry rendered tankage",Stocks on hand end of month,"1,000 pounds",2019-04,55399.0
"Meat meal, meat and bone meal, and dry rendered tankage",Stocks on hand end of month,"1,000 pounds",2019-05,61151.0
"Meat meal, meat and bone meal, and dry rendered tankage",Stocks on hand end of month,"1,000 pounds",2019-06,55152.0
"Meat meal, meat and bone meal, and dry rendered tankage",Stocks on hand end of month,"1,000 pounds",2019-07,56271.0
"Meat meal, meat and bone meal, and dry rendered tankage",Stocks on hand end of month,"1,000 pounds",2019-08,69101.0
"Meat meal, meat and bone meal, and dry rendered tankage",Stocks on hand end of month,"1,000 pounds",2019-09,65793.0
"Meat meal, meat and bone meal, and dry rendered tankage",Stocks on hand end of month,"1,000 pounds",2019-10,73653.0
"Meat meal, meat and bone meal, and dry rendered tankage",Stocks on hand end of month,"1,000 pounds",2019-11,81020.0
"Meat meal, meat and bone meal, and dry rendered tankage",Stocks on hand end of month,"1,000 pounds",2019-12,64960.0
"Meat meal, meat and bone meal, and dry rendered tankage",Stocks on hand end of month,"1,000 pounds",2020-01,64873.0
"Meat meal, meat and bone meal, and dry rendered tankage",Stocks on hand end of month,"1,000 pounds",2020-02,61197.0
"Meat meal, meat and bone meal, and dry rendered tankage",Stocks on hand end of month,"1,000 pounds",2020-03,62079.0
"Meat meal, meat and bone meal, and dry rendered tankage",Stocks on hand end of month,"1,000 pounds",2020-04,56373.0
"Meat meal, meat and bone meal, and dry rendered tankage",Stocks on hand end of month,"1,000 pounds",2020-05,66791.0
"Meat meal, meat and bone meal, and dry rendered tankage",Stocks on hand end of month,"1,000 pounds",2020-06,67908.0
"Meat meal, meat and bone meal, and dry rendered tankage",Stocks on hand end of month,"1,000 pounds",2020-07,64710.0
"Meat meal, meat and bone meal, and dry rendered tankage",Stocks on hand end of month,"1,000 pounds",2020-08,64844.0
"Meat meal, meat and bone meal, and dry rendered tankage",Stocks on hand end of month,"1,000 pounds",2020-09,68587.0
"Meat meal, meat and bone meal, and dry rendered tankage",Stocks on hand end of month,"1,000 pounds",2020-10,68579.0
"Meat meal, meat and bone meal, and dry rendered tankage",Stocks on hand end of month,"1,000 pounds",2020-11,69324.0
"Meat meal, meat and bone meal, and dry rendered tankage",Stocks on hand end of month,"1,000 pounds",2020-12,68558.0
"Meat meal, meat and bone meal, and dry rendered tankage",Stocks on hand end of month,"1,000 pounds",2021-01,72648.0
"Meat meal, meat and bone meal, and dry rendered tankage",Stocks on hand end of month,"1,000 pounds",2021-02,73567.0
"Meat meal, meat and bone meal, and dry rendered tankage",Stocks on hand end of month,"1,000 pounds",2021-03,68074.0
"Meat meal, meat and bone meal, and dry rendered tankage",Stocks on hand end of month,"1,000 pounds",2021-04,68720.0
"Meat meal, meat and bone meal, and dry rendered tankage",Stocks on hand end of month,"1,000 pounds",2021-05,61885.0
"Meat meal, meat and bone meal, and dry rendered tankage",Stocks on hand end of month,"1,000 pounds",2021-06,63389.0
"Meat meal, meat and bone meal, and dry rendered tankage",Stocks on hand end of month,"1,000 pounds",2021-07,66064.0
"Meat meal, meat and bone meal, and dry rendered tankage",Stocks on hand end of month,"1,000 pounds",2021-08,67340.0
"Meat meal, meat and bone meal, and dry rendered tankage",Stocks on hand end of month,"1,000 pounds",2021-09,76931.0
"Meat meal, meat and bone meal, and dry rendered tankage",Stocks on hand end of month,"1,000 pounds",2021-10,94276.0
"Meat meal, meat and bone meal, and dry rendered tankage",Stocks on hand end of month,"1,000 pounds",2021-11,103456.0
"Meat meal, meat and bone meal, and dry rendered tankage",Stocks on hand end of month,"1,000 pounds",2021-12,81910.0
"Meat meal, meat and bone meal, and dry rendered tankage",Stocks on hand end of month,"1,000 pounds",2022-01,76777.0
"Meat meal, meat and bone meal, and dry rendered tankage",Stocks on hand end of month,"1,000 pounds",2022-02,68604.0
"Meat meal, meat and bone meal, and dry rendered tankage",Stocks on hand end of month,"1,000 pounds",2022-03,75961.0
"Meat meal, meat and bone meal, and dry rendered tankage",Stocks on hand end of month,"1,000 pounds",2022-04,67578.0
"Meat meal, meat and bone meal, and dry rendered tankage",Stocks on hand end of month,"1,000 pounds",2022-05,93688.0
"Meat meal, meat and bone meal, and dry rendered tankage",Stocks on hand end of month,"1,000 pounds",2022-06,71618.0
"Meat meal, meat and bone meal, and dry rendered tankage",Stocks on hand end of month,"1,000 pounds",2022-07,73100.0
"Meat meal, meat and bone meal, and dry rendered tankage",Stocks on hand end of month,"1,000 pounds",2022-08,64584.0
"Meat meal, meat and bone meal, and dry rendered tankage",Stocks on hand end of month,"1,000 pounds",2022-09,76001.0
"Meat meal, meat and bone meal, and dry rendered tankage",Stocks on hand end of month,"1,000 pounds",2022-10,61259.0
"Meat meal, meat and bone meal, and dry rendered tankage",Stocks on hand end of month,"1,000 pounds",2022-11,68509.0
"Meat meal, meat and bone meal, and dry rendered tankage",Stocks on hand end of month,"1,000 pounds",2022-12,63339.0
"Meat meal, meat and bone meal, and dry rendered tankage",Stocks on hand end of month,"1,000 pounds",2023-01,67167.0
"Meat meal, meat and bone meal, and dry rendered tankage",Stocks on hand end of month,"1,000 pounds",2023-02,57511.0
"Meat meal, meat and bone meal, and dry rendered tankage",Stocks on hand end of month,"1,000 pounds",2023-03,57886.0
"Meat meal, meat and bone meal, and dry rendered tankage",Stocks on hand end of month,"1,000 pounds",2023-04,53012.0
"Meat meal, meat and bone meal, and dry rendered tankage",Stocks on hand end of month,"1,000 pounds",2023-05,53508.0
"Meat meal, meat and bone meal, and dry rendered tankage",Stocks on hand end of month,"1,000 pounds",2023-06,54626.0
"Meat meal, meat and bone meal, and dry rendered tankage",Stocks on hand end of month,"1,000 pounds",2023-07,54957.0
"Meat meal, meat and bone meal, and dry rendered tankage",Stocks on hand end of month,"1,000 pounds",2023-08,57136.0
"Meat meal, meat and bone meal, and dry rendered tankage",Stocks on hand end of month,"1,000 pounds",2023-09,56667.0
"Meat meal, meat and bone meal, and dry rendered tankage",Stocks on hand end of month,"1,000 pounds",2023-10,61202.0
"Meat meal, meat and bone meal, and dry rendered tankage",Stocks on hand end of month,"1,000 pounds",2023-11,71761.0
"Meat meal, meat and bone meal, and dry rendered tankage",Stocks on hand end of month,"1,000 pounds",2023-12,72110.0
"Meat meal, meat and bone meal, and dry rendered tankage",Stocks on hand end of month,"1,000 pounds",2024-01,64544.0
"Meat meal, meat and bone meal, and dry rendered tankage",Stocks on hand end of month,"1,000 pounds",2024-02,56663.0
"Meat meal, meat and bone meal, and dry rendered tankage",Stocks on hand end of month,"1,000 pounds",2024-03,52464.0
"Meat meal, meat and bone meal, and dry rendered tankage",Stocks on hand end of month,"1,000 pounds",2024-04,54434.0
"Meat meal, meat and bone meal, and dry rendered tankage",Stocks on hand end of month,"1,000 pounds",2024-05,51107.0
"Meat meal, meat and bone meal, and dry rendered tankage",Stocks on hand end of month,"1,000 pounds",2024-06,57862.0
"Meat meal, meat and bone meal, and dry rendered tankage",Stocks on hand end of month,"1,000 pounds",2024-07,55207.0
"Meat meal, meat and bone meal, and dry rendered tankage",Stocks on hand end of month,"1,000 pounds",2024-08,57156.0
"Meat meal, meat and bone meal, and dry rendered tankage",Stocks on hand end of month,"1,000 pounds",2024-09,62426.0
"Meat meal, meat and bone meal, and dry rendered tankage",Stocks on hand end of month,"1,000 pounds",2024-10,54956.0
"Meat meal, meat and bone meal, and dry rendered tankage",Stocks on hand end of month,"1,000 pounds",2024-11,59674.0
"Meat meal, meat and bone meal, and dry rendered tankage",Stocks on hand end of month,"1,000 pounds",2024-12,59046.0
"Meat meal, meat and bone meal, and dry rendered tankage",Stocks on hand end of month,"1,000 pounds",2025-01,57264.0
"Meat meal, meat and bone meal, and dry rendered tankage",Stocks on hand end of month,"1,000 pounds",2025-02,50045.0
"Meat meal, meat and bone meal, and dry rendered tankage",Stocks on hand end of month,"1,000 pounds",2025-03,50065.0
"Meat meal, meat and bone meal, and dry rendered tankage",Stocks on hand end of month,"1,000 pounds",2025-04,47453.0
"Meat meal, meat and bone meal, and dry rendered tankage",Stocks on hand end of month,"1,000 pounds",2025-05,47459.0
"Meat meal, meat and bone meal, and dry rendered tankage",Stocks on hand end of month,"1,000 pounds",2025-06,45560.0
"Meat meal, meat and bone meal, and dry rendered tankage",Stocks on hand end of month,"1,000 pounds",2025-07,54965.0
"Meat meal, meat and bone meal, and dry rendered tankage",Stocks on hand end of month,"1,000 pounds",2025-08,52552.0
"Meat meal, meat and bone meal, and dry rendered tankage",Stocks on hand end of month,"1,000 pounds",2025-09,53108.0
"Meat meal, meat and bone meal, and dry rendered tankage",Stocks on hand end of month,"1,000 pounds",2025-10,50732.0
"Meat meal, meat and bone meal, and dry rendered tankage",Stocks on hand end of month,"1,000 pounds",2025-11,59859.0
"Meat meal, meat and bone meal, and dry rendered tankage",Stocks on hand end of month,"1,000 pounds",2025-12,51100.0
"Meat meal, meat and bone meal, and dry rendered tankage",Stocks on hand end of month,"1,000 pounds",2026-01,54594.0
"Meat meal, meat and bone meal, and dry rendered tankage",Stocks on hand end of month,"1,000 pounds",2026-02,47590.0
"Meat meal, meat and bone meal, and dry rendered tankage",Stocks on hand end of month,"1,000 pounds",2026-03,37662.0
"Meat meal, meat and bone meal, and dry rendered tankage",Stocks on hand end of month,"1,000 pounds",2026-04,41289.0
"Meat meal, meat and bone meal, and dry rendered tankage",Stocks on hand end of month,"1,000 pounds",2026-05,40440.0
"Meat meal, meat and bone meal, and dry rendered tankage",Stocks on hand end of month,"1,000 pounds",2026-06,41157.0
"Meat meal, meat and bone meal, and dry rendered tankage",Stocks on hand end of month,"1,000 pounds",2026-07,42455.0
"Meat meal, meat and bone meal, and dry rendered tankage",Stocks on hand end of month,"1,000 pounds",2026-08,41380.0
Other grease,Production,"1,000 pounds",2015-05,65928.0
Other grease,Production,"1,000 pounds",2015-06,71689.0
Other grease,Production,"1,000 pounds",2015-07,77704.0
Other grease,Production,"1,000 pounds",2015-08,74569.0
Other grease,Production,"1,000 pounds",2015-09,78227.0
Other grease,Production,"1,000 pounds",2015-10,57552.0
Other grease,Production,"1,000 pounds",2015-11,56696.0
Other grease,Production,"1,000 pounds",2015-12,56127.0
Other grease,Production,"1,000 pounds",2016-01,54109.0
Other grease,Production,"1,000 pounds",2016-02,51305.0
Other grease,Production,"1,000 pounds",2016-03,58085.0
Other grease,Production,"1,000 pounds",2016-04,55198.0
Other grease,Production,"1,000 pounds",2016-05,59082.0
Other grease,Production,"1,000 pounds",2016-06,59515.0
Other grease,Production,"1,000 pounds",2016-07,56708.0
Other grease,Production,"1,000 pounds",2016-08,53022.0
Other grease,Production,"1,000 pounds",2016-09,60357.0
Other grease,Production,"1,000 pounds",2016-10,78086.0
Other grease,Production,"1,000 pounds",2016-11,85048.0
Other grease,Production,"1,000 pounds",2016-12,70213.0
Other grease,Production,"1,000 pounds",2017-01,68664.0
Other grease,Production,"1,000 pounds",2017-02,71217.0
Other grease,Production,"1,000 pounds",2017-03,76569.0
Other grease,Production,"1,000 pounds",2017-04,63418.0
Other grease,Production,"1,000 pounds",2017-05,67120.0
Other grease,Production,"1,000 pounds",2017-06,69202.0
Other grease,Production,"1,000 pounds",2017-07,65428.0
Other grease,Production,"1,000 pounds",2017-08,72628.0
Other grease,Production,"1,000 pounds",2017-09,69369.0
Other grease,Production,"1,000 pounds",2017-10,71183.0
Other grease,Production,"1,000 pounds",2017-11,69226.0
Other grease,Production,"1,000 pounds",2017-12,49905.0
Other grease,Production,"1,000 pounds",2018-01,63200.0
Other grease,Production,"1,000 pounds",2018-02,54730.0
Other grease,Production,"1,000 pounds",2018-03,58684.0
Other grease,Production,"1,000 pounds",2018-04,48386.0
Other grease,Production,"1,000 pounds",2018-05,55596.0
Other grease,Production,"1,000 pounds",2018-06,47148.0
Other grease,Production,"1,000 pounds",2018-07,42667.0
Other grease,Production,"1,000 pounds",2018-08,50852.0
Other grease,Production,"1,000 pounds",2018-09,55198.0
Other grease,Production,"1,000 pounds",2018-10,51389.0
Other grease,Production,"1,000 pounds",2018-11,54246.0
Other grease,Production,"1,000 pounds",2018-12,48256.0
Other grease,Production,"1,000 pounds",2019-01,28590.0
Other grease,Production,"1,000 pounds",2019-02,43621.0
Other grease,Production,"1,000 pounds",2019-03,44450.0
Other grease,Production,"1,000 pounds",2019-04,41035.0
Other grease,Production,"1,000 pounds",2019-05,40561.0
Other grease,Production,"1,000 pounds",2019-06,40092.0
Other grease,Production,"1,000 pounds",2019-07,33857.0
Other grease,Production,"1,000 pounds",2019-08,43114.0
Other grease,Production,"1,000 pounds",2019-09,32949.0
Other grease,Production,"1,000 pounds",2019-10,36366.0
Other grease,Production,"1,000 pounds",2019-11,36231.0
Other grease,Production,"1,000 pounds",2019-12,40780.0
Other grease,Production,"1,000 pounds",2020-01,38806.0
Other grease,Production,"1,000 pounds",2020-02,41345.0
Other grease,Production,"1,000 pounds",2020-03,40066.0
Other grease,Production,"1,000 pounds",2020-04,30045.0
Other grease,Production,"1,000 pounds",2020-05,33402.0
Other grease,Production,"1,000 pounds",2020-06,40935.0
Other grease,Production,"1,000 pounds",2020-07,38728.0
Other grease,Production,"1,000 pounds",2020-08,41693.0
Other grease,Production,"1,000 pounds",2020-09,41658.0
Other grease,Production,"1,000 pounds",2020-10,35938.0
Other grease,Production,"1,000 pounds",2020-11,35378.0
Other grease,Production,"1,000 pounds",2020-12,38730.0
Other grease,Production,"1,000 pounds",2021-01,33686.0
Other grease,Production,"1,000 pounds",2021-02,30832.0
Other grease,Production,"1,000 pounds",2021-03,39492.0
Other grease,Production,"1,000 pounds",2021-04,35284.0
Other grease,Production,"1,000 pounds",2021-05,37021.0
Other grease,Production,"1,000 pounds",2021-06,34356.0
Other grease,Production,"1,000 pounds",2021-07,55949.0
Other grease,Production,"1,000 pounds",2021-08,61586.0
Other grease,Production,"1,000 pounds",2021-09,42562.0
Other grease,Production,"1,000 pounds",2021-10,50831.0
Other grease,Production,"1,000 pounds",2021-11,38213.0
Other grease,Production,"1,000 pounds",2021-12,45421.0
Other grease,Production,"1,000 pounds",2022-01,34904.0
Other grease,Production,"1,000 pounds",2022-02,34958.0
Other grease,Production,"1,000 pounds",2022-03,36086.0
Other grease,Production,"1,000 pounds",2022-04,29031.0
Other grease,Production,"1,000 pounds",2022-05,29390.0
Other grease,Production,"1,000 pounds",2022-06,35758.0
Other grease,Production,"1,000 pounds",2022-07,29404.0
Other grease,Production,"1,000 pounds",2022-08,29908.0
Other grease,Production,"1,000 pounds",2022-09,37643.0
Other grease,Production,"1,000 pounds",2022-10,29361.0
Other grease,Production,"1,000 pounds",2022-11,25351.0
Other grease,Production,"1,000 pounds",2022-12,35372.0
Other grease,Production,"1,000 pounds",2023-01,29071.0
Other grease,Production,"1,000 pounds",2023-02,26927.0
Other grease,Production,"1,000 pounds",2023-03,30803.0
Other grease,Production,"1,000 pounds",2023-04,25659.0
Other grease,Production,"1,000 pounds",2023-05,18069.0
Other grease,Production,"1,000 pounds",2023-06,23179.0
Other grease,Production,"1,000 pounds",2023-07,24837.0
Other grease,Production,"1,000 pounds",2023-08,24104.0
Other grease,Production,"1,000 pounds",2023-09,22510.0
Other grease,Production,"1,000 pounds",2023-10,23128.0
Other grease,Production,"1,000 pounds",2023-11,28496.0
Other grease,Production,"1,000 pounds",2023-12,21243.0
Other grease,Production,"1,000 pounds",2024-01,23616.0
Other grease,Production,"1,000 pounds",2024-02,25525.0
Other grease,Production,"1,000 pounds",2024-03,23110.0
Other grease,Production,"1,000 pounds",2024-04,18482.0
Other grease,Production,"1,000 pounds",2024-05,19425.0
Other grease,Production,"1,000 pounds",2024-06,16464.0
Other grease,Production,"1,000 pounds",2024-07,16617.0
Other grease,Production,"1,000 pounds",2024-08,18951.0
Other grease,Production,"1,000 pounds",2024-09,19694.0
Other grease,Production,"1,000 pounds",2024-10,18854.0
Other grease,Production,"1,000 pounds",2024-11,21753.0
Other grease,Production,"1,000 pounds",2024-12,13254.0
Other grease,Production,"1,000 pounds",2025-01,20134.0
Other grease,Production,"1,000 pounds",2025-02,22239.0
Other grease,Production,"1,000 pounds",2025-03,27003.0
Other grease,Production,"1,000 pounds",2025-04,17150.0
Other grease,Production,"1,000 pounds",2025-05,17847.0
Other grease,Production,"1,000 pounds",2025-06,22022.0
Other grease,Production,"1,000 pounds",2025-07,18107.0
Other grease,Production,"1,000 pounds",2025-08,18081.0
Other grease,Production,"1,000 pounds",2025-09,20677.0
Other grease,Production,"1,000 pounds",2025-10,16330.0
Other grease,Production,"1,000 pounds",2025-11,16638.0
Other grease,Production,"1,000 pounds",2025-12,19035.0
Other grease,Production,"1,000 pounds",2026-01,18591.0
Other grease,Production,"1,000 pounds",2026-02,16387.0
Other grease,Production,"1,000 pounds",2026-03,19235.0
Other grease,Production,"1,000 pounds",2026-04,14851.0
Other grease,Production,"1,000 pounds",2026-05,14451.0
Other grease,Production,"1,000 pounds",2026-06,19026.0
Other grease,Production,"1,000 pounds",2026-07,18522.0
Other grease,Production,"1,000 pounds",2026-08,19694.0
Other grease,Removed for inedible use in processing,"1,000 pounds",2015-05,67602.0
Other grease,Removed for inedible use in processing,"1,000 pounds",2015-06,72204.0
Other grease,Removed for inedible use in processing,"1,000 pounds",2015-07,73185.0
Other grease,Removed for inedible use in processing,"1,000 pounds",2015-08,75898.0
Other grease,Removed for inedible use in processing,"1,000 pounds",2015-09,80407.0
Other grease,Removed for inedible use in processing,"1,000 pounds",2015-10,68165.0
Other grease,Removed for inedible use in processing,"1,000 pounds",2015-11,55378.0
Other grease,Removed for inedible use in processing,"1,000 pounds",2015-12,57101.0
Other grease,Removed for inedible use in processing,"1,000 pounds",2016-01,57431.0
Other grease,Removed for inedible use in processing,"1,000 pounds",2016-02,52925.0
Other grease,Removed for inedible use in processing,"1,000 pounds",2016-03,56198.0
Other grease,Removed for inedible use in processing,"1,000 pounds",2016-04,55881.0
Other grease,Removed for inedible use in processing,"1,000 pounds",2016-05,60419.0
Other grease,Removed for inedible use in processing,"1,000 pounds",2016-06,56859.0
Other grease,Removed for inedible use in processing,"1,000 pounds",2016-07,50859.0
Other grease,Removed for inedible use in processing,"1,000 pounds",2016-08,50439.0
Other grease,Removed for inedible use in processing,"1,000 pounds",2016-09,62161.0
Other grease,Removed for inedible use in processing,"1,000 pounds",2016-10,86208.0
Other grease,Removed for inedible use in processing,"1,000 pounds",2016-11,77543.0
Other grease,Removed for inedible use in processing,"1,000 pounds",2016-12,72635.0
Other grease,Removed for inedible use in processing,"1,000 pounds",2017-01,84556.0
Other grease,Removed for inedible use in processing,"1,000 pounds",2017-02,69707.0
Other grease,Removed for inedible use in processing,"1,000 pounds",2017-03,80397.0
Other grease,Removed for inedible use in processing,"1,000 pounds",2017-04,61888.0
Other grease,Removed for inedible use in processing,"1,000 pounds",2017-05,69022.0
Other grease,Removed for inedible use in processing,"1,000 pounds",2017-06,67884.0
Other grease,Removed for inedible use in processing,"1,000 pounds",2017-07,65854.0
Other grease,Removed for inedible use in processing,"1,000 pounds",2017-08,70547.0
Other grease,Removed for inedible use in processing,"1,000 pounds",2017-09,68324.0
Other grease,Removed for inedible use in processing,"1,000 pounds",2017-10,72468.0
Other grease,Removed for inedible use in processing,"1,000 pounds",2017-11,71501.0
Other grease,Removed for inedible use in processing,"1,000 pounds",2017-12,49471.0
Other grease,Removed for inedible use in processing,"1,000 pounds",2018-01,62466.0
Other grease,Removed for inedible use in processing,"1,000 pounds",2018-02,49231.0
Other grease,Removed for inedible use in processing,"1,000 pounds",2018-03,64511.0
Other grease,Removed for inedible use in processing,"1,000 pounds",2018-04,52175.0
Other grease,Removed for inedible use in processing,"1,000 pounds",2018-05,51797.0
Other grease,Removed for inedible use in processing,"1,000 pounds",2018-06,45300.0
Other grease,Removed for inedible use in processing,"1,000 pounds",2018-07,42247.0
Other grease,Removed for inedible use in processing,"1,000 pounds",2018-08,48188.0
Other grease,Removed for inedible use in processing,"1,000 pounds",2018-09,53128.0
Other grease,Removed for inedible use in processing,"1,000 pounds",2018-10,53803.0
Other grease,Removed for inedible use in processing,"1,000 pounds",2018-11,56883.0
Other grease,Removed for inedible use in processing,"1,000 pounds",2018-12,45275.0
Other grease,Removed for inedible use in processing,"1,000 pounds",2019-01,27296.0
Other grease,Removed for inedible use in processing,"1,000 pounds",2019-02,57485.0
Other grease,Removed for inedible use in processing,"1,000 pounds",2019-03,44044.0
Other grease,Removed for inedible use in processing,"1,000 pounds",2019-04,42289.0
Other grease,Removed for inedible use in processing,"1,000 pounds",2019-05,39101.0
Other grease,Removed for inedible use in processing,"1,000 pounds",2019-06,37276.0
Other grease,Removed for inedible use in processing,"1,000 pounds",2019-07,35095.0
Other grease,Removed for inedible use in processing,"1,000 pounds",2019-08,39233.0
Other grease,Removed for inedible use in processing,"1,000 pounds",2019-09,32647.0
Other grease,Removed for inedible use in processing,"1,000 pounds",2019-10,39188.0
Other grease,Removed for inedible use in processing,"1,000 pounds",2019-11,37306.0
Other grease,Removed for inedible use in processing,"1,000 pounds",2019-12,40866.0
Other grease,Removed for inedible use in processing,"1,000 pounds",2020-01,37370.0
Other grease,Removed for inedible use in processing,"1,000 pounds",2020-02,42611.0
Other grease,Removed for inedible use in processing,"1,000 pounds",2020-03,37590.0
Other grease,Removed for inedible use in processing,"1,000 pounds",2020-04,29313.0
Other grease,Removed for inedible use in processing,"1,000 pounds",2020-05,34566.0
Other grease,Removed for inedible use in processing,"1,000 pounds",2020-06,38289.0
Other grease,Removed for inedible use in processing,"1,000 pounds",2020-07,40477.0
Other grease,Removed for inedible use in processing,"1,000 pounds",2020-08,39700.0
Other grease,Removed for inedible use in processing,"1,000 pounds",2020-09,43021.0
Other grease,Removed for inedible use in processing,"1,000 pounds",2020-10,38357.0
Other grease,Removed for inedible use in processing,"1,000 pounds",2020-11,36308.0
Other grease,Removed for inedible use in processing,"1,000 pounds",2020-12,39049.0
Other grease,Removed for inedible use in processing,"1,000 pounds",2021-01,33936.0
Other grease,Removed for inedible use in processing,"1,000 pounds",2021-02,31214.0
Other grease,Removed for inedible use in processing,"1,000 pounds",2021-03,42624.0
Other grease,Removed for inedible use in processing,"1,000 pounds",2021-04,32209.0
Other grease,Removed for inedible use in processing,"1,000 pounds",2021-05,36349.0
Other grease,Removed for inedible use in processing,"1,000 pounds",2021-06,28663.0
Other grease,Removed for inedible use in processing,"1,000 pounds",2021-07,53550.0
Other grease,Removed for inedible use in processing,"1,000 pounds",2021-08,63770.0
Other grease,Removed for inedible use in processing,"1,000 pounds",2021-09,41247.0
Other grease,Removed for inedible use in processing,"1,000 pounds",2021-10,43495.0
Other grease,Removed for inedible use in processing,"1,000 pounds",2021-11,44449.0
Other grease,Removed for inedible use in processing,"1,000 pounds",2021-12,43943.0
Other grease,Removed for inedible use in processing,"1,000 pounds",2022-01,33243.0
Other grease,Removed for inedible use in processing,"1,000 pounds",2022-02,45429.0
Other grease,Removed for inedible use in processing,"1,000 pounds",2022-03,30799.0
Other grease,Removed for inedible use in processing,"1,000 pounds",2022-04,27635.0
Other grease,Removed for inedible use in processing,"1,000 pounds",2022-05,30225.0
Other grease,Removed for inedible use in processing,"1,000 pounds",2022-06,35822.0
Other grease,Removed for inedible use in processing,"1,000 pounds",2022-07,27684.0
Other grease,Removed for inedible use in processing,"1,000 pounds",2022-08,37842.0
Other grease,Removed for inedible use in processing,"1,000 pounds",2022-09,26959.0
Other grease,Removed for inedible use in processing,"1,000 pounds",2022-10,29570.0
Other grease,Removed for inedible use in processing,"1,000 pounds",2022-11,26135.0
Other grease,Removed for inedible use in processing,"1,000 pounds",2022-12,31121.0
Other grease,Removed for inedible use in processing,"1,000 pounds",2023-01,31135.0
Other grease,Removed for inedible use in processing,"1,000 pounds",2023-02,25958.0
Other grease,Removed for inedible use in processing,"1,000 pounds",2023-03,34699.0
Other grease,Removed for inedible use in processing,"1,000 pounds",2023-04,24849.0
Other grease,Removed for inedible use in processing,"1,000 pounds",2023-05,23713.0
Other grease,Removed for inedible use in processing,"1,000 pounds",2023-06,25268.0
Other grease,Removed for inedible use in processing,"1,000 pounds",2023-07,27555.0
Other grease,Removed for inedible use in processing,"1,000 pounds",2023-08,25350.0
Other grease,Removed for inedible use in processing,"1,000 pounds",2023-09,19750.0
Other grease,Removed for inedible use in processing,"1,000 pounds",2023-10,27414.0
Other grease,Removed for inedible use in processing,"1,000 pounds",2023-11,27795.0
Other grease,Removed for inedible use in processing,"1,000 pounds",2023-12,18667.0
Other grease,Removed for inedible use in processing,"1,000 pounds",2024-01,20555.0
Other grease,Removed for inedible use in processing,"1,000 pounds",2024-02,28300.0
Other grease,Removed for inedible use in processing,"1,000 pounds",2024-03,25949.0
Other grease,Removed for inedible use in processing,"1,000 pounds",2024-04,18163.0
Other grease,Removed for inedible use in processing,"1,000 pounds",2024-05,20421.0
Other grease,Removed for inedible use in processing,"1,000 pounds",2024-06,17734.0
Other grease,Removed for inedible use in processing,"1,000 pounds",2024-07,17767.0
Other grease,Removed for inedible use in processing,"1,000 pounds",2024-08,16054.0
Other grease,Removed for inedible use in processing,"1,000 pounds",2024-09,19249.0
Other grease,Removed for inedible use in processing,"1,000 pounds",2024-10,16685.0
Other grease,Removed for inedible use in processing,"1,000 pounds",2024-11,20876.0
Other grease,Removed for inedible use in processing,"1,000 pounds",2024-12,15579.0
Other grease,Removed for inedible use in processing,"1,000 pounds",2025-01,20784.0
Other grease,Removed for inedible use in processing,"1,000 pounds",2025-02,21480.0
Other grease,Removed for inedible use in processing,"1,000 pounds",2025-03,26901.0
Other grease,Removed for inedible use in processing,"1,000 pounds",2025-04,19951.0
Other grease,Removed for inedible use in processing,"1,000 pounds",2025-05,16330.0
Other grease,Removed for inedible use in processing,"1,000 pounds",2025-06,20191.0
Other grease,Removed for inedible use in processing,"1,000 pounds",2025-07,21018.0
Other grease,Removed for inedible use in processing,"1,000 pounds",2025-08,17048.0
Other grease,Removed for inedible use in processing,"1,000 pounds",2025-09,15208.0
Other grease,Removed for inedible use in processing,"1,000 pounds",2025-10,19123.0
Other grease,Removed for inedible use in processing,"1,000 pounds",2025-11,20471.0
Other grease,Removed for inedible use in processing,"1,000 pounds",2025-12,10536.0
Other grease,Removed for inedible use in processing,"1,000 pounds",2026-01,25759.0
Other grease,Removed for inedible use in processing,"1,000 pounds",2026-02,12615.0
Other grease,Removed for inedible use in processing,"1,000 pounds",2026-03,24093.0
Other grease,Removed for inedible use in processing,"1,000 pounds",2026-04,15894.0
Other grease,Removed for inedible use in processing,"1,000 pounds",2026-05,15304.0
Other grease,Removed for inedible use in processing,"1,000 pounds",2026-06,20417.0
Other grease,Removed for inedible use in processing,"1,000 pounds",2026-07,16154.0
Other grease,Removed for inedible use in processing,"1,000 pounds",2026-08,21905.0
Other grease,Stocks on hand end of month,"1,000 pounds",2021-03,7046.0
Other grease,Stocks on hand end of month,"1,000 pounds",2026-05,6158.0
Other grease,Stocks on hand end of month,"1,000 pounds",2026-06,4767.0
Other grease,Stocks on hand end of month,"1,000 pounds",2026-08,4924.0
Poultry by-product meals,Production,"1,000 pounds",2015-05,248878.0
Poultry by-product meals,Production,"1,000 pounds",2015-06,235049.0
Poultry by-product meals,Production,"1,000 pounds",2015-07,227466.0
Poultry by-product meals,Production,"1,000 pounds",2015-08,252901.0
Poultry by-product meals,Production,"1,000 pounds",2015-09,261440.0
Poultry by-product meals,Production,"1,000 pounds",2015-10,235528.0
Poultry by-product meals,Production,"1,000 pounds",2015-11,250461.0
Poultry by-product meals,Production,"1,000 pounds",2015-12,236453.0
Poultry by-product meals,Production,"1,000 pounds",2016-01,245249.0
Poultry by-product meals,Production,"1,000 pounds",2016-02,260162.0
Poultry by-product meals,Production,"1,000 pounds",2016-03,250708.0
Poultry by-product meals,Production,"1,000 pounds",2016-04,246193.0
Poultry by-product meals,Production,"1,000 pounds",2016-05,262634.0
Poultry by-product meals,Production,"1,000 pounds",2016-06,254393.0
Poultry by-product meals,Production,"1,000 pounds",2016-07,237469.0
Poultry by-product meals,Production,"1,000 pounds",2016-08,269451.0
Poultry by-product meals,Production,"1,000 pounds",2016-09,259234.0
Poultry by-product meals,Production,"1,000 pounds",2016-10,250062.0
Poultry by-product meals,Production,"1,000 pounds",2016-11,254462.0
Poultry by-product meals,Production,"1,000 pounds",2016-12,257030.0
Poultry by-product meals,Production,"1,000 pounds",2017-01,252208.0
Poultry by-product meals,Production,"1,000 pounds",2017-02,266614.0
Poultry by-product meals,Production,"1,000 pounds",2017-03,262806.0
Poultry by-product meals,Production,"1,000 pounds",2017-04,245796.0
Poultry by-product meals,Production,"1,000 pounds",2017-05,275136.0
Poultry by-product meals,Production,"1,000 pounds",2017-06,269251.0
Poultry by-product meals,Production,"1,000 pounds",2017-07,246591.0
Poultry by-product meals,Production,"1,000 pounds",2017-08,280460.0
Poultry by-product meals,Production,"1,000 pounds",2017-09,266001.0
Poultry by-product meals,Production,"1,000 pounds",2017-10,260441.0
Poultry by-product meals,Production,"1,000 pounds",2017-11,269747.0
Poultry by-product meals,Production,"1,000 pounds",2017-12,276941.0
Poultry by-product meals,Production,"1,000 pounds",2018-01,262370.0
Poultry by-product meals,Production,"1,000 pounds",2018-02,281330.0
Poultry by-product meals,Production,"1,000 pounds",2018-03,278120.0
Poultry by-product meals,Production,"1,000 pounds",2018-04,257530.0
Poultry by-product meals,Production,"1,000 pounds",2018-05,280341.0
Poultry by-product meals,Production,"1,000 pounds",2018-06,270500.0
Poultry by-product meals,Production,"1,000 pounds",2018-07,252122.0
Poultry by-product meals,Production,"1,000 pounds",2018-08,234360.0
Poultry by-product meals,Production,"1,000 pounds",2018-09,224917.0
Poultry by-product meals,Production,"1,000 pounds",2018-10,227915.0
Poultry by-product meals,Production,"1,000 pounds",2018-11,229713.0
Poultry by-product meals,Production,"1,000 pounds",2018-12,217282.0
Poultry by-product meals,Production,"1,000 pounds",2019-01,270459.0
Poultry by-product meals,Production,"1,000 pounds",2019-02,294781.0
Poultry by-product meals,Production,"1,000 pounds",2019-03,252424.0
Poultry by-product meals,Production,"1,000 pounds",2019-04,261761.0
Poultry by-product meals,Production,"1,000 pounds",2019-05,307345.0
Poultry by-product meals,Production,"1,000 pounds",2019-06,292242.0
Poultry by-product meals,Production,"1,000 pounds",2019-07,273933.0
Poultry by-product meals,Production,"1,000 pounds",2019-08,293603.0
Poultry by-product meals,Production,"1,000 pounds",2019-09,282934.0
Poultry by-product meals,Production,"1,000 pounds",2019-10,284748.0
Poultry by-product meals,Production,"1,000 pounds",2019-11,334032.0
Poultry by-product meals,Production,"1,000 pounds",2019-12,265867.0
Poultry by-product meals,Production,"1,000 pounds",2020-01,284114.0
Poultry by-product meals,Production,"1,000 pounds",2020-02,308284.0
Poultry by-product meals,Production,"1,000 pounds",2020-03,289530.0
Poultry by-product meals,Production,"1,000 pounds",2020-04,266643.0
Poultry by-product meals,Production,"1,000 pounds",2020-05,315975.0
Poultry by-product meals,Production,"1,000 pounds",2020-06,271874.0
Poultry by-product meals,Production,"1,000 pounds",2020-07,270253.0
Poultry by-product meals,Production,"1,000 pounds",2020-08,307523.0
Poultry by-product meals,Production,"1,000 pounds",2020-09,316491.0
Poultry by-product meals,Production,"1,000 pounds",2020-10,281576.0
Poultry by-product meals,Production,"1,000 pounds",2020-11,303464.0
Poultry by-product meals,Production,"1,000 pounds",2020-12,268235.0
Poultry by-product meals,Production,"1,000 pounds",2021-01,249316.0
Poultry by-product meals,Production,"1,000 pounds",2021-02,277931.0
Poultry by-product meals,Production,"1,000 pounds",2021-03,293462.0
Poultry by-product meals,Production,"1,000 pounds",2021-04,277928.0
Poultry by-product meals,Production,"1,000 pounds",2021-05,307753.0
Poultry by-product meals,Production,"1,000 pounds",2021-06,282989.0
Poultry by-product meals,Production,"1,000 pounds",2021-07,263412.0
Poultry by-product meals,Production,"1,000 pounds",2021-08,276217.0
Poultry by-product meals,Production,"1,000 pounds",2021-09,277804.0
Poultry by-product meals,Production,"1,000 pounds",2021-10,281337.0
Poultry by-product meals,Production,"1,000 pounds",2021-11,280759.0
Poultry by-product meals,Production,"1,000 pounds",2021-12,271214.0
Poultry by-product meals,Production,"1,000 pounds",2022-01,269761.0
Poultry by-product meals,Production,"1,000 pounds",2022-02,240473.0
Poultry by-product meals,Production,"1,000 pounds",2022-03,291501.0
Poultry by-product meals,Production,"1,000 pounds",2022-04,276285.0
Poultry by-product meals,Production,"1,000 pounds",2022-05,319555.0
Poultry by-product meals,Production,"1,000 pounds",2022-06,317565.0
Poultry by-product meals,Production,"1,000 pounds",2022-07,308260.0
Poultry by-product meals,Production,"1,000 pounds",2022-08,356034.0
Poultry by-product meals,Production,"1,000 pounds",2022-09,359934.0
Poultry by-product meals,Production,"1,000 pounds",2022-10,356010.0
Poultry by-product meals,Production,"1,000 pounds",2022-11,364126.0
Poultry by-product meals,Production,"1,000 pounds",2022-12,351019.0
Poultry by-product meals,Production,"1,000 pounds",2023-01,320285.0
Poultry by-product meals,Production,"1,000 pounds",2023-02,357221.0
Poultry by-product meals,Production,"1,000 pounds",2023-03,341907.0
Poultry by-product meals,Production,"1,000 pounds",2023-04,305559.0
Poultry by-product meals,Production,"1,000 pounds",2023-05,348432.0
Poultry by-product meals,Production,"1,000 pounds",2023-06,312357.0
Poultry by-product meals,Production,"1,000 pounds",2023-07,287592.0
Poultry by-product meals,Production,"1,000 pounds",2023-08,343703.0
Poultry by-product meals,Production,"1,000 pounds",2023-09,346596.0
Poultry by-product meals,Production,"1,000 pounds",2023-10,319993.0
Poultry by-product meals,Production,"1,000 pounds",2023-11,400983.0
Poultry by-product meals,Production,"1,000 pounds",2023-12,343411.0
Poultry by-product meals,Production,"1,000 pounds",2024-01,311109.0
Poultry by-product meals,Production,"1,000 pounds",2024-02,381571.0
Poultry by-product meals,Production,"1,000 pounds",2024-03,328970.0
Poultry by-product meals,Production,"1,000 pounds",2024-04,299028.0
Poultry by-product meals,Production,"1,000 pounds",2024-05,348366.0
Poultry by-product meals,Production,"1,000 pounds",2024-06,341576.0
Poultry by-product meals,Production,"1,000 pounds",2024-07,296694.0
Poultry by-product meals,Production,"1,000 pounds",2024-08,360302.0
Poultry by-product meals,Production,"1,000 pounds",2024-09,347625.0
Poultry by-product meals,Production,"1,000 pounds",2024-10,332150.0
Poultry by-product meals,Production,"1,000 pounds",2024-11,354307.0
Poultry by-product meals,Production,"1,000 pounds",2024-12,326444.0
Poultry by-product meals,Production,"1,000 pounds",2025-01,325560.0
Poultry by-product meals,Production,"1,000 pounds",2025-02,383911.0
Poultry by-product meals,Production,"1,000 pounds",2025-03,352668.0
Poultry by-product meals,Production,"1,000 pounds",2025-04,310867.0
Poultry by-product meals,Production,"1,000 pounds",2025-05,360088.0
Poultry by-product meals,Production,"1,000 pounds",2025-06,350533.0
Poultry by-product meals,Production,"1,000 pounds",2025-07,311845.0
Poultry by-product meals,Production,"1,000 pounds",2025-08,377477.0
Poultry by-product meals,Production,"1,000 pounds",2025-09,436834.0
Poultry by-product meals,Production,"1,000 pounds",2025-10,380502.0
Poultry by-product meals,Production,"1,000 pounds",2025-11,428335.0
Poultry by-product meals,Production,"1,000 pounds",2025-12,360493.0
Poultry by-product meals,Production,"1,000 pounds",2026-01,351518.0
Poultry by-product meals,Production,"1,000 pounds",2026-02,399857.0
Poultry by-product meals,Production,"1,000 pounds",2026-03,374244.0
Poultry by-product meals,Production,"1,000 pounds",2026-04,341858.0
Poultry by-product meals,Production,"1,000 pounds",2026-05,391327.0
Poultry by-product meals,Production,"1,000 pounds",2026-06,371046.0
Poultry by-product meals,Production,"1,000 pounds",2026-07,337769.0
Poultry by-product meals,Production,"1,000 pounds",2026-08,379112.0
Poultry by-product meals,Stocks on hand end of month,"1,000 pounds",2015-05,60308.0
Poultry by-product meals,Stocks on hand end of month,"1,000 pounds",2015-06,49412.0
Poultry by-product meals,Stocks on hand end of month,"1,000 pounds",2015-07,54509.0
Poultry by-product meals,Stocks on hand end of month,"1,000 pounds",2015-08,55666.0
Poultry by-product meals,Stocks on hand end of month,"1,000 pounds",2015-09,60971.0
Poultry by-product meals,Stocks on hand end of month,"1,000 pounds",2015-10,54488.0
Poultry by-product meals,Stocks on hand end of month,"1,000 pounds",2015-11,50244.0
Poultry by-product meals,Stocks on hand end of month,"1,000 pounds",2015-12,53622.0
Poultry by-product meals,Stocks on hand end of month,"1,000 pounds",2016-01,46977.0
Poultry by-product meals,Stocks on hand end of month,"1,000 pounds",2016-02,43408.0
Poultry by-product meals,Stocks on hand end of month,"1,000 pounds",2016-03,42813.0
Poultry by-product meals,Stocks on hand end of month,"1,000 pounds",2016-04,50498.0
Poultry by-product meals,Stocks on hand end of month,"1,000 pounds",2016-05,55626.0
Poultry by-product meals,Stocks on hand end of month,"1,000 pounds",2016-06,43738.0
Poultry by-product meals,Stocks on hand end of month,"1,000 pounds",2016-07,46749.0
Poultry by-product meals,Stocks on hand end of month,"1,000 pounds",2016-08,59168.0
Poultry by-product meals,Stocks on hand end of month,"1,000 pounds",2016-09,57767.0
Poultry by-product meals,Stocks on hand end of month,"1,000 pounds",2016-10,64897.0
Poultry by-product meals,Stocks on hand end of month,"1,000 pounds",2016-11,64465.0
Poultry by-product meals,Stocks on hand end of month,"1,000 pounds",2016-12,49846.0
Poultry by-product meals,Stocks on hand end of month,"1,000 pounds",2017-01,49860.0
Poultry by-product meals,Stocks on hand end of month,"1,000 pounds",2017-02,45921.0
Poultry by-product meals,Stocks on hand end of month,"1,000 pounds",2017-03,49516.0
Poultry by-product meals,Stocks on hand end of month,"1,000 pounds",2017-04,49516.0
Poultry by-product meals,Stocks on hand end of month,"1,000 pounds",2017-05,64037.0
Poultry by-product meals,Stocks on hand end of month,"1,000 pounds",2017-06,43118.0
Poultry by-product meals,Stocks on hand end of month,"1,000 pounds",2017-07,58370.0
Poultry by-product meals,Stocks on hand end of month,"1,000 pounds",2017-08,64227.0
Poultry by-product meals,Stocks on hand end of month,"1,000 pounds",2017-09,64416.0
Poultry by-product meals,Stocks on hand end of month,"1,000 pounds",2017-10,66166.0
Poultry by-product meals,Stocks on hand end of month,"1,000 pounds",2017-11,64981.0
Poultry by-product meals,Stocks on hand end of month,"1,000 pounds",2017-12,74203.0
Poultry by-product meals,Stocks on hand end of month,"1,000 pounds",2018-01,73458.0
Poultry by-product meals,Stocks on hand end of month,"1,000 pounds",2018-02,70807.0
Poultry by-product meals,Stocks on hand end of month,"1,000 pounds",2018-03,67761.0
Poultry by-product meals,Stocks on hand end of month,"1,000 pounds",2018-04,69789.0
Poultry by-product meals,Stocks on hand end of month,"1,000 pounds",2018-05,74189.0
Poultry by-product meals,Stocks on hand end of month,"1,000 pounds",2018-06,63925.0
Poultry by-product meals,Stocks on hand end of month,"1,000 pounds",2018-07,59596.0
Poultry by-product meals,Stocks on hand end of month,"1,000 pounds",2018-08,54535.0
Poultry by-product meals,Stocks on hand end of month,"1,000 pounds",2018-09,67070.0
Poultry by-product meals,Stocks on hand end of month,"1,000 pounds",2018-10,61601.0
Poultry by-product meals,Stocks on hand end of month,"1,000 pounds",2018-11,45859.0
Poultry by-product meals,Stocks on hand end of month,"1,000 pounds",2018-12,59352.0
Poultry by-product meals,Stocks on hand end of month,"1,000 pounds",2019-01,49966.0
Poultry by-product meals,Stocks on hand end of month,"1,000 pounds",2019-02,54615.0
Poultry by-product meals,Stocks on hand end of month,"1,000 pounds",2019-03,50973.0
Poultry by-product meals,Stocks on hand end of month,"1,000 pounds",2019-04,30368.0
Poultry by-product meals,Stocks on hand end of month,"1,000 pounds",2019-05,34563.0
Poultry by-product meals,Stocks on hand end of month,"1,000 pounds",2019-06,28736.0
Poultry by-product meals,Stocks on hand end of month,"1,000 pounds",2019-07,39613.0
Poultry by-product meals,Stocks on hand end of month,"1,000 pounds",2019-08,39936.0
Poultry by-product meals,Stocks on hand end of month,"1,000 pounds",2019-09,36148.0
Poultry by-product meals,Stocks on hand end of month,"1,000 pounds",2019-10,49894.0
Poultry by-product meals,Stocks on hand end of month,"1,000 pounds",2019-11,37038.0
Poultry by-product meals,Stocks on hand end of month,"1,000 pounds",2019-12,43156.0
Poultry by-product meals,Stocks on hand end of month,"1,000 pounds",2020-01,39631.0
Poultry by-product meals,Stocks on hand end of month,"1,000 pounds",2020-02,37502.0
Poultry by-product meals,Stocks on hand end of month,"1,000 pounds",2020-03,34110.0
Poultry by-product meals,Stocks on hand end of month,"1,000 pounds",2020-04,30137.0
Poultry by-product meals,Stocks on hand end of month,"1,000 pounds",2020-05,37014.0
Poultry by-product meals,Stocks on hand end of month,"1,000 pounds",2020-06,36721.0
Poultry by-product meals,Stocks on hand end of month,"1,000 pounds",2020-07,42485.0
Poultry by-product meals,Stocks on hand end of month,"1,000 pounds",2020-08,50020.0
Poultry by-product meals,Stocks on hand end of month,"1,000 pounds",2020-09,46057.0
Poultry by-product meals,Stocks on hand end of month,"1,000 pounds",2020-10,43748.0
Poultry by-product meals,Stocks on hand end of month,"1,000 pounds",2020-11,38541.0
Poultry by-product meals,Stocks on hand end of month,"1,000 pounds",2020-12,44281.0
Poultry by-product meals,Stocks on hand end of month,"1,000 pounds",2021-01,47142.0
Poultry by-product meals,Stocks on hand end of month,"1,000 pounds",2021-02,53923.0
Poultry by-product meals,Stocks on hand end of month,"1,000 pounds",2021-03,43638.0
Poultry by-product meals,Stocks on hand end of month,"1,000 pounds",2021-04,48016.0
Poultry by-product meals,Stocks on hand end of month,"1,000 pounds",2021-05,52014.0
Poultry by-product meals,Stocks on hand end of month,"1,000 pounds",2021-06,54577.0
Poultry by-product meals,Stocks on hand end of month,"1,000 pounds",2021-07,76132.0
Poultry by-product meals,Stocks on hand end of month,"1,000 pounds",2021-08,76506.0
Poultry by-product meals,Stocks on hand end of month,"1,000 pounds",2021-09,109547.0
Poultry by-product meals,Stocks on hand end of month,"1,000 pounds",2021-10,111313.0
Poultry by-product meals,Stocks on hand end of month,"1,000 pounds",2021-11,115846.0
Poultry by-product meals,Stocks on hand end of month,"1,000 pounds",2021-12,100954.0
Poultry by-product meals,Stocks on hand end of month,"1,000 pounds",2022-01,98265.0
Poultry by-product meals,Stocks on hand end of month,"1,000 pounds",2022-02,103396.0
Poultry by-product meals,Stocks on hand end of month,"1,000 pounds",2022-03,88029.0
Poultry by-product meals,Stocks on hand end of month,"1,000 pounds",2022-04,94570.0
Poultry by-product meals,Stocks on hand end of month,"1,000 pounds",2022-05,97001.0
Poultry by-product meals,Stocks on hand end of month,"1,000 pounds",2022-06,112957.0
Poultry by-product meals,Stocks on hand end of month,"1,000 pounds",2022-07,76871.0
Poultry by-product meals,Stocks on hand end of month,"1,000 pounds",2022-08,78683.0
Poultry by-product meals,Stocks on hand end of month,"1,000 pounds",2022-09,81057.0
Poultry by-product meals,Stocks on hand end of month,"1,000 pounds",2022-10,70326.0
Poultry by-product meals,Stocks on hand end of month,"1,000 pounds",2022-11,68800.0
Poultry by-product meals,Stocks on hand end of month,"1,000 pounds",2022-12,85524.0
Poultry by-product meals,Stocks on hand end of month,"1,000 pounds",2023-01,72403.0
Poultry by-product meals,Stocks on hand end of month,"1,000 pounds",2023-02,69529.0
Poultry by-product meals,Stocks on hand end of month,"1,000 pounds",2023-03,63304.0
Poultry by-product meals,Stocks on hand end of month,"1,000 pounds",2023-04,74146.0
Poultry by-product meals,Stocks on hand end of month,"1,000 pounds",2023-05,82947.0
Poultry by-product meals,Stocks on hand end of month,"1,000 pounds",2023-06,74254.0
Poultry by-product meals,Stocks on hand end of month,"1,000 pounds",2023-07,74936.0
Poultry by-product meals,Stocks on hand end of month,"1,000 pounds",2023-08,78480.0
Poultry by-product meals,Stocks on hand end of month,"1,000 pounds",2023-09,86793.0
Poultry by-product meals,Stocks on hand end of month,"1,000 pounds",2023-10,111022.0
Poultry by-product meals,Stocks on hand end of month,"1,000 pounds",2023-11,94491.0
Poultry by-product meals,Stocks on hand end of month,"1,000 pounds",2023-12,101213.0
Poultry by-product meals,Stocks on hand end of month,"1,000 pounds",2024-01,123806.0
Poultry by-product meals,Stocks on hand end of month,"1,000 pounds",2024-02,112853.0
Poultry by-product meals,Stocks on hand end of month,"1,000 pounds",2024-03,101929.0
Poultry by-product meals,Stocks on hand end of month,"1,000 pounds",2024-04,110987.0
Poultry by-product meals,Stocks on hand end of month,"1,000 pounds",2024-05,119446.0
Poultry by-product meals,Stocks on hand end of month,"1,000 pounds",2024-06,117596.0
Poultry by-product meals,Stocks on hand end of month,"1,000 pounds",2024-07,113701.0
Poultry by-product meals,Stocks on hand end of month,"1,000 pounds",2024-08,123110.0
Poultry by-product meals,Stocks on hand end of month,"1,000 pounds",2024-09,123959.0
Poultry by-product meals,Stocks on hand end of month,"1,000 pounds",2024-10,106117.0
Poultry by-product meals,Stocks on hand end of month,"1,000 pounds",2024-11,106969.0
Poultry by-product meals,Stocks on hand end of month,"1,000 pounds",2024-12,123430.0
Poultry by-product meals,Stocks on hand end of month,"1,000 pounds",2025-01,122805.0
Poultry by-product meals,Stocks on hand end of month,"1,000 pounds",2025-02,97313.0
Poultry by-product meals,Stocks on hand end of month,"1,000 pounds",2025-03,101888.0
Poultry by-product meals,Stocks on hand end of month,"1,000 pounds",2025-04,107098.0
Poultry by-product meals,Stocks on hand end of month,"1,000 pounds",2025-05,110682.0
Poultry by-product meals,Stocks on hand end of month,"1,000 pounds",2025-06,114028.0
Poultry by-product meals,Stocks on hand end of month,"1,000 pounds",2025-07,115287.0
Poultry by-product meals,Stocks on hand end of month,"1,000 pounds",2025-08,136917.0
Poultry by-product meals,Stocks on hand end of month,"1,000 pounds",2025-09,150742.0
Poultry by-product meals,Stocks on hand end of month,"1,000 pounds",2025-10,145130.0
Poultry by-product meals,Stocks on hand end of month,"1,000 pounds",2025-11,138399.0
Poultry by-product meals,Stocks on hand end of month,"1,000 pounds",2025-12,138282.0
Poultry by-product meals,Stocks on hand end of month,"1,000 pounds",2026-01,143164.0
Poultry by-product meals,Stocks on hand end of month,"1,000 pounds",2026-02,146536.0
Poultry by-product meals,Stocks on hand end of month,"1,000 pounds",2026-03,179174.0
Poultry by-product meals,Stocks on hand end of month,"1,000 pounds",2026-04,185324.0
Poultry by-product meals,Stocks on hand end of month,"1,000 pounds",2026-05,224429.0
Poultry by-product meals,Stocks on hand end of month,"1,000 pounds",2026-06,213310.0
Poultry by-product meals,Stocks on hand end of month,"1,000 pounds",2026-07,197590.0
Poultry by-product meals,Stocks on hand end of month,"1,000 pounds",2026-08,221927.0
Poultry fats,Production,"1,000 pounds",2015-05,189379.0
Poultry fats,Production,"1,000 pounds",2015-06,181315.0
Poultry fats,Production,"1,000 pounds",2015-07,173661.0
Poultry fats,Production,"1,000 pounds",2015-08,190825.0
Poultry fats,Production,"1,000 pounds",2015-09,199998.0
Poultry fats,Production,"1,000 pounds",2015-10,202707.0
Poultry fats,Production,"1,000 pounds",2015-11,208092.0
Poultry fats,Production,"1,000 pounds",2015-12,198753.0
Poultry fats,Production,"1,000 pounds",2016-01,197011.0
Poultry fats,Production,"1,000 pounds",2016-02,206596.0
Poultry fats,Production,"1,000 pounds",2016-03,207255.0
Poultry fats,Production,"1,000 pounds",2016-04,198257.0
Poultry fats,Production,"1,000 pounds",2016-05,211672.0
Poultry fats,Production,"1,000 pounds",2016-06,209324.0
Poultry fats,Production,"1,000 pounds",2016-07,191219.0
Poultry fats,Production,"1,000 pounds",2016-08,220418.0
Poultry fats,Production,"1,000 pounds",2016-09,209206.0
Poultry fats,Production,"1,000 pounds",2016-10,197480.0
Poultry fats,Production,"1,000 pounds",2016-11,207194.0
Poultry fats,Production,"1,000 pounds",2016-12,198816.0
Poultry fats,Production,"1,000 pounds",2017-01,190070.0
Poultry fats,Production,"1,000 pounds",2017-02,202624.0
Poultry fats,Production,"1,000 pounds",2017-03,197090.0
Poultry fats,Production,"1,000 pounds",2017-04,188763.0
Poultry fats,Production,"1,000 pounds",2017-05,200595.0
Poultry fats,Production,"1,000 pounds",2017-06,208662.0
Poultry fats,Production,"1,000 pounds",2017-07,189241.0
Poultry fats,Production,"1,000 pounds",2017-08,216053.0
Poultry fats,Production,"1,000 pounds",2017-09,207914.0
Poultry fats,Production,"1,000 pounds",2017-10,196936.0
Poultry fats,Production,"1,000 pounds",2017-11,205767.0
Poultry fats,Production,"1,000 pounds",2017-12,211023.0
Poultry fats,Production,"1,000 pounds",2018-01,187595.0
Poultry fats,Production,"1,000 pounds",2018-02,210959.0
Poultry fats,Production,"1,000 pounds",2018-03,206820.0
Poultry fats,Production,"1,000 pounds",2018-04,192964.0
Poultry fats,Production,"1,000 pounds",2018-05,214202.0
Poultry fats,Production,"1,000 pounds",2018-06,209629.0
Poultry fats,Production,"1,000 pounds",2018-07,199346.0
Poultry fats,Production,"1,000 pounds",2018-08,179657.0
Poultry fats,Production,"1,000 pounds",2018-09,171974.0
Poultry fats,Production,"1,000 pounds",2018-10,168973.0
Poultry fats,Production,"1,000 pounds",2018-11,165512.0
Poultry fats,Production,"1,000 pounds",2018-12,152166.0
Poultry fats,Production,"1,000 pounds",2019-01,207154.0
Poultry fats,Production,"1,000 pounds",2019-02,202929.0
Poultry fats,Production,"1,000 pounds",2019-03,200261.0
Poultry fats,Production,"1,000 pounds",2019-04,186282.0
Poultry fats,Production,"1,000 pounds",2019-05,219260.0
Poultry fats,Production,"1,000 pounds",2019-06,215804.0
Poultry fats,Production,"1,000 pounds",2019-07,207494.0
Poultry fats,Production,"1,000 pounds",2019-08,233381.0
Poultry fats,Production,"1,000 pounds",2019-09,212829.0
Poultry fats,Production,"1,000 pounds",2019-10,210770.0
Poultry fats,Production,"1,000 pounds",2019-11,214436.0
Poultry fats,Production,"1,000 pounds",2019-12,189183.0
Poultry fats,Production,"1,000 pounds",2020-01,200807.0
Poultry fats,Production,"1,000 pounds",2020-02,214949.0
Poultry fats,Production,"1,000 pounds",2020-03,210153.0
Poultry fats,Production,"1,000 pounds",2020-04,185602.0
Poultry fats,Production,"1,000 pounds",2020-05,229986.0
Poultry fats,Production,"1,000 pounds",2020-06,207202.0
Poultry fats,Production,"1,000 pounds",2020-07,195113.0
Poultry fats,Production,"1,000 pounds",2020-08,225399.0
Poultry fats,Production,"1,000 pounds",2020-09,237473.0
Poultry fats,Production,"1,000 pounds",2020-10,209067.0
Poultry fats,Production,"1,000 pounds",2020-11,216160.0
Poultry fats,Production,"1,000 pounds",2020-12,195729.0
Poultry fats,Production,"1,000 pounds",2021-01,167245.0
Poultry fats,Production,"1,000 pounds",2021-02,174726.0
Poultry fats,Production,"1,000 pounds",2021-03,179452.0
Poultry fats,Production,"1,000 pounds",2021-04,170567.0
Poultry fats,Production,"1,000 pounds",2021-05,196754.0
Poultry fats,Production,"1,000 pounds",2021-06,186549.0
Poultry fats,Production,"1,000 pounds",2021-07,176395.0
Poultry fats,Production,"1,000 pounds",2021-08,176931.0
Poultry fats,Production,"1,000 pounds",2021-09,176139.0
Poultry fats,Production,"1,000 pounds",2021-10,174260.0
Poultry fats,Production,"1,000 pounds",2021-11,167555.0
Poultry fats,Production,"1,000 pounds",2021-12,163485.0
Poultry fats,Production,"1,000 pounds",2022-01,146836.0
Poultry fats,Production,"1,000 pounds",2022-02,155533.0
Poultry fats,Production,"1,000 pounds",2022-03,153766.0
Poultry fats,Production,"1,000 pounds",2022-04,138994.0
Poultry fats,Production,"1,000 pounds",2022-05,160012.0
Poultry fats,Production,"1,000 pounds",2022-06,175255.0
Poultry fats,Production,"1,000 pounds",2022-07,161882.0
Poultry fats,Production,"1,000 pounds",2022-08,196484.0
Poultry fats,Production,"1,000 pounds",2022-09,187018.0
Poultry fats,Production,"1,000 pounds",2022-10,181944.0
Poultry fats,Production,"1,000 pounds",2022-11,192127.0
Poultry fats,Production,"1,000 pounds",2022-12,173886.0
Poultry fats,Production,"1,000 pounds",2023-01,163933.0
Poultry fats,Production,"1,000 pounds",2023-02,191354.0
Poultry fats,Production,"1,000 pounds",2023-03,183306.0
Poultry fats,Production,"1,000 pounds",2023-04,171410.0
Poultry fats,Production,"1,000 pounds",2023-05,197783.0
Poultry fats,Production,"1,000 pounds",2023-06,182772.0
Poultry fats,Production,"1,000 pounds",2023-07,175875.0
Poultry fats,Production,"1,000 pounds",2023-08,212507.0
Poultry fats,Production,"1,000 pounds",2023-09,210430.0
Poultry fats,Production,"1,000 pounds",2023-10,194647.0
Poultry fats,Production,"1,000 pounds",2023-11,222197.0
Poultry fats,Production,"1,000 pounds",2023-12,185719.0
Poultry fats,Production,"1,000 pounds",2024-01,163183.0
Poultry fats,Production,"1,000 pounds",2024-02,205330.0
Poultry fats,Production,"1,000 pounds",2024-03,170818.0
Poultry fats,Production,"1,000 pounds",2024-04,161219.0
Poultry fats,Production,"1,000 pounds",2024-05,196414.0
Poultry fats,Production,"1,000 pounds",2024-06,184862.0
Poultry fats,Production,"1,000 pounds",2024-07,171546.0
Poultry fats,Production,"1,000 pounds",2024-08,213265.0
Poultry fats,Production,"1,000 pounds",2024-09,194226.0
Poultry fats,Production,"1,000 pounds",2024-10,186316.0
Poultry fats,Production,"1,000 pounds",2024-11,204188.0
Poultry fats,Production,"1,000 pounds",2024-12,176754.0
Poultry fats,Production,"1,000 pounds",2025-01,171926.0
Poultry fats,Production,"1,000 pounds",2025-02,202186.0
Poultry fats,Production,"1,000 pounds",2025-03,171939.0
Poultry fats,Production,"1,000 pounds",2025-04,160609.0
Poultry fats,Production,"1,000 pounds",2025-05,193278.0
Poultry fats,Production,"1,000 pounds",2025-06,182894.0
Poultry fats,Production,"1,000 pounds",2025-07,166530.0
Poultry fats,Production,"1,000 pounds",2025-08,205395.0
Poultry fats,Production,"1,000 pounds",2025-09,223085.0
Poultry fats,Production,"1,000 pounds",2025-10,204123.0
Poultry fats,Production,"1,000 pounds",2025-11,206488.0
Poultry fats,Production,"1,000 pounds",2025-12,168742.0
Poultry fats,Production,"1,000 pounds",2026-01,167824.0
Poultry fats,Production,"1,000 pounds",2026-02,195830.0
Poultry fats,Production,"1,000 pounds",2026-03,187084.0
Poultry fats,Production,"1,000 pounds",2026-04,168550.0
Poultry fats,Production,"1,000 pounds",2026-05,203379.0
Poultry fats,Production,"1,000 pounds",2026-06,185331.0
Poultry fats,Production,"1,000 pounds",2026-07,173958.0
Poultry fats,Production,"1,000 pounds",2026-08,205362.0
Poultry fats,Removed for inedible use in processing,"1,000 pounds",2015-05,175006.0
Poultry fats,Removed for inedible use in processing,"1,000 pounds",2015-06,178860.0
Poultry fats,Removed for inedible use in processing,"1,000 pounds",2015-07,146729.0
Poultry fats,Removed for inedible use in processing,"1,000 pounds",2015-08,185108.0
Poultry fats,Removed for inedible use in processing,"1,000 pounds",2015-09,190134.0
Poultry fats,Removed for inedible use in processing,"1,000 pounds",2015-10,203971.0
Poultry fats,Removed for inedible use in processing,"1,000 pounds",2015-11,204600.0
Poultry fats,Removed for inedible use in processing,"1,000 pounds",2015-12,192601.0
Poultry fats,Removed for inedible use in processing,"1,000 pounds",2016-01,194904.0
Poultry fats,Removed for inedible use in processing,"1,000 pounds",2016-02,210263.0
Poultry fats,Removed for inedible use in processing,"1,000 pounds",2016-03,206182.0
Poultry fats,Removed for inedible use in processing,"1,000 pounds",2016-04,196734.0
Poultry fats,Removed for inedible use in processing,"1,000 pounds",2016-05,211493.0
Poultry fats,Removed for inedible use in processing,"1,000 pounds",2016-06,209156.0
Poultry fats,Removed for inedible use in processing,"1,000 pounds",2016-07,191277.0
Poultry fats,Removed for inedible use in processing,"1,000 pounds",2016-08,217721.0
Poultry fats,Removed for inedible use in processing,"1,000 pounds",2016-09,211536.0
Poultry fats,Removed for inedible use in processing,"1,000 pounds",2016-10,196654.0
Poultry fats,Removed for inedible use in processing,"1,000 pounds",2016-11,204038.0
Poultry fats,Removed for inedible use in processing,"1,000 pounds",2016-12,204487.0
Poultry fats,Removed for inedible use in processing,"1,000 pounds",2017-01,189646.0
Poultry fats,Removed for inedible use in processing,"1,000 pounds",2017-02,203413.0
Poultry fats,Removed for inedible use in processing,"1,000 pounds",2017-03,196704.0
Poultry fats,Removed for inedible use in processing,"1,000 pounds",2017-04,185035.0
Poultry fats,Removed for inedible use in processing,"1,000 pounds",2017-05,194216.0
Poultry fats,Removed for inedible use in processing,"1,000 pounds",2017-06,195666.0
Poultry fats,Removed for inedible use in processing,"1,000 pounds",2017-07,180872.0
Poultry fats,Removed for inedible use in processing,"1,000 pounds",2017-08,211032.0
Poultry fats,Removed for inedible use in processing,"1,000 pounds",2017-09,208526.0
Poultry fats,Removed for inedible use in processing,"1,000 pounds",2017-10,196231.0
Poultry fats,Removed for inedible use in processing,"1,000 pounds",2017-11,205961.0
Poultry fats,Removed for inedible use in processing,"1,000 pounds",2017-12,210268.0
Poultry fats,Removed for inedible use in processing,"1,000 pounds",2018-01,185346.0
Poultry fats,Removed for inedible use in processing,"1,000 pounds",2018-02,210416.0
Poultry fats,Removed for inedible use in processing,"1,000 pounds",2018-03,209447.0
Poultry fats,Removed for inedible use in processing,"1,000 pounds",2018-04,193085.0
Poultry fats,Removed for inedible use in processing,"1,000 pounds",2018-05,211414.0
Poultry fats,Removed for inedible use in processing,"1,000 pounds",2018-06,206789.0
Poultry fats,Removed for inedible use in processing,"1,000 pounds",2018-07,195636.0
Poultry fats,Removed for inedible use in processing,"1,000 pounds",2018-08,175271.0
Poultry fats,Removed for inedible use in processing,"1,000 pounds",2018-09,165937.0
Poultry fats,Removed for inedible use in processing,"1,000 pounds",2018-10,162988.0
Poultry fats,Removed for inedible use in processing,"1,000 pounds",2018-11,166336.0
Poultry fats,Removed for inedible use in processing,"1,000 pounds",2018-12,144051.0
Poultry fats,Removed for inedible use in processing,"1,000 pounds",2019-01,210203.0
Poultry fats,Removed for inedible use in processing,"1,000 pounds",2019-02,204552.0
Poultry fats,Removed for inedible use in processing,"1,000 pounds",2019-03,197498.0
Poultry fats,Removed for inedible use in processing,"1,000 pounds",2019-04,187347.0
Poultry fats,Removed for inedible use in processing,"1,000 pounds",2019-05,214499.0
Poultry fats,Removed for inedible use in processing,"1,000 pounds",2019-06,214760.0
Poultry fats,Removed for inedible use in processing,"1,000 pounds",2019-07,208663.0
Poultry fats,Removed for inedible use in processing,"1,000 pounds",2019-08,229882.0
Poultry fats,Removed for inedible use in processing,"1,000 pounds",2019-09,214586.0
Poultry fats,Removed for inedible use in processing,"1,000 pounds",2019-10,213331.0
Poultry fats,Removed for inedible use in processing,"1,000 pounds",2019-11,216413.0
Poultry fats,Removed for inedible use in processing,"1,000 pounds",2019-12,182201.0
Poultry fats,Removed for inedible use in processing,"1,000 pounds",2020-01,201075.0
Poultry fats,Removed for inedible use in processing,"1,000 pounds",2020-02,215684.0
Poultry fats,Removed for inedible use in processing,"1,000 pounds",2020-03,212712.0
Poultry fats,Removed for inedible use in processing,"1,000 pounds",2020-04,185397.0
Poultry fats,Removed for inedible use in processing,"1,000 pounds",2020-05,222459.0
Poultry fats,Removed for inedible use in processing,"1,000 pounds",2020-06,207160.0
Poultry fats,Removed for inedible use in processing,"1,000 pounds",2020-07,199741.0
Poultry fats,Removed for inedible use in processing,"1,000 pounds",2020-08,221576.0
Poultry fats,Removed for inedible use in processing,"1,000 pounds",2020-09,238683.0
Poultry fats,Removed for inedible use in processing,"1,000 pounds",2020-10,212259.0
Poultry fats,Removed for inedible use in processing,"1,000 pounds",2020-11,218693.0
Poultry fats,Removed for inedible use in processing,"1,000 pounds",2020-12,191565.0
Poultry fats,Removed for inedible use in processing,"1,000 pounds",2021-01,171675.0
Poultry fats,Removed for inedible use in processing,"1,000 pounds",2021-02,173515.0
Poultry fats,Removed for inedible use in processing,"1,000 pounds",2021-03,183605.0
Poultry fats,Removed for inedible use in processing,"1,000 pounds",2021-04,168501.0
Poultry fats,Removed for inedible use in processing,"1,000 pounds",2021-05,192167.0
Poultry fats,Removed for inedible use in processing,"1,000 pounds",2021-06,183383.0
Poultry fats,Removed for inedible use in processing,"1,000 pounds",2021-07,180055.0
Poultry fats,Removed for inedible use in processing,"1,000 pounds",2021-08,173836.0
Poultry fats,Removed for inedible use in processing,"1,000 pounds",2021-09,173157.0
Poultry fats,Removed for inedible use in processing,"1,000 pounds",2021-10,175329.0
Poultry fats,Removed for inedible use in processing,"1,000 pounds",2021-11,167924.0
Poultry fats,Removed for inedible use in processing,"1,000 pounds",2021-12,169826.0
Poultry fats,Removed for inedible use in processing,"1,000 pounds",2022-01,144465.0
Poultry fats,Removed for inedible use in processing,"1,000 pounds",2022-02,158054.0
Poultry fats,Removed for inedible use in processing,"1,000 pounds",2022-03,152313.0
Poultry fats,Removed for inedible use in processing,"1,000 pounds",2022-04,134036.0
Poultry fats,Removed for inedible use in processing,"1,000 pounds",2022-05,161635.0
Poultry fats,Removed for inedible use in processing,"1,000 pounds",2022-06,177201.0
Poultry fats,Removed for inedible use in processing,"1,000 pounds",2022-07,163061.0
Poultry fats,Removed for inedible use in processing,"1,000 pounds",2022-08,199539.0
Poultry fats,Removed for inedible use in processing,"1,000 pounds",2022-09,189937.0
Poultry fats,Removed for inedible use in processing,"1,000 pounds",2022-10,176606.0
Poultry fats,Removed for inedible use in processing,"1,000 pounds",2022-11,196332.0
Poultry fats,Removed for inedible use in processing,"1,000 pounds",2022-12,168077.0
Poultry fats,Removed for inedible use in processing,"1,000 pounds",2023-01,168920.0
Poultry fats,Removed for inedible use in processing,"1,000 pounds",2023-02,192587.0
Poultry fats,Removed for inedible use in processing,"1,000 pounds",2023-03,184521.0
Poultry fats,Removed for inedible use in processing,"1,000 pounds",2023-04,170670.0
Poultry fats,Removed for inedible use in processing,"1,000 pounds",2023-05,202052.0
Poultry fats,Removed for inedible use in processing,"1,000 pounds",2023-06,175550.0
Poultry fats,Removed for inedible use in processing,"1,000 pounds",2023-07,179771.0
Poultry fats,Removed for inedible use in processing,"1,000 pounds",2023-08,206925.0
Poultry fats,Removed for inedible use in processing,"1,000 pounds",2023-09,210501.0
Poultry fats,Removed for inedible use in processing,"1,000 pounds",2023-10,183191.0
Poultry fats,Removed for inedible use in processing,"1,000 pounds",2023-11,222031.0
Poultry fats,Removed for inedible use in processing,"1,000 pounds",2023-12,191314.0
Poultry fats,Removed for inedible use in processing,"1,000 pounds",2024-01,165749.0
Poultry fats,Removed for inedible use in processing,"1,000 pounds",2024-02,205053.0
Poultry fats,Removed for inedible use in processing,"1,000 pounds",2024-03,177204.0
Poultry fats,Removed for inedible use in processing,"1,000 pounds",2024-04,155484.0
Poultry fats,Removed for inedible use in processing,"1,000 pounds",2024-05,197587.0
Poultry fats,Removed for inedible use in processing,"1,000 pounds",2024-06,186220.0
Poultry fats,Removed for inedible use in processing,"1,000 pounds",2024-07,165052.0
Poultry fats,Removed for inedible use in processing,"1,000 pounds",2024-08,211701.0
Poultry fats,Removed for inedible use in processing,"1,000 pounds",2024-09,195852.0
Poultry fats,Removed for inedible use in processing,"1,000 pounds",2024-10,183375.0
Poultry fats,Removed for inedible use in processing,"1,000 pounds",2024-11,210113.0
Poultry fats,Removed for inedible use in processing,"1,000 pounds",2024-12,180487.0
Poultry fats,Removed for inedible use in processing,"1,000 pounds",2025-01,164605.0
Poultry fats,Removed for inedible use in processing,"1,000 pounds",2025-02,203133.0
Poultry fats,Removed for inedible use in processing,"1,000 pounds",2025-03,174928.0
Poultry fats,Removed for inedible use in processing,"1,000 pounds",2025-04,156528.0
Poultry fats,Removed for inedible use in processing,"1,000 pounds",2025-05,191352.0
Poultry fats,Removed for inedible use in processing,"1,000 pounds",2025-06,185295.0
Poultry fats,Removed for inedible use in processing,"1,000 pounds",2025-07,164078.0
Poultry fats,Removed for inedible use in processing,"1,000 pounds",2025-08,198390.0
Poultry fats,Removed for inedible use in processing,"1,000 pounds",2025-09,220330.0
Poultry fats,Removed for inedible use in processing,"1,000 pounds",2025-10,212132.0
Poultry fats,Removed for inedible use in processing,"1,000 pounds",2025-11,215297.0
Poultry fats,Removed for inedible use in processing,"1,000 pounds",2025-12,165761.0
Poultry fats,Removed for inedible use in processing,"1,000 pounds",2026-01,169448.0
Poultry fats,Removed for inedible use in processing,"1,000 pounds",2026-02,193302.0
Poultry fats,Removed for inedible use in processing,"1,000 pounds",2026-03,155880.0
Poultry fats,Removed for inedible use in processing,"1,000 pounds",2026-04,164252.0
Poultry fats,Removed for inedible use in processing,"1,000 pounds",2026-05,181184.0
Poultry fats,Removed for inedible use in processing,"1,000 pounds",2026-06,192163.0
Poultry fats,Removed for inedible use in processing,"1,000 pounds",2026-07,182874.0
Poultry fats,Removed for inedible use in processing,"1,000 pounds",2026-08,167162.0
Poultry fats,Stocks on hand end of month,"1,000 pounds",2015-05,20372.0
Poultry fats,Stocks on hand end of month,"1,000 pounds",2015-06,15850.0
Poultry fats,Stocks on hand end of month,"1,000 pounds",2015-07,18658.0
Poultry fats,Stocks on hand end of month,"1,000 pounds",2015-08,18194.0
Poultry fats,Stocks on hand end of month,"1,000 pounds",2015-09,22899.0
Poultry fats,Stocks on hand end of month,"1,000 pounds",2015-10,18546.0
Poultry fats,Stocks on hand end of month,"1,000 pounds",2015-11,18535.0
Poultry fats,Stocks on hand end of month,"1,000 pounds",2015-12,22056.0
Poultry fats,Stocks on hand end of month,"1,000 pounds",2016-01,21459.0
Poultry fats,Stocks on hand end of month,"1,000 pounds",2016-02,17594.0
Poultry fats,Stocks on hand end of month,"1,000 pounds",2016-03,19844.0
Poultry fats,Stocks on hand end of month,"1,000 pounds",2016-04,21347.0
Poultry fats,Stocks on hand end of month,"1,000 pounds",2016-05,21550.0
Poultry fats,Stocks on hand end of month,"1,000 pounds",2016-06,21714.0
Poultry fats,Stocks on hand end of month,"1,000 pounds",2016-07,21652.0
Poultry fats,Stocks on hand end of month,"1,000 pounds",2016-08,24937.0
Poultry fats,Stocks on hand end of month,"1,000 pounds",2016-09,22649.0
Poultry fats,Stocks on hand end of month,"1,000 pounds",2016-10,23470.0
Poultry fats,Stocks on hand end of month,"1,000 pounds",2016-11,26540.0
Poultry fats,Stocks on hand end of month,"1,000 pounds",2016-12,20637.0
Poultry fats,Stocks on hand end of month,"1,000 pounds",2017-01,20663.0
Poultry fats,Stocks on hand end of month,"1,000 pounds",2017-02,19466.0
Poultry fats,Stocks on hand end of month,"1,000 pounds",2017-03,20430.0
Poultry fats,Stocks on hand end of month,"1,000 pounds",2017-04,23706.0
Poultry fats,Stocks on hand end of month,"1,000 pounds",2017-05,22148.0
Poultry fats,Stocks on hand end of month,"1,000 pounds",2017-06,25883.0
Poultry fats,Stocks on hand end of month,"1,000 pounds",2017-07,24499.0
Poultry fats,Stocks on hand end of month,"1,000 pounds",2017-08,28721.0
Poultry fats,Stocks on hand end of month,"1,000 pounds",2017-09,23078.0
Poultry fats,Stocks on hand end of month,"1,000 pounds",2017-10,23783.0
Poultry fats,Stocks on hand end of month,"1,000 pounds",2017-11,23034.0
Poultry fats,Stocks on hand end of month,"1,000 pounds",2017-12,23846.0
Poultry fats,Stocks on hand end of month,"1,000 pounds",2018-01,26124.0
Poultry fats,Stocks on hand end of month,"1,000 pounds",2018-02,26627.0
Poultry fats,Stocks on hand end of month,"1,000 pounds",2018-03,24160.0
Poultry fats,Stocks on hand end of month,"1,000 pounds",2018-04,23826.0
Poultry fats,Stocks on hand end of month,"1,000 pounds",2018-05,26336.0
Poultry fats,Stocks on hand end of month,"1,000 pounds",2018-06,29396.0
Poultry fats,Stocks on hand end of month,"1,000 pounds",2018-07,27601.0
Poultry fats,Stocks on hand end of month,"1,000 pounds",2018-08,23939.0
Poultry fats,Stocks on hand end of month,"1,000 pounds",2018-09,25101.0
Poultry fats,Stocks on hand end of month,"1,000 pounds",2018-10,24406.0
Poultry fats,Stocks on hand end of month,"1,000 pounds",2018-11,19416.0
Poultry fats,Stocks on hand end of month,"1,000 pounds",2018-12,23351.0
Poultry fats,Stocks on hand end of month,"1,000 pounds",2019-01,23720.0
Poultry fats,Stocks on hand end of month,"1,000 pounds",2019-02,21900.0
Poultry fats,Stocks on hand end of month,"1,000 pounds",2019-03,24430.0
Poultry fats,Stocks on hand end of month,"1,000 pounds",2019-04,23190.0
Poultry fats,Stocks on hand end of month,"1,000 pounds",2019-05,26531.0
Poultry fats,Stocks on hand end of month,"1,000 pounds",2019-06,27685.0
Poultry fats,Stocks on hand end of month,"1,000 pounds",2019-07,26600.0
Poultry fats,Stocks on hand end of month,"1,000 pounds",2019-08,30156.0
Poultry fats,Stocks on hand end of month,"1,000 pounds",2019-09,28511.0
Poultry fats,Stocks on hand end of month,"1,000 pounds",2019-10,26255.0
Poultry fats,Stocks on hand end of month,"1,000 pounds",2019-11,24463.0
Poultry fats,Stocks on hand end of month,"1,000 pounds",2019-12,31499.0
Poultry fats,Stocks on hand end of month,"1,000 pounds",2020-01,31231.0
Poultry fats,Stocks on hand end of month,"1,000 pounds",2020-02,30496.0
Poultry fats,Stocks on hand end of month,"1,000 pounds",2020-03,28407.0
Poultry fats,Stocks on hand end of month,"1,000 pounds",2020-04,28613.0
Poultry fats,Stocks on hand end of month,"1,000 pounds",2020-05,36139.0
Poultry fats,Stocks on hand end of month,"1,000 pounds",2020-06,36181.0
Poultry fats,Stocks on hand end of month,"1,000 pounds",2020-07,31553.0
Poultry fats,Stocks on hand end of month,"1,000 pounds",2020-08,35376.0
Poultry fats,Stocks on hand end of month,"1,000 pounds",2020-09,34166.0
Poultry fats,Stocks on hand end of month,"1,000 pounds",2020-10,30974.0
Poultry fats,Stocks on hand end of month,"1,000 pounds",2020-11,28441.0
Poultry fats,Stocks on hand end of month,"1,000 pounds",2020-12,32605.0
Poultry fats,Stocks on hand end of month,"1,000 pounds",2021-01,28175.0
Poultry fats,Stocks on hand end of month,"1,000 pounds",2021-02,29386.0
Poultry fats,Stocks on hand end of month,"1,000 pounds",2021-03,25233.0
Poultry fats,Stocks on hand end of month,"1,000 pounds",2021-04,27299.0
Poultry fats,Stocks on hand end of month,"1,000 pounds",2021-05,31886.0
Poultry fats,Stocks on hand end of month,"1,000 pounds",2021-06,35052.0
Poultry fats,Stocks on hand end of month,"1,000 pounds",2021-07,31391.0
Poultry fats,Stocks on hand end of month,"1,000 pounds",2021-08,34486.0
Poultry fats,Stocks on hand end of month,"1,000 pounds",2021-09,37469.0
Poultry fats,Stocks on hand end of month,"1,000 pounds",2021-10,36401.0
Poultry fats,Stocks on hand end of month,"1,000 pounds",2021-11,36031.0
Poultry fats,Stocks on hand end of month,"1,000 pounds",2021-12,29689.0
Poultry fats,Stocks on hand end of month,"1,000 pounds",2022-01,32060.0
Poultry fats,Stocks on hand end of month,"1,000 pounds",2022-02,29337.0
Poultry fats,Stocks on hand end of month,"1,000 pounds",2022-03,30720.0
Poultry fats,Stocks on hand end of month,"1,000 pounds",2022-04,35678.0
Poultry fats,Stocks on hand end of month,"1,000 pounds",2022-05,34055.0
Poultry fats,Stocks on hand end of month,"1,000 pounds",2022-06,32109.0
Poultry fats,Stocks on hand end of month,"1,000 pounds",2022-07,30930.0
Poultry fats,Stocks on hand end of month,"1,000 pounds",2022-08,27876.0
Poultry fats,Stocks on hand end of month,"1,000 pounds",2022-09,24957.0
Poultry fats,Stocks on hand end of month,"1,000 pounds",2022-10,30295.0
Poultry fats,Stocks on hand end of month,"1,000 pounds",2022-11,26090.0
Poultry fats,Stocks on hand end of month,"1,000 pounds",2022-12,31900.0
Poultry fats,Stocks on hand end of month,"1,000 pounds",2023-01,26958.0
Poultry fats,Stocks on hand end of month,"1,000 pounds",2023-02,25725.0
Poultry fats,Stocks on hand end of month,"1,000 pounds",2023-03,24467.0
Poultry fats,Stocks on hand end of month,"1,000 pounds",2023-04,25214.0
Poultry fats,Stocks on hand end of month,"1,000 pounds",2023-05,20944.0
Poultry fats,Stocks on hand end of month,"1,000 pounds",2023-06,27951.0
Poultry fats,Stocks on hand end of month,"1,000 pounds",2023-07,24055.0
Poultry fats,Stocks on hand end of month,"1,000 pounds",2023-08,29637.0
Poultry fats,Stocks on hand end of month,"1,000 pounds",2023-09,29566.0
Poultry fats,Stocks on hand end of month,"1,000 pounds",2023-10,41020.0
Poultry fats,Stocks on hand end of month,"1,000 pounds",2023-11,41186.0
Poultry fats,Stocks on hand end of month,"1,000 pounds",2023-12,35591.0
Poultry fats,Stocks on hand end of month,"1,000 pounds",2024-01,33025.0
Poultry fats,Stocks on hand end of month,"1,000 pounds",2024-02,33302.0
Poultry fats,Stocks on hand end of month,"1,000 pounds",2024-03,27029.0
Poultry fats,Stocks on hand end of month,"1,000 pounds",2024-04,32648.0
Poultry fats,Stocks on hand end of month,"1,000 pounds",2024-05,31475.0
Poultry fats,Stocks on hand end of month,"1,000 pounds",2024-06,30114.0
Poultry fats,Stocks on hand end of month,"1,000 pounds",2024-07,36608.0
Poultry fats,Stocks on hand end of month,"1,000 pounds",2024-08,38172.0
Poultry fats,Stocks on hand end of month,"1,000 pounds",2024-09,36546.0
Poultry fats,Stocks on hand end of month,"1,000 pounds",2024-10,39499.0
Poultry fats,Stocks on hand end of month,"1,000 pounds",2024-11,33574.0
Poultry fats,Stocks on hand end of month,"1,000 pounds",2024-12,29704.0
Poultry fats,Stocks on hand end of month,"1,000 pounds",2025-01,37025.0
Poultry fats,Stocks on hand end of month,"1,000 pounds",2025-02,36078.0
Poultry fats,Stocks on hand end of month,"1,000 pounds",2025-03,33089.0
Poultry fats,Stocks on hand end of month,"1,000 pounds",2025-04,37016.0
Poultry fats,Stocks on hand end of month,"1,000 pounds",2025-05,38941.0
Poultry fats,Stocks on hand end of month,"1,000 pounds",2025-06,36541.0
Poultry fats,Stocks on hand end of month,"1,000 pounds",2025-07,38993.0
Poultry fats,Stocks on hand end of month,"1,000 pounds",2025-08,45998.0
Poultry fats,Stocks on hand end of month,"1,000 pounds",2025-09,48753.0
Poultry fats,Stocks on hand end of month,"1,000 pounds",2025-10,40744.0
Poultry fats,Stocks on hand end of month,"1,000 pounds",2025-11,31935.0
Poultry fats,Stocks on hand end of month,"1,000 pounds",2025-12,33865.0
Poultry fats,Stocks on hand end of month,"1,000 pounds",2026-01,32241.0
Poultry fats,Stocks on hand end of month,"1,000 pounds",2026-02,34769.0
Poultry fats,Stocks on hand end of month,"1,000 pounds",2026-03,65973.0
Poultry fats,Stocks on hand end of month,"1,000 pounds",2026-04,70271.0
Poultry fats,Stocks on hand end of month,"1,000 pounds",2026-05,92466.0
Poultry fats,Stocks on hand end of month,"1,000 pounds",2026-06,85634.0
Poultry fats,Stocks on hand end of month,"1,000 pounds",2026-07,76718.0
Poultry fats,Stocks on hand end of month,"1,000 pounds",2026-08,114919.0
Removed for inedible use in processing,Stocks on hand end of month,"1,000 pounds",2015-05,17447.0
Removed for inedible use in processing,Stocks on hand end of month,"1,000 pounds",2015-06,14308.0
Removed for inedible use in processing,Stocks on hand end of month,"1,000 pounds",2015-07,7393.0
Removed for inedible use in processing,Stocks on hand end of month,"1,000 pounds",2015-08,23430.0
Removed for inedible use in processing,Stocks on hand end of month,"1,000 pounds",2015-09,6436.0
Removed for inedible use in processing,Stocks on hand end of month,"1,000 pounds",2015-10,6676.0
Removed for inedible use in processing,Stocks on hand end of month,"1,000 pounds",2015-11,6334.0
Removed for inedible use in processing,Stocks on hand end of month,"1,000 pounds",2015-12,8619.0
Removed for inedible use in processing,Stocks on hand end of month,"1,000 pounds",2016-01,9791.0
Removed for inedible use in processing,Stocks on hand end of month,"1,000 pounds",2016-02,10472.0
Removed for inedible use in processing,Stocks on hand end of month,"1,000 pounds",2016-03,11498.0
Removed for inedible use in processing,Stocks on hand end of month,"1,000 pounds",2016-04,12416.0
Removed for inedible use in processing,Stocks on hand end of month,"1,000 pounds",2016-05,12486.0
Removed for inedible use in processing,Stocks on hand end of month,"1,000 pounds",2016-06,10253.0
Removed for inedible use in processing,Stocks on hand end of month,"1,000 pounds",2016-07,11251.0
Removed for inedible use in processing,Stocks on hand end of month,"1,000 pounds",2016-08,8276.0
Removed for inedible use in processing,Stocks on hand end of month,"1,000 pounds",2016-09,9144.0
Removed for inedible use in processing,Stocks on hand end of month,"1,000 pounds",2016-10,7255.0
Removed for inedible use in processing,Stocks on hand end of month,"1,000 pounds",2016-11,7661.0
Removed for inedible use in processing,Stocks on hand end of month,"1,000 pounds",2016-12,23394.0
Removed for inedible use in processing,Stocks on hand end of month,"1,000 pounds",2017-01,8749.0
Removed for inedible use in processing,Stocks on hand end of month,"1,000 pounds",2017-02,10433.0
Removed for inedible use in processing,Stocks on hand end of month,"1,000 pounds",2017-03,9264.0
Removed for inedible use in processing,Stocks on hand end of month,"1,000 pounds",2017-04,9740.0
Removed for inedible use in processing,Stocks on hand end of month,"1,000 pounds",2017-05,10981.0
Removed for inedible use in processing,Stocks on hand end of month,"1,000 pounds",2017-06,9899.0
Removed for inedible use in processing,Stocks on hand end of month,"1,000 pounds",2017-07,9035.0
Removed for inedible use in processing,Stocks on hand end of month,"1,000 pounds",2017-08,6732.0
Removed for inedible use in processing,Stocks on hand end of month,"1,000 pounds",2017-09,5401.0
Removed for inedible use in processing,Stocks on hand end of month,"1,000 pounds",2017-10,4751.0
Removed for inedible use in processing,Stocks on hand end of month,"1,000 pounds",2017-11,5231.0
Removed for inedible use in processing,Stocks on hand end of month,"1,000 pounds",2017-12,6759.0
Removed for inedible use in processing,Stocks on hand end of month,"1,000 pounds",2018-01,9004.0
Removed for inedible use in processing,Stocks on hand end of month,"1,000 pounds",2018-02,10214.0
Removed for inedible use in processing,Stocks on hand end of month,"1,000 pounds",2018-03,13020.0
Removed for inedible use in processing,Stocks on hand end of month,"1,000 pounds",2018-04,16030.0
Removed for inedible use in processing,Stocks on hand end of month,"1,000 pounds",2018-05,19567.0
Removed for inedible use in processing,Stocks on hand end of month,"1,000 pounds",2018-06,17704.0
Removed for inedible use in processing,Stocks on hand end of month,"1,000 pounds",2018-07,12425.0
Removed for inedible use in processing,Stocks on hand end of month,"1,000 pounds",2018-08,14963.0
Removed for inedible use in processing,Stocks on hand end of month,"1,000 pounds",2018-09,13111.0
Removed for inedible use in processing,Stocks on hand end of month,"1,000 pounds",2018-10,9736.0
Removed for inedible use in processing,Stocks on hand end of month,"1,000 pounds",2018-11,10865.0
Removed for inedible use in processing,Stocks on hand end of month,"1,000 pounds",2018-12,10806.0
Removed for inedible use in processing,Stocks on hand end of month,"1,000 pounds",2019-01,13951.0
Removed for inedible use in processing,Stocks on hand end of month,"1,000 pounds",2019-02,13901.0
Removed for inedible use in processing,Stocks on hand end of month,"1,000 pounds",2019-03,14826.0
Removed for inedible use in processing,Stocks on hand end of month,"1,000 pounds",2019-04,16596.0
Removed for inedible use in processing,Stocks on hand end of month,"1,000 pounds",2019-05,16262.0
Removed for inedible use in processing,Stocks on hand end of month,"1,000 pounds",2019-06,17337.0
Removed for inedible use in processing,Stocks on hand end of month,"1,000 pounds",2019-07,17653.0
Removed for inedible use in processing,Stocks on hand end of month,"1,000 pounds",2019-08,18726.0
Removed for inedible use in processing,Stocks on hand end of month,"1,000 pounds",2019-09,16442.0
Removed for inedible use in processing,Stocks on hand end of month,"1,000 pounds",2019-10,13481.0
Removed for inedible use in processing,Stocks on hand end of month,"1,000 pounds",2019-11,6936.0
Removed for inedible use in processing,Stocks on hand end of month,"1,000 pounds",2019-12,5938.0
Removed for inedible use in processing,Stocks on hand end of month,"1,000 pounds",2020-01,8970.0
Removed for inedible use in processing,Stocks on hand end of month,"1,000 pounds",2020-02,7601.0
Removed for inedible use in processing,Stocks on hand end of month,"1,000 pounds",2020-03,9210.0
Removed for inedible use in processing,Stocks on hand end of month,"1,000 pounds",2020-04,9579.0
Removed for inedible use in processing,Stocks on hand end of month,"1,000 pounds",2020-05,9259.0
Removed for inedible use in processing,Stocks on hand end of month,"1,000 pounds",2020-06,9678.0
Removed for inedible use in processing,Stocks on hand end of month,"1,000 pounds",2020-07,8205.0
Removed for inedible use in processing,Stocks on hand end of month,"1,000 pounds",2020-08,10972.0
Removed for inedible use in processing,Stocks on hand end of month,"1,000 pounds",2020-09,6644.0
Removed for inedible use in processing,Stocks on hand end of month,"1,000 pounds",2020-11,6319.0
Removed for inedible use in processing,Stocks on hand end of month,"1,000 pounds",2020-12,8599.0
Removed for inedible use in processing,Stocks on hand end of month,"1,000 pounds",2021-01,10355.0
Removed for inedible use in processing,Stocks on hand end of month,"1,000 pounds",2021-02,9621.0
Removed for inedible use in processing,Stocks on hand end of month,"1,000 pounds",2021-03,6912.0
Removed for inedible use in processing,Stocks on hand end of month,"1,000 pounds",2021-04,6925.0
Removed for inedible use in processing,Stocks on hand end of month,"1,000 pounds",2021-05,5198.0
Removed for inedible use in processing,Stocks on hand end of month,"1,000 pounds",2021-06,6096.0
Removed for inedible use in processing,Stocks on hand end of month,"1,000 pounds",2021-07,6032.0
Removed for inedible use in processing,Stocks on hand end of month,"1,000 pounds",2021-08,6514.0
Removed for inedible use in processing,Stocks on hand end of month,"1,000 pounds",2021-09,6132.0
Removed for inedible use in processing,Stocks on hand end of month,"1,000 pounds",2021-10,5836.0
Removed for inedible use in processing,Stocks on hand end of month,"1,000 pounds",2021-11,4725.0
Removed for inedible use in processing,Stocks on hand end of month,"1,000 pounds",2021-12,4950.0
Removed for inedible use in processing,Stocks on hand end of month,"1,000 pounds",2022-01,8484.0
Removed for inedible use in processing,Stocks on hand end of month,"1,000 pounds",2022-02,12148.0
Removed for inedible use in processing,Stocks on hand end of month,"1,000 pounds",2022-03,16203.0
Removed for inedible use in processing,Stocks on hand end of month,"1,000 pounds",2022-04,12768.0
Removed for inedible use in processing,Stocks on hand end of month,"1,000 pounds",2022-05,13080.0
Removed for inedible use in processing,Stocks on hand end of month,"1,000 pounds",2022-06,10107.0
Removed for inedible use in processing,Stocks on hand end of month,"1,000 pounds",2022-07,9925.0
Removed for inedible use in processing,Stocks on hand end of month,"1,000 pounds",2022-08,8825.0
Removed for inedible use in processing,Stocks on hand end of month,"1,000 pounds",2022-09,6522.0
Removed for inedible use in processing,Stocks on hand end of month,"1,000 pounds",2022-10,7110.0
Removed for inedible use in processing,Stocks on hand end of month,"1,000 pounds",2022-11,5055.0
Removed for inedible use in processing,Stocks on hand end of month,"1,000 pounds",2022-12,5546.0
Removed for inedible use in processing,Stocks on hand end of month,"1,000 pounds",2023-01,4888.0
Removed for inedible use in processing,Stocks on hand end of month,"1,000 pounds",2023-02,7107.0
Removed for inedible use in processing,Stocks on hand end of month,"1,000 pounds",2023-03,9050.0
Removed for inedible use in processing,Stocks on hand end of month,"1,000 pounds",2023-04,12494.0
Removed for inedible use in processing,Stocks on hand end of month,"1,000 pounds",2023-05,11634.0
Removed for inedible use in processing,Stocks on hand end of month,"1,000 pounds",2023-06,11830.0
Removed for inedible use in processing,Stocks on hand end of month,"1,000 pounds",2023-07,7019.0
Removed for inedible use in processing,Stocks on hand end of month,"1,000 pounds",2023-08,8132.0
Removed for inedible use in processing,Stocks on hand end of month,"1,000 pounds",2023-09,7756.0
Removed for inedible use in processing,Stocks on hand end of month,"1,000 pounds",2023-10,9837.0
Removed for inedible use in processing,Stocks on hand end of month,"1,000 pounds",2023-11,8071.0
Removed for inedible use in processing,Stocks on hand end of month,"1,000 pounds",2023-12,8624.0
Removed for inedible use in processing,Stocks on hand end of month,"1,000 pounds",2024-01,11166.0
Removed for inedible use in processing,Stocks on hand end of month,"1,000 pounds",2024-02,16543.0
Removed for inedible use in processing,Stocks on hand end of month,"1,000 pounds",2024-03,22087.0
Removed for inedible use in processing,Stocks on hand end of month,"1,000 pounds",2024-04,10534.0
Removed for inedible use in processing,Stocks on hand end of month,"1,000 pounds",2024-05,8309.0
Removed for inedible use in processing,Stocks on hand end of month,"1,000 pounds",2024-06,9387.0
Removed for inedible use in processing,Stocks on hand end of month,"1,000 pounds",2024-07,10231.0
Removed for inedible use in processing,Stocks on hand end of month,"1,000 pounds",2024-08,10529.0
Removed for inedible use in processing,Stocks on hand end of month,"1,000 pounds",2024-09,12241.0
Removed for inedible use in processing,Stocks on hand end of month,"1,000 pounds",2024-10,6603.0
Removed for inedible use in processing,Stocks on hand end of month,"1,000 pounds",2024-11,4443.0
Removed for inedible use in processing,Stocks on hand end of month,"1,000 pounds",2024-12,8215.0
Removed for inedible use in processing,Stocks on hand end of month,"1,000 pounds",2025-01,9757.0
Removed for inedible use in processing,Stocks on hand end of month,"1,000 pounds",2025-02,10066.0
Removed for inedible use in processing,Stocks on hand end of month,"1,000 pounds",2025-03,9663.0
Removed for inedible use in processing,Stocks on hand end of month,"1,000 pounds",2025-04,13584.0
Removed for inedible use in processing,Stocks on hand end of month,"1,000 pounds",2025-05,14052.0
Removed for inedible use in processing,Stocks on hand end of month,"1,000 pounds",2025-06,13331.0
Removed for inedible use in processing,Stocks on hand end of month,"1,000 pounds",2025-07,11959.0
Removed for inedible use in processing,Stocks on hand end of month,"1,000 pounds",2025-08,11900.0
Removed for inedible use in processing,Stocks on hand end of month,"1,000 pounds",2025-09,17024.0
Removed for inedible use in processing,Stocks on hand end of month,"1,000 pounds",2025-10,21217.0
Removed for inedible use in processing,Stocks on hand end of month,"1,000 pounds",2025-11,19010.0
Removed for inedible use in processing,Stocks on hand end of month,"1,000 pounds",2025-12,12637.0
Removed for inedible use in processing,Stocks on hand end of month,"1,000 pounds",2026-01,10254.0
Removed for inedible use in processing,Stocks on hand end of month,"1,000 pounds",2026-02,12376.0
Removed for inedible use in processing,Stocks on hand end of month,"1,000 pounds",2026-03,14504.0
Removed for inedible use in processing,Stocks on hand end of month,"1,000 pounds",2026-04,15157.0
Removed for inedible use in processing,Stocks on hand end of month,"1,000 pounds",2026-05,16473.0
Removed for inedible use in processing,Stocks on hand end of month,"1,000 pounds",2026-06,18372.0
Removed for inedible use in processing,Stocks on hand end of month,"1,000 pounds",2026-07,18129.0
Removed for inedible use in processing,Stocks on hand end of month,"1,000 pounds",2026-08,18483.0
"Tallow, edible",Production,"1,000 pounds",2015-05,67807.0
"Tallow, edible",Production,"1,000 pounds",2015-06,64251.0
"Tallow, edible",Production,"1,000 pounds",2015-07,60035.0
"Tallow, edible",Production,"1,000 pounds",2015-08,57280.0
"Tallow, edible",Production,"1,000 pounds",2015-09,85849.0
"Tallow, edible",Production,"1,000 pounds",2015-10,83526.0
"Tallow, edible",Production,"1,000 pounds",2015-11,83941.0
"Tallow, edible",Production,"1,000 pounds",2015-12,78930.0
"Tallow, edible",Production,"1,000 pounds",2016-01,88857.0
"Tallow, edible",Production,"1,000 pounds",2016-02,77272.0
"Tallow, edible",Production,"1,000 pounds",2016-03,62600.0
"Tallow, edible",Production,"1,000 pounds",2016-04,76064.0
"Tallow, edible",Production,"1,000 pounds",2016-05,83169.0
"Tallow, edible",Production,"1,000 pounds",2016-06,74100.0
"Tallow, edible",Production,"1,000 pounds",2016-07,67837.0
"Tallow, edible",Production,"1,000 pounds",2016-08,79711.0
"Tallow, edible",Production,"1,000 pounds",2016-09,68841.0
"Tallow, edible",Production,"1,000 pounds",2016-10,67281.0
"Tallow, edible",Production,"1,000 pounds",2016-11,81756.0
"Tallow, edible",Production,"1,000 pounds",2016-12,75621.0
"Tallow, edible",Production,"1,000 pounds",2017-01,70383.0
"Tallow, edible",Production,"1,000 pounds",2017-02,71978.0
"Tallow, edible",Production,"1,000 pounds",2017-03,79287.0
"Tallow, edible",Production,"1,000 pounds",2017-04,72413.0
"Tallow, edible",Production,"1,000 pounds",2017-05,73310.0
"Tallow, edible",Production,"1,000 pounds",2017-06,70642.0
"Tallow, edible",Production,"1,000 pounds",2017-07,63405.0
"Tallow, edible",Production,"1,000 pounds",2017-08,81494.0
"Tallow, edible",Production,"1,000 pounds",2017-09,77479.0
"Tallow, edible",Production,"1,000 pounds",2017-10,73081.0
"Tallow, edible",Production,"1,000 pounds",2017-11,91393.0
"Tallow, edible",Production,"1,000 pounds",2017-12,78212.0
"Tallow, edible",Production,"1,000 pounds",2018-01,66322.0
"Tallow, edible",Production,"1,000 pounds",2018-02,86836.0
"Tallow, edible",Production,"1,000 pounds",2018-03,87195.0
"Tallow, edible",Production,"1,000 pounds",2018-04,82637.0
"Tallow, edible",Production,"1,000 pounds",2018-05,88666.0
"Tallow, edible",Production,"1,000 pounds",2018-06,82012.0
"Tallow, edible",Production,"1,000 pounds",2018-07,75896.0
"Tallow, edible",Production,"1,000 pounds",2018-08,91374.0
"Tallow, edible",Production,"1,000 pounds",2018-09,77169.0
"Tallow, edible",Production,"1,000 pounds",2018-10,82283.0
"Tallow, edible",Production,"1,000 pounds",2018-11,92023.0
"Tallow, edible",Production,"1,000 pounds",2018-12,71996.0
"Tallow, edible",Production,"1,000 pounds",2019-01,67184.0
"Tallow, edible",Production,"1,000 pounds",2019-02,91754.0
"Tallow, edible",Production,"1,000 pounds",2019-03,85957.0
"Tallow, edible",Production,"1,000 pounds",2019-04,85549.0
"Tallow, edible",Production,"1,000 pounds",2019-05,86181.0
"Tallow, edible",Production,"1,000 pounds",2019-06,87709.0
"Tallow, edible",Production,"1,000 pounds",2019-07,80830.0
"Tallow, edible",Production,"1,000 pounds",2019-08,87170.0
"Tallow, edible",Production,"1,000 pounds",2019-09,72593.0
"Tallow, edible",Production,"1,000 pounds",2019-10,74146.0
"Tallow, edible",Production,"1,000 pounds",2019-11,90273.0
"Tallow, edible",Production,"1,000 pounds",2019-12,87347.0
"Tallow, edible",Production,"1,000 pounds",2020-01,80744.0
"Tallow, edible",Production,"1,000 pounds",2020-02,91790.0
"Tallow, edible",Production,"1,000 pounds",2020-03,92659.0
"Tallow, edible",Production,"1,000 pounds",2020-04,60029.0
"Tallow, edible",Production,"1,000 pounds",2020-05,57236.0
"Tallow, edible",Production,"1,000 pounds",2020-06,76768.0
"Tallow, edible",Production,"1,000 pounds",2020-07,80418.0
"Tallow, edible",Production,"1,000 pounds",2020-08,91330.0
"Tallow, edible",Production,"1,000 pounds",2020-09,90142.0
"Tallow, edible",Production,"1,000 pounds",2020-10,62801.0
"Tallow, edible",Production,"1,000 pounds",2020-11,82585.0
"Tallow, edible",Production,"1,000 pounds",2020-12,73204.0
"Tallow, edible",Production,"1,000 pounds",2021-01,73053.0
"Tallow, edible",Production,"1,000 pounds",2021-02,90103.0
"Tallow, edible",Production,"1,000 pounds",2021-03,94481.0
"Tallow, edible",Production,"1,000 pounds",2021-04,90917.0
"Tallow, edible",Production,"1,000 pounds",2021-05,102834.0
"Tallow, edible",Production,"1,000 pounds",2021-06,101309.0
"Tallow, edible",Production,"1,000 pounds",2021-07,85015.0
"Tallow, edible",Production,"1,000 pounds",2021-08,83690.0
"Tallow, edible",Production,"1,000 pounds",2021-09,76604.0
"Tallow, edible",Production,"1,000 pounds",2021-10,77433.0
"Tallow, edible",Production,"1,000 pounds",2021-11,86896.0
"Tallow, edible",Production,"1,000 pounds",2021-12,66873.0
"Tallow, edible",Production,"1,000 pounds",2022-01,70584.0
"Tallow, edible",Production,"1,000 pounds",2022-02,85735.0
"Tallow, edible",Production,"1,000 pounds",2022-03,76732.0
"Tallow, edible",Production,"1,000 pounds",2022-04,78422.0
"Tallow, edible",Production,"1,000 pounds",2022-05,84538.0
"Tallow, edible",Production,"1,000 pounds",2022-06,95201.0
"Tallow, edible",Production,"1,000 pounds",2022-07,78414.0
"Tallow, edible",Production,"1,000 pounds",2022-08,101625.0
"Tallow, edible",Production,"1,000 pounds",2022-09,90220.0
"Tallow, edible",Production,"1,000 pounds",2022-10,81113.0
"Tallow, edible",Production,"1,000 pounds",2022-11,69448.0
"Tallow, edible",Production,"1,000 pounds",2022-12,77324.0
"Tallow, edible",Production,"1,000 pounds",2023-01,83318.0
"Tallow, edible",Production,"1,000 pounds",2023-02,104515.0
"Tallow, edible",Production,"1,000 pounds",2023-03,90761.0
"Tallow, edible",Production,"1,000 pounds",2023-04,77500.0
"Tallow, edible",Production,"1,000 pounds",2023-05,83634.0
"Tallow, edible",Production,"1,000 pounds",2023-06,87103.0
"Tallow, edible",Production,"1,000 pounds",2023-07,89242.0
"Tallow, edible",Production,"1,000 pounds",2023-08,85834.0
"Tallow, edible",Production,"1,000 pounds",2023-09,94343.0
"Tallow, edible",Production,"1,000 pounds",2023-10,75970.0
"Tallow, edible",Production,"1,000 pounds",2023-11,98797.0
"Tallow, edible",Production,"1,000 pounds",2023-12,85396.0
"Tallow, edible",Production,"1,000 pounds",2024-01,72408.0
"Tallow, edible",Production,"1,000 pounds",2024-02,97125.0
"Tallow, edible",Production,"1,000 pounds",2024-03,91654.0
"Tallow, edible",Production,"1,000 pounds",2024-04,74881.0
"Tallow, edible",Production,"1,000 pounds",2024-05,87971.0
"Tallow, edible",Production,"1,000 pounds",2024-06,71135.0
"Tallow, edible",Production,"1,000 pounds",2024-07,88627.0
"Tallow, edible",Production,"1,000 pounds",2024-08,106608.0
"Tallow, edible",Production,"1,000 pounds",2024-09,112522.0
"Tallow, edible",Production,"1,000 pounds",2024-10,75180.0
"Tallow, edible",Production,"1,000 pounds",2024-11,80482.0
"Tallow, edible",Production,"1,000 pounds",2024-12,75600.0
"Tallow, edible",Production,"1,000 pounds",2025-01,70582.0
"Tallow, edible",Production,"1,000 pounds",2025-02,93267.0
"Tallow, edible",Production,"1,000 pounds",2025-03,80298.0
"Tallow, edible",Production,"1,000 pounds",2025-04,88295.0
"Tallow, edible",Production,"1,000 pounds",2025-05,95370.0
"Tallow, edible",Production,"1,000 pounds",2025-06,92912.0
"Tallow, edible",Production,"1,000 pounds",2025-07,82398.0
"Tallow, edible",Production,"1,000 pounds",2025-08,93947.0
"Tallow, edible",Production,"1,000 pounds",2025-09,86404.0
"Tallow, edible",Production,"1,000 pounds",2025-10,87054.0
"Tallow, edible",Production,"1,000 pounds",2025-11,113132.0
"Tallow, edible",Production,"1,000 pounds",2025-12,87584.0
"Tallow, edible",Production,"1,000 pounds",2026-01,81072.0
"Tallow, edible",Production,"1,000 pounds",2026-02,124322.0
"Tallow, edible",Production,"1,000 pounds",2026-03,69687.0
"Tallow, edible",Production,"1,000 pounds",2026-04,54335.0
"Tallow, edible",Production,"1,000 pounds",2026-05,85626.0
"Tallow, edible",Production,"1,000 pounds",2026-06,79587.0
"Tallow, edible",Production,"1,000 pounds",2026-07,73491.0
"Tallow, edible",Production,"1,000 pounds",2026-08,80430.0
"Tallow, edible",Removed for edible use in processing,"1,000 pounds",2016-01,90636.0
"Tallow, edible",Removed for inedible use in processing,"1,000 pounds",2016-01,3207.0
"Tallow, edible",Removed for use in processing,"1,000 pounds",2015-05,77196.0
"Tallow, edible",Removed for use in processing,"1,000 pounds",2015-06,65558.0
"Tallow, edible",Removed for use in processing,"1,000 pounds",2015-07,70912.0
"Tallow, edible",Removed for use in processing,"1,000 pounds",2015-08,78202.0
"Tallow, edible",Removed for use in processing,"1,000 pounds",2015-09,95652.0
"Tallow, edible",Removed for use in processing,"1,000 pounds",2015-10,88788.0
"Tallow, edible",Removed for use in processing,"1,000 pounds",2015-11,84042.0
"Tallow, edible",Removed for use in processing,"1,000 pounds",2015-12,86352.0
"Tallow, edible",Removed for use in processing,"1,000 pounds",2016-01,93843.0
"Tallow, edible",Removed for use in processing,"1,000 pounds",2016-02,76987.0
"Tallow, edible",Removed for use in processing,"1,000 pounds",2016-03,64704.0
"Tallow, edible",Removed for use in processing,"1,000 pounds",2016-04,76078.0
"Tallow, edible",Removed for use in processing,"1,000 pounds",2016-05,84325.0
"Tallow, edible",Removed for use in processing,"1,000 pounds",2016-06,75946.0
"Tallow, edible",Removed for use in processing,"1,000 pounds",2016-07,69760.0
"Tallow, edible",Removed for use in processing,"1,000 pounds",2016-08,81365.0
"Tallow, edible",Removed for use in processing,"1,000 pounds",2016-09,69200.0
"Tallow, edible",Removed for use in processing,"1,000 pounds",2016-10,71007.0
"Tallow, edible",Removed for use in processing,"1,000 pounds",2016-11,85476.0
"Tallow, edible",Removed for use in processing,"1,000 pounds",2016-12,75240.0
"Tallow, edible",Removed for use in processing,"1,000 pounds",2017-01,76047.0
"Tallow, edible",Removed for use in processing,"1,000 pounds",2017-02,71408.0
"Tallow, edible",Removed for use in processing,"1,000 pounds",2017-03,82037.0
"Tallow, edible",Removed for use in processing,"1,000 pounds",2017-04,73890.0
"Tallow, edible",Removed for use in processing,"1,000 pounds",2017-05,72526.0
"Tallow, edible",Removed for use in processing,"1,000 pounds",2017-06,71893.0
"Tallow, edible",Removed for use in processing,"1,000 pounds",2017-07,65223.0
"Tallow, edible",Removed for use in processing,"1,000 pounds",2017-08,82950.0
"Tallow, edible",Removed for use in processing,"1,000 pounds",2017-09,76146.0
"Tallow, edible",Removed for use in processing,"1,000 pounds",2017-10,69225.0
"Tallow, edible",Removed for use in processing,"1,000 pounds",2017-11,100557.0
"Tallow, edible",Removed for use in processing,"1,000 pounds",2017-12,75325.0
"Tallow, edible",Removed for use in processing,"1,000 pounds",2018-01,66567.0
"Tallow, edible",Removed for use in processing,"1,000 pounds",2018-02,85978.0
"Tallow, edible",Removed for use in processing,"1,000 pounds",2018-03,90120.0
"Tallow, edible",Removed for use in processing,"1,000 pounds",2018-04,83223.0
"Tallow, edible",Removed for use in processing,"1,000 pounds",2018-05,90813.0
"Tallow, edible",Removed for use in processing,"1,000 pounds",2018-06,86761.0
"Tallow, edible",Removed for use in processing,"1,000 pounds",2018-07,78066.0
"Tallow, edible",Removed for use in processing,"1,000 pounds",2018-08,87570.0
"Tallow, edible",Removed for use in processing,"1,000 pounds",2018-09,79866.0
"Tallow, edible",Removed for use in processing,"1,000 pounds",2018-10,83523.0
"Tallow, edible",Removed for use in processing,"1,000 pounds",2018-11,93774.0
"Tallow, edible",Removed for use in processing,"1,000 pounds",2018-12,73631.0
"Tallow, edible",Removed for use in processing,"1,000 pounds",2019-01,68894.0
"Tallow, edible",Removed for use in processing,"1,000 pounds",2019-02,93032.0
"Tallow, edible",Removed for use in processing,"1,000 pounds",2019-03,89071.0
"Tallow, edible",Removed for use in processing,"1,000 pounds",2019-04,87403.0
"Tallow, edible",Removed for use in processing,"1,000 pounds",2019-05,88056.0
"Tallow, edible",Removed for use in processing,"1,000 pounds",2019-06,81476.0
"Tallow, edible",Removed for use in processing,"1,000 pounds",2019-07,85045.0
"Tallow, edible",Removed for use in processing,"1,000 pounds",2019-08,95539.0
"Tallow, edible",Removed for use in processing,"1,000 pounds",2019-09,78265.0
"Tallow, edible",Removed for use in processing,"1,000 pounds",2019-10,79461.0
"Tallow, edible",Removed for use in processing,"1,000 pounds",2019-11,103440.0
"Tallow, edible",Removed for use in processing,"1,000 pounds",2019-12,81301.0
"Tallow, edible",Removed for use in processing,"1,000 pounds",2020-01,79094.0
"Tallow, edible",Removed for use in processing,"1,000 pounds",2020-02,94986.0
"Tallow, edible",Removed for use in processing,"1,000 pounds",2020-03,101170.0
"Tallow, edible",Removed for use in processing,"1,000 pounds",2020-04,45363.0
"Tallow, edible",Removed for use in processing,"1,000 pounds",2020-05,54873.0
"Tallow, edible",Removed for use in processing,"1,000 pounds",2020-06,89088.0
"Tallow, edible",Removed for use in processing,"1,000 pounds",2020-07,81479.0
"Tallow, edible",Removed for use in processing,"1,000 pounds",2020-08,78992.0
"Tallow, edible",Removed for use in processing,"1,000 pounds",2020-09,92794.0
"Tallow, edible",Removed for use in processing,"1,000 pounds",2020-10,63866.0
"Tallow, edible",Removed for use in processing,"1,000 pounds",2020-11,80116.0
"Tallow, edible",Removed for use in processing,"1,000 pounds",2020-12,72403.0
"Tallow, edible",Removed for use in processing,"1,000 pounds",2021-01,74711.0
"Tallow, edible",Removed for use in processing,"1,000 pounds",2021-02,96063.0
"Tallow, edible",Removed for use in processing,"1,000 pounds",2021-03,98462.0
"Tallow, edible",Removed for use in processing,"1,000 pounds",2021-04,92185.0
"Tallow, edible",Removed for use in processing,"1,000 pounds",2021-05,107463.0
"Tallow, edible",Removed for use in processing,"1,000 pounds",2021-06,83106.0
"Tallow, edible",Removed for use in processing,"1,000 pounds",2021-07,89379.0
"Tallow, edible",Removed for use in processing,"1,000 pounds",2021-08,81770.0
"Tallow, edible",Removed for use in processing,"1,000 pounds",2021-09,78491.0
"Tallow, edible",Removed for use in processing,"1,000 pounds",2021-10,81142.0
"Tallow, edible",Removed for use in processing,"1,000 pounds",2021-11,91676.0
"Tallow, edible",Removed for use in processing,"1,000 pounds",2021-12,67586.0
"Tallow, edible",Removed for use in processing,"1,000 pounds",2022-01,69867.0
"Tallow, edible",Removed for use in processing,"1,000 pounds",2022-02,87907.0
"Tallow, edible",Removed for use in processing,"1,000 pounds",2022-03,75635.0
"Tallow, edible",Removed for use in processing,"1,000 pounds",2022-04,87075.0
"Tallow, edible",Removed for use in processing,"1,000 pounds",2022-05,80542.0
"Tallow, edible",Removed for use in processing,"1,000 pounds",2022-06,99293.0
"Tallow, edible",Removed for use in processing,"1,000 pounds",2022-07,79985.0
"Tallow, edible",Removed for use in processing,"1,000 pounds",2022-08,94042.0
"Tallow, edible",Removed for use in processing,"1,000 pounds",2022-09,83444.0
"Tallow, edible",Removed for use in processing,"1,000 pounds",2022-10,81596.0
"Tallow, edible",Removed for use in processing,"1,000 pounds",2022-11,69526.0
"Tallow, edible",Removed for use in processing,"1,000 pounds",2022-12,81357.0
"Tallow, edible",Removed for use in processing,"1,000 pounds",2023-01,82985.0
"Tallow, edible",Removed for use in processing,"1,000 pounds",2023-02,125895.0
"Tallow, edible",Removed for use in processing,"1,000 pounds",2023-03,75762.0
"Tallow, edible",Removed for use in processing,"1,000 pounds",2023-04,84150.0
"Tallow, edible",Removed for use in processing,"1,000 pounds",2023-05,94994.0
"Tallow, edible",Removed for use in processing,"1,000 pounds",2023-06,87043.0
"Tallow, edible",Removed for use in processing,"1,000 pounds",2023-07,86068.0
"Tallow, edible",Removed for use in processing,"1,000 pounds",2023-08,87248.0
"Tallow, edible",Removed for use in processing,"1,000 pounds",2023-09,98751.0
"Tallow, edible",Removed for use in processing,"1,000 pounds",2023-10,74793.0
"Tallow, edible",Removed for use in processing,"1,000 pounds",2023-11,99768.0
"Tallow, edible",Removed for use in processing,"1,000 pounds",2023-12,84795.0
"Tallow, edible",Removed for use in processing,"1,000 pounds",2024-01,72887.0
"Tallow, edible",Removed for use in processing,"1,000 pounds",2024-02,95070.0
"Tallow, edible",Removed for use in processing,"1,000 pounds",2024-03,86039.0
"Tallow, edible",Removed for use in processing,"1,000 pounds",2024-04,73675.0
"Tallow, edible",Removed for use in processing,"1,000 pounds",2024-05,90246.0
"Tallow, edible",Removed for use in processing,"1,000 pounds",2024-06,70335.0
"Tallow, edible",Removed for use in processing,"1,000 pounds",2024-07,89241.0
"Tallow, edible",Removed for use in processing,"1,000 pounds",2024-08,105893.0
"Tallow, edible",Removed for use in processing,"1,000 pounds",2024-09,102309.0
"Tallow, edible",Removed for use in processing,"1,000 pounds",2024-10,79754.0
"Tallow, edible",Removed for use in processing,"1,000 pounds",2024-11,83440.0
"Tallow, edible",Removed for use in processing,"1,000 pounds",2024-12,73459.0
"Tallow, edible",Removed for use in processing,"1,000 pounds",2025-01,76090.0
"Tallow, edible",Removed for use in processing,"1,000 pounds",2025-02,94284.0
"Tallow, edible",Removed for use in processing,"1,000 pounds",2025-03,81152.0
"Tallow, edible",Removed for use in processing,"1,000 pounds",2025-04,88703.0
"Tallow, edible",Removed for use in processing,"1,000 pounds",2025-05,93623.0
"Tallow, edible",Removed for use in processing,"1,000 pounds",2025-06,89339.0
"Tallow, edible",Removed for use in processing,"1,000 pounds",2025-07,75966.0
"Tallow, edible",Removed for use in processing,"1,000 pounds",2025-08,94908.0
"Tallow, edible",Removed for use in processing,"1,000 pounds",2025-09,91184.0
"Tallow, edible",Removed for use in processing,"1,000 pounds",2025-10,83103.0
"Tallow, edible",Removed for use in processing,"1,000 pounds",2025-11,115485.0
"Tallow, edible",Removed for use in processing,"1,000 pounds",2025-12,88822.0
"Tallow, edible",Removed for use in processing,"1,000 pounds",2026-01,85840.0
"Tallow, edible",Removed for use in processing,"1,000 pounds",2026-02,124855.0
"Tallow, edible",Removed for use in processing,"1,000 pounds",2026-03,68551.0
"Tallow, edible",Removed for use in processing,"1,000 pounds",2026-04,54131.0
"Tallow, edible",Removed for use in processing,"1,000 pounds",2026-05,84539.0
"Tallow, edible",Removed for use in processing,"1,000 pounds",2026-06,77761.0
"Tallow, edible",Removed for use in processing,"1,000 pounds",2026-07,74260.0
"Tallow, edible",Removed for use in processing,"1,000 pounds",2026-08,80180.0
"Tallow, edible",Stocks on hand end of month,"1,000 pounds",2015-10,23112.0
"Tallow, edible",Stocks on hand end of month,"1,000 pounds",2015-11,23250.0
"Tallow, edible",Stocks on hand end of month,"1,000 pounds",2015-12,16667.0
"Tallow, edible",Stocks on hand end of month,"1,000 pounds",2016-01,12969.0
"Tallow, edible",Stocks on hand end of month,"1,000 pounds",2016-02,15634.0
"Tallow, edible",Stocks on hand end of month,"1,000 pounds",2016-03,14674.0
"Tallow, edible",Stocks on hand end of month,"1,000 pounds",2016-04,16214.0
"Tallow, edible",Stocks on hand end of month,"1,000 pounds",2016-12,23394.0
"Tallow, edible",Stocks on hand end of month,"1,000 pounds",2017-01,17784.0
"Tallow, inedible",Production,"1,000 pounds",2015-05,296905.0
"Tallow, inedible",Production,"1,000 pounds",2015-06,284102.0
"Tallow, inedible",Production,"1,000 pounds",2015-07,251530.0
"Tallow, inedible",Production,"1,000 pounds",2015-08,267221.0
"Tallow, inedible",Production,"1,000 pounds",2015-09,270022.0
"Tallow, inedible",Production,"1,000 pounds",2015-10,275016.0
"Tallow, inedible",Production,"1,000 pounds",2015-11,303999.0
"Tallow, inedible",Production,"1,000 pounds",2015-12,287203.0
"Tallow, inedible",Production,"1,000 pounds",2016-01,276798.0
"Tallow, inedible",Production,"1,000 pounds",2016-02,281038.0
"Tallow, inedible",Production,"1,000 pounds",2016-03,287102.0
"Tallow, inedible",Production,"1,000 pounds",2016-04,275434.0
"Tallow, inedible",Production,"1,000 pounds",2016-05,291743.0
"Tallow, inedible",Production,"1,000 pounds",2016-06,290235.0
"Tallow, inedible",Production,"1,000 pounds",2016-07,267045.0
"Tallow, inedible",Production,"1,000 pounds",2016-08,304113.0
"Tallow, inedible",Production,"1,000 pounds",2016-09,310898.0
"Tallow, inedible",Production,"1,000 pounds",2016-10,284782.0
"Tallow, inedible",Production,"1,000 pounds",2016-11,316296.0
"Tallow, inedible",Production,"1,000 pounds",2016-12,314080.0
"Tallow, inedible",Production,"1,000 pounds",2017-01,301826.0
"Tallow, inedible",Production,"1,000 pounds",2017-02,333887.0
"Tallow, inedible",Production,"1,000 pounds",2017-03,321430.0
"Tallow, inedible",Production,"1,000 pounds",2017-04,289604.0
"Tallow, inedible",Production,"1,000 pounds",2017-05,321310.0
"Tallow, inedible",Production,"1,000 pounds",2017-06,297590.0
"Tallow, inedible",Production,"1,000 pounds",2017-07,269553.0
"Tallow, inedible",Production,"1,000 pounds",2017-08,315213.0
"Tallow, inedible",Production,"1,000 pounds",2017-09,297599.0
"Tallow, inedible",Production,"1,000 pounds",2017-10,273846.0
"Tallow, inedible",Production,"1,000 pounds",2017-11,322079.0
"Tallow, inedible",Production,"1,000 pounds",2017-12,324103.0
"Tallow, inedible",Production,"1,000 pounds",2018-01,295053.0
"Tallow, inedible",Production,"1,000 pounds",2018-02,322935.0
"Tallow, inedible",Production,"1,000 pounds",2018-03,342024.0
"Tallow, inedible",Production,"1,000 pounds",2018-04,305011.0
"Tallow, inedible",Production,"1,000 pounds",2018-05,328252.0
"Tallow, inedible",Production,"1,000 pounds",2018-06,310869.0
"Tallow, inedible",Production,"1,000 pounds",2018-07,296252.0
"Tallow, inedible",Production,"1,000 pounds",2018-08,332618.0
"Tallow, inedible",Production,"1,000 pounds",2018-09,330273.0
"Tallow, inedible",Production,"1,000 pounds",2018-10,322771.0
"Tallow, inedible",Production,"1,000 pounds",2018-11,350948.0
"Tallow, inedible",Production,"1,000 pounds",2018-12,338137.0
"Tallow, inedible",Production,"1,000 pounds",2019-01,320826.0
"Tallow, inedible",Production,"1,000 pounds",2019-02,333574.0
"Tallow, inedible",Production,"1,000 pounds",2019-03,335972.0
"Tallow, inedible",Production,"1,000 pounds",2019-04,306534.0
"Tallow, inedible",Production,"1,000 pounds",2019-05,334671.0
"Tallow, inedible",Production,"1,000 pounds",2019-06,340145.0
"Tallow, inedible",Production,"1,000 pounds",2019-07,310193.0
"Tallow, inedible",Production,"1,000 pounds",2019-08,314554.0
"Tallow, inedible",Production,"1,000 pounds",2019-09,299506.0
"Tallow, inedible",Production,"1,000 pounds",2019-10,294442.0
"Tallow, inedible",Production,"1,000 pounds",2019-11,340603.0
"Tallow, inedible",Production,"1,000 pounds",2019-12,318050.0
"Tallow, inedible",Production,"1,000 pounds",2020-01,295633.0
"Tallow, inedible",Production,"1,000 pounds",2020-02,325764.0
"Tallow, inedible",Production,"1,000 pounds",2020-03,336650.0
"Tallow, inedible",Production,"1,000 pounds",2020-04,226905.0
"Tallow, inedible",Production,"1,000 pounds",2020-05,278733.0
"Tallow, inedible",Production,"1,000 pounds",2020-06,324334.0
"Tallow, inedible",Production,"1,000 pounds",2020-07,294802.0
"Tallow, inedible",Production,"1,000 pounds",2020-08,324407.0
"Tallow, inedible",Production,"1,000 pounds",2020-09,328260.0
"Tallow, inedible",Production,"1,000 pounds",2020-10,254285.0
"Tallow, inedible",Production,"1,000 pounds",2020-11,279307.0
"Tallow, inedible",Production,"1,000 pounds",2020-12,264828.0
"Tallow, inedible",Production,"1,000 pounds",2021-01,269443.0
"Tallow, inedible",Production,"1,000 pounds",2021-02,290555.0
"Tallow, inedible",Production,"1,000 pounds",2021-03,365475.0
"Tallow, inedible",Production,"1,000 pounds",2021-04,367648.0
"Tallow, inedible",Production,"1,000 pounds",2021-05,339224.0
"Tallow, inedible",Production,"1,000 pounds",2021-06,306293.0
"Tallow, inedible",Production,"1,000 pounds",2021-07,303938.0
"Tallow, inedible",Production,"1,000 pounds",2021-08,343634.0
"Tallow, inedible",Production,"1,000 pounds",2021-09,350054.0
"Tallow, inedible",Production,"1,000 pounds",2021-10,342024.0
"Tallow, inedible",Production,"1,000 pounds",2021-11,377789.0
"Tallow, inedible",Production,"1,000 pounds",2021-12,285505.0
"Tallow, inedible",Production,"1,000 pounds",2022-01,263339.0
"Tallow, inedible",Production,"1,000 pounds",2022-02,297541.0
"Tallow, inedible",Production,"1,000 pounds",2022-03,313741.0
"Tallow, inedible",Production,"1,000 pounds",2022-04,293703.0
"Tallow, inedible",Production,"1,000 pounds",2022-05,319041.0
"Tallow, inedible",Production,"1,000 pounds",2022-06,366186.0
"Tallow, inedible",Production,"1,000 pounds",2022-07,304608.0
"Tallow, inedible",Production,"1,000 pounds",2022-08,350702.0
"Tallow, inedible",Production,"1,000 pounds",2022-09,353930.0
"Tallow, inedible",Production,"1,000 pounds",2022-10,375095.0
"Tallow, inedible",Production,"1,000 pounds",2022-11,361471.0
"Tallow, inedible",Production,"1,000 pounds",2022-12,356800.0
"Tallow, inedible",Production,"1,000 pounds",2023-01,329427.0
"Tallow, inedible",Production,"1,000 pounds",2023-02,344209.0
"Tallow, inedible",Production,"1,000 pounds",2023-03,355329.0
"Tallow, inedible",Production,"1,000 pounds",2023-04,311100.0
"Tallow, inedible",Production,"1,000 pounds",2023-05,334453.0
"Tallow, inedible",Production,"1,000 pounds",2023-06,280902.0
"Tallow, inedible",Production,"1,000 pounds",2023-07,281771.0
"Tallow, inedible",Production,"1,000 pounds",2023-08,312653.0
"Tallow, inedible",Production,"1,000 pounds",2023-09,291186.0
"Tallow, inedible",Production,"1,000 pounds",2023-10,317689.0
"Tallow, inedible",Production,"1,000 pounds",2023-11,320372.0
"Tallow, inedible",Production,"1,000 pounds",2023-12,332402.0
"Tallow, inedible",Production,"1,000 pounds",2024-01,309112.0
"Tallow, inedible",Production,"1,000 pounds",2024-02,346768.0
"Tallow, inedible",Production,"1,000 pounds",2024-03,355531.0
"Tallow, inedible",Production,"1,000 pounds",2024-04,311811.0
"Tallow, inedible",Production,"1,000 pounds",2024-05,320503.0
"Tallow, inedible",Production,"1,000 pounds",2024-06,328663.0
"Tallow, inedible",Production,"1,000 pounds",2024-07,298411.0
"Tallow, inedible",Production,"1,000 pounds",2024-08,327887.0
"Tallow, inedible",Production,"1,000 pounds",2024-09,333825.0
"Tallow, inedible",Production,"1,000 pounds",2024-10,322944.0
"Tallow, inedible",Production,"1,000 pounds",2024-11,319430.0
"Tallow, inedible",Production,"1,000 pounds",2024-12,301843.0
"Tallow, inedible",Production,"1,000 pounds",2025-01,302232.0
"Tallow, inedible",Production,"1,000 pounds",2025-02,345356.0
"Tallow, inedible",Production,"1,000 pounds",2025-03,337732.0
"Tallow, inedible",Production,"1,000 pounds",2025-04,311927.0
"Tallow, inedible",Production,"1,000 pounds",2025-05,322825.0
"Tallow, inedible",Production,"1,000 pounds",2025-06,313663.0
"Tallow, inedible",Production,"1,000 pounds",2025-07,273665.0
"Tallow, inedible",Production,"1,000 pounds",2025-08,296595.0
"Tallow, inedible",Production,"1,000 pounds",2025-09,303542.0
"Tallow, inedible",Production,"1,000 pounds",2025-10,261912.0
"Tallow, inedible",Production,"1,000 pounds",2025-11,337791.0
"Tallow, inedible",Production,"1,000 pounds",2025-12,315734.0
"Tallow, inedible",Production,"1,000 pounds",2026-01,281806.0
"Tallow, inedible",Production,"1,000 pounds",2026-02,351200.0
"Tallow, inedible",Production,"1,000 pounds",2026-03,293332.0
"Tallow, inedible",Production,"1,000 pounds",2026-04,281225.0
"Tallow, inedible",Production,"1,000 pounds",2026-05,297782.0
"Tallow, inedible",Production,"1,000 pounds",2026-06,293113.0
"Tallow, inedible",Production,"1,000 pounds",2026-07,266292.0
"Tallow, inedible",Production,"1,000 pounds",2026-08,285439.0
"Tallow, inedible",Removed for inedible use in processing,"1,000 pounds",2015-05,298733.0
"Tallow, inedible",Removed for inedible use in processing,"1,000 pounds",2015-06,297329.0
"Tallow, inedible",Removed for inedible use in processing,"1,000 pounds",2015-07,254916.0
"Tallow, inedible",Removed for inedible use in processing,"1,000 pounds",2015-08,247073.0
"Tallow, inedible",Removed for inedible use in processing,"1,000 pounds",2015-09,277329.0
"Tallow, inedible",Removed for inedible use in processing,"1,000 pounds",2015-10,271842.0
"Tallow, inedible",Removed for inedible use in processing,"1,000 pounds",2015-11,303543.0
"Tallow, inedible",Removed for inedible use in processing,"1,000 pounds",2015-12,288841.0
"Tallow, inedible",Removed for inedible use in processing,"1,000 pounds",2016-01,272649.0
"Tallow, inedible",Removed for inedible use in processing,"1,000 pounds",2016-02,284339.0
"Tallow, inedible",Removed for inedible use in processing,"1,000 pounds",2016-03,292582.0
"Tallow, inedible",Removed for inedible use in processing,"1,000 pounds",2016-04,281517.0
"Tallow, inedible",Removed for inedible use in processing,"1,000 pounds",2016-05,290770.0
"Tallow, inedible",Removed for inedible use in processing,"1,000 pounds",2016-06,287121.0
"Tallow, inedible",Removed for inedible use in processing,"1,000 pounds",2016-07,260958.0
"Tallow, inedible",Removed for inedible use in processing,"1,000 pounds",2016-08,304938.0
"Tallow, inedible",Removed for inedible use in processing,"1,000 pounds",2016-09,310377.0
"Tallow, inedible",Removed for inedible use in processing,"1,000 pounds",2016-10,287010.0
"Tallow, inedible",Removed for inedible use in processing,"1,000 pounds",2016-11,316000.0
"Tallow, inedible",Removed for inedible use in processing,"1,000 pounds",2016-12,309464.0
"Tallow, inedible",Removed for inedible use in processing,"1,000 pounds",2017-01,286762.0
"Tallow, inedible",Removed for inedible use in processing,"1,000 pounds",2017-02,327570.0
"Tallow, inedible",Removed for inedible use in processing,"1,000 pounds",2017-03,328088.0
"Tallow, inedible",Removed for inedible use in processing,"1,000 pounds",2017-04,301184.0
"Tallow, inedible",Removed for inedible use in processing,"1,000 pounds",2017-05,291575.0
"Tallow, inedible",Removed for inedible use in processing,"1,000 pounds",2017-06,275042.0
"Tallow, inedible",Removed for inedible use in processing,"1,000 pounds",2017-07,240844.0
"Tallow, inedible",Removed for inedible use in processing,"1,000 pounds",2017-08,318150.0
"Tallow, inedible",Removed for inedible use in processing,"1,000 pounds",2017-09,292281.0
"Tallow, inedible",Removed for inedible use in processing,"1,000 pounds",2017-10,266655.0
"Tallow, inedible",Removed for inedible use in processing,"1,000 pounds",2017-11,323284.0
"Tallow, inedible",Removed for inedible use in processing,"1,000 pounds",2017-12,321224.0
"Tallow, inedible",Removed for inedible use in processing,"1,000 pounds",2018-01,283784.0
"Tallow, inedible",Removed for inedible use in processing,"1,000 pounds",2018-02,329957.0
"Tallow, inedible",Removed for inedible use in processing,"1,000 pounds",2018-03,353948.0
"Tallow, inedible",Removed for inedible use in processing,"1,000 pounds",2018-04,305746.0
"Tallow, inedible",Removed for inedible use in processing,"1,000 pounds",2018-05,335428.0
"Tallow, inedible",Removed for inedible use in processing,"1,000 pounds",2018-06,315570.0
"Tallow, inedible",Removed for inedible use in processing,"1,000 pounds",2018-07,279891.0
"Tallow, inedible",Removed for inedible use in processing,"1,000 pounds",2018-08,335289.0
"Tallow, inedible",Removed for inedible use in processing,"1,000 pounds",2018-09,322109.0
"Tallow, inedible",Removed for inedible use in processing,"1,000 pounds",2018-10,325996.0
"Tallow, inedible",Removed for inedible use in processing,"1,000 pounds",2018-11,359716.0
"Tallow, inedible",Removed for inedible use in processing,"1,000 pounds",2018-12,333967.0
"Tallow, inedible",Removed for inedible use in processing,"1,000 pounds",2019-01,314944.0
"Tallow, inedible",Removed for inedible use in processing,"1,000 pounds",2019-02,348090.0
"Tallow, inedible",Removed for inedible use in processing,"1,000 pounds",2019-03,352174.0
"Tallow, inedible",Removed for inedible use in processing,"1,000 pounds",2019-04,301175.0
"Tallow, inedible",Removed for inedible use in processing,"1,000 pounds",2019-05,343874.0
"Tallow, inedible",Removed for inedible use in processing,"1,000 pounds",2019-06,329205.0
"Tallow, inedible",Removed for inedible use in processing,"1,000 pounds",2019-07,304910.0
"Tallow, inedible",Removed for inedible use in processing,"1,000 pounds",2019-08,315257.0
"Tallow, inedible",Removed for inedible use in processing,"1,000 pounds",2019-09,291256.0
"Tallow, inedible",Removed for inedible use in processing,"1,000 pounds",2019-10,289695.0
"Tallow, inedible",Removed for inedible use in processing,"1,000 pounds",2019-11,338884.0
"Tallow, inedible",Removed for inedible use in processing,"1,000 pounds",2019-12,322435.0
"Tallow, inedible",Removed for inedible use in processing,"1,000 pounds",2020-01,291921.0
"Tallow, inedible",Removed for inedible use in processing,"1,000 pounds",2020-02,329711.0
"Tallow, inedible",Removed for inedible use in processing,"1,000 pounds",2020-03,337869.0
"Tallow, inedible",Removed for inedible use in processing,"1,000 pounds",2020-04,238785.0
"Tallow, inedible",Removed for inedible use in processing,"1,000 pounds",2020-05,259179.0
"Tallow, inedible",Removed for inedible use in processing,"1,000 pounds",2020-06,334144.0
"Tallow, inedible",Removed for inedible use in processing,"1,000 pounds",2020-07,296780.0
"Tallow, inedible",Removed for inedible use in processing,"1,000 pounds",2020-08,325634.0
"Tallow, inedible",Removed for inedible use in processing,"1,000 pounds",2020-09,330149.0
"Tallow, inedible",Removed for inedible use in processing,"1,000 pounds",2020-10,250299.0
"Tallow, inedible",Removed for inedible use in processing,"1,000 pounds",2020-11,280313.0
"Tallow, inedible",Removed for inedible use in processing,"1,000 pounds",2020-12,270562.0
"Tallow, inedible",Removed for inedible use in processing,"1,000 pounds",2021-01,265168.0
"Tallow, inedible",Removed for inedible use in processing,"1,000 pounds",2021-02,280464.0
"Tallow, inedible",Removed for inedible use in processing,"1,000 pounds",2021-03,368767.0
"Tallow, inedible",Removed for inedible use in processing,"1,000 pounds",2021-04,364010.0
"Tallow, inedible",Removed for inedible use in processing,"1,000 pounds",2021-05,348586.0
"Tallow, inedible",Removed for inedible use in processing,"1,000 pounds",2021-06,309784.0
"Tallow, inedible",Removed for inedible use in processing,"1,000 pounds",2021-07,301368.0
"Tallow, inedible",Removed for inedible use in processing,"1,000 pounds",2021-08,335493.0
"Tallow, inedible",Removed for inedible use in processing,"1,000 pounds",2021-09,329082.0
"Tallow, inedible",Removed for inedible use in processing,"1,000 pounds",2021-10,331404.0
"Tallow, inedible",Removed for inedible use in processing,"1,000 pounds",2021-11,383668.0
"Tallow, inedible",Removed for inedible use in processing,"1,000 pounds",2021-12,304995.0
"Tallow, inedible",Removed for inedible use in processing,"1,000 pounds",2022-01,268832.0
"Tallow, inedible",Removed for inedible use in processing,"1,000 pounds",2022-02,286957.0
"Tallow, inedible",Removed for inedible use in processing,"1,000 pounds",2022-03,318145.0
"Tallow, inedible",Removed for inedible use in processing,"1,000 pounds",2022-04,290791.0
"Tallow, inedible",Removed for inedible use in processing,"1,000 pounds",2022-05,312694.0
"Tallow, inedible",Removed for inedible use in processing,"1,000 pounds",2022-06,374825.0
"Tallow, inedible",Removed for inedible use in processing,"1,000 pounds",2022-07,298622.0
"Tallow, inedible",Removed for inedible use in processing,"1,000 pounds",2022-08,345923.0
"Tallow, inedible",Removed for inedible use in processing,"1,000 pounds",2022-09,359980.0
"Tallow, inedible",Removed for inedible use in processing,"1,000 pounds",2022-10,391965.0
"Tallow, inedible",Removed for inedible use in processing,"1,000 pounds",2022-11,340355.0
"Tallow, inedible",Removed for inedible use in processing,"1,000 pounds",2022-12,356072.0
"Tallow, inedible",Removed for inedible use in processing,"1,000 pounds",2023-01,326414.0
"Tallow, inedible",Removed for inedible use in processing,"1,000 pounds",2023-02,347769.0
"Tallow, inedible",Removed for inedible use in processing,"1,000 pounds",2023-03,350327.0
"Tallow, inedible",Removed for inedible use in processing,"1,000 pounds",2023-04,327187.0
"Tallow, inedible",Removed for inedible use in processing,"1,000 pounds",2023-05,341330.0
"Tallow, inedible",Removed for inedible use in processing,"1,000 pounds",2023-06,290791.0
"Tallow, inedible",Removed for inedible use in processing,"1,000 pounds",2023-07,281572.0
"Tallow, inedible",Removed for inedible use in processing,"1,000 pounds",2023-08,317970.0
"Tallow, inedible",Removed for inedible use in processing,"1,000 pounds",2023-09,302544.0
"Tallow, inedible",Removed for inedible use in processing,"1,000 pounds",2023-10,310114.0
"Tallow, inedible",Removed for inedible use in processing,"1,000 pounds",2023-11,316371.0
"Tallow, inedible",Removed for inedible use in processing,"1,000 pounds",2023-12,336304.0
"Tallow, inedible",Removed for inedible use in processing,"1,000 pounds",2024-01,298699.0
"Tallow, inedible",Removed for inedible use in processing,"1,000 pounds",2024-02,351851.0
"Tallow, inedible",Removed for inedible use in processing,"1,000 pounds",2024-03,365483.0
"Tallow, inedible",Removed for inedible use in processing,"1,000 pounds",2024-04,314032.0
"Tallow, inedible",Removed for inedible use in processing,"1,000 pounds",2024-05,313448.0
"Tallow, inedible",Removed for inedible use in processing,"1,000 pounds",2024-06,325849.0
"Tallow, inedible",Removed for inedible use in processing,"1,000 pounds",2024-07,299912.0
"Tallow, inedible",Removed for inedible use in processing,"1,000 pounds",2024-08,336585.0
"Tallow, inedible",Removed for inedible use in processing,"1,000 pounds",2024-09,342062.0
"Tallow, inedible",Removed for inedible use in processing,"1,000 pounds",2024-10,317571.0
"Tallow, inedible",Removed for inedible use in processing,"1,000 pounds",2024-11,323709.0
"Tallow, inedible",Removed for inedible use in processing,"1,000 pounds",2024-12,307225.0
"Tallow, inedible",Removed for inedible use in processing,"1,000 pounds",2025-01,287147.0
"Tallow, inedible",Removed for inedible use in processing,"1,000 pounds",2025-02,345804.0
"Tallow, inedible",Removed for inedible use in processing,"1,000 pounds",2025-03,336276.0
"Tallow, inedible",Removed for inedible use in processing,"1,000 pounds",2025-04,325879.0
"Tallow, inedible",Removed for inedible use in processing,"1,000 pounds",2025-05,309399.0
"Tallow, inedible",Removed for inedible use in processing,"1,000 pounds",2025-06,328656.0
"Tallow, inedible",Removed for inedible use in processing,"1,000 pounds",2025-07,262913.0
"Tallow, inedible",Removed for inedible use in processing,"1,000 pounds",2025-08,302154.0
"Tallow, inedible",Removed for inedible use in processing,"1,000 pounds",2025-09,308094.0
"Tallow, inedible",Removed for inedible use in processing,"1,000 pounds",2025-10,262782.0
"Tallow, inedible",Removed for inedible use in processing,"1,000 pounds",2025-11,342119.0
"Tallow, inedible",Removed for inedible use in processing,"1,000 pounds",2025-12,318778.0
"Tallow, inedible",Removed for inedible use in processing,"1,000 pounds",2026-01,276156.0
"Tallow, inedible",Removed for inedible use in processing,"1,000 pounds",2026-02,354831.0
"Tallow, inedible",Removed for inedible use in processing,"1,000 pounds",2026-03,282766.0
"Tallow, inedible",Removed for inedible use in processing,"1,000 pounds",2026-04,292945.0
"Tallow, inedible",Removed for inedible use in processing,"1,000 pounds",2026-05,301025.0
"Tallow, inedible",Removed for inedible use in processing,"1,000 pounds",2026-06,277139.0
"Tallow, inedible",Removed for inedible use in processing,"1,000 pounds",2026-07,271261.0
"Tallow, inedible",Removed for inedible use in processing,"1,000 pounds",2026-08,289620.0
"Tallow, inedible",Stocks on hand end of month,"1,000 pounds",2015-05,98909.0
"Tallow, inedible",Stocks on hand end of month,"1,000 pounds",2015-06,92079.0
"Tallow, inedible",Stocks on hand end of month,"1,000 pounds",2015-07,85660.0
"Tallow, inedible",Stocks on hand end of month,"1,000 pounds",2015-08,108501.0
"Tallow, inedible",Stocks on hand end of month,"1,000 pounds",2015-09,93732.0
"Tallow, inedible",Stocks on hand end of month,"1,000 pounds",2015-10,94478.0
"Tallow, inedible",Stocks on hand end of month,"1,000 pounds",2015-11,92336.0
"Tallow, inedible",Stocks on hand end of month,"1,000 pounds",2015-12,90866.0
"Tallow, inedible",Stocks on hand end of month,"1,000 pounds",2016-01,87804.0
"Tallow, inedible",Stocks on hand end of month,"1,000 pounds",2016-02,84623.0
"Tallow, inedible",Stocks on hand end of month,"1,000 pounds",2016-03,81601.0
"Tallow, inedible",Stocks on hand end of month,"1,000 pounds",2016-04,76974.0
"Tallow, inedible",Stocks on hand end of month,"1,000 pounds",2016-05,71354.0
"Tallow, inedible",Stocks on hand end of month,"1,000 pounds",2016-06,78061.0
"Tallow, inedible",Stocks on hand end of month,"1,000 pounds",2016-07,81101.0
"Tallow, inedible",Stocks on hand end of month,"1,000 pounds",2016-08,82904.0
"Tallow, inedible",Stocks on hand end of month,"1,000 pounds",2016-09,84911.0
"Tallow, inedible",Stocks on hand end of month,"1,000 pounds",2016-10,92570.0
"Tallow, inedible",Stocks on hand end of month,"1,000 pounds",2016-11,85897.0
"Tallow, inedible",Stocks on hand end of month,"1,000 pounds",2016-12,89800.0
"Tallow, inedible",Stocks on hand end of month,"1,000 pounds",2017-01,103118.0
"Tallow, inedible",Stocks on hand end of month,"1,000 pounds",2017-02,88440.0
"Tallow, inedible",Stocks on hand end of month,"1,000 pounds",2017-03,78270.0
"Tallow, inedible",Stocks on hand end of month,"1,000 pounds",2017-04,71125.0
"Tallow, inedible",Stocks on hand end of month,"1,000 pounds",2017-05,73612.0
"Tallow, inedible",Stocks on hand end of month,"1,000 pounds",2017-06,75152.0
"Tallow, inedible",Stocks on hand end of month,"1,000 pounds",2017-07,80780.0
"Tallow, inedible",Stocks on hand end of month,"1,000 pounds",2017-08,84329.0
"Tallow, inedible",Stocks on hand end of month,"1,000 pounds",2017-09,88643.0
"Tallow, inedible",Stocks on hand end of month,"1,000 pounds",2017-10,95775.0
"Tallow, inedible",Stocks on hand end of month,"1,000 pounds",2017-11,94803.0
"Tallow, inedible",Stocks on hand end of month,"1,000 pounds",2017-12,96158.0
"Tallow, inedible",Stocks on hand end of month,"1,000 pounds",2018-01,107914.0
"Tallow, inedible",Stocks on hand end of month,"1,000 pounds",2018-02,101210.0
"Tallow, inedible",Stocks on hand end of month,"1,000 pounds",2018-03,89311.0
"Tallow, inedible",Stocks on hand end of month,"1,000 pounds",2018-04,90779.0
"Tallow, inedible",Stocks on hand end of month,"1,000 pounds",2018-05,85193.0
"Tallow, inedible",Stocks on hand end of month,"1,000 pounds",2018-06,80741.0
"Tallow, inedible",Stocks on hand end of month,"1,000 pounds",2018-07,99888.0
"Tallow, inedible",Stocks on hand end of month,"1,000 pounds",2018-08,102239.0
"Tallow, inedible",Stocks on hand end of month,"1,000 pounds",2018-09,113645.0
"Tallow, inedible",Stocks on hand end of month,"1,000 pounds",2018-10,110415.0
"Tallow, inedible",Stocks on hand end of month,"1,000 pounds",2018-11,101567.0
"Tallow, inedible",Stocks on hand end of month,"1,000 pounds",2018-12,106214.0
"Tallow, inedible",Stocks on hand end of month,"1,000 pounds",2019-01,111568.0
"Tallow, inedible",Stocks on hand end of month,"1,000 pounds",2019-02,98695.0
"Tallow, inedible",Stocks on hand end of month,"1,000 pounds",2019-03,82006.0
"Tallow, inedible",Stocks on hand end of month,"1,000 pounds",2019-04,85965.0
"Tallow, inedible",Stocks on hand end of month,"1,000 pounds",2019-05,76672.0
"Tallow, inedible",Stocks on hand end of month,"1,000 pounds",2019-06,84850.0
"Tallow, inedible",Stocks on hand end of month,"1,000 pounds",2019-07,90339.0
"Tallow, inedible",Stocks on hand end of month,"1,000 pounds",2019-08,89548.0
"Tallow, inedible",Stocks on hand end of month,"1,000 pounds",2019-09,97593.0
"Tallow, inedible",Stocks on hand end of month,"1,000 pounds",2019-10,103587.0
"Tallow, inedible",Stocks on hand end of month,"1,000 pounds",2019-11,105168.0
"Tallow, inedible",Stocks on hand end of month,"1,000 pounds",2019-12,100782.0
"Tallow, inedible",Stocks on hand end of month,"1,000 pounds",2020-01,104494.0
"Tallow, inedible",Stocks on hand end of month,"1,000 pounds",2020-02,100547.0
"Tallow, inedible",Stocks on hand end of month,"1,000 pounds",2020-03,99328.0
"Tallow, inedible",Stocks on hand end of month,"1,000 pounds",2020-04,87448.0
"Tallow, inedible",Stocks on hand end of month,"1,000 pounds",2020-05,107693.0
"Tallow, inedible",Stocks on hand end of month,"1,000 pounds",2020-07,95891.0
"Tallow, inedible",Stocks on hand end of month,"1,000 pounds",2020-08,96196.0
"Tallow, inedible",Stocks on hand end of month,"1,000 pounds",2020-09,93602.0
"Tallow, inedible",Stocks on hand end of month,"1,000 pounds",2020-10,97587.0
"Tallow, inedible",Stocks on hand end of month,"1,000 pounds",2020-12,90847.0
"Tallow, inedible",Stocks on hand end of month,"1,000 pounds",2021-01,95120.0
"Tallow, inedible",Stocks on hand end of month,"1,000 pounds",2021-02,105210.0
"Tallow, inedible",Stocks on hand end of month,"1,000 pounds",2021-04,105462.0
"Tallow, inedible",Stocks on hand end of month,"1,000 pounds",2022-03,110218.0
"Tallow, inedible",Stocks on hand end of month,"1,000 pounds",2022-04,113130.0
"Tallow, inedible",Stocks on hand end of month,"1,000 pounds",2022-05,119477.0
"Tallow, inedible",Stocks on hand end of month,"1,000 pounds",2022-07,116298.0
"Tallow, inedible",Stocks on hand end of month,"1,000 pounds",2022-09,115022.0
"Tallow, inedible",Stocks on hand end of month,"1,000 pounds",2022-10,98152.0
"Tallow, inedible",Stocks on hand end of month,"1,000 pounds",2022-12,119997.0
"Tallow, inedible",Stocks on hand end of month,"1,000 pounds",2023-01,123011.0
"Tallow, inedible",Stocks on hand end of month,"1,000 pounds",2023-02,83198.0
"Tallow, inedible",Stocks on hand end of month,"1,000 pounds",2023-03,80309.0
"Tallow, inedible",Stocks on hand end of month,"1,000 pounds",2023-04,84555.0
"Tallow, inedible",Stocks on hand end of month,"1,000 pounds",2023-08,86388.0
"Tallow, inedible",Stocks on hand end of month,"1,000 pounds",2023-09,76106.0
"Tallow, inedible",Stocks on hand end of month,"1,000 pounds",2023-12,82706.0
"Tallow, inedible",Stocks on hand end of month,"1,000 pounds",2024-01,93120.0
"Tallow, inedible",Stocks on hand end of month,"1,000 pounds",2024-02,88037.0
"Tallow, inedible",Stocks on hand end of month,"1,000 pounds",2024-03,78085.0
"Tallow, inedible",Stocks on hand end of month,"1,000 pounds",2024-04,83876.0
"Tallow, inedible",Stocks on hand end of month,"1,000 pounds",2024-05,85344.0
"Tallow, inedible",Stocks on hand end of month,"1,000 pounds",2024-09,69723.0
"Tallow, inedible",Stocks on hand end of month,"1,000 pounds",2024-10,75096.0
"Tallow, inedible",Stocks on hand end of month,"1,000 pounds",2024-11,70818.0
"Tallow, inedible",Stocks on hand end of month,"1,000 pounds",2024-12,65438.0
"Tallow, inedible",Stocks on hand end of month,"1,000 pounds",2025-01,80522.0
"Tallow, inedible",Stocks on hand end of month,"1,000 pounds",2025-02,81102.0
"Tallow, inedible",Stocks on hand end of month,"1,000 pounds",2025-04,67792.0
"Tallow, inedible",Stocks on hand end of month,"1,000 pounds",2025-10,72991.0
"Tallow, inedible",Stocks on hand end of month,"1,000 pounds",2025-11,65308.0
"Tallow, inedible",Stocks on hand end of month,"1,000 pounds",2025-12,62264.0
"Tallow, inedible",Stocks on hand end of month,"1,000 pounds",2026-01,67914.0
"Tallow, inedible",Stocks on hand end of month,"1,000 pounds",2026-02,64283.0
"Tallow, inedible",Stocks on hand end of month,"1,000 pounds",2026-05,59886.0
"Tallow, inedible",Stocks on hand end of month,"1,000 pounds",2026-06,75093.0
"Tallow, technical",Production,"1,000 pounds",2015-05,102098.0
"Tallow, technical",Production,"1,000 pounds",2015-06,86150.0
"Tallow, technical",Production,"1,000 pounds",2015-07,85997.0
"Tallow, technical",Production,"1,000 pounds",2015-08,100321.0
"Tallow, technical",Production,"1,000 pounds",2015-09,84581.0
"Tallow, technical",Production,"1,000 pounds",2015-10,82800.0
"Tallow, technical",Production,"1,000 pounds",2015-11,105338.0
"Tallow, technical",Production,"1,000 pounds",2015-12,94100.0
"Tallow, technical",Production,"1,000 pounds",2016-01,91109.0
"Tallow, technical",Production,"1,000 pounds",2016-02,118065.0
"Tallow, technical",Production,"1,000 pounds",2016-03,92732.0
"Tallow, technical",Production,"1,000 pounds",2016-04,84550.0
"Tallow, technical",Production,"1,000 pounds",2016-05,112546.0
"Tallow, technical",Production,"1,000 pounds",2016-06,97704.0
"Tallow, technical",Production,"1,000 pounds",2016-07,85729.0
"Tallow, technical",Production,"1,000 pounds",2016-08,117708.0
"Tallow, technical",Production,"1,000 pounds",2016-09,103861.0
"Tallow, technical",Production,"1,000 pounds",2016-10,110249.0
"Tallow, technical",Production,"1,000 pounds",2016-11,125974.0
"Tallow, technical",Production,"1,000 pounds",2016-12,99891.0
"Tallow, technical",Production,"1,000 pounds",2017-01,95809.0
"Tallow, technical",Production,"1,000 pounds",2017-02,114630.0
"Tallow, technical",Production,"1,000 pounds",2017-03,82931.0
"Tallow, technical",Production,"1,000 pounds",2017-04,89713.0
"Tallow, technical",Production,"1,000 pounds",2017-05,106920.0
"Tallow, technical",Production,"1,000 pounds",2017-06,78476.0
"Tallow, technical",Production,"1,000 pounds",2017-07,78337.0
"Tallow, technical",Production,"1,000 pounds",2017-08,97434.0
"Tallow, technical",Production,"1,000 pounds",2017-09,85595.0
"Tallow, technical",Production,"1,000 pounds",2017-10,103590.0
"Tallow, technical",Production,"1,000 pounds",2017-11,120147.0
"Tallow, technical",Production,"1,000 pounds",2017-12,96129.0
"Tallow, technical",Production,"1,000 pounds",2018-01,95104.0
"Tallow, technical",Production,"1,000 pounds",2018-02,110000.0
"Tallow, technical",Production,"1,000 pounds",2018-03,99889.0
"Tallow, technical",Production,"1,000 pounds",2018-04,92787.0
"Tallow, technical",Production,"1,000 pounds",2018-05,108719.0
"Tallow, technical",Production,"1,000 pounds",2018-06,105578.0
"Tallow, technical",Production,"1,000 pounds",2018-07,77425.0
"Tallow, technical",Production,"1,000 pounds",2018-08,120008.0
"Tallow, technical",Production,"1,000 pounds",2018-09,108805.0
"Tallow, technical",Production,"1,000 pounds",2018-10,110521.0
"Tallow, technical",Production,"1,000 pounds",2018-11,110497.0
"Tallow, technical",Production,"1,000 pounds",2018-12,109646.0
"Tallow, technical",Production,"1,000 pounds",2019-01,111519.0
"Tallow, technical",Production,"1,000 pounds",2019-02,119829.0
"Tallow, technical",Production,"1,000 pounds",2019-03,96061.0
"Tallow, technical",Production,"1,000 pounds",2019-04,103568.0
"Tallow, technical",Production,"1,000 pounds",2019-05,113450.0
"Tallow, technical",Production,"1,000 pounds",2019-06,81968.0
"Tallow, technical",Production,"1,000 pounds",2019-07,89509.0
"Tallow, technical",Production,"1,000 pounds",2019-08,118603.0
"Tallow, technical",Production,"1,000 pounds",2019-09,94926.0
"Tallow, technical",Production,"1,000 pounds",2019-10,102806.0
"Tallow, technical",Production,"1,000 pounds",2019-11,118257.0
"Tallow, technical",Production,"1,000 pounds",2019-12,104855.0
"Tallow, technical",Production,"1,000 pounds",2020-01,103163.0
"Tallow, technical",Production,"1,000 pounds",2020-02,121049.0
"Tallow, technical",Production,"1,000 pounds",2020-03,114294.0
"Tallow, technical",Production,"1,000 pounds",2020-04,75055.0
"Tallow, technical",Production,"1,000 pounds",2020-05,78736.0
"Tallow, technical",Production,"1,000 pounds",2020-06,111176.0
"Tallow, technical",Production,"1,000 pounds",2020-07,115434.0
"Tallow, technical",Production,"1,000 pounds",2020-08,132955.0
"Tallow, technical",Production,"1,000 pounds",2020-09,132756.0
"Tallow, technical",Production,"1,000 pounds",2020-10,96225.0
"Tallow, technical",Production,"1,000 pounds",2020-11,97134.0
"Tallow, technical",Production,"1,000 pounds",2020-12,84720.0
"Tallow, technical",Production,"1,000 pounds",2021-01,88167.0
"Tallow, technical",Production,"1,000 pounds",2021-02,97483.0
"Tallow, technical",Production,"1,000 pounds",2021-03,109266.0
"Tallow, technical",Production,"1,000 pounds",2021-04,112081.0
"Tallow, technical",Production,"1,000 pounds",2021-05,118323.0
"Tallow, technical",Production,"1,000 pounds",2021-06,94045.0
"Tallow, technical",Production,"1,000 pounds",2021-07,107856.0
"Tallow, technical",Production,"1,000 pounds",2021-08,126145.0
"Tallow, technical",Production,"1,000 pounds",2021-09,124777.0
"Tallow, technical",Production,"1,000 pounds",2021-10,129384.0
"Tallow, technical",Production,"1,000 pounds",2021-11,125128.0
"Tallow, technical",Production,"1,000 pounds",2021-12,103539.0
"Tallow, technical",Production,"1,000 pounds",2022-01,92765.0
"Tallow, technical",Production,"1,000 pounds",2022-02,114061.0
"Tallow, technical",Production,"1,000 pounds",2022-03,108555.0
"Tallow, technical",Production,"1,000 pounds",2022-04,110277.0
"Tallow, technical",Production,"1,000 pounds",2022-05,111637.0
"Tallow, technical",Production,"1,000 pounds",2022-06,106453.0
"Tallow, technical",Production,"1,000 pounds",2022-07,105881.0
"Tallow, technical",Production,"1,000 pounds",2022-08,112129.0
"Tallow, technical",Production,"1,000 pounds",2022-09,103219.0
"Tallow, technical",Production,"1,000 pounds",2022-10,113204.0
"Tallow, technical",Production,"1,000 pounds",2022-11,124918.0
"Tallow, technical",Production,"1,000 pounds",2022-12,99627.0
"Tallow, technical",Production,"1,000 pounds",2023-01,106980.0
"Tallow, technical",Production,"1,000 pounds",2023-02,114881.0
"Tallow, technical",Production,"1,000 pounds",2023-03,102563.0
"Tallow, technical",Production,"1,000 pounds",2023-04,98289.0
"Tallow, technical",Production,"1,000 pounds",2023-05,110558.0
"Tallow, technical",Production,"1,000 pounds",2023-06,107363.0
"Tallow, technical",Production,"1,000 pounds",2023-07,88734.0
"Tallow, technical",Production,"1,000 pounds",2023-08,108548.0
"Tallow, technical",Production,"1,000 pounds",2023-09,98451.0
"Tallow, technical",Production,"1,000 pounds",2023-10,108656.0
"Tallow, technical",Production,"1,000 pounds",2023-11,123585.0
"Tallow, technical",Production,"1,000 pounds",2023-12,121288.0
"Tallow, technical",Production,"1,000 pounds",2024-01,109379.0
"Tallow, technical",Production,"1,000 pounds",2024-02,122850.0
"Tallow, technical",Production,"1,000 pounds",2024-03,112429.0
"Tallow, technical",Production,"1,000 pounds",2024-04,126838.0
"Tallow, technical",Production,"1,000 pounds",2024-05,131231.0
"Tallow, technical",Production,"1,000 pounds",2024-06,130245.0
"Tallow, technical",Production,"1,000 pounds",2024-07,107300.0
"Tallow, technical",Production,"1,000 pounds",2024-08,126244.0
"Tallow, technical",Production,"1,000 pounds",2024-09,124006.0
"Tallow, technical",Production,"1,000 pounds",2024-10,131279.0
"Tallow, technical",Production,"1,000 pounds",2024-11,134648.0
"Tallow, technical",Production,"1,000 pounds",2024-12,115751.0
"Tallow, technical",Production,"1,000 pounds",2025-01,115260.0
"Tallow, technical",Production,"1,000 pounds",2025-02,126650.0
"Tallow, technical",Production,"1,000 pounds",2025-03,126388.0
"Tallow, technical",Production,"1,000 pounds",2025-04,116221.0
"Tallow, technical",Production,"1,000 pounds",2025-05,122167.0
"Tallow, technical",Production,"1,000 pounds",2025-06,110343.0
"Tallow, technical",Production,"1,000 pounds",2025-07,101830.0
"Tallow, technical",Production,"1,000 pounds",2025-08,117219.0
"Tallow, technical",Production,"1,000 pounds",2025-09,98434.0
"Tallow, technical",Production,"1,000 pounds",2025-10,103998.0
"Tallow, technical",Production,"1,000 pounds",2025-11,130135.0
"Tallow, technical",Production,"1,000 pounds",2025-12,99658.0
"Tallow, technical",Production,"1,000 pounds",2026-01,110118.0
"Tallow, technical",Production,"1,000 pounds",2026-02,125873.0
"Tallow, technical",Production,"1,000 pounds",2026-03,100731.0
"Tallow, technical",Production,"1,000 pounds",2026-04,102621.0
"Tallow, technical",Production,"1,000 pounds",2026-05,116558.0
"Tallow, technical",Production,"1,000 pounds",2026-06,94821.0
"Tallow, technical",Production,"1,000 pounds",2026-07,86064.0
"Tallow, technical",Production,"1,000 pounds",2026-08,101481.0
"Tallow, technical",Removed for inedible use in processing,"1,000 pounds",2015-05,103538.0
"Tallow, technical",Removed for inedible use in processing,"1,000 pounds",2015-06,85661.0
"Tallow, technical",Removed for inedible use in processing,"1,000 pounds",2015-07,95951.0
"Tallow, technical",Removed for inedible use in processing,"1,000 pounds",2015-08,106374.0
"Tallow, technical",Removed for inedible use in processing,"1,000 pounds",2015-09,108020.0
"Tallow, technical",Removed for inedible use in processing,"1,000 pounds",2015-10,89169.0
"Tallow, technical",Removed for inedible use in processing,"1,000 pounds",2015-11,111404.0
"Tallow, technical",Removed for inedible use in processing,"1,000 pounds",2015-12,102820.0
"Tallow, technical",Removed for inedible use in processing,"1,000 pounds",2016-01,99877.0
"Tallow, technical",Removed for inedible use in processing,"1,000 pounds",2016-02,126167.0
"Tallow, technical",Removed for inedible use in processing,"1,000 pounds",2016-03,104112.0
"Tallow, technical",Removed for inedible use in processing,"1,000 pounds",2016-04,92387.0
"Tallow, technical",Removed for inedible use in processing,"1,000 pounds",2016-05,120518.0
"Tallow, technical",Removed for inedible use in processing,"1,000 pounds",2016-06,106150.0
"Tallow, technical",Removed for inedible use in processing,"1,000 pounds",2016-07,91622.0
"Tallow, technical",Removed for inedible use in processing,"1,000 pounds",2016-08,124528.0
"Tallow, technical",Removed for inedible use in processing,"1,000 pounds",2016-09,111198.0
"Tallow, technical",Removed for inedible use in processing,"1,000 pounds",2016-10,118756.0
"Tallow, technical",Removed for inedible use in processing,"1,000 pounds",2016-11,130307.0
"Tallow, technical",Removed for inedible use in processing,"1,000 pounds",2016-12,108418.0
"Tallow, technical",Removed for inedible use in processing,"1,000 pounds",2017-01,113903.0
"Tallow, technical",Removed for inedible use in processing,"1,000 pounds",2017-02,121856.0
"Tallow, technical",Removed for inedible use in processing,"1,000 pounds",2017-03,93093.0
"Tallow, technical",Removed for inedible use in processing,"1,000 pounds",2017-04,99811.0
"Tallow, technical",Removed for inedible use in processing,"1,000 pounds",2017-05,111818.0
"Tallow, technical",Removed for inedible use in processing,"1,000 pounds",2017-06,89949.0
"Tallow, technical",Removed for inedible use in processing,"1,000 pounds",2017-07,84487.0
"Tallow, technical",Removed for inedible use in processing,"1,000 pounds",2017-08,109974.0
"Tallow, technical",Removed for inedible use in processing,"1,000 pounds",2017-09,93222.0
"Tallow, technical",Removed for inedible use in processing,"1,000 pounds",2017-10,108185.0
"Tallow, technical",Removed for inedible use in processing,"1,000 pounds",2017-11,125991.0
"Tallow, technical",Removed for inedible use in processing,"1,000 pounds",2017-12,101712.0
"Tallow, technical",Removed for inedible use in processing,"1,000 pounds",2018-01,104986.0
"Tallow, technical",Removed for inedible use in processing,"1,000 pounds",2018-02,118335.0
"Tallow, technical",Removed for inedible use in processing,"1,000 pounds",2018-03,107037.0
"Tallow, technical",Removed for inedible use in processing,"1,000 pounds",2018-04,99887.0
"Tallow, technical",Removed for inedible use in processing,"1,000 pounds",2018-05,115393.0
"Tallow, technical",Removed for inedible use in processing,"1,000 pounds",2018-06,114675.0
"Tallow, technical",Removed for inedible use in processing,"1,000 pounds",2018-07,87260.0
"Tallow, technical",Removed for inedible use in processing,"1,000 pounds",2018-08,125231.0
"Tallow, technical",Removed for inedible use in processing,"1,000 pounds",2018-09,118993.0
"Tallow, technical",Removed for inedible use in processing,"1,000 pounds",2018-10,119632.0
"Tallow, technical",Removed for inedible use in processing,"1,000 pounds",2018-11,119316.0
"Tallow, technical",Removed for inedible use in processing,"1,000 pounds",2018-12,115666.0
"Tallow, technical",Removed for inedible use in processing,"1,000 pounds",2019-01,124691.0
"Tallow, technical",Removed for inedible use in processing,"1,000 pounds",2019-02,129290.0
"Tallow, technical",Removed for inedible use in processing,"1,000 pounds",2019-03,104024.0
"Tallow, technical",Removed for inedible use in processing,"1,000 pounds",2019-04,113452.0
"Tallow, technical",Removed for inedible use in processing,"1,000 pounds",2019-05,122632.0
"Tallow, technical",Removed for inedible use in processing,"1,000 pounds",2019-06,94508.0
"Tallow, technical",Removed for inedible use in processing,"1,000 pounds",2019-07,97182.0
"Tallow, technical",Removed for inedible use in processing,"1,000 pounds",2019-08,129950.0
"Tallow, technical",Removed for inedible use in processing,"1,000 pounds",2019-09,104176.0
"Tallow, technical",Removed for inedible use in processing,"1,000 pounds",2019-10,109745.0
"Tallow, technical",Removed for inedible use in processing,"1,000 pounds",2019-11,125901.0
"Tallow, technical",Removed for inedible use in processing,"1,000 pounds",2019-12,111050.0
"Tallow, technical",Removed for inedible use in processing,"1,000 pounds",2020-01,107927.0
"Tallow, technical",Removed for inedible use in processing,"1,000 pounds",2020-02,119991.0
"Tallow, technical",Removed for inedible use in processing,"1,000 pounds",2020-03,114156.0
"Tallow, technical",Removed for inedible use in processing,"1,000 pounds",2020-04,80420.0
"Tallow, technical",Removed for inedible use in processing,"1,000 pounds",2020-05,77668.0
"Tallow, technical",Removed for inedible use in processing,"1,000 pounds",2020-06,109836.0
"Tallow, technical",Removed for inedible use in processing,"1,000 pounds",2020-07,114566.0
"Tallow, technical",Removed for inedible use in processing,"1,000 pounds",2020-08,134788.0
"Tallow, technical",Removed for inedible use in processing,"1,000 pounds",2020-09,135434.0
"Tallow, technical",Removed for inedible use in processing,"1,000 pounds",2020-10,94454.0
"Tallow, technical",Removed for inedible use in processing,"1,000 pounds",2020-11,97398.0
"Tallow, technical",Removed for inedible use in processing,"1,000 pounds",2020-12,85516.0
"Tallow, technical",Removed for inedible use in processing,"1,000 pounds",2021-01,86468.0
"Tallow, technical",Removed for inedible use in processing,"1,000 pounds",2021-02,98049.0
"Tallow, technical",Removed for inedible use in processing,"1,000 pounds",2021-03,111236.0
"Tallow, technical",Removed for inedible use in processing,"1,000 pounds",2021-04,110151.0
"Tallow, technical",Removed for inedible use in processing,"1,000 pounds",2021-05,119506.0
"Tallow, technical",Removed for inedible use in processing,"1,000 pounds",2021-06,93579.0
"Tallow, technical",Removed for inedible use in processing,"1,000 pounds",2021-07,109241.0
"Tallow, technical",Removed for inedible use in processing,"1,000 pounds",2021-08,125802.0
"Tallow, technical",Removed for inedible use in processing,"1,000 pounds",2021-09,123773.0
"Tallow, technical",Removed for inedible use in processing,"1,000 pounds",2021-10,130416.0
"Tallow, technical",Removed for inedible use in processing,"1,000 pounds",2021-11,122514.0
"Tallow, technical",Removed for inedible use in processing,"1,000 pounds",2021-12,105968.0
"Tallow, technical",Removed for inedible use in processing,"1,000 pounds",2022-01,90349.0
"Tallow, technical",Removed for inedible use in processing,"1,000 pounds",2022-02,115164.0
"Tallow, technical",Removed for inedible use in processing,"1,000 pounds",2022-03,109079.0
"Tallow, technical",Removed for inedible use in processing,"1,000 pounds",2022-04,108624.0
"Tallow, technical",Removed for inedible use in processing,"1,000 pounds",2022-05,113762.0
"Tallow, technical",Removed for inedible use in processing,"1,000 pounds",2022-06,106086.0
"Tallow, technical",Removed for inedible use in processing,"1,000 pounds",2022-07,105344.0
"Tallow, technical",Removed for inedible use in processing,"1,000 pounds",2022-08,113709.0
"Tallow, technical",Removed for inedible use in processing,"1,000 pounds",2022-09,102241.0
"Tallow, technical",Removed for inedible use in processing,"1,000 pounds",2022-10,114555.0
"Tallow, technical",Removed for inedible use in processing,"1,000 pounds",2022-11,124420.0
"Tallow, technical",Removed for inedible use in processing,"1,000 pounds",2022-12,97983.0
"Tallow, technical",Removed for inedible use in processing,"1,000 pounds",2023-01,104517.0
"Tallow, technical",Removed for inedible use in processing,"1,000 pounds",2023-02,117869.0
"Tallow, technical",Removed for inedible use in processing,"1,000 pounds",2023-03,104230.0
"Tallow, technical",Removed for inedible use in processing,"1,000 pounds",2023-04,97332.0
"Tallow, technical",Removed for inedible use in processing,"1,000 pounds",2023-05,110267.0
"Tallow, technical",Removed for inedible use in processing,"1,000 pounds",2023-06,107569.0
"Tallow, technical",Removed for inedible use in processing,"1,000 pounds",2023-07,88661.0
"Tallow, technical",Removed for inedible use in processing,"1,000 pounds",2023-08,108256.0
"Tallow, technical",Removed for inedible use in processing,"1,000 pounds",2023-09,100510.0
"Tallow, technical",Removed for inedible use in processing,"1,000 pounds",2023-10,104924.0
"Tallow, technical",Removed for inedible use in processing,"1,000 pounds",2023-11,124908.0
"Tallow, technical",Removed for inedible use in processing,"1,000 pounds",2023-12,121153.0
"Tallow, technical",Removed for inedible use in processing,"1,000 pounds",2024-01,104604.0
"Tallow, technical",Removed for inedible use in processing,"1,000 pounds",2024-02,128007.0
"Tallow, technical",Removed for inedible use in processing,"1,000 pounds",2024-03,113149.0
"Tallow, technical",Removed for inedible use in processing,"1,000 pounds",2024-04,121412.0
"Tallow, technical",Removed for inedible use in processing,"1,000 pounds",2024-05,129083.0
"Tallow, technical",Removed for inedible use in processing,"1,000 pounds",2024-06,128383.0
"Tallow, technical",Removed for inedible use in processing,"1,000 pounds",2024-07,107498.0
"Tallow, technical",Removed for inedible use in processing,"1,000 pounds",2024-08,125486.0
"Tallow, technical",Removed for inedible use in processing,"1,000 pounds",2024-09,124853.0
"Tallow, technical",Removed for inedible use in processing,"1,000 pounds",2024-10,125090.0
"Tallow, technical",Removed for inedible use in processing,"1,000 pounds",2024-11,136818.0
"Tallow, technical",Removed for inedible use in processing,"1,000 pounds",2024-12,118338.0
"Tallow, technical",Removed for inedible use in processing,"1,000 pounds",2025-01,113289.0
"Tallow, technical",Removed for inedible use in processing,"1,000 pounds",2025-02,125198.0
"Tallow, technical",Removed for inedible use in processing,"1,000 pounds",2025-03,129918.0
"Tallow, technical",Removed for inedible use in processing,"1,000 pounds",2025-04,117195.0
"Tallow, technical",Removed for inedible use in processing,"1,000 pounds",2025-05,121654.0
"Tallow, technical",Removed for inedible use in processing,"1,000 pounds",2025-06,111270.0
"Tallow, technical",Removed for inedible use in processing,"1,000 pounds",2025-07,101209.0
"Tallow, technical",Removed for inedible use in processing,"1,000 pounds",2025-08,117627.0
"Tallow, technical",Removed for inedible use in processing,"1,000 pounds",2025-09,98191.0
"Tallow, technical",Removed for inedible use in processing,"1,000 pounds",2025-10,104528.0
"Tallow, technical",Removed for inedible use in processing,"1,000 pounds",2025-11,125736.0
"Tallow, technical",Removed for inedible use in processing,"1,000 pounds",2025-12,103028.0
"Tallow, technical",Removed for inedible use in processing,"1,000 pounds",2026-01,112158.0
"Tallow, technical",Removed for inedible use in processing,"1,000 pounds",2026-02,122689.0
"Tallow, technical",Removed for inedible use in processing,"1,000 pounds",2026-03,102098.0
"Tallow, technical",Removed for inedible use in processing,"1,000 pounds",2026-04,104088.0
"Tallow, technical",Removed for inedible use in processing,"1,000 pounds",2026-05,115218.0
"Tallow, technical",Removed for inedible use in processing,"1,000 pounds",2026-06,94180.0
"Tallow, technical",Removed for inedible use in processing,"1,000 pounds",2026-07,85944.0
"Tallow, technical",Removed for inedible use in processing,"1,000 pounds",2026-08,103646.0
"Tallow, technical",Stocks on hand end of month,"1,000 pounds",2015-07,31125.0
"Tallow, technical",Stocks on hand end of month,"1,000 pounds",2015-08,28200.0
"Tallow, technical",Stocks on hand end of month,"1,000 pounds",2015-09,10016.0
"Tallow, technical",Stocks on hand end of month,"1,000 pounds",2015-10,13261.0
"Tallow, technical",Stocks on hand end of month,"1,000 pounds",2015-11,14063.0
"Tallow, technical",Stocks on hand end of month,"1,000 pounds",2015-12,13100.0
"Tallow, technical",Stocks on hand end of month,"1,000 pounds",2016-01,15428.0
"Tallow, technical",Stocks on hand end of month,"1,000 pounds",2016-02,12946.0
"Tallow, technical",Stocks on hand end of month,"1,000 pounds",2016-03,13189.0
"Tallow, technical",Stocks on hand end of month,"1,000 pounds",2016-04,12408.0
"Tallow, technical",Stocks on hand end of month,"1,000 pounds",2016-05,12358.0
"Tallow, technical",Stocks on hand end of month,"1,000 pounds",2016-06,13020.0
"Tallow, technical",Stocks on hand end of month,"1,000 pounds",2016-07,13475.0
"Tallow, technical",Stocks on hand end of month,"1,000 pounds",2016-08,10432.0
"Tallow, technical",Stocks on hand end of month,"1,000 pounds",2016-09,13136.0
"Tallow, technical",Stocks on hand end of month,"1,000 pounds",2016-10,12207.0
"Tallow, technical",Stocks on hand end of month,"1,000 pounds",2016-11,14608.0
"Tallow, technical",Stocks on hand end of month,"1,000 pounds",2016-12,17540.0
"Tallow, technical",Stocks on hand end of month,"1,000 pounds",2017-01,12415.0
"Tallow, technical",Stocks on hand end of month,"1,000 pounds",2017-12,10295.0
"Tallow, technical",Stocks on hand end of month,"1,000 pounds",2018-02,8703.0
"Tallow, technical",Stocks on hand end of month,"1,000 pounds",2018-03,11051.0
"Tallow, technical",Stocks on hand end of month,"1,000 pounds",2018-06,11100.0
"Tallow, technical",Stocks on hand end of month,"1,000 pounds",2019-01,12405.0
"Tallow, technical",Stocks on hand end of month,"1,000 pounds",2019-02,11381.0
"Tallow, technical",Stocks on hand end of month,"1,000 pounds",2019-03,9741.0
"Tallow, technical",Stocks on hand end of month,"1,000 pounds",2019-09,8152.0
"Tallow, technical",Stocks on hand end of month,"1,000 pounds",2019-10,8677.0
"Tallow, technical",Stocks on hand end of month,"1,000 pounds",2020-04,8549.0
"Tallow, technical",Stocks on hand end of month,"1,000 pounds",2020-05,9450.0
"Tallow, technical",Stocks on hand end of month,"1,000 pounds",2024-05,5894.0
"Tallow, technical",Stocks on hand end of month,"1,000 pounds",2025-03,6099.0
Yellow grease,Production,"1,000 pounds",2015-05,155319.0
Yellow grease,Production,"1,000 pounds",2015-06,173967.0
Yellow grease,Production,"1,000 pounds",2015-07,155237.0
Yellow grease,Production,"1,000 pounds",2015-08,160926.0
Yellow grease,Production,"1,000 pounds",2015-09,169938.0
Yellow grease,Production,"1,000 pounds",2015-10,151888.0
Yellow grease,Production,"1,000 pounds",2015-11,146001.0
Yellow grease,Production,"1,000 pounds",2015-12,170566.0
Yellow grease,Production,"1,000 pounds",2016-01,147716.0
Yellow grease,Production,"1,000 pounds",2016-02,160255.0
Yellow grease,Production,"1,000 pounds",2016-03,194203.0
Yellow grease,Production,"1,000 pounds",2016-04,167301.0
Yellow grease,Production,"1,000 pounds",2016-05,166724.0
Yellow grease,Production,"1,000 pounds",2016-06,181812.0
Yellow grease,Production,"1,000 pounds",2016-07,158542.0
Yellow grease,Production,"1,000 pounds",2016-08,172990.0
Yellow grease,Production,"1,000 pounds",2016-09,183125.0
Yellow grease,Production,"1,000 pounds",2016-10,157019.0
Yellow grease,Production,"1,000 pounds",2016-11,161550.0
Yellow grease,Production,"1,000 pounds",2016-12,169013.0
Yellow grease,Production,"1,000 pounds",2017-01,161085.0
Yellow grease,Production,"1,000 pounds",2017-02,157786.0
Yellow grease,Production,"1,000 pounds",2017-03,174479.0
Yellow grease,Production,"1,000 pounds",2017-04,158108.0
Yellow grease,Production,"1,000 pounds",2017-05,171163.0
Yellow grease,Production,"1,000 pounds",2017-06,183953.0
Yellow grease,Production,"1,000 pounds",2017-07,160823.0
Yellow grease,Production,"1,000 pounds",2017-08,167897.0
Yellow grease,Production,"1,000 pounds",2017-09,172307.0
Yellow grease,Production,"1,000 pounds",2017-10,162770.0
Yellow grease,Production,"1,000 pounds",2017-11,159501.0
Yellow grease,Production,"1,000 pounds",2017-12,182972.0
Yellow grease,Production,"1,000 pounds",2018-01,165398.0
Yellow grease,Production,"1,000 pounds",2018-02,167040.0
Yellow grease,Production,"1,000 pounds",2018-03,191395.0
Yellow grease,Production,"1,000 pounds",2018-04,175099.0
Yellow grease,Production,"1,000 pounds",2018-05,186554.0
Yellow grease,Production,"1,000 pounds",2018-06,199687.0
Yellow grease,Production,"1,000 pounds",2018-07,180987.0
Yellow grease,Production,"1,000 pounds",2018-08,187474.0
Yellow grease,Production,"1,000 pounds",2018-09,195794.0
Yellow grease,Production,"1,000 pounds",2018-10,183059.0
Yellow grease,Production,"1,000 pounds",2018-11,173023.0
Yellow grease,Production,"1,000 pounds",2018-12,181964.0
Yellow grease,Production,"1,000 pounds",2019-01,173406.0
Yellow grease,Production,"1,000 pounds",2019-02,206658.0
Yellow grease,Production,"1,000 pounds",2019-03,197538.0
Yellow grease,Production,"1,000 pounds",2019-04,183244.0
Yellow grease,Production,"1,000 pounds",2019-05,187131.0
Yellow grease,Production,"1,000 pounds",2019-06,193072.0
Yellow grease,Production,"1,000 pounds",2019-07,177868.0
Yellow grease,Production,"1,000 pounds",2019-08,185547.0
Yellow grease,Production,"1,000 pounds",2019-09,188992.0
Yellow grease,Production,"1,000 pounds",2019-10,179761.0
Yellow grease,Production,"1,000 pounds",2019-11,164352.0
Yellow grease,Production,"1,000 pounds",2019-12,184020.0
Yellow grease,Production,"1,000 pounds",2020-01,175195.0
Yellow grease,Production,"1,000 pounds",2020-02,173103.0
Yellow grease,Production,"1,000 pounds",2020-03,201657.0
Yellow grease,Production,"1,000 pounds",2020-04,156537.0
Yellow grease,Production,"1,000 pounds",2020-05,137949.0
Yellow grease,Production,"1,000 pounds",2020-06,173312.0
Yellow grease,Production,"1,000 pounds",2020-07,179650.0
Yellow grease,Production,"1,000 pounds",2020-08,171785.0
Yellow grease,Production,"1,000 pounds",2020-09,186640.0
Yellow grease,Production,"1,000 pounds",2020-10,178423.0
Yellow grease,Production,"1,000 pounds",2020-11,172894.0
Yellow grease,Production,"1,000 pounds",2020-12,179928.0
Yellow grease,Production,"1,000 pounds",2021-01,169599.0
Yellow grease,Production,"1,000 pounds",2021-02,152284.0
Yellow grease,Production,"1,000 pounds",2021-03,210963.0
Yellow grease,Production,"1,000 pounds",2021-04,195987.0
Yellow grease,Production,"1,000 pounds",2021-05,182246.0
Yellow grease,Production,"1,000 pounds",2021-06,201313.0
Yellow grease,Production,"1,000 pounds",2021-07,181497.0
Yellow grease,Production,"1,000 pounds",2021-08,175725.0
Yellow grease,Production,"1,000 pounds",2021-09,186146.0
Yellow grease,Production,"1,000 pounds",2021-10,189877.0
Yellow grease,Production,"1,000 pounds",2021-11,187154.0
Yellow grease,Production,"1,000 pounds",2021-12,171389.0
Yellow grease,Production,"1,000 pounds",2022-01,158784.0
Yellow grease,Production,"1,000 pounds",2022-02,161409.0
Yellow grease,Production,"1,000 pounds",2022-03,181127.0
Yellow grease,Production,"1,000 pounds",2022-04,170873.0
Yellow grease,Production,"1,000 pounds",2022-05,178994.0
Yellow grease,Production,"1,000 pounds",2022-06,214059.0
Yellow grease,Production,"1,000 pounds",2022-07,181233.0
Yellow grease,Production,"1,000 pounds",2022-08,180363.0
Yellow grease,Production,"1,000 pounds",2022-09,201319.0
Yellow grease,Production,"1,000 pounds",2022-10,187894.0
Yellow grease,Production,"1,000 pounds",2022-11,166338.0
Yellow grease,Production,"1,000 pounds",2022-12,176986.0
Yellow grease,Production,"1,000 pounds",2023-01,171133.0
Yellow grease,Production,"1,000 pounds",2023-02,168332.0
Yellow grease,Production,"1,000 pounds",2023-03,197567.0
Yellow grease,Production,"1,000 pounds",2023-04,172826.0
Yellow grease,Production,"1,000 pounds",2023-05,178167.0
Yellow grease,Production,"1,000 pounds",2023-06,189739.0
Yellow grease,Production,"1,000 pounds",2023-07,165253.0
Yellow grease,Production,"1,000 pounds",2023-08,171522.0
Yellow grease,Production,"1,000 pounds",2023-09,171543.0
Yellow grease,Production,"1,000 pounds",2023-10,157476.0
Yellow grease,Production,"1,000 pounds",2023-11,144949.0
Yellow grease,Production,"1,000 pounds",2026-01,130177.0
Yellow grease,Removed for inedible use in processing,"1,000 pounds",2015-05,139568.0
Yellow grease,Removed for inedible use in processing,"1,000 pounds",2015-06,165451.0
Yellow grease,Removed for inedible use in processing,"1,000 pounds",2015-07,145397.0
Yellow grease,Removed for inedible use in processing,"1,000 pounds",2015-08,152346.0
Yellow grease,Removed for inedible use in processing,"1,000 pounds",2015-09,184272.0
Yellow grease,Removed for inedible use in processing,"1,000 pounds",2015-10,159747.0
Yellow grease,Removed for inedible use in processing,"1,000 pounds",2015-11,141867.0
Yellow grease,Removed for inedible use in processing,"1,000 pounds",2015-12,166779.0
Yellow grease,Removed for inedible use in processing,"1,000 pounds",2016-01,164031.0
Yellow grease,Removed for inedible use in processing,"1,000 pounds",2016-02,155555.0
Yellow grease,Removed for inedible use in processing,"1,000 pounds",2016-03,181581.0
Yellow grease,Removed for inedible use in processing,"1,000 pounds",2016-04,171403.0
Yellow grease,Removed for inedible use in processing,"1,000 pounds",2016-05,170951.0
Yellow grease,Removed for inedible use in processing,"1,000 pounds",2016-06,186012.0
Yellow grease,Removed for inedible use in processing,"1,000 pounds",2016-07,163555.0
Yellow grease,Removed for inedible use in processing,"1,000 pounds",2016-08,164968.0
Yellow grease,Removed for inedible use in processing,"1,000 pounds",2016-09,178108.0
Yellow grease,Removed for inedible use in processing,"1,000 pounds",2016-10,161472.0
Yellow grease,Removed for inedible use in processing,"1,000 pounds",2016-11,156209.0
Yellow grease,Removed for inedible use in processing,"1,000 pounds",2016-12,181148.0
Yellow grease,Removed for inedible use in processing,"1,000 pounds",2017-01,146820.0
Yellow grease,Removed for inedible use in processing,"1,000 pounds",2017-02,155967.0
Yellow grease,Removed for inedible use in processing,"1,000 pounds",2017-03,182937.0
Yellow grease,Removed for inedible use in processing,"1,000 pounds",2017-04,150161.0
Yellow grease,Removed for inedible use in processing,"1,000 pounds",2017-05,158264.0
Yellow grease,Removed for inedible use in processing,"1,000 pounds",2017-06,164839.0
Yellow grease,Removed for inedible use in processing,"1,000 pounds",2017-07,138746.0
Yellow grease,Removed for inedible use in processing,"1,000 pounds",2017-08,179531.0
Yellow grease,Removed for inedible use in processing,"1,000 pounds",2017-09,171628.0
Yellow grease,Removed for inedible use in processing,"1,000 pounds",2017-10,162292.0
Yellow grease,Removed for inedible use in processing,"1,000 pounds",2017-11,153633.0
Yellow grease,Removed for inedible use in processing,"1,000 pounds",2017-12,185585.0
Yellow grease,Removed for inedible use in processing,"1,000 pounds",2018-01,152729.0
Yellow grease,Removed for inedible use in processing,"1,000 pounds",2018-02,173538.0
Yellow grease,Removed for inedible use in processing,"1,000 pounds",2018-03,181193.0
Yellow grease,Removed for inedible use in processing,"1,000 pounds",2018-04,183104.0
Yellow grease,Removed for inedible use in processing,"1,000 pounds",2018-05,192678.0
Yellow grease,Removed for inedible use in processing,"1,000 pounds",2018-06,198310.0
Yellow grease,Removed for inedible use in processing,"1,000 pounds",2018-07,169501.0
Yellow grease,Removed for inedible use in processing,"1,000 pounds",2018-08,176826.0
Yellow grease,Removed for inedible use in processing,"1,000 pounds",2018-09,200096.0
Yellow grease,Removed for inedible use in processing,"1,000 pounds",2018-10,191483.0
Yellow grease,Removed for inedible use in processing,"1,000 pounds",2018-11,181674.0
Yellow grease,Removed for inedible use in processing,"1,000 pounds",2018-12,179845.0
Yellow grease,Removed for inedible use in processing,"1,000 pounds",2019-01,164632.0
Yellow grease,Removed for inedible use in processing,"1,000 pounds",2019-02,203453.0
Yellow grease,Removed for inedible use in processing,"1,000 pounds",2019-03,215060.0
Yellow grease,Removed for inedible use in processing,"1,000 pounds",2019-04,172944.0
Yellow grease,Removed for inedible use in processing,"1,000 pounds",2019-05,185842.0
Yellow grease,Removed for inedible use in processing,"1,000 pounds",2019-06,192600.0
Yellow grease,Removed for inedible use in processing,"1,000 pounds",2019-07,185451.0
Yellow grease,Removed for inedible use in processing,"1,000 pounds",2019-08,178051.0
Yellow grease,Removed for inedible use in processing,"1,000 pounds",2019-09,182653.0
Yellow grease,Removed for inedible use in processing,"1,000 pounds",2019-10,171548.0
Yellow grease,Removed for inedible use in processing,"1,000 pounds",2019-11,178363.0
Yellow grease,Removed for inedible use in processing,"1,000 pounds",2019-12,186691.0
Yellow grease,Removed for inedible use in processing,"1,000 pounds",2020-01,163724.0
Yellow grease,Removed for inedible use in processing,"1,000 pounds",2020-02,184343.0
Yellow grease,Removed for inedible use in processing,"1,000 pounds",2020-03,205367.0
Yellow grease,Removed for inedible use in processing,"1,000 pounds",2020-04,179276.0
Yellow grease,Removed for inedible use in processing,"1,000 pounds",2020-05,124941.0
Yellow grease,Removed for inedible use in processing,"1,000 pounds",2020-06,176460.0
Yellow grease,Removed for inedible use in processing,"1,000 pounds",2020-07,176690.0
Yellow grease,Removed for inedible use in processing,"1,000 pounds",2020-08,160004.0
Yellow grease,Removed for inedible use in processing,"1,000 pounds",2020-09,183228.0
Yellow grease,Removed for inedible use in processing,"1,000 pounds",2020-10,192088.0
Yellow grease,Removed for inedible use in processing,"1,000 pounds",2020-11,166316.0
Yellow grease,Removed for inedible use in processing,"1,000 pounds",2020-12,178621.0
Yellow grease,Removed for inedible use in processing,"1,000 pounds",2021-01,181690.0
Yellow grease,Removed for inedible use in processing,"1,000 pounds",2021-02,146927.0
Yellow grease,Removed for inedible use in processing,"1,000 pounds",2021-03,194194.0
Yellow grease,Removed for inedible use in processing,"1,000 pounds",2021-04,203599.0
Yellow grease,Removed for inedible use in processing,"1,000 pounds",2021-05,184125.0
Yellow grease,Removed for inedible use in processing,"1,000 pounds",2021-06,197468.0
Yellow grease,Removed for inedible use in processing,"1,000 pounds",2021-07,173678.0
Yellow grease,Removed for inedible use in processing,"1,000 pounds",2021-08,171379.0
Yellow grease,Removed for inedible use in processing,"1,000 pounds",2021-09,169840.0
Yellow grease,Removed for inedible use in processing,"1,000 pounds",2021-10,178050.0
Yellow grease,Removed for inedible use in processing,"1,000 pounds",2021-11,220539.0
Yellow grease,Removed for inedible use in processing,"1,000 pounds",2021-12,178984.0
Yellow grease,Removed for inedible use in processing,"1,000 pounds",2022-01,173722.0
Yellow grease,Removed for inedible use in processing,"1,000 pounds",2022-02,149325.0
Yellow grease,Removed for inedible use in processing,"1,000 pounds",2022-03,153284.0
Yellow grease,Removed for inedible use in processing,"1,000 pounds",2022-04,226008.0
Yellow grease,Removed for inedible use in processing,"1,000 pounds",2022-05,154000.0
Yellow grease,Removed for inedible use in processing,"1,000 pounds",2022-06,197128.0
Yellow grease,Removed for inedible use in processing,"1,000 pounds",2022-07,182561.0
Yellow grease,Removed for inedible use in processing,"1,000 pounds",2022-08,190122.0
Yellow grease,Removed for inedible use in processing,"1,000 pounds",2022-09,196547.0
Yellow grease,Removed for inedible use in processing,"1,000 pounds",2022-10,184149.0
Yellow grease,Removed for inedible use in processing,"1,000 pounds",2022-11,163358.0
Yellow grease,Removed for inedible use in processing,"1,000 pounds",2022-12,181668.0
Yellow grease,Removed for inedible use in processing,"1,000 pounds",2023-01,173341.0
Yellow grease,Removed for inedible use in processing,"1,000 pounds",2023-02,148641.0
Yellow grease,Removed for inedible use in processing,"1,000 pounds",2023-03,189261.0
Yellow grease,Removed for inedible use in processing,"1,000 pounds",2023-04,178968.0
Yellow grease,Removed for inedible use in processing,"1,000 pounds",2023-05,187312.0
Yellow grease,Removed for inedible use in processing,"1,000 pounds",2023-06,196227.0
Yellow grease,Removed for inedible use in processing,"1,000 pounds",2023-07,154071.0
Yellow grease,Removed for inedible use in processing,"1,000 pounds",2023-08,179591.0
Yellow grease,Removed for inedible use in processing,"1,000 pounds",2023-09,172343.0
Yellow grease,Removed for inedible use in processing,"1,000 pounds",2023-10,159586.0
Yellow grease,Removed for inedible use in processing,"1,000 pounds",2023-11,126096.0
Yellow grease,Removed for inedible use in processing,"1,000 pounds",2026-01,128215.0
Yellow grease,Stocks on hand end of month,"1,000 pounds",2015-05,95456.0
Yellow grease,Stocks on hand end of month,"1,000 pounds",2015-06,92012.0
Yellow grease,Stocks on hand end of month,"1,000 pounds",2015-07,93151.0
Yellow grease,Stocks on hand end of month,"1,000 pounds",2015-08,98283.0
Yellow grease,Stocks on hand end of month,"1,000 pounds",2015-09,83656.0
Yellow grease,Stocks on hand end of month,"1,000 pounds",2015-10,75133.0
Yellow grease,Stocks on hand end of month,"1,000 pounds",2015-11,79475.0
Yellow grease,Stocks on hand end of month,"1,000 pounds",2015-12,90019.0
Yellow grease,Stocks on hand end of month,"1,000 pounds",2016-01,74152.0
Yellow grease,Stocks on hand end of month,"1,000 pounds",2016-02,80905.0
Yellow grease,Stocks on hand end of month,"1,000 pounds",2016-03,92854.0
Yellow grease,Stocks on hand end of month,"1,000 pounds",2016-04,86614.0
Yellow grease,Stocks on hand end of month,"1,000 pounds",2016-05,79929.0
Yellow grease,Stocks on hand end of month,"1,000 pounds",2016-06,77887.0
Yellow grease,Stocks on hand end of month,"1,000 pounds",2016-07,74228.0
Yellow grease,Stocks on hand end of month,"1,000 pounds",2016-08,84021.0
Yellow grease,Stocks on hand end of month,"1,000 pounds",2016-09,89281.0
Yellow grease,Stocks on hand end of month,"1,000 pounds",2016-10,84076.0
Yellow grease,Stocks on hand end of month,"1,000 pounds",2016-11,87201.0
Yellow grease,Stocks on hand end of month,"1,000 pounds",2016-12,76163.0
Yellow grease,Stocks on hand end of month,"1,000 pounds",2017-01,90070.0
Yellow grease,Stocks on hand end of month,"1,000 pounds",2017-02,91707.0
Yellow grease,Stocks on hand end of month,"1,000 pounds",2017-03,77811.0
Yellow grease,Stocks on hand end of month,"1,000 pounds",2017-04,88839.0
Yellow grease,Stocks on hand end of month,"1,000 pounds",2017-05,79184.0
Yellow grease,Stocks on hand end of month,"1,000 pounds",2017-06,85383.0
Yellow grease,Stocks on hand end of month,"1,000 pounds",2017-07,92934.0
Yellow grease,Stocks on hand end of month,"1,000 pounds",2017-08,81179.0
Yellow grease,Stocks on hand end of month,"1,000 pounds",2017-09,82432.0
Yellow grease,Stocks on hand end of month,"1,000 pounds",2017-10,84449.0
Yellow grease,Stocks on hand end of month,"1,000 pounds",2017-11,89572.0
Yellow grease,Stocks on hand end of month,"1,000 pounds",2017-12,86307.0
Yellow grease,Stocks on hand end of month,"1,000 pounds",2018-01,98395.0
Yellow grease,Stocks on hand end of month,"1,000 pounds",2018-02,91746.0
Yellow grease,Stocks on hand end of month,"1,000 pounds",2018-03,101867.0
Yellow grease,Stocks on hand end of month,"1,000 pounds",2018-04,94140.0
Yellow grease,Stocks on hand end of month,"1,000 pounds",2018-05,88198.0
Yellow grease,Stocks on hand end of month,"1,000 pounds",2018-06,89375.0
Yellow grease,Stocks on hand end of month,"1,000 pounds",2018-07,100828.0
Yellow grease,Stocks on hand end of month,"1,000 pounds",2018-08,111351.0
Yellow grease,Stocks on hand end of month,"1,000 pounds",2018-09,108275.0
Yellow grease,Stocks on hand end of month,"1,000 pounds",2018-10,100364.0
Yellow grease,Stocks on hand end of month,"1,000 pounds",2018-11,91331.0
Yellow grease,Stocks on hand end of month,"1,000 pounds",2018-12,93368.0
Yellow grease,Stocks on hand end of month,"1,000 pounds",2019-01,101894.0
Yellow grease,Stocks on hand end of month,"1,000 pounds",2019-02,103650.0
Yellow grease,Stocks on hand end of month,"1,000 pounds",2019-03,88300.0
Yellow grease,Stocks on hand end of month,"1,000 pounds",2019-04,97240.0
Yellow grease,Stocks on hand end of month,"1,000 pounds",2019-05,98359.0
Yellow grease,Stocks on hand end of month,"1,000 pounds",2019-06,97104.0
Yellow grease,Stocks on hand end of month,"1,000 pounds",2019-07,87709.0
Yellow grease,Stocks on hand end of month,"1,000 pounds",2019-08,94497.0
Yellow grease,Stocks on hand end of month,"1,000 pounds",2019-09,100865.0
Yellow grease,Stocks on hand end of month,"1,000 pounds",2019-10,109292.0
Yellow grease,Stocks on hand end of month,"1,000 pounds",2019-11,93289.0
Yellow grease,Stocks on hand end of month,"1,000 pounds",2019-12,90620.0
Yellow grease,Stocks on hand end of month,"1,000 pounds",2020-01,102091.0
Yellow grease,Stocks on hand end of month,"1,000 pounds",2020-02,90849.0
Yellow grease,Stocks on hand end of month,"1,000 pounds",2020-03,88627.0
Yellow grease,Stocks on hand end of month,"1,000 pounds",2020-04,65885.0
Yellow grease,Stocks on hand end of month,"1,000 pounds",2020-05,78795.0
Yellow grease,Stocks on hand end of month,"1,000 pounds",2020-06,75647.0
Yellow grease,Stocks on hand end of month,"1,000 pounds",2020-07,78611.0
Yellow grease,Stocks on hand end of month,"1,000 pounds",2020-08,90391.0
Yellow grease,Stocks on hand end of month,"1,000 pounds",2020-09,93843.0
Yellow grease,Stocks on hand end of month,"1,000 pounds",2020-10,80733.0
Yellow grease,Stocks on hand end of month,"1,000 pounds",2020-11,86732.0
Yellow grease,Stocks on hand end of month,"1,000 pounds",2020-12,88033.0
Yellow grease,Stocks on hand end of month,"1,000 pounds",2021-01,75943.0
Yellow grease,Stocks on hand end of month,"1,000 pounds",2021-02,81153.0
Yellow grease,Stocks on hand end of month,"1,000 pounds",2021-03,97920.0
Yellow grease,Stocks on hand end of month,"1,000 pounds",2021-04,90308.0
Yellow grease,Stocks on hand end of month,"1,000 pounds",2021-05,88427.0
Yellow grease,Stocks on hand end of month,"1,000 pounds",2021-06,92212.0
Yellow grease,Stocks on hand end of month,"1,000 pounds",2021-07,100031.0
Yellow grease,Stocks on hand end of month,"1,000 pounds",2021-08,104378.0
Yellow grease,Stocks on hand end of month,"1,000 pounds",2021-09,120684.0
Yellow grease,Stocks on hand end of month,"1,000 pounds",2021-10,132511.0
Yellow grease,Stocks on hand end of month,"1,000 pounds",2021-11,98756.0
Yellow grease,Stocks on hand end of month,"1,000 pounds",2021-12,90985.0
Yellow grease,Stocks on hand end of month,"1,000 pounds",2022-01,76057.0
Yellow grease,Stocks on hand end of month,"1,000 pounds",2022-02,88584.0
Yellow grease,Stocks on hand end of month,"1,000 pounds",2022-03,116420.0
Yellow grease,Stocks on hand end of month,"1,000 pounds",2022-04,61283.0
Yellow grease,Stocks on hand end of month,"1,000 pounds",2022-05,86277.0
Yellow grease,Stocks on hand end of month,"1,000 pounds",2022-06,103207.0
Yellow grease,Stocks on hand end of month,"1,000 pounds",2022-07,101967.0
Yellow grease,Stocks on hand end of month,"1,000 pounds",2022-08,92166.0
Yellow grease,Stocks on hand end of month,"1,000 pounds",2022-09,96934.0
Yellow grease,Stocks on hand end of month,"1,000 pounds",2022-10,100680.0
Yellow grease,Stocks on hand end of month,"1,000 pounds",2022-11,103660.0
Yellow grease,Stocks on hand end of month,"1,000 pounds",2022-12,98977.0
Yellow grease,Stocks on hand end of month,"1,000 pounds",2023-01,96769.0
Yellow grease,Stocks on hand end of month,"1,000 pounds",2023-02,115761.0
Yellow grease,Stocks on hand end of month,"1,000 pounds",2023-03,123974.0
Yellow grease,Stocks on hand end of month,"1,000 pounds",2023-04,113101.0
Yellow grease,Stocks on hand end of month,"1,000 pounds",2023-05,103946.0
Yellow grease,Stocks on hand end of month,"1,000 pounds",2023-06,97457.0
Yellow grease,Stocks on hand end of month,"1,000 pounds",2023-07,108639.0
Yellow grease,Stocks on hand end of month,"1,000 pounds",2023-08,100581.0
Yellow grease,Stocks on hand end of month,"1,000 pounds",2023-09,99771.0
Yellow grease,Stocks on hand end of month,"1,000 pounds",2023-10,97659.0
Yellow grease,Stocks on hand end of month,"1,000 pounds",2023-11,116513.0
Yellow grease,Stocks on hand end of month,"1,000 pounds",2026-01,92437.0
