year,frequency,timeperiod,attribute,unit_raw,amount_mil_bu,amount_mt
1975,Quarterly,Marketing year Q1 Sep-Nov,Beginning stocks,Million bushels,558.0,14173854.377759999
1975,Quarterly,Marketing year Q2 Dec-Feb,Beginning stocks,Million bushels,4974.6,126360673.812912
1975,Quarterly,Marketing year Q3 Mar-May,Beginning stocks,Million bushels,3373.6,85693396.28819199
1975,Quarterly,Marketing year Q4 Jun-Aug,Beginning stocks,Million bushels,1868.8,47469711.579136
1975,Annual,Marketing year Sep-Aug,Beginning stocks,Million bushels,558.0,14173854.377759999
1976,Quarterly,Marketing year Q1 Sep-Nov,Beginning stocks,Million bushels,633.2,16084022.566304
1976,Quarterly,Marketing year Q2 Dec-Feb,Beginning stocks,Million bushels,5387.2,136841197.677184
1976,Quarterly,Marketing year Q3 Mar-May,Beginning stocks,Million bushels,3848.2,97748792.861104
1976,Quarterly,Marketing year Q4 Jun-Aug,Beginning stocks,Million bushels,2370.0,60200779.3464
1976,Annual,Marketing year Sep-Aug,Beginning stocks,Million bushels,633.2,16084022.566304
1977,Quarterly,Marketing year Q1 Sep-Nov,Beginning stocks,Million bushels,1135.6,28845571.740831997
1977,Quarterly,Marketing year Q2 Dec-Feb,Beginning stocks,Million bushels,6086.7,154609317.994824
1977,Quarterly,Marketing year Q3 Mar-May,Beginning stocks,Million bushels,4481.6,113837895.661952
1977,Quarterly,Marketing year Q4 Jun-Aug,Beginning stocks,Million bushels,2861.1,72675295.269192
1977,Annual,Marketing year Sep-Aug,Beginning stocks,Million bushels,1135.6,28845571.740831997
1978,Quarterly,Marketing year Q1 Sep-Nov,Beginning stocks,Million bushels,1435.9,36473543.908648
1978,Quarterly,Marketing year Q2 Dec-Feb,Beginning stocks,Million bushels,6928.2,175984404.838704
1978,Quarterly,Marketing year Q3 Mar-May,Beginning stocks,Million bushels,5151.1,130843980.797992
1978,Quarterly,Marketing year Q4 Jun-Aug,Beginning stocks,Million bushels,3287.2,83498734.96518399
1978,Annual,Marketing year Sep-Aug,Beginning stocks,Million bushels,1435.9,36473543.908648
1979,Quarterly,Marketing year Q1 Sep-Nov,Beginning stocks,Million bushels,1709.5,43423304.76484
1979,Quarterly,Marketing year Q2 Dec-Feb,Beginning stocks,Million bushels,7594.1,192899045.752952
1979,Quarterly,Marketing year Q3 Mar-May,Beginning stocks,Million bushels,5557.0,141154316.80504
1979,Quarterly,Marketing year Q4 Jun-Aug,Beginning stocks,Million bushels,3644.3,92569493.743496
1979,Annual,Marketing year Sep-Aug,Beginning stocks,Million bushels,1709.5,43423304.76484
1980,Quarterly,Marketing year Q1 Sep-Nov,Beginning stocks,Million bushels,2034.3,51673605.664295994
1980,Quarterly,Marketing year Q2 Dec-Feb,Beginning stocks,Million bushels,6595.9,167543595.14384797
1980,Quarterly,Marketing year Q3 Mar-May,Beginning stocks,Million bushels,4662.4,118430427.68972799
1980,Quarterly,Marketing year Q4 Jun-Aug,Beginning stocks,Million bushels,2773.5,70450152.53892
1980,Annual,Marketing year Sep-Aug,Beginning stocks,Million bushels,2034.3,51673605.664295994
1981,Quarterly,Marketing year Q1 Sep-Nov,Beginning stocks,Million bushels,1392.1,35360972.543511994
1981,Quarterly,Marketing year Q2 Dec-Feb,Beginning stocks,Million bushels,7601.1,193076853.961992
1981,Quarterly,Marketing year Q3 Mar-May,Beginning stocks,Million bushels,5766.4,146473322.37260798
1981,Quarterly,Marketing year Q4 Jun-Aug,Beginning stocks,Million bushels,3880.1,98559090.270872
1981,Annual,Marketing year Sep-Aug,Beginning stocks,Million bushels,1392.1,35360972.543511994
1982,Quarterly,Marketing year Q1 Sep-Nov,Beginning stocks,Million bushels,2536.6,64432614.72155199
1982,Quarterly,Marketing year Q2 Dec-Feb,Beginning stocks,Million bushels,8906.3,226230464.59613597
1982,Quarterly,Marketing year Q3 Mar-May,Beginning stocks,Million bushels,6899.2,175247770.829824
1982,Quarterly,Marketing year Q4 Jun-Aug,Beginning stocks,Million bushels,4923.9,125072834.35600798
1982,Annual,Marketing year Sep-Aug,Beginning stocks,Million bushels,2536.6,64432614.72155199
1983,Quarterly,Marketing year Q1 Sep-Nov,Beginning stocks,Million bushels,3523.1,89490871.60983199
1983,Quarterly,Marketing year Q2 Dec-Feb,Beginning stocks,Million bushels,5651.7,143559807.861624
1983,Quarterly,Marketing year Q3 Mar-May,Beginning stocks,Million bushels,3865.0,98175532.56279999
1983,Quarterly,Marketing year Q4 Jun-Aug,Beginning stocks,Million bushels,2145.1,54488055.601671994
1983,Annual,Marketing year Sep-Aug,Beginning stocks,Million bushels,3523.1,89490871.60983199
1984,Quarterly,Marketing year Q1 Sep-Nov,Beginning stocks,Million bushels,1006.3,25561200.108136
1984,Quarterly,Marketing year Q2 Dec-Feb,Beginning stocks,Million bushels,6631.1,168437716.423592
1984,Quarterly,Marketing year Q3 Mar-May,Beginning stocks,Million bushels,4623.2,117434701.71910399
1984,Quarterly,Marketing year Q4 Jun-Aug,Beginning stocks,Million bushels,2835.5,72025025.24756
1984,Annual,Marketing year Sep-Aug,Beginning stocks,Million bushels,1006.3,25561200.108136
1985,Quarterly,Marketing year Q1 Sep-Nov,Beginning stocks,Million bushels,1648.2,41866212.877104
1985,Quarterly,Marketing year Q2 Dec-Feb,Beginning stocks,Million bushels,8614.7,218823482.630984
1985,Quarterly,Marketing year Q3 Mar-May,Beginning stocks,Million bushels,6587.1,167320064.823912
1985,Quarterly,Marketing year Q4 Jun-Aug,Beginning stocks,Million bushels,4990.037,126752791.71619064
1985,Annual,Marketing year Sep-Aug,Beginning stocks,Million bushels,1648.2,41866212.877104
1986,Quarterly,Marketing year Q1 Sep-Nov,Beginning stocks,Million bushels,4039.522,102608596.02823983
1986,Quarterly,Marketing year Q2 Dec-Feb,Beginning stocks,Million bushels,10305.499,261771760.06478727
1986,Quarterly,Marketing year Q3 Mar-May,Beginning stocks,Million bushels,8248.193,209513775.02089494
1986,Quarterly,Marketing year Q4 Jun-Aug,Beginning stocks,Million bushels,6332.241,160846347.3456655
1986,Annual,Marketing year Sep-Aug,Beginning stocks,Million bushels,4039.522,102608596.02823983
1987,Quarterly,Marketing year Q1 Sep-Nov,Beginning stocks,Million bushels,4881.693,124000727.05901496
1987,Quarterly,Marketing year Q2 Dec-Feb,Beginning stocks,Million bushels,9771.005,248194985.65298358
1987,Quarterly,Marketing year Q3 Mar-May,Beginning stocks,Million bushels,7635.59,193952940.4091048
1987,Quarterly,Marketing year Q4 Jun-Aug,Beginning stocks,Million bushels,5839.217,148322959.5665602
1987,Annual,Marketing year Sep-Aug,Beginning stocks,Million bushels,4881.693,124000727.05901496
1988,Quarterly,Marketing year Q1 Sep-Nov,Beginning stocks,Million bushels,4259.086,108185779.11533391
1988,Quarterly,Marketing year Q2 Dec-Feb,Beginning stocks,Million bushels,7071.567,179626094.76805222
1988,Quarterly,Marketing year Q3 Mar-May,Beginning stocks,Million bushels,5203.926,132185823.14809872
1988,Quarterly,Marketing year Q4 Jun-Aug,Beginning stocks,Million bushels,3419.302,86854280.68384144
1988,Annual,Marketing year Sep-Aug,Beginning stocks,Million bushels,4259.086,108185779.11533391
1989,Quarterly,Marketing year Q1 Sep-Nov,Beginning stocks,Million bushels,1930.428,49035135.05152416
1989,Quarterly,Marketing year Q2 Dec-Feb,Beginning stocks,Million bushels,7082.075,179893010.290994
1989,Quarterly,Marketing year Q3 Mar-May,Beginning stocks,Million bushels,4812.421,122241137.02235512
1989,Quarterly,Marketing year Q4 Jun-Aug,Beginning stocks,Million bushels,2843.208,72220817.48688576
1989,Annual,Marketing year Sep-Aug,Beginning stocks,Million bushels,1930.428,49035135.05152416
1990,Quarterly,Marketing year Q1 Sep-Nov,Beginning stocks,Million bushels,1344.457,34150784.47161304
1990,Quarterly,Marketing year Q2 Dec-Feb,Beginning stocks,Million bushels,6940.289,176291479.61571607
1990,Quarterly,Marketing year Q3 Mar-May,Beginning stocks,Million bushels,4788.974,121645555.72558928
1990,Quarterly,Marketing year Q4 Jun-Aug,Beginning stocks,Million bushels,2991.957,75999216.52781303
1990,Annual,Marketing year Sep-Aug,Beginning stocks,Million bushels,1344.457,34150784.47161304
1991,Quarterly,Marketing year Q1 Sep-Nov,Beginning stocks,Million bushels,1521.245,38641406.9944364
1991,Quarterly,Marketing year Q2 Dec-Feb,Beginning stocks,Million bushels,6547.316,166309504.56841952
1991,Quarterly,Marketing year Q3 Mar-May,Beginning stocks,Million bushels,4560.985,115854367.75832918
1991,Quarterly,Marketing year Q4 Jun-Aug,Beginning stocks,Million bushels,2738.551,69562406.95352872
1991,Annual,Marketing year Sep-Aug,Beginning stocks,Million bushels,1521.245,38641406.9944364
1992,Quarterly,Marketing year Q1 Sep-Nov,Beginning stocks,Million bushels,1100.311,27949189.756715916
1992,Quarterly,Marketing year Q2 Dec-Feb,Beginning stocks,Million bushels,7906.363,200830892.15001735
1992,Quarterly,Marketing year Q3 Mar-May,Beginning stocks,Million bushels,5678.215,144233319.9562948
1992,Quarterly,Marketing year Q4 Jun-Aug,Beginning stocks,Million bushels,3709.443,94224202.33799496
1992,Annual,Marketing year Sep-Aug,Beginning stocks,Million bushels,1100.311,27949189.756715916
1993,Quarterly,Marketing year Q1 Sep-Nov,Beginning stocks,Million bushels,2112.981,53672195.33507832
1993,Quarterly,Marketing year Q2 Dec-Feb,Beginning stocks,Million bushels,5936.548,150795281.10857055
1993,Quarterly,Marketing year Q3 Mar-May,Beginning stocks,Million bushels,3995.714,101495821.45372207
1993,Quarterly,Marketing year Q4 Jun-Aug,Beginning stocks,Million bushels,2359.881,59943744.879646316
1993,Annual,Marketing year Sep-Aug,Beginning stocks,Million bushels,2112.981,53672195.33507832
1994,Quarterly,Marketing year Q1 Sep-Nov,Beginning stocks,Million bushels,850.143,21594629.17969896
1994,Quarterly,Marketing year Q2 Dec-Feb,Beginning stocks,Million bushels,8080.48,205253668.14050558
1994,Quarterly,Marketing year Q3 Mar-May,Beginning stocks,Million bushels,5591.693,142035559.69021496
1994,Quarterly,Marketing year Q4 Jun-Aug,Beginning stocks,Million bushels,3414.896,86742363.11683711
1994,Annual,Marketing year Sep-Aug,Beginning stocks,Million bushels,850.143,21594629.17969896
1995,Quarterly,Marketing year Q1 Sep-Nov,Beginning stocks,Million bushels,1557.84,39570962.91012479
1995,Quarterly,Marketing year Q2 Dec-Feb,Beginning stocks,Million bushels,6105.774,155093819.96328527
1995,Quarterly,Marketing year Q3 Mar-May,Beginning stocks,Million bushels,3799.541,96512797.19772153
1995,Quarterly,Marketing year Q4 Jun-Aug,Beginning stocks,Million bushels,1717.894,43636522.20865168
1995,Annual,Marketing year Sep-Aug,Beginning stocks,Million bushels,1557.84,39570962.91012479
1996,Quarterly,Marketing year Q1 Sep-Nov,Beginning stocks,Million bushels,425.942,10819426.31070224
1996,Quarterly,Marketing year Q2 Dec-Feb,Beginning stocks,Million bushels,6902.974,175343634.85566926
1996,Quarterly,Marketing year Q3 Mar-May,Beginning stocks,Million bushels,4494.128,114156121.55378814
1996,Quarterly,Marketing year Q4 Jun-Aug,Beginning stocks,Million bushels,2496.55,63415297.754116
1996,Annual,Marketing year Sep-Aug,Beginning stocks,Million bushels,425.942,10819426.31070224
1997,Quarterly,Marketing year Q1 Sep-Nov,Beginning stocks,Million bushels,883.161,22433325.10056792
1997,Quarterly,Marketing year Q2 Dec-Feb,Beginning stocks,Million bushels,7246.756,184076100.81569633
1997,Quarterly,Marketing year Q3 Mar-May,Beginning stocks,Million bushels,4939.898,125479202.31718256
1997,Quarterly,Marketing year Q4 Jun-Aug,Beginning stocks,Million bushels,3039.757,77213392.58382903
1997,Annual,Marketing year Sep-Aug,Beginning stocks,Million bushels,883.161,22433325.10056792
1998,Quarterly,Marketing year Q1 Sep-Nov,Beginning stocks,Million bushels,1307.803,33219729.88673416
1998,Quarterly,Marketing year Q2 Dec-Feb,Beginning stocks,Million bushels,8051.846,204526330.9608411
1998,Quarterly,Marketing year Q3 Mar-May,Beginning stocks,Million bushels,5698.428,144746753.86048415
1998,Quarterly,Marketing year Q4 Jun-Aug,Beginning stocks,Million bushels,3616.225,91856355.819382
1998,Annual,Marketing year Sep-Aug,Beginning stocks,Million bushels,1307.803,33219729.88673416
1999,Quarterly,Marketing year Q1 Sep-Nov,Beginning stocks,Million bushels,1786.977,45391311.42366744
1999,Quarterly,Marketing year Q2 Dec-Feb,Beginning stocks,Million bushels,8039.443,204211280.21559495
1999,Quarterly,Marketing year Q3 Mar-May,Beginning stocks,Million bushels,5601.895,142294702.4543044
1999,Quarterly,Marketing year Q4 Jun-Aug,Beginning stocks,Million bushels,3585.938,91087030.50121136
1999,Annual,Marketing year Sep-Aug,Beginning stocks,Million bushels,1786.977,45391311.42366744
2000,Quarterly,Marketing year Q1 Sep-Nov,Beginning stocks,Million bushels,1717.549,43627758.804063275
2000,Quarterly,Marketing year Q2 Dec-Feb,Beginning stocks,Million bushels,8529.634,216662706.47238448
2000,Quarterly,Marketing year Q3 Mar-May,Beginning stocks,Million bushels,6042.999,153499261.34578726
2000,Quarterly,Marketing year Q4 Jun-Aug,Beginning stocks,Million bushels,3923.958,99673134.90402576
2000,Annual,Marketing year Sep-Aug,Beginning stocks,Million bushels,1717.549,43627758.804063275
2001,Quarterly,Marketing year Q1 Sep-Nov,Beginning stocks,Million bushels,1899.108,48239570.321933754
2001,Quarterly,Marketing year Q2 Dec-Feb,Beginning stocks,Million bushels,8264.715,209933453.1965748
2001,Quarterly,Marketing year Q3 Mar-May,Beginning stocks,Million bushels,5795.263,147206476.42082536
2001,Quarterly,Marketing year Q4 Jun-Aug,Beginning stocks,Million bushels,3596.89,91365224.14484079
2001,Annual,Marketing year Sep-Aug,Beginning stocks,Million bushels,1899.108,48239570.321933754
2002,Quarterly,Marketing year Q1 Sep-Nov,Beginning stocks,Million bushels,1596.426,40551092.56069872
2002,Quarterly,Marketing year Q2 Dec-Feb,Beginning stocks,Million bushels,7637.971,194013420.6013511
2002,Quarterly,Marketing year Q3 Mar-May,Beginning stocks,Million bushels,5131.873,130355592.45010455
2002,Quarterly,Marketing year Q4 Jun-Aug,Beginning stocks,Million bushels,2984.918,75820417.67303696
2002,Annual,Marketing year Sep-Aug,Beginning stocks,Million bushels,1596.426,40551092.56069872
2003,Quarterly,Marketing year Q1 Sep-Nov,Beginning stocks,Million bushels,1086.673,27602768.563160557
2003,Quarterly,Marketing year Q2 Dec-Feb,Beginning stocks,Million bushels,7953.775,202035212.55101797
2003,Quarterly,Marketing year Q3 Mar-May,Beginning stocks,Million bushels,5271.459,133901240.54539847
2003,Quarterly,Marketing year Q4 Jun-Aug,Beginning stocks,Million bushels,2970.14,75445039.14258079
2003,Annual,Marketing year Sep-Aug,Beginning stocks,Million bushels,1086.673,27602768.563160557
2004,Quarterly,Marketing year Q1 Sep-Nov,Beginning stocks,Million bushels,958.091,24336634.972477518
2004,Quarterly,Marketing year Q2 Dec-Feb,Beginning stocks,Million bushels,9452.488,240104280.32172734
2004,Quarterly,Marketing year Q3 Mar-May,Beginning stocks,Million bushels,6756.334,171618806.88800848
2004,Quarterly,Marketing year Q4 Jun-Aug,Beginning stocks,Million bushels,4320.813,109753717.30382136
2004,Annual,Marketing year Sep-Aug,Beginning stocks,Million bushels,958.091,24336634.972477518
2005,Quarterly,Marketing year Q1 Sep-Nov,Beginning stocks,Million bushels,2113.972,53697367.89724384
2005,Quarterly,Marketing year Q2 Dec-Feb,Beginning stocks,Million bushels,9814.957,249311417.99637303
2005,Quarterly,Marketing year Q3 Mar-May,Beginning stocks,Million bushels,6987.328,177486325.37929216
2005,Quarterly,Marketing year Q4 Jun-Aug,Beginning stocks,Million bushels,4361.699,110792269.65165126
2005,Annual,Marketing year Sep-Aug,Beginning stocks,Million bushels,2113.972,53697367.89724384
2006,Quarterly,Marketing year Q1 Sep-Nov,Beginning stocks,Million bushels,1967.161,49968196.32904792
2006,Quarterly,Marketing year Q2 Dec-Feb,Beginning stocks,Million bushels,8932.707,226901233.36415303
2006,Quarterly,Marketing year Q3 Mar-May,Beginning stocks,Million bushels,6068.25,154140666.35814
2006,Quarterly,Marketing year Q4 Jun-Aug,Beginning stocks,Million bushels,3533.443,89753595.93927497
2006,Annual,Marketing year Sep-Aug,Beginning stocks,Million bushels,1967.161,49968196.32904792
2007,Quarterly,Marketing year Q1 Sep-Nov,Beginning stocks,Million bushels,1303.647,33114162.612909835
2007,Quarterly,Marketing year Q2 Dec-Feb,Beginning stocks,Million bushels,10278.085,261075412.31584117
2007,Quarterly,Marketing year Q3 Mar-May,Beginning stocks,Million bushels,6858.722,174219582.1604638
2007,Quarterly,Marketing year Q4 Jun-Aug,Beginning stocks,Million bushels,4028.017,102316355.53609623
2007,Annual,Marketing year Sep-Aug,Beginning stocks,Million bushels,1303.647,33114162.612909835
2008,Quarterly,Marketing year Q1 Sep-Nov,Beginning stocks,Million bushels,1624.15,41255314.673188
2008,Quarterly,Marketing year Q2 Dec-Feb,Beginning stocks,Million bushels,10072.106,255843304.1601483
2008,Quarterly,Marketing year Q3 Mar-May,Beginning stocks,Million bushels,6954.145,176643438.2649244
2008,Quarterly,Marketing year Q4 Jun-Aug,Beginning stocks,Million bushels,4261.427,108245243.26067142
2008,Annual,Marketing year Sep-Aug,Beginning stocks,Million bushels,1624.15,41255314.673188
2009,Quarterly,Marketing year Q1 Sep-Nov,Beginning stocks,Million bushels,1673.311,42504061.72527592
2009,Quarterly,Marketing year Q2 Dec-Feb,Beginning stocks,Million bushels,10902.46,276935269.53289115
2009,Quarterly,Marketing year Q3 Mar-May,Beginning stocks,Million bushels,7693.787,195431212.45789063
2009,Quarterly,Marketing year Q4 Jun-Aug,Beginning stocks,Million bushels,4310.071,109480857.90646312
2009,Annual,Marketing year Sep-Aug,Beginning stocks,Million bushels,1673.311,42504061.72527592
2010,Quarterly,Marketing year Q1 Sep-Nov,Beginning stocks,Million bushels,1707.787,43379792.55597064
2010,Quarterly,Marketing year Q2 Dec-Feb,Beginning stocks,Million bushels,10056.769,255453726.37414166
2010,Quarterly,Marketing year Q3 Mar-May,Beginning stocks,Million bushels,6523.228,165697641.11994016
2010,Quarterly,Marketing year Q4 Jun-Aug,Beginning stocks,Million bushels,3670.332,93230737.07174303
2010,Annual,Marketing year Sep-Aug,Beginning stocks,Million bushels,1707.787,43379792.55597064
2011,Quarterly,Marketing year Q1 Sep-Nov,Beginning stocks,Million bushels,1127.645,28643505.4118444
2011,Quarterly,Marketing year Q2 Dec-Feb,Beginning stocks,Million bushels,9646.823,245040617.22226855
2011,Quarterly,Marketing year Q3 Mar-May,Beginning stocks,Million bushels,6023.356,153000306.1100483
2011,Quarterly,Marketing year Q4 Jun-Aug,Beginning stocks,Million bushels,3148.204,79968073.56179488
2011,Annual,Marketing year Sep-Aug,Beginning stocks,Million bushels,1127.645,28643505.4118444
2012,Quarterly,Marketing year Q1 Sep-Nov,Beginning stocks,Million bushels,989.027,25122445.651743438
2012,Quarterly,Marketing year Q2 Dec-Feb,Beginning stocks,Million bushels,8032.732,204040812.94547102
2012,Quarterly,Marketing year Q3 Mar-May,Beginning stocks,Million bushels,5399.926,137164453.00121874
2012,Quarterly,Marketing year Q4 Jun-Aug,Beginning stocks,Million bushels,2766.244,70265841.62966368
2012,Annual,Marketing year Sep-Aug,Beginning stocks,Million bushels,989.027,25122445.651743438
2013,Quarterly,Marketing year Q1 Sep-Nov,Beginning stocks,Million bushels,821.185,20859062.020073198
2013,Quarterly,Marketing year Q2 Dec-Feb,Beginning stocks,Million bushels,10452.533,265506596.09449974
2013,Quarterly,Marketing year Q3 Mar-May,Beginning stocks,Million bushels,7009.008,178037022.80386174
2013,Quarterly,Marketing year Q4 Jun-Aug,Beginning stocks,Million bushels,3851.716,97838103.38438751
2013,Annual,Marketing year Sep-Aug,Beginning stocks,Million bushels,821.185,20859062.020073198
2014,Quarterly,Marketing year Q1 Sep-Nov,Beginning stocks,Million bushels,1231.904,31291806.27845888
2014,Quarterly,Marketing year Q2 Dec-Feb,Beginning stocks,Million bushels,11211.38,284782199.80955356
2014,Quarterly,Marketing year Q3 Mar-May,Beginning stocks,Million bushels,7749.806,196854160.7524923
2014,Quarterly,Marketing year Q4 Jun-Aug,Beginning stocks,Million bushels,4452.988,113111117.30808736
2014,Annual,Marketing year Sep-Aug,Beginning stocks,Million bushels,1231.904,31291806.27845888
2015,Quarterly,Marketing year Q1 Sep-Nov,Beginning stocks,Million bushels,1731.164,43973595.77064608
2015,Quarterly,Marketing year Q2 Dec-Feb,Beginning stocks,Million bushels,11235.178,285386696.91794413
2015,Quarterly,Marketing year Q3 Mar-May,Beginning stocks,Million bushels,7822.233,198693891.48908377
2015,Quarterly,Marketing year Q4 Jun-Aug,Beginning stocks,Million bushels,4711.079,119666931.37656486
2015,Annual,Marketing year Sep-Aug,Beginning stocks,Million bushels,1731.164,43973595.77064608
2016,Quarterly,Marketing year Q1 Sep-Nov,Beginning stocks,Million bushels,1737.058,44123310.28265776
2016,Quarterly,Marketing year Q2 Dec-Feb,Beginning stocks,Million bushels,12383.471,314554685.7441111
2016,Quarterly,Marketing year Q3 Mar-May,Beginning stocks,Million bushels,8621.992,219008707.98245823
2016,Quarterly,Marketing year Q4 Jun-Aug,Beginning stocks,Million bushels,5229.082,132824815.04904304
2016,Annual,Marketing year Sep-Aug,Beginning stocks,Million bushels,1737.058,44123310.28265776
2017,Quarterly,Marketing year Q1 Sep-Nov,Beginning stocks,Million bushels,2293.303,58252585.602294154
2017,Quarterly,Marketing year Q2 Dec-Feb,Beginning stocks,Million bushels,12566.501,319203862.3870527
2017,Quarterly,Marketing year Q3 Mar-May,Beginning stocks,Million bushels,8892.126,225870428.37400272
2017,Quarterly,Marketing year Q4 Jun-Aug,Beginning stocks,Million bushels,5304.804,134748242.64974687
2017,Annual,Marketing year Sep-Aug,Beginning stocks,Million bushels,2293.303,58252585.602294154
2018,Quarterly,Marketing year Q1 Sep-Nov,Beginning stocks,Million bushels,2140.335,54367019.0136612
2018,Quarterly,Marketing year Q2 Dec-Feb,Beginning stocks,Million bushels,12286.508,312091711.83366174
2018,Quarterly,Marketing year Q3 Mar-May,Beginning stocks,Million bushels,8835.335,224427870.37406117
2018,Quarterly,Marketing year Q4 Jun-Aug,Beginning stocks,Million bushels,5363.535,136240078.9247652
2018,Annual,Marketing year Sep-Aug,Beginning stocks,Million bushels,2140.335,54367019.0136612
2019,Quarterly,Marketing year Q1 Sep-Nov,Beginning stocks,Million bushels,2237.008,56822626.584021755
2019,Quarterly,Marketing year Q2 Dec-Feb,Beginning stocks,Million bushels,11820.322,300250040.72801584
2019,Quarterly,Marketing year Q3 Mar-May,Beginning stocks,Million bushels,8299.381,210814010.2500863
2019,Quarterly,Marketing year Q4 Jun-Aug,Beginning stocks,Million bushels,5237.19,133030767.75745678
2019,Annual,Marketing year Sep-Aug,Beginning stocks,Million bushels,2237.008,56822626.584021755
2020,Quarterly,Marketing year Q1 Sep-Nov,Beginning stocks,Million bushels,2004.354,50912942.14602288
2020,Quarterly,Marketing year Q2 Dec-Feb,Beginning stocks,Million bushels,11816.985,300165277.0146492
2020,Quarterly,Marketing year Q3 Mar-May,Beginning stocks,Million bushels,7806.778,198301316.36469615
2020,Quarterly,Marketing year Q4 Jun-Aug,Beginning stocks,Million bushels,4111.181,104428818.6641823
2020,Annual,Marketing year Sep-Aug,Beginning stocks,Million bushels,2004.354,50912942.14602288
2021,Quarterly,Marketing year Q1 Sep-Nov,Beginning stocks,Million bushels,1234.512,31358052.53691264
2021,Quarterly,Marketing year Q2 Dec-Feb,Beginning stocks,Million bushels,11631.181,295445637.51858234
2021,Quarterly,Marketing year Q3 Mar-May,Beginning stocks,Million bushels,7757.036,197037811.23125792
2021,Quarterly,Marketing year Q4 Jun-Aug,Beginning stocks,Million bushels,4348.968,110468887.32175295
2021,Annual,Marketing year Sep-Aug,Beginning stocks,Million bushels,1234.512,31358052.53691264
2022,Quarterly,Marketing year Q1 Sep-Nov,Beginning stocks,Million bushels,1376.89,34974620.7064408
2022,Quarterly,Marketing year Q2 Dec-Feb,Beginning stocks,Million bushels,10813.207,274668138.66411304
2022,Quarterly,Marketing year Q3 Mar-May,Beginning stocks,Million bushels,7396.403,187877310.10972616
2022,Quarterly,Marketing year Q4 Jun-Aug,Beginning stocks,Million bushels,4103.309,104228860.63253048
2022,Annual,Marketing year Sep-Aug,Beginning stocks,Million bushels,1376.89,34974620.7064408
2023,Quarterly,Marketing year Q1 Sep-Nov,Beginning stocks,Million bushels,1360.201,34550700.53491672
2023,Quarterly,Marketing year Q2 Dec-Feb,Beginning stocks,Million bushels,12171.163,309161813.56627333
2023,Quarterly,Marketing year Q3 Mar-May,Beginning stocks,Million bushels,8352.378,212160196.20072818
2023,Quarterly,Marketing year Q4 Jun-Aug,Beginning stocks,Million bushels,4997.048,126930879.33813055
2023,Annual,Marketing year Sep-Aug,Beginning stocks,Million bushels,1360.201,34550700.53491672
2024,Quarterly,Marketing year Q1 Sep-Nov,Beginning stocks,Million bushels,1763.4,44792427.974448
2024,Quarterly,Marketing year Q2 Dec-Feb,Beginning stocks,Million bushels,12075.407,306729498.871297
2024,Quarterly,Marketing year Q3 Mar-May,Beginning stocks,Million bushels,8147.437,206954454.46231863
2024,Quarterly,Marketing year Q4 Jun-Aug,Beginning stocks,Million bushels,4642.894,117934952.41465168
2024,Annual,Marketing year Sep-Aug,Beginning stocks,Million bushels,1763.4,44792427.974448
2025,Quarterly,Marketing year Q1 Sep-Nov,Beginning stocks,Million bushels,1551.286,39404483.62411792
2025,Quarterly,Marketing year Q2 Dec-Feb,Beginning stocks,Million bushels,13305.825,337983559.007094
2025,Quarterly,Marketing year Q3 Mar-May,Beginning stocks,Million bushels,9030.19,229377415.8844168
2025,Annual,Marketing year Sep-Aug,Beginning stocks,Million bushels,1551.286,39404483.62411792
2026,Annual,Marketing year Sep-Aug,Beginning stocks,Million bushels,1921.835,48816862.774341196
1975,Quarterly,Marketing year Q1 Sep-Nov,Ending stocks,Million bushels,4974.6,126360673.812912
1975,Quarterly,Marketing year Q2 Dec-Feb,Ending stocks,Million bushels,3373.6,85693396.28819199
1975,Quarterly,Marketing year Q3 Mar-May,Ending stocks,Million bushels,1868.8,47469711.579136
1975,Quarterly,Marketing year Q4 Jun-Aug,Ending stocks,Million bushels,633.2,16084022.566304
1975,Annual,Marketing year Sep-Aug,Ending stocks,Million bushels,633.2,16084022.566304
1976,Quarterly,Marketing year Q1 Sep-Nov,Ending stocks,Million bushels,5387.2,136841197.677184
1976,Quarterly,Marketing year Q2 Dec-Feb,Ending stocks,Million bushels,3848.2,97748792.861104
1976,Quarterly,Marketing year Q3 Mar-May,Ending stocks,Million bushels,2370.0,60200779.3464
1976,Quarterly,Marketing year Q4 Jun-Aug,Ending stocks,Million bushels,1135.6,28845571.740831997
1976,Annual,Marketing year Sep-Aug,Ending stocks,Million bushels,1135.6,28845571.740831997
1977,Quarterly,Marketing year Q1 Sep-Nov,Ending stocks,Million bushels,6086.7,154609317.994824
1977,Quarterly,Marketing year Q2 Dec-Feb,Ending stocks,Million bushels,4481.6,113837895.661952
1977,Quarterly,Marketing year Q3 Mar-May,Ending stocks,Million bushels,2861.1,72675295.269192
1977,Quarterly,Marketing year Q4 Jun-Aug,Ending stocks,Million bushels,1435.9,36473543.908648
1977,Annual,Marketing year Sep-Aug,Ending stocks,Million bushels,1435.9,36473543.908648
1978,Quarterly,Marketing year Q1 Sep-Nov,Ending stocks,Million bushels,6928.2,175984404.838704
1978,Quarterly,Marketing year Q2 Dec-Feb,Ending stocks,Million bushels,5151.1,130843980.797992
1978,Quarterly,Marketing year Q3 Mar-May,Ending stocks,Million bushels,3287.2,83498734.96518399
1978,Quarterly,Marketing year Q4 Jun-Aug,Ending stocks,Million bushels,1709.5,43423304.76484
1978,Annual,Marketing year Sep-Aug,Ending stocks,Million bushels,1709.5,43423304.76484
1979,Quarterly,Marketing year Q1 Sep-Nov,Ending stocks,Million bushels,7594.1,192899045.752952
1979,Quarterly,Marketing year Q2 Dec-Feb,Ending stocks,Million bushels,5557.0,141154316.80504
1979,Quarterly,Marketing year Q3 Mar-May,Ending stocks,Million bushels,3644.3,92569493.743496
1979,Quarterly,Marketing year Q4 Jun-Aug,Ending stocks,Million bushels,2034.3,51673605.664295994
1979,Annual,Marketing year Sep-Aug,Ending stocks,Million bushels,2034.3,51673605.664295994
1980,Quarterly,Marketing year Q1 Sep-Nov,Ending stocks,Million bushels,6595.9,167543595.14384797
1980,Quarterly,Marketing year Q2 Dec-Feb,Ending stocks,Million bushels,4662.4,118430427.68972799
1980,Quarterly,Marketing year Q3 Mar-May,Ending stocks,Million bushels,2773.5,70450152.53892
1980,Quarterly,Marketing year Q4 Jun-Aug,Ending stocks,Million bushels,1392.1,35360972.543511994
1980,Annual,Marketing year Sep-Aug,Ending stocks,Million bushels,1392.1,35360972.543511994
1981,Quarterly,Marketing year Q1 Sep-Nov,Ending stocks,Million bushels,7601.1,193076853.961992
1981,Quarterly,Marketing year Q2 Dec-Feb,Ending stocks,Million bushels,5766.4,146473322.37260798
1981,Quarterly,Marketing year Q3 Mar-May,Ending stocks,Million bushels,3880.1,98559090.270872
1981,Quarterly,Marketing year Q4 Jun-Aug,Ending stocks,Million bushels,2536.6,64432614.72155199
1981,Annual,Marketing year Sep-Aug,Ending stocks,Million bushels,2536.6,64432614.72155199
1982,Quarterly,Marketing year Q1 Sep-Nov,Ending stocks,Million bushels,8906.3,226230464.59613597
1982,Quarterly,Marketing year Q2 Dec-Feb,Ending stocks,Million bushels,6899.2,175247770.829824
1982,Quarterly,Marketing year Q3 Mar-May,Ending stocks,Million bushels,4923.9,125072834.35600798
1982,Quarterly,Marketing year Q4 Jun-Aug,Ending stocks,Million bushels,3523.1,89490871.60983199
1982,Annual,Marketing year Sep-Aug,Ending stocks,Million bushels,3523.1,89490871.60983199
1983,Quarterly,Marketing year Q1 Sep-Nov,Ending stocks,Million bushels,5651.7,143559807.861624
1983,Quarterly,Marketing year Q2 Dec-Feb,Ending stocks,Million bushels,3865.0,98175532.56279999
1983,Quarterly,Marketing year Q3 Mar-May,Ending stocks,Million bushels,2145.1,54488055.601671994
1983,Quarterly,Marketing year Q4 Jun-Aug,Ending stocks,Million bushels,1006.3,25561200.108136
1983,Annual,Marketing year Sep-Aug,Ending stocks,Million bushels,1006.3,25561200.108136
1984,Quarterly,Marketing year Q1 Sep-Nov,Ending stocks,Million bushels,6631.1,168437716.423592
1984,Quarterly,Marketing year Q2 Dec-Feb,Ending stocks,Million bushels,4623.2,117434701.71910399
1984,Quarterly,Marketing year Q3 Mar-May,Ending stocks,Million bushels,2835.5,72025025.24756
1984,Quarterly,Marketing year Q4 Jun-Aug,Ending stocks,Million bushels,1648.2,41866212.877104
1984,Annual,Marketing year Sep-Aug,Ending stocks,Million bushels,1648.2,41866212.877104
1985,Quarterly,Marketing year Q1 Sep-Nov,Ending stocks,Million bushels,8614.7,218823482.630984
1985,Quarterly,Marketing year Q2 Dec-Feb,Ending stocks,Million bushels,6587.1,167320064.823912
1985,Quarterly,Marketing year Q3 Mar-May,Ending stocks,Million bushels,4990.037,126752791.71619064
1985,Quarterly,Marketing year Q4 Jun-Aug,Ending stocks,Million bushels,4039.522,102608596.02823983
1985,Annual,Marketing year Sep-Aug,Ending stocks,Million bushels,4039.522,102608596.02823983
1986,Quarterly,Marketing year Q1 Sep-Nov,Ending stocks,Million bushels,10305.499,261771760.06478727
1986,Quarterly,Marketing year Q2 Dec-Feb,Ending stocks,Million bushels,8248.193,209513775.02089494
1986,Quarterly,Marketing year Q3 Mar-May,Ending stocks,Million bushels,6332.241,160846347.3456655
1986,Quarterly,Marketing year Q4 Jun-Aug,Ending stocks,Million bushels,4881.693,124000727.05901496
1986,Annual,Marketing year Sep-Aug,Ending stocks,Million bushels,4881.693,124000727.05901496
1987,Quarterly,Marketing year Q1 Sep-Nov,Ending stocks,Million bushels,9771.005,248194985.65298358
1987,Quarterly,Marketing year Q2 Dec-Feb,Ending stocks,Million bushels,7635.59,193952940.4091048
1987,Quarterly,Marketing year Q3 Mar-May,Ending stocks,Million bushels,5839.217,148322959.5665602
1987,Quarterly,Marketing year Q4 Jun-Aug,Ending stocks,Million bushels,4259.086,108185779.11533391
1987,Annual,Marketing year Sep-Aug,Ending stocks,Million bushels,4259.086,108185779.11533391
1988,Quarterly,Marketing year Q1 Sep-Nov,Ending stocks,Million bushels,7071.567,179626094.76805222
1988,Quarterly,Marketing year Q2 Dec-Feb,Ending stocks,Million bushels,5203.926,132185823.14809872
1988,Quarterly,Marketing year Q3 Mar-May,Ending stocks,Million bushels,3419.302,86854280.68384144
1988,Quarterly,Marketing year Q4 Jun-Aug,Ending stocks,Million bushels,1930.428,49035135.05152416
1988,Annual,Marketing year Sep-Aug,Ending stocks,Million bushels,1930.428,49035135.05152416
1989,Quarterly,Marketing year Q1 Sep-Nov,Ending stocks,Million bushels,7082.075,179893010.290994
1989,Quarterly,Marketing year Q2 Dec-Feb,Ending stocks,Million bushels,4812.421,122241137.02235512
1989,Quarterly,Marketing year Q3 Mar-May,Ending stocks,Million bushels,2843.208,72220817.48688576
1989,Quarterly,Marketing year Q4 Jun-Aug,Ending stocks,Million bushels,1344.457,34150784.47161304
1989,Annual,Marketing year Sep-Aug,Ending stocks,Million bushels,1344.457,34150784.47161304
1990,Quarterly,Marketing year Q1 Sep-Nov,Ending stocks,Million bushels,6940.289,176291479.61571607
1990,Quarterly,Marketing year Q2 Dec-Feb,Ending stocks,Million bushels,4788.974,121645555.72558928
1990,Quarterly,Marketing year Q3 Mar-May,Ending stocks,Million bushels,2991.957,75999216.52781303
1990,Quarterly,Marketing year Q4 Jun-Aug,Ending stocks,Million bushels,1521.245,38641406.9944364
1990,Annual,Marketing year Sep-Aug,Ending stocks,Million bushels,1521.245,38641406.9944364
1991,Quarterly,Marketing year Q1 Sep-Nov,Ending stocks,Million bushels,6547.316,166309504.56841952
1991,Quarterly,Marketing year Q2 Dec-Feb,Ending stocks,Million bushels,4560.985,115854367.75832918
1991,Quarterly,Marketing year Q3 Mar-May,Ending stocks,Million bushels,2738.551,69562406.95352872
1991,Quarterly,Marketing year Q4 Jun-Aug,Ending stocks,Million bushels,1100.311,27949189.756715916
1991,Annual,Marketing year Sep-Aug,Ending stocks,Million bushels,1100.311,27949189.756715916
1992,Quarterly,Marketing year Q1 Sep-Nov,Ending stocks,Million bushels,7906.363,200830892.15001735
1992,Quarterly,Marketing year Q2 Dec-Feb,Ending stocks,Million bushels,5678.215,144233319.9562948
1992,Quarterly,Marketing year Q3 Mar-May,Ending stocks,Million bushels,3709.443,94224202.33799496
1992,Quarterly,Marketing year Q4 Jun-Aug,Ending stocks,Million bushels,2112.981,53672195.33507832
1992,Annual,Marketing year Sep-Aug,Ending stocks,Million bushels,2112.981,53672195.33507832
1993,Quarterly,Marketing year Q1 Sep-Nov,Ending stocks,Million bushels,5936.548,150795281.10857055
1993,Quarterly,Marketing year Q2 Dec-Feb,Ending stocks,Million bushels,3995.714,101495821.45372207
1993,Quarterly,Marketing year Q3 Mar-May,Ending stocks,Million bushels,2359.881,59943744.879646316
1993,Quarterly,Marketing year Q4 Jun-Aug,Ending stocks,Million bushels,850.143,21594629.17969896
1993,Annual,Marketing year Sep-Aug,Ending stocks,Million bushels,850.143,21594629.17969896
1994,Quarterly,Marketing year Q1 Sep-Nov,Ending stocks,Million bushels,8080.48,205253668.14050558
1994,Quarterly,Marketing year Q2 Dec-Feb,Ending stocks,Million bushels,5591.693,142035559.69021496
1994,Quarterly,Marketing year Q3 Mar-May,Ending stocks,Million bushels,3414.896,86742363.11683711
1994,Quarterly,Marketing year Q4 Jun-Aug,Ending stocks,Million bushels,1557.84,39570962.91012479
1994,Annual,Marketing year Sep-Aug,Ending stocks,Million bushels,1557.84,39570962.91012479
1995,Quarterly,Marketing year Q1 Sep-Nov,Ending stocks,Million bushels,6105.774,155093819.96328527
1995,Quarterly,Marketing year Q2 Dec-Feb,Ending stocks,Million bushels,3799.541,96512797.19772153
1995,Quarterly,Marketing year Q3 Mar-May,Ending stocks,Million bushels,1717.894,43636522.20865168
1995,Quarterly,Marketing year Q4 Jun-Aug,Ending stocks,Million bushels,425.942,10819426.31070224
1995,Annual,Marketing year Sep-Aug,Ending stocks,Million bushels,425.942,10819426.31070224
1996,Quarterly,Marketing year Q1 Sep-Nov,Ending stocks,Million bushels,6902.974,175343634.85566926
1996,Quarterly,Marketing year Q2 Dec-Feb,Ending stocks,Million bushels,4494.128,114156121.55378814
1996,Quarterly,Marketing year Q3 Mar-May,Ending stocks,Million bushels,2496.55,63415297.754116
1996,Quarterly,Marketing year Q4 Jun-Aug,Ending stocks,Million bushels,883.161,22433325.10056792
1996,Annual,Marketing year Sep-Aug,Ending stocks,Million bushels,883.161,22433325.10056792
1997,Quarterly,Marketing year Q1 Sep-Nov,Ending stocks,Million bushels,7246.756,184076100.81569633
1997,Quarterly,Marketing year Q2 Dec-Feb,Ending stocks,Million bushels,4939.898,125479202.31718256
1997,Quarterly,Marketing year Q3 Mar-May,Ending stocks,Million bushels,3039.757,77213392.58382903
1997,Quarterly,Marketing year Q4 Jun-Aug,Ending stocks,Million bushels,1307.803,33219729.88673416
1997,Annual,Marketing year Sep-Aug,Ending stocks,Million bushels,1307.803,33219729.88673416
1998,Quarterly,Marketing year Q1 Sep-Nov,Ending stocks,Million bushels,8051.846,204526330.9608411
1998,Quarterly,Marketing year Q2 Dec-Feb,Ending stocks,Million bushels,5698.428,144746753.86048415
1998,Quarterly,Marketing year Q3 Mar-May,Ending stocks,Million bushels,3616.225,91856355.819382
1998,Quarterly,Marketing year Q4 Jun-Aug,Ending stocks,Million bushels,1786.977,45391311.42366744
1998,Annual,Marketing year Sep-Aug,Ending stocks,Million bushels,1786.977,45391311.42366744
1999,Quarterly,Marketing year Q1 Sep-Nov,Ending stocks,Million bushels,8039.443,204211280.21559495
1999,Quarterly,Marketing year Q2 Dec-Feb,Ending stocks,Million bushels,5601.895,142294702.4543044
1999,Quarterly,Marketing year Q3 Mar-May,Ending stocks,Million bushels,3585.938,91087030.50121136
1999,Quarterly,Marketing year Q4 Jun-Aug,Ending stocks,Million bushels,1717.549,43627758.804063275
1999,Annual,Marketing year Sep-Aug,Ending stocks,Million bushels,1717.549,43627758.804063275
2000,Quarterly,Marketing year Q1 Sep-Nov,Ending stocks,Million bushels,8529.634,216662706.47238448
2000,Quarterly,Marketing year Q2 Dec-Feb,Ending stocks,Million bushels,6042.999,153499261.34578726
2000,Quarterly,Marketing year Q3 Mar-May,Ending stocks,Million bushels,3923.958,99673134.90402576
2000,Quarterly,Marketing year Q4 Jun-Aug,Ending stocks,Million bushels,1899.108,48239570.321933754
2000,Annual,Marketing year Sep-Aug,Ending stocks,Million bushels,1899.108,48239570.321933754
2001,Quarterly,Marketing year Q1 Sep-Nov,Ending stocks,Million bushels,8264.715,209933453.1965748
2001,Quarterly,Marketing year Q2 Dec-Feb,Ending stocks,Million bushels,5795.263,147206476.42082536
2001,Quarterly,Marketing year Q3 Mar-May,Ending stocks,Million bushels,3596.89,91365224.14484079
2001,Quarterly,Marketing year Q4 Jun-Aug,Ending stocks,Million bushels,1596.426,40551092.56069872
2001,Annual,Marketing year Sep-Aug,Ending stocks,Million bushels,1596.426,40551092.56069872
2002,Quarterly,Marketing year Q1 Sep-Nov,Ending stocks,Million bushels,7637.971,194013420.6013511
2002,Quarterly,Marketing year Q2 Dec-Feb,Ending stocks,Million bushels,5131.873,130355592.45010455
2002,Quarterly,Marketing year Q3 Mar-May,Ending stocks,Million bushels,2984.918,75820417.67303696
2002,Quarterly,Marketing year Q4 Jun-Aug,Ending stocks,Million bushels,1086.673,27602768.563160557
2002,Annual,Marketing year Sep-Aug,Ending stocks,Million bushels,1086.673,27602768.563160557
2003,Quarterly,Marketing year Q1 Sep-Nov,Ending stocks,Million bushels,7953.775,202035212.55101797
2003,Quarterly,Marketing year Q2 Dec-Feb,Ending stocks,Million bushels,5271.459,133901240.54539847
2003,Quarterly,Marketing year Q3 Mar-May,Ending stocks,Million bushels,2970.14,75445039.14258079
2003,Quarterly,Marketing year Q4 Jun-Aug,Ending stocks,Million bushels,958.091,24336634.972477518
2003,Annual,Marketing year Sep-Aug,Ending stocks,Million bushels,958.091,24336634.972477518
2004,Quarterly,Marketing year Q1 Sep-Nov,Ending stocks,Million bushels,9452.488,240104280.32172734
2004,Quarterly,Marketing year Q2 Dec-Feb,Ending stocks,Million bushels,6756.334,171618806.88800848
2004,Quarterly,Marketing year Q3 Mar-May,Ending stocks,Million bushels,4320.813,109753717.30382136
2004,Quarterly,Marketing year Q4 Jun-Aug,Ending stocks,Million bushels,2113.972,53697367.89724384
2004,Annual,Marketing year Sep-Aug,Ending stocks,Million bushels,2113.972,53697367.89724384
2005,Quarterly,Marketing year Q1 Sep-Nov,Ending stocks,Million bushels,9814.957,249311417.99637303
2005,Quarterly,Marketing year Q2 Dec-Feb,Ending stocks,Million bushels,6987.328,177486325.37929216
2005,Quarterly,Marketing year Q3 Mar-May,Ending stocks,Million bushels,4361.699,110792269.65165126
2005,Quarterly,Marketing year Q4 Jun-Aug,Ending stocks,Million bushels,1967.161,49968196.32904792
2005,Annual,Marketing year Sep-Aug,Ending stocks,Million bushels,1967.161,49968196.32904792
2006,Quarterly,Marketing year Q1 Sep-Nov,Ending stocks,Million bushels,8932.707,226901233.36415303
2006,Quarterly,Marketing year Q2 Dec-Feb,Ending stocks,Million bushels,6068.25,154140666.35814
2006,Quarterly,Marketing year Q3 Mar-May,Ending stocks,Million bushels,3533.443,89753595.93927497
2006,Quarterly,Marketing year Q4 Jun-Aug,Ending stocks,Million bushels,1303.647,33114162.612909835
2006,Annual,Marketing year Sep-Aug,Ending stocks,Million bushels,1303.647,33114162.612909835
2007,Quarterly,Marketing year Q1 Sep-Nov,Ending stocks,Million bushels,10278.085,261075412.31584117
2007,Quarterly,Marketing year Q2 Dec-Feb,Ending stocks,Million bushels,6858.722,174219582.1604638
2007,Quarterly,Marketing year Q3 Mar-May,Ending stocks,Million bushels,4028.017,102316355.53609623
2007,Quarterly,Marketing year Q4 Jun-Aug,Ending stocks,Million bushels,1624.15,41255314.673188
2007,Annual,Marketing year Sep-Aug,Ending stocks,Million bushels,1624.15,41255314.673188
2008,Quarterly,Marketing year Q1 Sep-Nov,Ending stocks,Million bushels,10072.106,255843304.1601483
2008,Quarterly,Marketing year Q2 Dec-Feb,Ending stocks,Million bushels,6954.145,176643438.2649244
2008,Quarterly,Marketing year Q3 Mar-May,Ending stocks,Million bushels,4261.427,108245243.26067142
2008,Quarterly,Marketing year Q4 Jun-Aug,Ending stocks,Million bushels,1673.311,42504061.72527592
2008,Annual,Marketing year Sep-Aug,Ending stocks,Million bushels,1673.311,42504061.72527592
2009,Quarterly,Marketing year Q1 Sep-Nov,Ending stocks,Million bushels,10902.46,276935269.53289115
2009,Quarterly,Marketing year Q2 Dec-Feb,Ending stocks,Million bushels,7693.787,195431212.45789063
2009,Quarterly,Marketing year Q3 Mar-May,Ending stocks,Million bushels,4310.071,109480857.90646312
2009,Quarterly,Marketing year Q4 Jun-Aug,Ending stocks,Million bushels,1707.787,43379792.55597064
2009,Annual,Marketing year Sep-Aug,Ending stocks,Million bushels,1707.787,43379792.55597064
2010,Quarterly,Marketing year Q1 Sep-Nov,Ending stocks,Million bushels,10056.769,255453726.37414166
2010,Quarterly,Marketing year Q2 Dec-Feb,Ending stocks,Million bushels,6523.228,165697641.11994016
2010,Quarterly,Marketing year Q3 Mar-May,Ending stocks,Million bushels,3670.332,93230737.07174303
2010,Quarterly,Marketing year Q4 Jun-Aug,Ending stocks,Million bushels,1127.645,28643505.4118444
2010,Annual,Marketing year Sep-Aug,Ending stocks,Million bushels,1127.645,28643505.4118444
2011,Quarterly,Marketing year Q1 Sep-Nov,Ending stocks,Million bushels,9646.823,245040617.22226855
2011,Quarterly,Marketing year Q2 Dec-Feb,Ending stocks,Million bushels,6023.356,153000306.1100483
2011,Quarterly,Marketing year Q3 Mar-May,Ending stocks,Million bushels,3148.204,79968073.56179488
2011,Quarterly,Marketing year Q4 Jun-Aug,Ending stocks,Million bushels,989.027,25122445.651743438
2011,Annual,Marketing year Sep-Aug,Ending stocks,Million bushels,989.027,25122445.651743438
2012,Quarterly,Marketing year Q1 Sep-Nov,Ending stocks,Million bushels,8032.732,204040812.94547102
2012,Quarterly,Marketing year Q2 Dec-Feb,Ending stocks,Million bushels,5399.926,137164453.00121874
2012,Quarterly,Marketing year Q3 Mar-May,Ending stocks,Million bushels,2766.244,70265841.62966368
2012,Quarterly,Marketing year Q4 Jun-Aug,Ending stocks,Million bushels,821.185,20859062.020073198
2012,Annual,Marketing year Sep-Aug,Ending stocks,Million bushels,821.185,20859062.020073198
2013,Quarterly,Marketing year Q1 Sep-Nov,Ending stocks,Million bushels,10452.533,265506596.09449974
2013,Quarterly,Marketing year Q2 Dec-Feb,Ending stocks,Million bushels,7009.008,178037022.80386174
2013,Quarterly,Marketing year Q3 Mar-May,Ending stocks,Million bushels,3851.716,97838103.38438751
2013,Quarterly,Marketing year Q4 Jun-Aug,Ending stocks,Million bushels,1231.904,31291806.27845888
2013,Annual,Marketing year Sep-Aug,Ending stocks,Million bushels,1231.904,31291806.27845888
2014,Quarterly,Marketing year Q1 Sep-Nov,Ending stocks,Million bushels,11211.38,284782199.80955356
2014,Quarterly,Marketing year Q2 Dec-Feb,Ending stocks,Million bushels,7749.806,196854160.7524923
2014,Quarterly,Marketing year Q3 Mar-May,Ending stocks,Million bushels,4452.988,113111117.30808736
2014,Quarterly,Marketing year Q4 Jun-Aug,Ending stocks,Million bushels,1731.164,43973595.77064608
2014,Annual,Marketing year Sep-Aug,Ending stocks,Million bushels,1731.164,43973595.77064608
2015,Quarterly,Marketing year Q1 Sep-Nov,Ending stocks,Million bushels,11235.178,285386696.91794413
2015,Quarterly,Marketing year Q2 Dec-Feb,Ending stocks,Million bushels,7822.233,198693891.48908377
2015,Quarterly,Marketing year Q3 Mar-May,Ending stocks,Million bushels,4711.079,119666931.37656486
2015,Quarterly,Marketing year Q4 Jun-Aug,Ending stocks,Million bushels,1737.058,44123310.28265776
2015,Annual,Marketing year Sep-Aug,Ending stocks,Million bushels,1737.058,44123310.28265776
2016,Quarterly,Marketing year Q1 Sep-Nov,Ending stocks,Million bushels,12383.471,314554685.7441111
2016,Quarterly,Marketing year Q2 Dec-Feb,Ending stocks,Million bushels,8621.992,219008707.98245823
2016,Quarterly,Marketing year Q3 Mar-May,Ending stocks,Million bushels,5229.082,132824815.04904304
2016,Quarterly,Marketing year Q4 Jun-Aug,Ending stocks,Million bushels,2293.303,58252585.602294154
2016,Annual,Marketing year Sep-Aug,Ending stocks,Million bushels,2293.303,58252585.602294154
2017,Quarterly,Marketing year Q1 Sep-Nov,Ending stocks,Million bushels,12566.501,319203862.3870527
2017,Quarterly,Marketing year Q2 Dec-Feb,Ending stocks,Million bushels,8892.126,225870428.37400272
2017,Quarterly,Marketing year Q3 Mar-May,Ending stocks,Million bushels,5304.804,134748242.64974687
2017,Quarterly,Marketing year Q4 Jun-Aug,Ending stocks,Million bushels,2140.335,54367019.0136612
2017,Annual,Marketing year Sep-Aug,Ending stocks,Million bushels,2140.335,54367019.0136612
2018,Quarterly,Marketing year Q1 Sep-Nov,Ending stocks,Million bushels,12286.508,312091711.83366174
2018,Quarterly,Marketing year Q2 Dec-Feb,Ending stocks,Million bushels,8835.335,224427870.37406117
2018,Quarterly,Marketing year Q3 Mar-May,Ending stocks,Million bushels,5363.535,136240078.9247652
2018,Quarterly,Marketing year Q4 Jun-Aug,Ending stocks,Million bushels,2237.008,56822626.584021755
2018,Annual,Marketing year Sep-Aug,Ending stocks,Million bushels,2237.008,56822626.584021755
2019,Quarterly,Marketing year Q1 Sep-Nov,Ending stocks,Million bushels,11820.322,300250040.72801584
2019,Quarterly,Marketing year Q2 Dec-Feb,Ending stocks,Million bushels,8299.381,210814010.2500863
2019,Quarterly,Marketing year Q3 Mar-May,Ending stocks,Million bushels,5237.19,133030767.75745678
2019,Quarterly,Marketing year Q4 Jun-Aug,Ending stocks,Million bushels,2004.354,50912942.14602288
2019,Annual,Marketing year Sep-Aug,Ending stocks,Million bushels,2004.354,50912942.14602288
2020,Quarterly,Marketing year Q1 Sep-Nov,Ending stocks,Million bushels,11816.985,300165277.0146492
2020,Quarterly,Marketing year Q2 Dec-Feb,Ending stocks,Million bushels,7806.778,198301316.36469615
2020,Quarterly,Marketing year Q3 Mar-May,Ending stocks,Million bushels,4111.181,104428818.6641823
2020,Quarterly,Marketing year Q4 Jun-Aug,Ending stocks,Million bushels,1234.512,31358052.53691264
2020,Annual,Marketing year Sep-Aug,Ending stocks,Million bushels,1234.512,31358052.53691264
2021,Quarterly,Marketing year Q1 Sep-Nov,Ending stocks,Million bushels,11631.181,295445637.51858234
2021,Quarterly,Marketing year Q2 Dec-Feb,Ending stocks,Million bushels,7757.036,197037811.23125792
2021,Quarterly,Marketing year Q3 Mar-May,Ending stocks,Million bushels,4348.968,110468887.32175295
2021,Quarterly,Marketing year Q4 Jun-Aug,Ending stocks,Million bushels,1376.89,34974620.7064408
2021,Annual,Marketing year Sep-Aug,Ending stocks,Million bushels,1376.89,34974620.7064408
2022,Quarterly,Marketing year Q1 Sep-Nov,Ending stocks,Million bushels,10813.207,274668138.66411304
2022,Quarterly,Marketing year Q2 Dec-Feb,Ending stocks,Million bushels,7396.403,187877310.10972616
2022,Quarterly,Marketing year Q3 Mar-May,Ending stocks,Million bushels,4103.309,104228860.63253048
2022,Quarterly,Marketing year Q4 Jun-Aug,Ending stocks,Million bushels,1360.201,34550700.53491672
2022,Annual,Marketing year Sep-Aug,Ending stocks,Million bushels,1360.201,34550700.53491672
2023,Quarterly,Marketing year Q1 Sep-Nov,Ending stocks,Million bushels,12171.163,309161813.56627333
2023,Quarterly,Marketing year Q2 Dec-Feb,Ending stocks,Million bushels,8352.378,212160196.20072818
2023,Quarterly,Marketing year Q3 Mar-May,Ending stocks,Million bushels,4997.048,126930879.33813055
2023,Quarterly,Marketing year Q4 Jun-Aug,Ending stocks,Million bushels,1763.4,44792427.974448
2023,Annual,Marketing year Sep-Aug,Ending stocks,Million bushels,1763.4,44792427.974448
2024,Quarterly,Marketing year Q1 Sep-Nov,Ending stocks,Million bushels,12075.407,306729498.871297
2024,Quarterly,Marketing year Q2 Dec-Feb,Ending stocks,Million bushels,8147.437,206954454.46231863
2024,Quarterly,Marketing year Q3 Mar-May,Ending stocks,Million bushels,4642.894,117934952.41465168
2024,Quarterly,Marketing year Q4 Jun-Aug,Ending stocks,Million bushels,1551.286,39404483.62411792
2024,Annual,Marketing year Sep-Aug,Ending stocks,Million bushels,1551.286,39404483.62411792
2025,Quarterly,Marketing year Q1 Sep-Nov,Ending stocks,Million bushels,13305.825,337983559.007094
2025,Quarterly,Marketing year Q2 Dec-Feb,Ending stocks,Million bushels,9030.19,229377415.8844168
2025,Quarterly,Marketing year Q3 Mar-May,Ending stocks,Million bushels,5294.828,134494840.55069217
2025,Annual,Marketing year Sep-Aug,Ending stocks,Million bushels,1921.835,48816862.774341196
2026,Annual,Marketing year Sep-Aug,Ending stocks,Million bushels,1566.594,39793324.77611568
1975,Quarterly,Marketing year Q1 Sep-Nov,Exports,Million bushels,372.924,9472706.93543328
1975,Quarterly,Marketing year Q2 Dec-Feb,Exports,Million bushels,426.836,10842134.95911392
1975,Quarterly,Marketing year Q3 Mar-May,Exports,Million bushels,446.39,11338829.4904808
1975,Quarterly,Marketing year Q4 Jun-Aug,Exports,Million bushels,418.344,10626428.20037568
1975,Annual,Marketing year Sep-Aug,Exports,Million bushels,1664.494,42280099.58540367
1976,Quarterly,Marketing year Q1 Sep-Nov,Exports,Million bushels,468.783,11907637.95119976
1976,Quarterly,Marketing year Q2 Dec-Feb,Exports,Million bushels,382.602,9718539.48501744
1976,Quarterly,Marketing year Q3 Mar-May,Exports,Million bushels,430.897,10945289.12152984
1976,Quarterly,Marketing year Q4 Jun-Aug,Exports,Million bushels,362.837,9216485.30620664
1976,Annual,Marketing year Sep-Aug,Exports,Million bushels,1645.119,41787951.86395367
1977,Quarterly,Marketing year Q1 Sep-Nov,Exports,Million bushels,399.105,10137735.0384156
1977,Quarterly,Marketing year Q2 Dec-Feb,Exports,Million bushels,407.863,10360198.50909736
1977,Quarterly,Marketing year Q3 Mar-May,Exports,Million bushels,524.295,13317707.851232398
1977,Quarterly,Marketing year Q4 Jun-Aug,Exports,Million bushels,565.133,14355040.94277176
1977,Annual,Marketing year Sep-Aug,Exports,Million bushels,1896.396,48170682.34151711
1978,Quarterly,Marketing year Q1 Sep-Nov,Exports,Million bushels,468.839,11909060.416872079
1978,Quarterly,Marketing year Q2 Dec-Feb,Exports,Million bushels,413.308,10498507.89455776
1978,Quarterly,Marketing year Q3 Mar-May,Exports,Million bushels,554.647,14088684.24562984
1978,Quarterly,Marketing year Q4 Jun-Aug,Exports,Million bushels,676.323,17179397.33750856
1978,Annual,Marketing year Sep-Aug,Exports,Million bushels,2113.117,53675649.89456824
1979,Quarterly,Marketing year Q1 Sep-Nov,Exports,Million bushels,621.274,15781088.18044528
1979,Quarterly,Marketing year Q2 Dec-Feb,Exports,Million bushels,597.736,15183195.376961919
1979,Quarterly,Marketing year Q3 Mar-May,Exports,Million bushels,587.773,14930123.49315256
1979,Quarterly,Marketing year Q4 Jun-Aug,Exports,Million bushels,594.734,15106941.05645648
1979,Annual,Marketing year Sep-Aug,Exports,Million bushels,2401.517,61001348.107016236
1980,Quarterly,Marketing year Q1 Sep-Nov,Exports,Million bushels,687.867,17472628.475388236
1980,Quarterly,Marketing year Q2 Dec-Feb,Exports,Million bushels,645.974,16408497.14662928
1980,Quarterly,Marketing year Q3 Mar-May,Exports,Million bushels,613.953,15595126.194962159
1980,Quarterly,Marketing year Q4 Jun-Aug,Exports,Million bushels,443.312,11260644.68084864
1980,Annual,Marketing year Sep-Aug,Exports,Million bushels,2391.106,60736896.49782832
1981,Quarterly,Marketing year Q1 Sep-Nov,Exports,Million bushels,519.079,13185215.334324878
1981,Quarterly,Marketing year Q2 Dec-Feb,Exports,Million bushels,470.223,11944215.63991656
1981,Quarterly,Marketing year Q3 Mar-May,Exports,Million bushels,595.839,15135009.35231208
1981,Quarterly,Marketing year Q4 Jun-Aug,Exports,Million bushels,411.62,10455630.7150064
1981,Annual,Marketing year Sep-Aug,Exports,Million bushels,1996.761,50720071.04155992
1982,Quarterly,Marketing year Q1 Sep-Nov,Exports,Million bushels,443.137,11256199.475622639
1982,Quarterly,Marketing year Q2 Dec-Feb,Exports,Million bushels,509.57,12943675.5829304
1982,Quarterly,Marketing year Q3 Mar-May,Exports,Million bushels,475.312,12073482.20788864
1982,Quarterly,Marketing year Q4 Jun-Aug,Exports,Million bushels,393.326,9990941.66126672
1982,Annual,Marketing year Sep-Aug,Exports,Million bushels,1821.345,46264298.927708395
1983,Quarterly,Marketing year Q1 Sep-Nov,Exports,Million bushels,493.374,12532278.18955728
1983,Quarterly,Marketing year Q2 Dec-Feb,Exports,Million bushels,505.892,12850250.069666239
1983,Quarterly,Marketing year Q3 Mar-May,Exports,Million bushels,513.4,13040962.074447999
1983,Quarterly,Marketing year Q4 Jun-Aug,Exports,Million bushels,373.731,9493205.68181832
1983,Annual,Marketing year Sep-Aug,Exports,Million bushels,1886.397,47916696.01548984
1984,Quarterly,Marketing year Q1 Sep-Nov,Exports,Million bushels,503.245,12783013.165476399
1984,Quarterly,Marketing year Q2 Dec-Feb,Exports,Million bushels,580.416,14743247.065451521
1984,Quarterly,Marketing year Q3 Mar-May,Exports,Million bushels,474.727,12058622.521847438
1984,Quarterly,Marketing year Q4 Jun-Aug,Exports,Million bushels,291.863,7413662.47357736
1984,Annual,Marketing year Sep-Aug,Exports,Million bushels,1850.251,46998545.226352714
1985,Quarterly,Marketing year Q1 Sep-Nov,Exports,Million bushels,414.803,10536482.64777416
1985,Quarterly,Marketing year Q2 Dec-Feb,Exports,Million bushels,460.206,11689772.09278032
1985,Quarterly,Marketing year Q3 Mar-May,Exports,Million bushels,201.426,5116456.616298719
1985,Quarterly,Marketing year Q4 Jun-Aug,Exports,Million bushels,150.897,3832960.7599298395
1985,Annual,Marketing year Sep-Aug,Exports,Million bushels,1227.332,31175672.11678304
1986,Quarterly,Marketing year Q1 Sep-Nov,Exports,Million bushels,318.212,8082957.973576639
1986,Quarterly,Marketing year Q2 Dec-Feb,Exports,Million bushels,312.831,7946274.26317032
1986,Quarterly,Marketing year Q3 Mar-May,Exports,Million bushels,496.097,12601445.582873838
1986,Quarterly,Marketing year Q4 Jun-Aug,Exports,Million bushels,365.331,9279835.83097032
1986,Annual,Marketing year Sep-Aug,Exports,Million bushels,1492.471,37910513.65059112
1987,Quarterly,Marketing year Q1 Sep-Nov,Exports,Million bushels,395.561,10047713.282295918
1987,Quarterly,Marketing year Q2 Dec-Feb,Exports,Million bushels,404.748,10281073.856074559
1987,Quarterly,Marketing year Q3 Mar-May,Exports,Million bushels,509.671,12946241.10137512
1987,Quarterly,Marketing year Q4 Jun-Aug,Exports,Million bushels,406.445,10324179.646180399
1987,Annual,Marketing year Sep-Aug,Exports,Million bushels,1716.425,43599207.88592599
1988,Quarterly,Marketing year Q1 Sep-Nov,Exports,Million bushels,470.772,11958160.883739838
1988,Quarterly,Marketing year Q2 Dec-Feb,Exports,Million bushels,502.624,12767239.03721728
1988,Quarterly,Marketing year Q3 Mar-May,Exports,Million bushels,591.619,15027816.40343368
1988,Quarterly,Marketing year Q4 Jun-Aug,Exports,Million bushels,463.438,11771868.683011359
1988,Annual,Marketing year Sep-Aug,Exports,Million bushels,2028.453,51525085.00740216
1989,Quarterly,Marketing year Q1 Sep-Nov,Exports,Million bushels,582.287,14790772.65961064
1989,Quarterly,Marketing year Q2 Dec-Feb,Exports,Million bushels,681.624,17314048.95409728
1989,Quarterly,Marketing year Q3 Mar-May,Exports,Million bushels,600.76,15260008.523267198
1989,Quarterly,Marketing year Q4 Jun-Aug,Exports,Million bushels,502.632,12767442.246599039
1989,Annual,Marketing year Sep-Aug,Exports,Million bushels,2367.303,60132272.38357415
1990,Quarterly,Marketing year Q1 Sep-Nov,Exports,Million bushels,382.805,9723695.9230796
1990,Quarterly,Marketing year Q2 Dec-Feb,Exports,Million bushels,470.669,11955544.56294968
1990,Quarterly,Marketing year Q3 Mar-May,Exports,Million bushels,453.738,11525477.30762736
1990,Quarterly,Marketing year Q4 Jun-Aug,Exports,Million bushels,419.419,10653734.46104968
1990,Annual,Marketing year Sep-Aug,Exports,Million bushels,1726.631,43858452.25470632
1991,Quarterly,Marketing year Q1 Sep-Nov,Exports,Million bushels,421.074,10695773.40190128
1991,Quarterly,Marketing year Q2 Dec-Feb,Exports,Million bushels,361.689,9187324.75992408
1991,Quarterly,Marketing year Q3 Mar-May,Exports,Million bushels,371.458,9435468.81622576
1991,Quarterly,Marketing year Q4 Jun-Aug,Exports,Million bushels,429.696,10914782.31309312
1991,Annual,Marketing year Sep-Aug,Exports,Million bushels,1583.917,40233349.29114424
1992,Quarterly,Marketing year Q1 Sep-Nov,Exports,Million bushels,487.514,12383427.31741808
1992,Quarterly,Marketing year Q2 Dec-Feb,Exports,Million bushels,463.042,11761809.818614239
1992,Quarterly,Marketing year Q3 Mar-May,Exports,Million bushels,411.291,10447273.729181519
1992,Quarterly,Marketing year Q4 Jun-Aug,Exports,Million bushels,301.431,7656700.89416232
1992,Annual,Marketing year Sep-Aug,Exports,Million bushels,1663.278,42249211.75937616
1993,Quarterly,Marketing year Q1 Sep-Nov,Exports,Million bushels,435.41,11059924.6140152
1993,Quarterly,Marketing year Q2 Dec-Feb,Exports,Million bushels,329.995,8382259.9917364
1993,Quarterly,Marketing year Q3 Mar-May,Exports,Million bushels,269.849,6854481.05731928
1993,Quarterly,Marketing year Q4 Jun-Aug,Exports,Million bushels,293.068,7444270.886704959
1993,Annual,Marketing year Sep-Aug,Exports,Million bushels,1328.322,33740936.54977584
1994,Quarterly,Marketing year Q1 Sep-Nov,Exports,Million bushels,449.304,11412848.50778688
1994,Quarterly,Marketing year Q2 Dec-Feb,Exports,Million bushels,590.435,14997741.414933197
1994,Quarterly,Marketing year Q3 Mar-May,Exports,Million bushels,568.162,14431981.09494064
1994,Quarterly,Marketing year Q4 Jun-Aug,Exports,Million bushels,569.581,14468025.35903032
1994,Annual,Marketing year Sep-Aug,Exports,Million bushels,2177.482,55310596.376691036
1995,Quarterly,Marketing year Q1 Sep-Nov,Exports,Million bushels,660.421,16775467.88891512
1995,Quarterly,Marketing year Q2 Dec-Feb,Exports,Million bushels,562.181,14280056.68090232
1995,Quarterly,Marketing year Q3 Mar-May,Exports,Million bushels,609.72,15487603.0308384
1995,Quarterly,Marketing year Q4 Jun-Aug,Exports,Million bushels,395.502,10046214.61310544
1995,Annual,Marketing year Sep-Aug,Exports,Million bushels,2227.824,56589342.21376128
1996,Quarterly,Marketing year Q1 Sep-Nov,Exports,Million bushels,486.531,12358457.96463432
1996,Quarterly,Marketing year Q2 Dec-Feb,Exports,Million bushels,524.718,13328452.547292959
1996,Quarterly,Marketing year Q3 Mar-May,Exports,Million bushels,432.858,10995100.821233759
1996,Quarterly,Marketing year Q4 Jun-Aug,Exports,Million bushels,353.262,8973269.077412639
1996,Annual,Marketing year Sep-Aug,Exports,Million bushels,1797.369,45655280.410573676
1997,Quarterly,Marketing year Q1 Sep-Nov,Exports,Million bushels,380.087,9654655.535626639
1997,Quarterly,Marketing year Q2 Dec-Feb,Exports,Million bushels,379.901,9649930.91750072
1997,Quarterly,Marketing year Q3 Mar-May,Exports,Million bushels,350.322,8898589.62961584
1997,Quarterly,Marketing year Q4 Jun-Aug,Exports,Million bushels,394.116,10011008.58771552
1997,Annual,Marketing year Sep-Aug,Exports,Million bushels,1504.426,38214184.67045872
1998,Quarterly,Marketing year Q1 Sep-Nov,Exports,Million bushels,450.219,11436090.580825679
1998,Quarterly,Marketing year Q2 Dec-Feb,Exports,Million bushels,465.082,11813628.210963039
1998,Quarterly,Marketing year Q3 Mar-May,Exports,Million bushels,497.353,12633349.45581016
1998,Quarterly,Marketing year Q4 Jun-Aug,Exports,Million bushels,571.539,14517760.855216078
1998,Annual,Marketing year Sep-Aug,Exports,Million bushels,1984.193,50400829.10281496
1999,Quarterly,Marketing year Q1 Sep-Nov,Exports,Million bushels,535.017,13590059.225136241
1999,Quarterly,Marketing year Q2 Dec-Feb,Exports,Million bushels,465.1,11814085.432072
1999,Quarterly,Marketing year Q3 Mar-May,Exports,Million bushels,451.148,11459688.27028256
1999,Quarterly,Marketing year Q4 Jun-Aug,Exports,Million bushels,485.301,12327214.52218872
1999,Annual,Marketing year Sep-Aug,Exports,Million bushels,1936.566,49191047.449679516
2000,Quarterly,Marketing year Q1 Sep-Nov,Exports,Million bushels,506.675,12870139.187905999
2000,Quarterly,Marketing year Q2 Dec-Feb,Exports,Million bushels,415.287,10548776.81537064
2000,Quarterly,Marketing year Q3 Mar-May,Exports,Million bushels,455.189,11562334.40924408
2000,Quarterly,Marketing year Q4 Jun-Aug,Exports,Million bushels,564.197,14331265.44510584
2000,Annual,Marketing year Sep-Aug,Exports,Million bushels,1941.348,49312515.85762656
2001,Quarterly,Marketing year Q1 Sep-Nov,Exports,Million bushels,447.881,11376702.639006319
2001,Quarterly,Marketing year Q2 Dec-Feb,Exports,Million bushels,448.378,11389327.021848159
2001,Quarterly,Marketing year Q3 Mar-May,Exports,Million bushels,496.886,12621487.10814992
2001,Quarterly,Marketing year Q4 Jun-Aug,Exports,Million bushels,511.623,12995824.19052456
2001,Annual,Marketing year Sep-Aug,Exports,Million bushels,1904.768,48383340.95952896
2002,Quarterly,Marketing year Q1 Sep-Nov,Exports,Million bushels,393.426,9993481.778538719
2002,Quarterly,Marketing year Q2 Dec-Feb,Exports,Million bushels,390.189,9911258.18244408
2002,Quarterly,Marketing year Q3 Mar-May,Exports,Million bushels,393.414,9993176.96446608
2002,Quarterly,Marketing year Q4 Jun-Aug,Exports,Million bushels,410.858,10436275.02139376
2002,Annual,Marketing year Sep-Aug,Exports,Million bushels,1587.887,40334191.94684263
2003,Quarterly,Marketing year Q1 Sep-Nov,Exports,Million bushels,469.549,11927095.24950328
2003,Quarterly,Marketing year Q2 Dec-Feb,Exports,Million bushels,505.892,12850250.069666239
2003,Quarterly,Marketing year Q3 Mar-May,Exports,Million bushels,464.894,11808852.79049168
2003,Quarterly,Marketing year Q4 Jun-Aug,Exports,Million bushels,459.482,11671381.64373104
2003,Annual,Marketing year Sep-Aug,Exports,Million bushels,1899.817,48257579.753392234
2004,Quarterly,Marketing year Q1 Sep-Nov,Exports,Million bushels,498.89,12672391.0582808
2004,Quarterly,Marketing year Q2 Dec-Feb,Exports,Million bushels,439.208,11156398.26800576
2004,Quarterly,Marketing year Q3 Mar-May,Exports,Million bushels,428.413,10882192.60849336
2004,Quarterly,Marketing year Q4 Jun-Aug,Exports,Million bushels,451.545,11469772.5358524
2004,Annual,Marketing year Sep-Aug,Exports,Million bushels,1818.056,46180754.47063232
2005,Quarterly,Marketing year Q1 Sep-Nov,Exports,Million bushels,477.329,12124716.373264879
2005,Quarterly,Marketing year Q2 Dec-Feb,Exports,Million bushels,474.243,12046328.35425096
2005,Quarterly,Marketing year Q3 Mar-May,Exports,Million bushels,562.376,14285009.90958272
2005,Quarterly,Marketing year Q4 Jun-Aug,Exports,Million bushels,619.863,15745247.12573736
2005,Annual,Marketing year Sep-Aug,Exports,Million bushels,2133.811,54201301.76283592
2006,Quarterly,Marketing year Q1 Sep-Nov,Exports,Million bushels,595.939,15137549.469584078
2006,Quarterly,Marketing year Q2 Dec-Feb,Exports,Million bushels,512.994,13030649.19832368
2006,Quarterly,Marketing year Q3 Mar-May,Exports,Million bushels,495.269,12580413.411861679
2006,Quarterly,Marketing year Q4 Jun-Aug,Exports,Million bushels,521.167,13238252.98296424
2006,Annual,Marketing year Sep-Aug,Exports,Million bushels,2125.369,53986865.06273368
2007,Quarterly,Marketing year Q1 Sep-Nov,Exports,Million bushels,693.159,17607051.48142248
2007,Quarterly,Marketing year Q2 Dec-Feb,Exports,Million bushels,642.106,16310245.410548318
2007,Quarterly,Marketing year Q3 Mar-May,Exports,Million bushels,583.427,14819729.996511439
2007,Quarterly,Marketing year Q4 Jun-Aug,Exports,Million bushels,518.71,13175842.3015912
2007,Annual,Marketing year Sep-Aug,Exports,Million bushels,2437.402,61912869.19007344
2008,Quarterly,Marketing year Q1 Sep-Nov,Exports,Million bushels,448.788,11399741.502663359
2008,Quarterly,Marketing year Q2 Dec-Feb,Exports,Million bushels,370.935,9422184.0028932
2008,Quarterly,Marketing year Q3 Mar-May,Exports,Million bushels,492.994,12522625.74392368
2008,Quarterly,Marketing year Q4 Jun-Aug,Exports,Million bushels,536.23,13620870.8476456
2008,Annual,Marketing year Sep-Aug,Exports,Million bushels,1848.947,46965422.097125836
2009,Quarterly,Marketing year Q1 Sep-Nov,Exports,Million bushels,466.881,11859324.92068632
2009,Quarterly,Marketing year Q2 Dec-Feb,Exports,Million bushels,421.511,10706873.71437992
2009,Quarterly,Marketing year Q3 Mar-May,Exports,Million bushels,548.653,13936429.61634616
2009,Quarterly,Marketing year Q4 Jun-Aug,Exports,Million bushels,541.981,13766952.991958318
2009,Annual,Marketing year Sep-Aug,Exports,Million bushels,1979.026,50269581.24337072
2010,Quarterly,Marketing year Q1 Sep-Nov,Exports,Million bushels,451.904,11478891.556858879
2010,Quarterly,Marketing year Q2 Dec-Feb,Exports,Million bushels,402.881,10233649.86660632
2010,Quarterly,Marketing year Q3 Mar-May,Exports,Million bushels,510.176,12959068.69359872
2010,Quarterly,Marketing year Q4 Jun-Aug,Exports,Million bushels,465.964,11836032.04530208
2010,Annual,Marketing year Sep-Aug,Exports,Million bushels,1830.925,46507642.162365995
2011,Quarterly,Marketing year Q1 Sep-Nov,Exports,Million bushels,406.202,10318007.16120944
2011,Quarterly,Marketing year Q2 Dec-Feb,Exports,Million bushels,444.135,11281549.8459972
2011,Quarterly,Marketing year Q3 Mar-May,Exports,Million bushels,397.925,10107761.654606
2011,Quarterly,Marketing year Q4 Jun-Aug,Exports,Million bushels,290.895,7389074.138384399
2011,Annual,Marketing year Sep-Aug,Exports,Million bushels,1539.157,39096392.800197035
2012,Quarterly,Marketing year Q1 Sep-Nov,Exports,Million bushels,220.872,5610407.82101184
2012,Quarterly,Marketing year Q2 Dec-Feb,Exports,Million bushels,161.058,4091062.0759377596
2012,Quarterly,Marketing year Q3 Mar-May,Exports,Million bushels,185.849,4720782.548839279
2012,Quarterly,Marketing year Q4 Jun-Aug,Exports,Million bushels,162.309,4122838.9430104797
2012,Annual,Marketing year Sep-Aug,Exports,Million bushels,730.088,18545091.38879936
2013,Quarterly,Marketing year Q1 Sep-Nov,Exports,Million bushels,350.258,8896963.954561759
2013,Quarterly,Marketing year Q2 Dec-Feb,Exports,Million bushels,389.806,9901529.53329232
2013,Quarterly,Marketing year Q3 Mar-May,Exports,Million bushels,636.244,16161343.73606368
2013,Quarterly,Marketing year Q4 Jun-Aug,Exports,Million bushels,544.475,13830303.516722
2013,Annual,Marketing year Sep-Aug,Exports,Million bushels,1920.783,48790140.74063975
2014,Quarterly,Marketing year Q1 Sep-Nov,Exports,Million bushels,401.222,10191509.321063839
2014,Quarterly,Marketing year Q2 Dec-Feb,Exports,Million bushels,400.078,10162450.379472159
2014,Quarterly,Marketing year Q3 Mar-May,Exports,Million bushels,539.788,13711248.22018336
2014,Quarterly,Marketing year Q4 Jun-Aug,Exports,Million bushels,525.794,13355784.209139679
2014,Annual,Marketing year Sep-Aug,Exports,Million bushels,1866.882,47420992.12985904
2015,Quarterly,Marketing year Q1 Sep-Nov,Exports,Million bushels,301.19,7650579.2115368
2015,Quarterly,Marketing year Q2 Dec-Feb,Exports,Million bushels,341.226,8667540.562554719
2015,Quarterly,Marketing year Q3 Mar-May,Exports,Million bushels,562.653,14292046.03442616
2015,Quarterly,Marketing year Q4 Jun-Aug,Exports,Million bushels,693.565,17617364.3575468
2015,Annual,Marketing year Sep-Aug,Exports,Million bushels,1898.634,48227530.16606448
2016,Quarterly,Marketing year Q1 Sep-Nov,Exports,Million bushels,548.129,13923119.40184088
2016,Quarterly,Marketing year Q2 Dec-Feb,Exports,Million bushels,538.626,13681732.05748272
2016,Quarterly,Marketing year Q3 Mar-May,Exports,Million bushels,687.368,17459953.29020096
2016,Quarterly,Marketing year Q4 Jun-Aug,Exports,Million bushels,521.565,13248362.649706801
2016,Annual,Marketing year Sep-Aug,Exports,Million bushels,2295.688,58313167.39923136
2017,Quarterly,Marketing year Q1 Sep-Nov,Exports,Million bushels,348.56,8853832.763283199
2017,Quarterly,Marketing year Q2 Dec-Feb,Exports,Million bushels,446.585,11343782.7191612
2017,Quarterly,Marketing year Q3 Mar-May,Exports,Million bushels,862.09,21898096.9901848
2017,Quarterly,Marketing year Q4 Jun-Aug,Exports,Million bushels,779.879,19809841.17970088
2017,Annual,Marketing year Sep-Aug,Exports,Million bushels,2437.114,61905553.65233008
2018,Quarterly,Marketing year Q1 Sep-Nov,Exports,Million bushels,632.088,16055776.462239359
2018,Quarterly,Marketing year Q2 Dec-Feb,Exports,Million bushels,499.701,12692991.40935672
2018,Quarterly,Marketing year Q3 Mar-May,Exports,Million bushels,586.252,14891488.309445439
2018,Quarterly,Marketing year Q4 Jun-Aug,Exports,Million bushels,350.301,8898056.20498872
2018,Annual,Marketing year Sep-Aug,Exports,Million bushels,2068.342,52538312.38603024
2019,Quarterly,Marketing year Q1 Sep-Nov,Exports,Million bushels,270.886,6880822.073429921
2019,Quarterly,Marketing year Q2 Dec-Feb,Exports,Million bushels,353.496,8979212.951829119
2019,Quarterly,Marketing year Q3 Mar-May,Exports,Million bushels,603.712,15334992.785136638
2019,Quarterly,Marketing year Q4 Jun-Aug,Exports,Million bushels,550.382,13980348.243979039
2019,Annual,Marketing year Sep-Aug,Exports,Million bushels,1778.476,45175376.05437472
2020,Quarterly,Marketing year Q1 Sep-Nov,Exports,Million bushels,448.85,11401316.375372
2020,Quarterly,Marketing year Q2 Dec-Feb,Exports,Million bushels,674.481,17132608.377358317
2020,Quarterly,Marketing year Q3 Mar-May,Exports,Million bushels,1028.797,26132650.29081784
2020,Quarterly,Marketing year Q4 Jun-Aug,Exports,Million bushels,594.809,15108846.144410478
2020,Annual,Marketing year Sep-Aug,Exports,Million bushels,2746.937,69775421.18795863
2021,Quarterly,Marketing year Q1 Sep-Nov,Exports,Million bushels,430.753,10941631.352658158
2021,Quarterly,Marketing year Q2 Dec-Feb,Exports,Million bushels,664.441,16877580.60324952
2021,Quarterly,Marketing year Q3 Mar-May,Exports,Million bushels,853.619,21682923.65607368
2021,Quarterly,Marketing year Q4 Jun-Aug,Exports,Million bushels,523.586,13299698.41977392
2021,Annual,Marketing year Sep-Aug,Exports,Million bushels,2472.399,62801834.031755276
2022,Quarterly,Marketing year Q1 Sep-Nov,Exports,Million bushels,282.961,7187541.23402392
2022,Quarterly,Marketing year Q2 Dec-Feb,Exports,Million bushels,400.102,10163060.007617438
2022,Quarterly,Marketing year Q3 Mar-May,Exports,Million bushels,631.861,16050010.396031918
2022,Quarterly,Marketing year Q4 Jun-Aug,Exports,Million bushels,346.987,8813876.71859464
2022,Annual,Marketing year Sep-Aug,Exports,Million bushels,1661.911,42214488.35626792
2023,Quarterly,Marketing year Q1 Sep-Nov,Exports,Million bushels,368.933,9371330.85510776
2023,Quarterly,Marketing year Q2 Dec-Feb,Exports,Million bushels,545.028,13844350.36523616
2023,Quarterly,Marketing year Q3 Mar-May,Exports,Million bushels,719.066,18265119.66307952
2023,Quarterly,Marketing year Q4 Jun-Aug,Exports,Million bushels,621.793,15794271.38908696
2023,Annual,Marketing year Sep-Aug,Exports,Million bushels,2254.82,57275072.2725104
2024,Quarterly,Marketing year Q1 Sep-Nov,Exports,Million bushels,519.264,13189914.551278079
2024,Quarterly,Marketing year Q2 Dec-Feb,Exports,Million bushels,693.643,17619345.64901896
2024,Quarterly,Marketing year Q3 Mar-May,Exports,Million bushels,892.671,22674890.25313512
2024,Quarterly,Marketing year Q4 Jun-Aug,Exports,Million bushels,766.957,19481607.22581304
2024,Annual,Marketing year Sep-Aug,Exports,Million bushels,2872.535,72965757.67924519
2025,Quarterly,Marketing year Q1 Sep-Nov,Exports,Million bushels,827.325,21015025.220574
2025,Quarterly,Marketing year Q2 Dec-Feb,Exports,Million bushels,804.419,20433185.958249677
2025,Quarterly,Marketing year Q3 Mar-May,Exports,Million bushels,898.483,22822521.868983757
2025,Annual,Marketing year Sep-Aug,Exports,Million bushels,3425.0,86999016.566
2026,Annual,Marketing year Sep-Aug,Exports,Million bushels,3275.0,83188840.65799999
1975,Quarterly,Marketing year Q1 Sep-Nov,Feed and residual use,Million bushels,927.673,23563982.10068056
1975,Quarterly,Marketing year Q2 Dec-Feb,Feed and residual use,Million bushels,1060.361,26934412.90655192
1975,Quarterly,Marketing year Q3 Mar-May,Feed and residual use,Million bushels,912.515,23178951.1245908
1975,Quarterly,Marketing year Q4 Jun-Aug,Feed and residual use,Million bushels,681.211,17303558.26976392
1975,Annual,Marketing year Sep-Aug,Feed and residual use,Million bushels,3581.76,90980904.4015872
1976,Quarterly,Marketing year Q1 Sep-Nov,Feed and residual use,Million bushels,936.572,23790027.13671584
1976,Quarterly,Marketing year Q2 Dec-Feb,Feed and residual use,Million bushels,1038.892,26389075.12942624
1976,Quarterly,Marketing year Q3 Mar-May,Feed and residual use,Million bushels,899.836,22856889.655673917
1976,Quarterly,Marketing year Q4 Jun-Aug,Feed and residual use,Million bushels,726.581,18456009.47607032
1976,Annual,Marketing year Sep-Aug,Feed and residual use,Million bushels,3601.881,91492001.3978863
1977,Quarterly,Marketing year Q1 Sep-Nov,Feed and residual use,Million bushels,1016.577,25822247.960179437
1977,Quarterly,Marketing year Q2 Dec-Feb,Feed and residual use,Million bushels,1069.293,27161296.181286957
1977,Quarterly,Marketing year Q3 Mar-May,Feed and residual use,Million bushels,939.432,23862674.49069504
1977,Quarterly,Marketing year Q4 Jun-Aug,Feed and residual use,Million bushels,704.441,17893627.51204952
1977,Annual,Marketing year Sep-Aug,Feed and residual use,Million bushels,3729.743,94739846.14421095
1978,Quarterly,Marketing year Q1 Sep-Nov,Feed and residual use,Million bushels,1160.223,29471024.816716556
1978,Quarterly,Marketing year Q2 Dec-Feb,Feed and residual use,Million bushels,1228.996,31217939.66818912
1978,Quarterly,Marketing year Q3 Mar-May,Feed and residual use,Million bushels,1136.449,28867137.336471282
1978,Quarterly,Marketing year Q4 Jun-Aug,Feed and residual use,Million bushels,748.694,19017705.608427677
1978,Annual,Marketing year Sep-Aug,Feed and residual use,Million bushels,4274.362,108573807.42980464
1979,Quarterly,Marketing year Q1 Sep-Nov,Feed and residual use,Million bushels,1270.98,32284382.5036656
1979,Quarterly,Marketing year Q2 Dec-Feb,Feed and residual use,Million bushels,1299.23,33001965.6330056
1979,Quarterly,Marketing year Q3 Mar-May,Feed and residual use,Million bushels,1149.527,29199333.87330344
1979,Quarterly,Marketing year Q4 Jun-Aug,Feed and residual use,Million bushels,843.306,21420961.36181232
1979,Annual,Marketing year Sep-Aug,Feed and residual use,Million bushels,4563.043,115906643.37178695
1980,Quarterly,Marketing year Q1 Sep-Nov,Feed and residual use,Million bushels,1235.721,31388762.55473112
1980,Quarterly,Marketing year Q2 Dec-Feb,Feed and residual use,Million bushels,1142.829,29029196.818424877
1980,Quarterly,Marketing year Q3 Mar-May,Feed and residual use,Million bushels,1092.393,27748063.271118958
1980,Quarterly,Marketing year Q4 Jun-Aug,Feed and residual use,Million bushels,761.195,19335245.6686004
1980,Annual,Marketing year Sep-Aug,Feed and residual use,Million bushels,4232.138,107501268.31287535
1981,Quarterly,Marketing year Q1 Sep-Nov,Feed and residual use,Million bushels,1217.381,30922905.047046322
1981,Quarterly,Marketing year Q2 Dec-Feb,Feed and residual use,Million bushels,1199.236,30462000.76804192
1981,Quarterly,Marketing year Q3 Mar-May,Feed and residual use,Million bushels,1089.201,27666982.72779672
1981,Quarterly,Marketing year Q4 Jun-Aug,Feed and residual use,Million bushels,738.727,18764532.11992744
1981,Annual,Marketing year Sep-Aug,Feed and residual use,Million bushels,4244.545,107816420.6628124
1982,Quarterly,Marketing year Q1 Sep-Nov,Feed and residual use,Million bushels,1215.012,30862729.668872636
1982,Quarterly,Marketing year Q2 Dec-Feb,Feed and residual use,Million bushels,1305.189,33153331.22124408
1982,Quarterly,Marketing year Q3 Mar-May,Feed and residual use,Million bushels,1272.274,32317251.621165276
1982,Quarterly,Marketing year Q4 Jun-Aug,Feed and residual use,Million bushels,780.77,19832473.624594398
1982,Annual,Marketing year Sep-Aug,Feed and residual use,Million bushels,4573.245,116165786.13587639
1983,Quarterly,Marketing year Q1 Sep-Nov,Feed and residual use,Million bushels,1325.275,33663539.176498
1983,Quarterly,Marketing year Q2 Dec-Feb,Feed and residual use,Million bushels,1068.82,27149281.426590398
1983,Quarterly,Marketing year Q3 Mar-May,Feed and residual use,Million bushels,954.487,24245089.145994637
1983,Quarterly,Marketing year Q4 Jun-Aug,Feed and residual use,Million bushels,527.68,13403690.820889598
1983,Annual,Marketing year Sep-Aug,Feed and residual use,Million bushels,3876.262,98461600.56997263
1984,Quarterly,Marketing year Q1 Sep-Nov,Feed and residual use,Million bushels,1300.708,33039508.56628576
1984,Quarterly,Marketing year Q2 Dec-Feb,Feed and residual use,Million bushels,1191.467,30264659.05718024
1984,Quarterly,Marketing year Q3 Mar-May,Feed and residual use,Million bushels,1019.422,25894514.29656784
1984,Quarterly,Marketing year Q4 Jun-Aug,Feed and residual use,Million bushels,602.915,15314748.050478797
1984,Annual,Marketing year Sep-Aug,Feed and residual use,Million bushels,4114.512,104513429.97051263
1985,Quarterly,Marketing year Q1 Sep-Nov,Feed and residual use,Million bushels,1218.713,30956739.409109358
1985,Quarterly,Marketing year Q2 Dec-Feb,Feed and residual use,Million bushels,1305.947,33172585.310165834
1985,Quarterly,Marketing year Q3 Mar-May,Feed and residual use,Million bushels,1090.542,27701045.700414237
1985,Quarterly,Marketing year Q4 Jun-Aug,Feed and residual use,Million bushels,498.995,12675058.1814164
1985,Annual,Marketing year Sep-Aug,Feed and residual use,Million bushels,4114.197,104505428.60110584
1986,Quarterly,Marketing year Q1 Sep-Nov,Feed and residual use,Million bushels,1347.813,34236030.80726136
1986,Quarterly,Marketing year Q2 Dec-Feb,Feed and residual use,Million bushels,1463.15,37165725.865268
1986,Quarterly,Marketing year Q3 Mar-May,Feed and residual use,Million bushels,1087.691,27628626.95698952
1986,Quarterly,Marketing year Q4 Jun-Aug,Feed and residual use,Million bushels,760.813,19325542.420621358
1986,Annual,Marketing year Sep-Aug,Feed and residual use,Million bushels,4659.467,118355926.05014023
1987,Quarterly,Marketing year Q1 Sep-Nov,Feed and residual use,Million bushels,1550.856,39393561.11984832
1987,Quarterly,Marketing year Q2 Dec-Feb,Feed and residual use,Million bushels,1443.791,36673984.56258152
1987,Quarterly,Marketing year Q3 Mar-May,Feed and residual use,Million bushels,951.23,24162357.526445597
1987,Quarterly,Marketing year Q4 Jun-Aug,Feed and residual use,Million bushels,843.367,21422510.833348237
1987,Annual,Marketing year Sep-Aug,Feed and residual use,Million bushels,4789.244,121652414.04222366
1988,Quarterly,Marketing year Q1 Sep-Nov,Feed and residual use,Million bushels,1343.769,34133308.46478168
1988,Quarterly,Marketing year Q2 Dec-Feb,Feed and residual use,Million bushels,1064.258,27033401.27664176
1988,Quarterly,Marketing year Q3 Mar-May,Feed and residual use,Million bushels,841.289,21369727.196436077
1988,Quarterly,Marketing year Q4 Jun-Aug,Feed and residual use,Million bushels,684.594,17389490.437075682
1988,Annual,Marketing year Sep-Aug,Feed and residual use,Million bushels,3933.91,99925927.3749352
1989,Quarterly,Marketing year Q1 Sep-Nov,Feed and residual use,Million bushels,1486.722,37764482.308623835
1989,Quarterly,Marketing year Q2 Dec-Feb,Feed and residual use,Million bushels,1275.564,32400821.47941408
1989,Quarterly,Marketing year Q3 Mar-May,Feed and residual use,Million bushels,993.064,25224990.18601408
1989,Quarterly,Marketing year Q4 Jun-Aug,Feed and residual use,Million bushels,627.134,15929939.052584479
1989,Annual,Marketing year Sep-Aug,Feed and residual use,Million bushels,4382.484,111320233.02663648
1990,Quarterly,Marketing year Q1 Sep-Nov,Feed and residual use,Million bushels,1618.744,41117995.93346368
1990,Quarterly,Marketing year Q2 Dec-Feb,Feed and residual use,Million bushels,1351.049,34318229.00218328
1990,Quarterly,Marketing year Q3 Mar-May,Feed and residual use,Million bushels,960.025,24385760.840517998
1990,Quarterly,Marketing year Q4 Jun-Aug,Feed and residual use,Million bushels,679.089,17249656.98125208
1990,Annual,Marketing year Sep-Aug,Feed and residual use,Million bushels,4608.907,117071642.75741704
1991,Quarterly,Marketing year Q1 Sep-Nov,Feed and residual use,Million bushels,1673.65,42512672.722828
1991,Quarterly,Marketing year Q2 Dec-Feb,Feed and residual use,Million bushels,1266.825,32178840.631014
1991,Quarterly,Marketing year Q3 Mar-May,Feed and residual use,Million bushels,1041.847,26464135.59481384
1991,Quarterly,Marketing year Q4 Jun-Aug,Feed and residual use,Million bushels,815.591,20716967.85987752
1991,Annual,Marketing year Sep-Aug,Feed and residual use,Million bushels,4797.913,121872616.80853334
1992,Quarterly,Marketing year Q1 Sep-Nov,Feed and residual use,Million bushels,1814.316,46085754.08465952
1992,Quarterly,Marketing year Q2 Dec-Feb,Feed and residual use,Million bushels,1401.098,35589532.295646556
1992,Quarterly,Marketing year Q3 Mar-May,Feed and residual use,Million bushels,1145.764,29103749.260358077
1992,Quarterly,Marketing year Q4 Jun-Aug,Feed and residual use,Million bushels,890.911,22630184.189147916
1992,Annual,Marketing year Sep-Aug,Feed and residual use,Million bushels,5252.089,133409219.82981206
1993,Quarterly,Marketing year Q1 Sep-Nov,Feed and residual use,Million bushels,1701.179,43211941.60663688
1993,Quarterly,Marketing year Q2 Dec-Feb,Feed and residual use,Million bushels,1239.916,31495320.47429152
1993,Quarterly,Marketing year Q3 Mar-May,Feed and residual use,Million bushels,949.507,24118591.305849038
1993,Quarterly,Marketing year Q4 Jun-Aug,Feed and residual use,Million bushels,789.248,20047824.76691456
1993,Annual,Marketing year Sep-Aug,Feed and residual use,Million bushels,4679.85,118873678.153692
1994,Quarterly,Marketing year Q1 Sep-Nov,Feed and residual use,Million bushels,1962.546,49850969.91694512
1994,Quarterly,Marketing year Q2 Dec-Feb,Feed and residual use,Million bushels,1491.634,37889252.86902448
1994,Quarterly,Marketing year Q3 Mar-May,Feed and residual use,Million bushels,1159.076,29441889.67160672
1994,Quarterly,Marketing year Q4 Jun-Aug,Feed and residual use,Million bushels,846.405,21499679.596071597
1994,Annual,Marketing year Sep-Aug,Feed and residual use,Million bushels,5459.661,138681792.0536479
1995,Quarterly,Marketing year Q1 Sep-Nov,Feed and residual use,Million bushels,1778.124,45166434.84157728
1995,Quarterly,Marketing year Q2 Dec-Feb,Feed and residual use,Million bushels,1343.51,34126729.5610472
1995,Quarterly,Marketing year Q3 Mar-May,Feed and residual use,Million bushels,1042.448,26479401.69961856
1995,Quarterly,Marketing year Q4 Jun-Aug,Feed and residual use,Million bushels,526.648,13377476.81064256
1995,Annual,Marketing year Sep-Aug,Feed and residual use,Million bushels,4690.73,119150042.91288558
1996,Quarterly,Marketing year Q1 Sep-Nov,Feed and residual use,Million bushels,1884.507,47868687.79904904
1996,Quarterly,Marketing year Q2 Dec-Feb,Feed and residual use,Million bushels,1486.177,37750638.66949143
1996,Quarterly,Marketing year Q3 Mar-May,Feed and residual use,Million bushels,1095.467,27826146.47606024
1996,Quarterly,Marketing year Q4 Jun-Aug,Feed and residual use,Million bushels,808.882,20546551.392099038
1996,Annual,Marketing year Sep-Aug,Feed and residual use,Million bushels,5275.033,133992024.33669977
1997,Quarterly,Marketing year Q1 Sep-Nov,Feed and residual use,Million bushels,2026.623,51478600.861324556
1997,Quarterly,Marketing year Q2 Dec-Feb,Feed and residual use,Million bushels,1494.932,37973025.93665504
1997,Quarterly,Marketing year Q3 Mar-May,Feed and residual use,Million bushels,1071.71,27222690.8157512
1997,Quarterly,Marketing year Q4 Jun-Aug,Feed and residual use,Million bushels,854.577,21707257.97953944
1997,Annual,Marketing year Sep-Aug,Feed and residual use,Million bushels,5447.842,138381575.5932702
1998,Quarterly,Marketing year Q1 Sep-Nov,Feed and residual use,Million bushels,2118.172,53804052.82266784
1998,Quarterly,Marketing year Q2 Dec-Feb,Feed and residual use,Million bushels,1453.003,36907980.16567816
1998,Quarterly,Marketing year Q3 Mar-May,Feed and residual use,Million bushels,1089.276,27668887.81575072
1998,Quarterly,Marketing year Q4 Jun-Aug,Feed and residual use,Million bushels,789.361,20050695.099431917
1998,Annual,Marketing year Sep-Aug,Feed and residual use,Million bushels,5449.812,138431615.90352863
1999,Quarterly,Marketing year Q1 Sep-Nov,Feed and residual use,Million bushels,2183.032,55451572.88528704
1999,Quarterly,Marketing year Q2 Dec-Feb,Feed and residual use,Million bushels,1521.742,38654031.37727824
1999,Quarterly,Marketing year Q3 Mar-May,Feed and residual use,Million bushels,1047.31,26602902.201383196
1999,Quarterly,Marketing year Q4 Jun-Aug,Feed and residual use,Million bushels,887.788,22550856.32674336
1999,Annual,Marketing year Sep-Aug,Feed and residual use,Million bushels,5639.872,143259362.79069185
2000,Quarterly,Marketing year Q1 Sep-Nov,Feed and residual use,Million bushels,2125.163,53981632.42115336
2000,Quarterly,Marketing year Q2 Dec-Feb,Feed and residual use,Million bushels,1601.966,40691815.057567514
2000,Quarterly,Marketing year Q3 Mar-May,Feed and residual use,Million bushels,1144.723,29077306.639556557
2000,Quarterly,Marketing year Q4 Jun-Aug,Feed and residual use,Million bushels,947.05,24056180.624475997
2000,Annual,Marketing year Sep-Aug,Feed and residual use,Million bushels,5818.902,147806934.74275345
2001,Quarterly,Marketing year Q1 Sep-Nov,Feed and residual use,Million bushels,2194.268,55736980.46196896
2001,Quarterly,Marketing year Q2 Dec-Feb,Feed and residual use,Million bushels,1537.61,39057097.18599919
2001,Quarterly,Marketing year Q3 Mar-May,Feed and residual use,Million bushels,1159.633,29456038.12481176
2001,Quarterly,Marketing year Q4 Jun-Aug,Feed and residual use,Million bushels,953.684,24224692.00430048
2001,Annual,Marketing year Sep-Aug,Feed and residual use,Million bushels,5845.195,148474807.7770804
2002,Quarterly,Marketing year Q1 Sep-Nov,Feed and residual use,Million bushels,1982.563,50359425.19128136
2002,Quarterly,Marketing year Q2 Dec-Feb,Feed and residual use,Million bushels,1554.296,39480941.15400512
2002,Quarterly,Marketing year Q3 Mar-May,Feed and residual use,Million bushels,1133.64,28795785.4423008
2002,Quarterly,Marketing year Q4 Jun-Aug,Feed and residual use,Million bushels,874.037,22201564.80067064
2002,Annual,Marketing year Sep-Aug,Feed and residual use,Million bushels,5544.536,140837716.5882579
2003,Quarterly,Marketing year Q1 Sep-Nov,Feed and residual use,Million bushels,2160.484,54878827.24279647
2003,Quarterly,Marketing year Q2 Dec-Feb,Feed and residual use,Million bushels,1569.345,39863203.4022684
2003,Quarterly,Marketing year Q3 Mar-May,Feed and residual use,Million bushels,1159.002,29440009.984825436
2003,Quarterly,Marketing year Q4 Jun-Aug,Feed and residual use,Million bushels,888.808,22576765.52291776
2003,Annual,Marketing year Sep-Aug,Feed and residual use,Million bushels,5777.639,146758806.15280807
2004,Quarterly,Marketing year Q1 Sep-Nov,Feed and residual use,Million bushels,2168.659,55086481.82978248
2004,Quarterly,Marketing year Q2 Dec-Feb,Feed and residual use,Million bushels,1618.961,41123507.98794392
2004,Quarterly,Marketing year Q3 Mar-May,Feed and residual use,Million bushels,1301.264,33053631.618318077
2004,Quarterly,Marketing year Q4 Jun-Aug,Feed and residual use,Million bushels,1042.765,26487453.8713708
2004,Annual,Marketing year Sep-Aug,Feed and residual use,Million bushels,6131.649,155751075.30741528
2005,Quarterly,Marketing year Q1 Sep-Nov,Feed and residual use,Million bushels,2229.923,56642659.275300555
2005,Quarterly,Marketing year Q2 Dec-Feb,Feed and residual use,Million bushels,1639.028,41633233.32091616
2005,Quarterly,Marketing year Q3 Mar-May,Feed and residual use,Million bushels,1279.491,32500571.884685516
2005,Quarterly,Marketing year Q4 Jun-Aug,Feed and residual use,Million bushels,962.87,24458027.1769064
2005,Annual,Marketing year Sep-Aug,Feed and residual use,Million bushels,6111.312,155234491.65780863
2006,Quarterly,Marketing year Q1 Sep-Nov,Feed and residual use,Million bushels,2159.36,54850276.3246592
2006,Quarterly,Marketing year Q2 Dec-Feb,Feed and residual use,Million bushels,1521.752,38654285.38900544
2006,Quarterly,Marketing year Q3 Mar-May,Feed and residual use,Million bushels,1108.372,28153948.610011842
2006,Quarterly,Marketing year Q4 Jun-Aug,Feed and residual use,Million bushels,745.844,18945312.26617568
2006,Annual,Marketing year Sep-Aug,Feed and residual use,Million bushels,5535.328,140603822.58985215
2007,Quarterly,Marketing year Q1 Sep-Nov,Feed and residual use,Million bushels,2386.76,60626503.001187205
2007,Quarterly,Marketing year Q2 Dec-Feb,Feed and residual use,Million bushels,1734.113,44048503.82899736
2007,Quarterly,Marketing year Q3 Mar-May,Feed and residual use,Million bushels,1064.353,27035814.38805016
2007,Quarterly,Marketing year Q4 Jun-Aug,Feed and residual use,Million bushels,667.803,16962979.34593416
2007,Annual,Marketing year Sep-Aug,Feed and residual use,Million bushels,5853.029,148673800.56416887
2008,Quarterly,Marketing year Q1 Sep-Nov,Feed and residual use,Million bushels,1930.03,49025025.3847816
2008,Quarterly,Marketing year Q2 Dec-Feb,Feed and residual use,Million bushels,1572.89,39953250.5595608
2008,Quarterly,Marketing year Q3 Mar-May,Feed and residual use,Million bushels,941.928,23926075.817804158
2008,Quarterly,Marketing year Q4 Jun-Aug,Feed and residual use,Million bushels,683.279,17356087.894948877
2008,Annual,Marketing year Sep-Aug,Feed and residual use,Million bushels,5128.127,130260439.65709545
2009,Quarterly,Marketing year Q1 Sep-Nov,Feed and residual use,Million bushels,1990.077,50550289.603099436
2009,Quarterly,Marketing year Q2 Dec-Feb,Feed and residual use,Million bushels,1341.241,34069094.300145514
2009,Quarterly,Marketing year Q3 Mar-May,Feed and residual use,Million bushels,1268.128,32211938.359068155
2009,Quarterly,Marketing year Q4 Jun-Aug,Feed and residual use,Million bushels,496.13,12602283.821573598
2009,Annual,Marketing year Sep-Aug,Feed and residual use,Million bushels,5095.576,129433606.08388671
2010,Quarterly,Marketing year Q1 Sep-Nov,Feed and residual use,Million bushels,2047.327,52004506.74131944
2010,Quarterly,Marketing year Q2 Dec-Feb,Feed and residual use,Million bushels,1562.416,39687198.676491514
2010,Quarterly,Marketing year Q3 Mar-May,Feed and residual use,Million bushels,709.088,18011666.76167936
2010,Quarterly,Marketing year Q4 Jun-Aug,Feed and residual use,Million bushels,451.287,11463219.03329064
2010,Annual,Marketing year Sep-Aug,Feed and residual use,Million bushels,4770.118,121166591.21278097
2011,Quarterly,Marketing year Q1 Sep-Nov,Feed and residual use,Million bushels,1781.86,45261333.622859195
2011,Quarterly,Marketing year Q2 Dec-Feb,Feed and residual use,Million bushels,1546.195,39275166.2538004
2011,Quarterly,Marketing year Q3 Mar-May,Feed and residual use,Million bushels,857.408,21779168.69950976
2011,Quarterly,Marketing year Q4 Jun-Aug,Feed and residual use,Million bushels,326.606,8296175.417388319
2011,Annual,Marketing year Sep-Aug,Feed and residual use,Million bushels,4512.069,114611843.99355769
2012,Quarterly,Marketing year Q1 Sep-Nov,Feed and residual use,Million bushels,2059.698,52318744.64903855
2012,Quarterly,Marketing year Q2 Dec-Feb,Feed and residual use,Million bushels,1087.335,27619584.1395012
2012,Quarterly,Marketing year Q3 Mar-May,Feed and residual use,Million bushels,914.64,23232928.616620798
2012,Quarterly,Marketing year Q4 Jun-Aug,Feed and residual use,Million bushels,246.966,6273226.02196752
2012,Annual,Marketing year Sep-Aug,Feed and residual use,Million bushels,4308.639,109444483.42712808
2013,Quarterly,Marketing year Q1 Sep-Nov,Feed and residual use,Million bushels,2313.517,58766044.90765623
2013,Quarterly,Marketing year Q2 Dec-Feb,Feed and residual use,Million bushels,1457.983,37034478.005823754
2013,Quarterly,Marketing year Q3 Mar-May,Feed and residual use,Million bushels,846.908,21512456.38594976
2013,Quarterly,Marketing year Q4 Jun-Aug,Feed and residual use,Million bushels,385.769,9798984.99902168
2013,Annual,Marketing year Sep-Aug,Feed and residual use,Million bushels,5004.177,127111964.29845142
2014,Quarterly,Marketing year Q1 Sep-Nov,Feed and residual use,Million bushels,2226.897,56565795.32664984
2014,Quarterly,Marketing year Q2 Dec-Feb,Feed and residual use,Million bushels,1445.998,36730044.95077456
2014,Quarterly,Marketing year Q3 Mar-May,Feed and residual use,Million bushels,1094.289,27796223.894596078
2014,Quarterly,Marketing year Q4 Jun-Aug,Feed and residual use,Million bushels,520.256,13215112.514616318
2014,Annual,Marketing year Sep-Aug,Feed and residual use,Million bushels,5287.44,134307176.68663678
2015,Quarterly,Marketing year Q1 Sep-Nov,Feed and residual use,Million bushels,2178.498,55336403.96817456
2015,Quarterly,Marketing year Q2 Dec-Feb,Feed and residual use,Million bushels,1437.843,36522898.38724296
2015,Quarterly,Marketing year Q3 Mar-May,Feed and residual use,Million bushels,914.201,23221777.50179672
2015,Quarterly,Marketing year Q4 Jun-Aug,Feed and residual use,Million bushels,587.312,14918413.55252864
2015,Annual,Marketing year Sep-Aug,Feed and residual use,Million bushels,5117.854,129999493.40974288
2016,Quarterly,Marketing year Q1 Sep-Nov,Feed and residual use,Million bushels,2278.852,57885513.255317435
2016,Quarterly,Marketing year Q2 Dec-Feb,Feed and residual use,Million bushels,1523.15,38689796.228468
2016,Quarterly,Marketing year Q3 Mar-May,Feed and residual use,Million bushels,981.553,24932597.286834158
2016,Quarterly,Marketing year Q4 Jun-Aug,Feed and residual use,Million bushels,684.395,17384435.6037044
2016,Annual,Marketing year Sep-Aug,Feed and residual use,Million bushels,5467.95,138892342.374324
2017,Quarterly,Marketing year Q1 Sep-Nov,Feed and residual use,Million bushels,2255.702,57297476.10684944
2017,Quarterly,Marketing year Q2 Dec-Feb,Feed and residual use,Million bushels,1497.382,38035258.80981904
2017,Quarterly,Marketing year Q3 Mar-May,Feed and residual use,Million bushels,951.411,24166955.138707917
2017,Quarterly,Marketing year Q4 Jun-Aug,Feed and residual use,Million bushels,600.103,15243319.952790158
2017,Annual,Marketing year Sep-Aug,Feed and residual use,Million bushels,5304.598,134743010.00816655
2018,Quarterly,Marketing year Q1 Sep-Nov,Feed and residual use,Million bushels,1839.249,46719081.52408728
2018,Quarterly,Marketing year Q2 Dec-Feb,Feed and residual use,Million bushels,1318.571,33493249.714583118
2018,Quarterly,Marketing year Q3 Mar-May,Feed and residual use,Million bushels,1179.37,29957381.070786394
2018,Quarterly,Marketing year Q4 Jun-Aug,Feed and residual use,Million bushels,1054.919,26796179.72460968
2018,Annual,Marketing year Sep-Aug,Feed and residual use,Million bushels,5392.109,136965892.03406647
2019,Quarterly,Marketing year Q1 Sep-Nov,Feed and residual use,Million bushels,2104.051,53445362.86268871
2019,Quarterly,Marketing year Q2 Dec-Feb,Feed and residual use,Million bushels,1463.011,37162195.10225992
2019,Quarterly,Marketing year Q3 Mar-May,Feed and residual use,Million bushels,1107.286,28126362.93643792
2019,Quarterly,Marketing year Q4 Jun-Aug,Feed and residual use,Million bushels,1104.031,28043682.119234316
2019,Annual,Marketing year Sep-Aug,Feed and residual use,Million bushels,5778.379,146777603.02062088
2020,Quarterly,Marketing year Q1 Sep-Nov,Feed and residual use,Million bushels,2218.541,56353543.12740152
2020,Quarterly,Marketing year Q2 Dec-Feb,Feed and residual use,Million bushels,1832.438,46546074.13669136
2020,Quarterly,Marketing year Q3 Mar-May,Feed and residual use,Million bushels,999.688,25393247.554111358
2020,Quarterly,Marketing year Q4 Jun-Aug,Feed and residual use,Million bushels,616.731,15665690.652778318
2020,Annual,Marketing year Sep-Aug,Feed and residual use,Million bushels,5667.398,143958555.47098255
2021,Quarterly,Marketing year Q1 Sep-Nov,Feed and residual use,Million bushels,2507.703,63698597.03346216
2021,Quarterly,Marketing year Q2 Dec-Feb,Feed and residual use,Million bushels,1534.356,38974441.769968316
2021,Quarterly,Marketing year Q3 Mar-May,Feed and residual use,Million bushels,850.76,21610301.703267198
2021,Quarterly,Marketing year Q4 Jun-Aug,Feed and residual use,Million bushels,777.686,19754136.40792592
2021,Annual,Marketing year Sep-Aug,Feed and residual use,Million bushels,5670.505,144037476.9146236
2022,Quarterly,Marketing year Q1 Sep-Nov,Feed and residual use,Million bushels,2310.291,58684100.72446152
2022,Quarterly,Marketing year Q2 Dec-Feb,Feed and residual use,Million bushels,1434.398,36435391.34722256
2022,Quarterly,Marketing year Q3 Mar-May,Feed and residual use,Million bushels,1006.754,25572732.24055088
2022,Quarterly,Marketing year Q4 Jun-Aug,Feed and residual use,Million bushels,734.456,18656043.711240318
2022,Annual,Marketing year Sep-Aug,Feed and residual use,Million bushels,5485.899,139348268.0234753
2023,Quarterly,Marketing year Q1 Sep-Nov,Feed and residual use,Million bushels,2488.908,63221181.99218976
2023,Quarterly,Marketing year Q2 Dec-Feb,Feed and residual use,Million bushels,1585.788,40280874.885303356
2023,Quarterly,Marketing year Q3 Mar-May,Feed and residual use,Million bushels,911.068,23142195.627664957
2023,Quarterly,Marketing year Q4 Jun-Aug,Feed and residual use,Million bushels,845.245,21470214.2357164
2023,Annual,Marketing year Sep-Aug,Feed and residual use,Million bushels,5831.009,148114466.74087447
2024,Quarterly,Marketing year Q1 Sep-Nov,Feed and residual use,Million bushels,2347.458,59628186.11094576
2024,Quarterly,Marketing year Q2 Dec-Feb,Feed and residual use,Million bushels,1549.484,39358710.71087647
2024,Quarterly,Marketing year Q3 Mar-May,Feed and residual use,Million bushels,918.147,23322010.52934984
2024,Quarterly,Marketing year Q4 Jun-Aug,Feed and residual use,Million bushels,622.42,15810197.924382398
2024,Annual,Marketing year Sep-Aug,Feed and residual use,Million bushels,5437.509,138119105.27555448
2025,Quarterly,Marketing year Q1 Sep-Nov,Feed and residual use,Million bushels,2747.729,69795538.91675287
2025,Quarterly,Marketing year Q2 Dec-Feb,Feed and residual use,Million bushels,1791.828,45514532.51253216
2025,Quarterly,Marketing year Q3 Mar-May,Feed and residual use,Million bushels,1092.481,27750298.57431832
2025,Annual,Marketing year Sep-Aug,Feed and residual use,Million bushels,6350.0,161297446.77199998
2026,Annual,Marketing year Sep-Aug,Feed and residual use,Million bushels,5950.0,151136977.684
1975,Quarterly,Marketing year Q1 Sep-Nov,"Food, alcohol, and industrial use",Million bushels,123.8,3144665.1827359996
1975,Quarterly,Marketing year Q2 Dec-Feb,"Food, alcohol, and industrial use",Million bushels,114.4,2905894.159168
1975,Quarterly,Marketing year Q3 Mar-May,"Food, alcohol, and industrial use",Million bushels,130.0,3302152.4535999997
1975,Quarterly,Marketing year Q4 Jun-Aug,"Food, alcohol, and industrial use",Million bushels,132.5,3365655.3854
1975,Annual,Marketing year Sep-Aug,"Food, alcohol, and industrial use",Million bushels,500.7,12718367.180904
1976,Quarterly,Marketing year Q1 Sep-Nov,"Food, alcohol, and industrial use",Million bushels,130.3,3309772.805416
1976,Quarterly,Marketing year Q2 Dec-Feb,"Food, alcohol, and industrial use",Million bushels,117.9,2994798.263688
1976,Quarterly,Marketing year Q3 Mar-May,"Food, alcohol, and industrial use",Million bushels,131.9,3350414.681768
1976,Quarterly,Marketing year Q4 Jun-Aug,"Food, alcohol, and industrial use",Million bushels,142.0,3606966.52624
1976,Annual,Marketing year Sep-Aug,"Food, alcohol, and industrial use",Million bushels,522.1,13261952.277112
1977,Quarterly,Marketing year Q1 Sep-Nov,"Food, alcohol, and industrial use",Million bushels,138.9,3528222.8908079998
1977,Quarterly,Marketing year Q2 Dec-Feb,"Food, alcohol, and industrial use",Million bushels,128.6,3266590.8117919997
1977,Quarterly,Marketing year Q3 Mar-May,"Food, alcohol, and industrial use",Million bushels,141.7,3599346.1744239996
1977,Quarterly,Marketing year Q4 Jun-Aug,"Food, alcohol, and industrial use",Million bushels,152.3,3868598.605256
1977,Annual,Marketing year Sep-Aug,"Food, alcohol, and industrial use",Million bushels,561.5,14262758.48228
1978,Quarterly,Marketing year Q1 Sep-Nov,"Food, alcohol, and industrial use",Million bushels,146.7,3726352.0380239994
1978,Quarterly,Marketing year Q2 Dec-Feb,"Food, alcohol, and industrial use",Million bushels,135.1,3431698.4344719998
1978,Quarterly,Marketing year Q3 Mar-May,"Food, alcohol, and industrial use",Million bushels,157.5,4000684.7034
1978,Quarterly,Marketing year Q4 Jun-Aug,"Food, alcohol, and industrial use",Million bushels,149.2,3789854.9698239993
1978,Annual,Marketing year Sep-Aug,"Food, alcohol, and industrial use",Million bushels,588.5,14948590.14572
1979,Quarterly,Marketing year Q1 Sep-Nov,"Food, alcohol, and industrial use",Million bushels,151.5,3848277.6670799996
1979,Quarterly,Marketing year Q2 Dec-Feb,"Food, alcohol, and industrial use",Million bushels,140.3,3563784.532616
1979,Quarterly,Marketing year Q3 Mar-May,"Food, alcohol, and industrial use",Million bushels,159.6,4054027.1661119997
1979,Quarterly,Marketing year Q4 Jun-Aug,"Food, alcohol, and industrial use",Million bushels,168.1,4269937.1342319995
1979,Annual,Marketing year Sep-Aug,"Food, alcohol, and industrial use",Million bushels,619.5,15736026.500039998
1980,Quarterly,Marketing year Q1 Sep-Nov,"Food, alcohol, and industrial use",Million bushels,154.5,3924481.18524
1980,Quarterly,Marketing year Q2 Dec-Feb,"Food, alcohol, and industrial use",Million bushels,144.7,3675549.6925839996
1980,Quarterly,Marketing year Q3 Mar-May,"Food, alcohol, and industrial use",Million bushels,166.4,4226755.140608
1980,Quarterly,Marketing year Q4 Jun-Aug,"Food, alcohol, and industrial use",Million bushels,173.4,4404563.349648
1980,Annual,Marketing year Sep-Aug,"Food, alcohol, and industrial use",Million bushels,639.0,16231349.36808
1981,Quarterly,Marketing year Q1 Sep-Nov,"Food, alcohol, and industrial use",Million bushels,173.3,4402023.232376
1981,Quarterly,Marketing year Q2 Dec-Feb,"Food, alcohol, and industrial use",Million bushels,165.4,4201353.9678879995
1981,Quarterly,Marketing year Q3 Mar-May,"Food, alcohol, and industrial use",Million bushels,185.3,4706837.305016
1981,Quarterly,Marketing year Q4 Jun-Aug,"Food, alcohol, and industrial use",Million bushels,190.0,4826222.8168
1981,Annual,Marketing year Sep-Aug,"Food, alcohol, and industrial use",Million bushels,714.0,18136437.322079998
1982,Quarterly,Marketing year Q1 Sep-Nov,"Food, alcohol, and industrial use",Million bushels,207.5,5270743.3394
1982,Quarterly,Marketing year Q2 Dec-Feb,"Food, alcohol, and industrial use",Million bushels,192.4,4887185.631328
1982,Quarterly,Marketing year Q3 Mar-May,"Food, alcohol, and industrial use",Million bushels,216.2,5491733.542063999
1982,Quarterly,Marketing year Q4 Jun-Aug,"Food, alcohol, and industrial use",Million bushels,223.9,5687322.572008
1982,Annual,Marketing year Sep-Aug,"Food, alcohol, and industrial use",Million bushels,840.0,21336985.084799998
1983,Quarterly,Marketing year Q1 Sep-Nov,"Food, alcohol, and industrial use",Million bushels,227.4,5776226.676528
1983,Quarterly,Marketing year Q2 Dec-Feb,"Food, alcohol, and industrial use",Million bushels,212.3,5392668.968456
1983,Quarterly,Marketing year Q3 Mar-May,"Food, alcohol, and industrial use",Million bushels,235.7,5987056.410103999
1983,Quarterly,Marketing year Q4 Jun-Aug,"Food, alcohol, and industrial use",Million bushels,235.6,5984516.292831999
1983,Annual,Marketing year Sep-Aug,"Food, alcohol, and industrial use",Million bushels,911.0,23140468.34792
1984,Quarterly,Marketing year Q1 Sep-Nov,"Food, alcohol, and industrial use",Million bushels,244.1,6200426.260952
1984,Quarterly,Marketing year Q2 Dec-Feb,"Food, alcohol, and industrial use",Million bushels,236.1,5997216.879191999
1984,Quarterly,Marketing year Q3 Mar-May,"Food, alcohol, and industrial use",Million bushels,277.4,7046285.312527999
1984,Quarterly,Marketing year Q4 Jun-Aug,"Food, alcohol, and industrial use",Million bushels,288.4,7325698.212447999
1984,Annual,Marketing year Sep-Aug,"Food, alcohol, and industrial use",Million bushels,1046.0,26569626.66512
1985,Quarterly,Marketing year Q1 Sep-Nov,"Food, alcohol, and industrial use",Million bushels,276.3,7018344.022536
1985,Quarterly,Marketing year Q2 Dec-Feb,"Food, alcohol, and industrial use",Million bushels,262.4,6665267.721727999
1985,Quarterly,Marketing year Q3 Mar-May,"Food, alcohol, and industrial use",Million bushels,291.2,7396821.496063999
1985,Quarterly,Marketing year Q4 Jun-Aug,"Food, alcohol, and industrial use",Million bushels,303.1,7699095.451432
1985,Annual,Marketing year Sep-Aug,"Food, alcohol, and industrial use",Million bushels,1133.0,28779528.69176
1986,Quarterly,Marketing year Q1 Sep-Nov,"Food, alcohol, and industrial use",Million bushels,294.473,7479959.53437656
1986,Quarterly,Marketing year Q2 Dec-Feb,"Food, alcohol, and industrial use",Million bushels,281.492,7150226.911298241
1986,Quarterly,Marketing year Q3 Mar-May,"Food, alcohol, and industrial use",Million bushels,316.213,8032181.02930936
1986,Quarterly,Marketing year Q4 Jun-Aug,"Food, alcohol, and industrial use",Million bushels,324.534,8243544.18751248
1986,Annual,Marketing year Sep-Aug,"Food, alcohol, and industrial use",Million bushels,1216.712,30905911.662496638
1987,Quarterly,Marketing year Q1 Sep-Nov,"Food, alcohol, and industrial use",Million bushels,296.133,7522125.481091759
1987,Quarterly,Marketing year Q2 Dec-Feb,"Food, alcohol, and industrial use",Million bushels,287.581,7304894.65199032
1987,Quarterly,Marketing year Q3 Mar-May,"Food, alcohol, and industrial use",Million bushels,320.142,8131982.23692624
1987,Quarterly,Marketing year Q4 Jun-Aug,"Food, alcohol, and industrial use",Million bushels,330.593,8397449.89302296
1987,Annual,Marketing year Sep-Aug,"Food, alcohol, and industrial use",Million bushels,1234.449,31356452.26303128
1988,Quarterly,Marketing year Q1 Sep-Nov,"Food, alcohol, and industrial use",Million bushels,302.285,7678393.4956652
1988,Quarterly,Marketing year Q2 Dec-Feb,"Food, alcohol, and industrial use",Million bushels,301.35,7654643.399172001
1988,Quarterly,Marketing year Q3 Mar-May,"Food, alcohol, and industrial use",Million bushels,336.231,8540661.70481832
1988,Quarterly,Marketing year Q4 Jun-Aug,"Food, alcohol, and industrial use",Million bushels,339.492,8623494.92905824
1988,Annual,Marketing year Sep-Aug,"Food, alcohol, and industrial use",Million bushels,1279.358,32497193.528713755
1989,Quarterly,Marketing year Q1 Sep-Nov,"Food, alcohol, and industrial use",Million bushels,311.939,7923616.41710408
1989,Quarterly,Marketing year Q2 Dec-Feb,"Food, alcohol, and industrial use",Million bushels,312.905,7948153.949951599
1989,Quarterly,Marketing year Q3 Mar-May,"Food, alcohol, and industrial use",Million bushels,359.308,9126844.567677759
1989,Quarterly,Marketing year Q4 Jun-Aug,"Food, alcohol, and industrial use",Million bushels,366.987,9321900.17299464
1989,Annual,Marketing year Sep-Aug,"Food, alcohol, and industrial use",Million bushels,1351.139,34320515.10772808
1990,Quarterly,Marketing year Q1 Sep-Nov,"Food, alcohol, and industrial use",Million bushels,337.532,8573708.63052704
1990,Quarterly,Marketing year Q2 Dec-Feb,"Food, alcohol, and industrial use",Million bushels,329.872,8379135.64749184
1990,Quarterly,Marketing year Q3 Mar-May,"Food, alcohol, and industrial use",Million bushels,366.437,9307929.52799864
1990,Quarterly,Marketing year Q4 Jun-Aug,"Food, alcohol, and industrial use",Million bushels,371.976,9448626.62369472
1990,Annual,Marketing year Sep-Aug,"Food, alcohol, and industrial use",Million bushels,1405.817,35709400.429712236
1991,Quarterly,Marketing year Q1 Sep-Nov,"Food, alcohol, and industrial use",Million bushels,360.451,9155878.10809672
1991,Quarterly,Marketing year Q2 Dec-Feb,"Food, alcohol, and industrial use",Million bushels,362.222,9200863.584983839
1991,Quarterly,Marketing year Q3 Mar-May,"Food, alcohol, and industrial use",Million bushels,394.633,10024140.99401176
1991,Quarterly,Marketing year Q4 Jun-Aug,"Food, alcohol, and industrial use",Million bushels,396.0,10058864.397119999
1991,Annual,Marketing year Sep-Aug,"Food, alcohol, and industrial use",Million bushels,1513.306,38439747.08421232
1992,Quarterly,Marketing year Q1 Sep-Nov,"Food, alcohol, and industrial use",Million bushels,370.074,9400313.59318128
1992,Quarterly,Marketing year Q2 Dec-Feb,"Food, alcohol, and industrial use",Million bushels,365.047,9272621.89791784
1992,Quarterly,Marketing year Q3 Mar-May,"Food, alcohol, and industrial use",Million bushels,397.316,10092292.34041952
1992,Quarterly,Marketing year Q4 Jun-Aug,"Food, alcohol, and industrial use",Million bushels,404.615,10277695.5001028
1992,Annual,Marketing year Sep-Aug,"Food, alcohol, and industrial use",Million bushels,1537.052,39042923.33162144
1993,Quarterly,Marketing year Q1 Sep-Nov,"Food, alcohol, and industrial use",Million bushels,382.783,9723137.09727976
1993,Quarterly,Marketing year Q2 Dec-Feb,"Food, alcohol, and industrial use",Million bushels,378.877,9623920.11663544
1993,Quarterly,Marketing year Q3 Mar-May,"Food, alcohol, and industrial use",Million bushels,403.251,10243048.300512718
1993,Quarterly,Marketing year Q4 Jun-Aug,"Food, alcohol, and industrial use",Million bushels,428.2,10876782.158704
1993,Annual,Marketing year Sep-Aug,"Food, alcohol, and industrial use",Million bushels,1593.111,40466887.67313192
1994,Quarterly,Marketing year Q1 Sep-Nov,"Food, alcohol, and industrial use",Million bushels,410.393,10424463.47607896
1994,Quarterly,Marketing year Q2 Dec-Feb,"Food, alcohol, and industrial use",Million bushels,410.457,10426089.15113304
1994,Quarterly,Marketing year Q3 Mar-May,"Food, alcohol, and industrial use",Million bushels,437.862,11122208.28952464
1994,Quarterly,Marketing year Q4 Jun-Aug,"Food, alcohol, and industrial use",Million bushels,438.225,11131428.915222
1994,Annual,Marketing year Sep-Aug,"Food, alcohol, and industrial use",Million bushels,1696.937,43104189.83195864
1995,Quarterly,Marketing year Q1 Sep-Nov,"Food, alcohol, and industrial use",Million bushels,417.22,10597877.2822384
1995,Quarterly,Marketing year Q2 Dec-Feb,"Food, alcohol, and industrial use",Million bushels,405.504,10300277.14265088
1995,Quarterly,Marketing year Q3 Mar-May,"Food, alcohol, and industrial use",Million bushels,415.393,10551469.339678958
1995,Quarterly,Marketing year Q4 Jun-Aug,"Food, alcohol, and industrial use",Million bushels,369.863,9394953.94573736
1995,Annual,Marketing year Sep-Aug,"Food, alcohol, and industrial use",Million bushels,1607.98,40844577.7103056
1996,Quarterly,Marketing year Q1 Sep-Nov,"Food, alcohol, and industrial use",Million bushels,387.925,9853749.927406
1996,Quarterly,Marketing year Q2 Dec-Feb,"Food, alcohol, and industrial use",Million bushels,400.301,10168114.84098872
1996,Quarterly,Marketing year Q3 Mar-May,"Food, alcohol, and industrial use",Million bushels,451.315,11463930.266126798
1996,Quarterly,Marketing year Q4 Jun-Aug,"Food, alcohol, and industrial use",Million bushels,454.38,11541784.8605136
1996,Annual,Marketing year Sep-Aug,"Food, alcohol, and industrial use",Million bushels,1693.921,43027579.89503512
1997,Quarterly,Marketing year Q1 Sep-Nov,"Food, alcohol, and industrial use",Million bushels,438.732,11144307.30979104
1997,Quarterly,Marketing year Q2 Dec-Feb,"Food, alcohol, and industrial use",Million bushels,433.011,10998987.20065992
1997,Quarterly,Marketing year Q3 Mar-May,"Food, alcohol, and industrial use",Million bushels,459.426,11669959.17805872
1997,Quarterly,Marketing year Q4 Jun-Aug,"Food, alcohol, and industrial use",Million bushels,484.509,12307096.79339448
1997,Annual,Marketing year Sep-Aug,"Food, alcohol, and industrial use",Million bushels,1815.678,46120350.481904164
1998,Quarterly,Marketing year Q1 Sep-Nov,"Food, alcohol, and industrial use",Million bushels,450.276,11437538.44767072
1998,Quarterly,Marketing year Q2 Dec-Feb,"Food, alcohol, and industrial use",Million bushels,441.049,11203161.826983279
1998,Quarterly,Marketing year Q3 Mar-May,"Food, alcohol, and industrial use",Million bushels,481.49,12230410.6529528
1998,Quarterly,Marketing year Q4 Jun-Aug,"Food, alcohol, and industrial use",Million bushels,469.178,11917671.414424159
1998,Annual,Marketing year Sep-Aug,"Food, alcohol, and industrial use",Million bushels,1841.993,46788782.34203096
1999,Quarterly,Marketing year Q1 Sep-Nov,"Food, alcohol, and industrial use",Million bushels,463.644,11777101.32459168
1999,Quarterly,Marketing year Q2 Dec-Feb,"Food, alcohol, and industrial use",Million bushels,454.109,11534901.142706478
1999,Quarterly,Marketing year Q3 Mar-May,"Food, alcohol, and industrial use",Million bushels,500.161,12704675.94880792
1999,Quarterly,Marketing year Q4 Jun-Aug,"Food, alcohol, and industrial use",Million bushels,497.292,12631799.984274238
1999,Annual,Marketing year Sep-Aug,"Food, alcohol, and industrial use",Million bushels,1915.206,48648478.40038031
2000,Quarterly,Marketing year Q1 Sep-Nov,"Food, alcohol, and industrial use",Million bushels,472.42,12000022.0163824
2000,Quarterly,Marketing year Q2 Dec-Feb,"Food, alcohol, and industrial use",Million bushels,470.293,11945993.72200696
2000,Quarterly,Marketing year Q3 Mar-May,"Food, alcohol, and industrial use",Million bushels,500.542,12714353.795614239
2000,Quarterly,Marketing year Q4 Jun-Aug,"Food, alcohol, and industrial use",Million bushels,514.361,13065372.60143192
2000,Annual,Marketing year Sep-Aug,"Food, alcohol, and industrial use",Million bushels,1957.616,49725742.135435514
2001,Quarterly,Marketing year Q1 Sep-Nov,"Food, alcohol, and industrial use",Million bushels,497.273,12631317.36199256
2001,Quarterly,Marketing year Q2 Dec-Feb,"Food, alcohol, and industrial use",Million bushels,485.148,12323328.14276256
2001,Quarterly,Marketing year Q3 Mar-May,"Food, alcohol, and industrial use",Million bushels,524.115,13313135.6401428
2001,Quarterly,Marketing year Q4 Jun-Aug,"Food, alcohol, and industrial use",Million bushels,535.296,13597146.15232512
2001,Annual,Marketing year Sep-Aug,"Food, alcohol, and industrial use",Million bushels,2041.832,51864927.29722304
2002,Quarterly,Marketing year Q1 Sep-Nov,"Food, alcohol, and industrial use",Million bushels,552.682,14038770.94123504
2002,Quarterly,Marketing year Q2 Dec-Feb,"Food, alcohol, and industrial use",Million bushels,565.673,14368757.576040559
2002,Quarterly,Marketing year Q3 Mar-May,"Food, alcohol, and industrial use",Million bushels,602.594,15306594.274035681
2002,Quarterly,Marketing year Q4 Jun-Aug,"Food, alcohol, and industrial use",Million bushels,613.865,15592890.891762799
2002,Annual,Marketing year Sep-Aug,"Food, alcohol, and industrial use",Million bushels,2334.814,59307013.68307407
2003,Quarterly,Marketing year Q1 Sep-Nov,"Food, alcohol, and industrial use",Million bushels,592.618,15053192.17498096
2003,Quarterly,Marketing year Q2 Dec-Feb,"Food, alcohol, and industrial use",Million bushels,610.602,15510006.865177438
2003,Quarterly,Marketing year Q3 Mar-May,"Food, alcohol, and industrial use",Million bushels,659.364,16748618.84935008
2003,Quarterly,Marketing year Q4 Jun-Aug,"Food, alcohol, and industrial use",Million bushels,665.75,16910830.738339998
2003,Annual,Marketing year Sep-Aug,"Food, alcohol, and industrial use",Million bushels,2528.334,64222648.62784847
2004,Quarterly,Marketing year Q1 Sep-Nov,"Food, alcohol, and industrial use",Million bushels,645.27,16390614.721034398
2004,Quarterly,Marketing year Q2 Dec-Feb,"Food, alcohol, and industrial use",Million bushels,639.689,16248850.776084078
2004,Quarterly,Marketing year Q3 Mar-May,"Food, alcohol, and industrial use",Million bushels,685.998,17425153.68357456
2004,Quarterly,Marketing year Q4 Jun-Aug,"Food, alcohol, and industrial use",Million bushels,715.651,18178374.658240717
2004,Annual,Marketing year Sep-Aug,"Food, alcohol, and industrial use",Million bushels,2686.608,68242993.83893377
2005,Quarterly,Marketing year Q1 Sep-Nov,"Food, alcohol, and industrial use",Million bushels,706.064,17934853.615374077
2005,Quarterly,Marketing year Q2 Dec-Feb,"Food, alcohol, and industrial use",Million bushels,715.593,18176901.39022296
2005,Quarterly,Marketing year Q3 Mar-May,"Food, alcohol, and industrial use",Million bushels,764.738,19425242.02354736
2005,Quarterly,Marketing year Q4 Jun-Aug,"Food, alcohol, and industrial use",Million bushels,812.641,20642034.400353517
2005,Annual,Marketing year Sep-Aug,"Food, alcohol, and industrial use",Million bushels,2999.036,76179031.42949791
2006,Quarterly,Marketing year Q1 Sep-Nov,"Food, alcohol, and industrial use",Million bushels,811.431,20611298.98136232
2006,Quarterly,Marketing year Q2 Dec-Feb,"Food, alcohol, and industrial use",Million bushels,831.395,21118407.9935444
2006,Quarterly,Marketing year Q3 Mar-May,"Food, alcohol, and industrial use",Million bushels,908.496,23076863.811429117
2006,Quarterly,Marketing year Q4 Jun-Aug,"Food, alcohol, and industrial use",Million bushels,966.052,24538853.70850144
2006,Annual,Marketing year Sep-Aug,"Food, alcohol, and industrial use",Million bushels,3517.374,89345424.49483727
2007,Quarterly,Marketing year Q1 Sep-Nov,"Food, alcohol, and industrial use",Million bushels,985.702,25037986.752449438
2007,Quarterly,Marketing year Q2 Dec-Feb,"Food, alcohol, and industrial use",Million bushels,1045.962,26568661.42055664
2007,Quarterly,Marketing year Q3 Mar-May,"Food, alcohol, and industrial use",Million bushels,1167.475,29655234.121281996
2007,Quarterly,Marketing year Q4 Jun-Aug,"Food, alcohol, and industrial use",Million bushels,1221.271,31021715.608927116
2007,Annual,Marketing year Sep-Aug,"Food, alcohol, and industrial use",Million bushels,4420.41,112283597.90321518
2008,Quarterly,Marketing year Q1 Sep-Nov,"Food, alcohol, and industrial use",Million bushels,1219.244,30970227.431823675
2008,Quarterly,Marketing year Q2 Dec-Feb,"Food, alcohol, and industrial use",Million bushels,1178.244,29928779.350303676
2008,Quarterly,Marketing year Q3 Mar-May,"Food, alcohol, and industrial use",Million bushels,1237.611,31436770.77117192
2008,Quarterly,Marketing year Q4 Jun-Aug,"Food, alcohol, and industrial use",Million bushels,1368.171,34753147.88149512
2008,Annual,Marketing year Sep-Aug,"Food, alcohol, and industrial use",Million bushels,5003.27,127088925.43479441
2009,Quarterly,Marketing year Q1 Sep-Nov,"Food, alcohol, and industrial use",Million bushels,1382.029,35105157.33304888
2009,Quarterly,Marketing year Q2 Dec-Feb,"Food, alcohol, and industrial use",Million bushels,1447.24,36761593.207292795
2009,Quarterly,Marketing year Q3 Mar-May,"Food, alcohol, and industrial use",Million bushels,1543.148,39197768.88052256
2009,Quarterly,Marketing year Q4 Jun-Aug,"Food, alcohol, and industrial use",Million bushels,1566.249,39784561.37152728
2009,Annual,Marketing year Sep-Aug,"Food, alcohol, and industrial use",Million bushels,5938.666,150849080.7923915
2010,Quarterly,Marketing year Q1 Sep-Nov,"Food, alcohol, and industrial use",Million bushels,1582.438,40195780.95669136
2010,Quarterly,Marketing year Q2 Dec-Feb,"Food, alcohol, and industrial use",Million bushels,1576.708,40050232.23700576
2010,Quarterly,Marketing year Q3 Mar-May,"Food, alcohol, and industrial use",Million bushels,1617.926,41097217.77417871
2010,Quarterly,Marketing year Q4 Jun-Aug,"Food, alcohol, and industrial use",Million bushels,1625.45,41288336.197724
2010,Annual,Marketing year Sep-Aug,"Food, alcohol, and industrial use",Million bushels,6402.522,162631567.16559982
2011,Quarterly,Marketing year Q1 Sep-Nov,"Food, alcohol, and industrial use",Million bushels,1610.771,40915472.383367114
2011,Quarterly,Marketing year Q2 Dec-Feb,"Food, alcohol, and industrial use",Million bushels,1637.071,41583523.225903116
2011,Quarterly,Marketing year Q3 Mar-May,"Food, alcohol, and industrial use",Million bushels,1602.344,40701416.70085568
2011,Quarterly,Marketing year Q4 Jun-Aug,"Food, alcohol, and industrial use",Million bushels,1549.548,39360336.38593056
2011,Annual,Marketing year Sep-Aug,"Food, alcohol, and industrial use",Million bushels,6399.734,162560748.6960565
2012,Quarterly,Marketing year Q1 Sep-Nov,"Food, alcohol, and industrial use",Million bushels,1465.621,37228492.16305912
2012,Quarterly,Marketing year Q2 Dec-Feb,"Food, alcohol, and industrial use",Million bushels,1429.84,36319612.8019648
2012,Quarterly,Marketing year Q3 Mar-May,"Food, alcohol, and industrial use",Million bushels,1544.98,39244303.8289456
2012,Quarterly,Marketing year Q4 Jun-Aug,"Food, alcohol, and industrial use",Million bushels,1572.768,39950151.616488956
2012,Annual,Marketing year Sep-Aug,"Food, alcohol, and industrial use",Million bushels,6013.209,152742560.41045848
2013,Quarterly,Marketing year Q1 Sep-Nov,"Food, alcohol, and industrial use",Million bushels,1550.106,39374510.240308315
2013,Quarterly,Marketing year Q2 Dec-Feb,"Food, alcohol, and industrial use",Million bushels,1602.303,40700375.252774164
2013,Quarterly,Marketing year Q3 Mar-May,"Food, alcohol, and industrial use",Million bushels,1654.599,42028754.981339276
2013,Quarterly,Marketing year Q4 Jun-Aug,"Food, alcohol, and industrial use",Million bushels,1694.089,43031847.292052075
2013,Annual,Marketing year Sep-Aug,"Food, alcohol, and industrial use",Million bushels,6501.097,165135487.76647383
2014,Quarterly,Marketing year Q1 Sep-Nov,"Food, alcohol, and industrial use",Million bushels,1614.701,41015298.99215672
2014,Quarterly,Marketing year Q2 Dec-Feb,"Food, alcohol, and industrial use",Million bushels,1621.427,41186147.279871434
2014,Quarterly,Marketing year Q3 Mar-May,"Food, alcohol, and industrial use",Million bushels,1644.987,41784598.90915464
2014,Quarterly,Marketing year Q4 Jun-Aug,"Food, alcohol, and industrial use",Million bushels,1684.986,42800620.41678192
2014,Annual,Marketing year Sep-Aug,"Food, alcohol, and industrial use",Million bushels,6566.101,166786665.5979647
2015,Quarterly,Marketing year Q1 Sep-Nov,"Food, alcohol, and industrial use",Million bushels,1631.15,41433122.882228
2015,Quarterly,Marketing year Q2 Dec-Feb,"Food, alcohol, and industrial use",Million bushels,1651.573,41951891.03268856
2015,Quarterly,Marketing year Q3 Mar-May,"Food, alcohol, and industrial use",Million bushels,1626.999,41327682.614267275
2015,Quarterly,Marketing year Q4 Jun-Aug,"Food, alcohol, and industrial use",Million bushels,1706.87,43356499.6805864
2015,Annual,Marketing year Sep-Aug,"Food, alcohol, and industrial use",Million bushels,6616.592,168069196.20977023
2016,Quarterly,Marketing year Q1 Sep-Nov,"Food, alcohol, and industrial use",Million bushels,1688.915,42900421.6243988
2016,Quarterly,Marketing year Q2 Dec-Feb,"Food, alcohol, and industrial use",Million bushels,1711.493,43473929.30207095
2016,Quarterly,Marketing year Q3 Mar-May,"Food, alcohol, and industrial use",Million bushels,1714.083,43539718.33941576
2016,Quarterly,Marketing year Q4 Jun-Aug,"Food, alcohol, and industrial use",Million bushels,1741.428,44234313.407444164
2016,Annual,Marketing year Sep-Aug,"Food, alcohol, and industrial use",Million bushels,6855.919,174148382.67332968
2017,Quarterly,Marketing year Q1 Sep-Nov,"Food, alcohol, and industrial use",Million bushels,1742.738,44267588.94370736
2017,Quarterly,Marketing year Q2 Dec-Feb,"Food, alcohol, and industrial use",Million bushels,1738.772,44166847.89269984
2017,Quarterly,Marketing year Q3 Mar-May,"Food, alcohol, and industrial use",Million bushels,1753.353,44537222.39213016
2017,Quarterly,Marketing year Q4 Jun-Aug,"Food, alcohol, and industrial use",Million bushels,1792.282,45526064.64494704
2017,Annual,Marketing year Sep-Aug,"Food, alcohol, and industrial use",Million bushels,7027.145,178497723.8734844
2018,Quarterly,Marketing year Q1 Sep-Nov,"Food, alcohol, and industrial use",Million bushels,1710.327,43444311.534679435
2018,Quarterly,Marketing year Q2 Dec-Feb,"Food, alcohol, and industrial use",Million bushels,1641.603,41698641.34067016
2018,Quarterly,Marketing year Q3 Mar-May,"Food, alcohol, and industrial use",Million bushels,1694.01,43029840.599407196
2018,Quarterly,Marketing year Q4 Jun-Aug,"Food, alcohol, and industrial use",Million bushels,1717.63,43629816.2990536
2018,Annual,Marketing year Sep-Aug,"Food, alcohol, and industrial use",Million bushels,6763.57,171802609.7738104
2019,Quarterly,Marketing year Q1 Sep-Nov,"Food, alcohol, and industrial use",Million bushels,1628.004,41353210.792850874
2019,Quarterly,Marketing year Q2 Dec-Feb,"Food, alcohol, and industrial use",Million bushels,1713.354,43521200.88450288
2019,Quarterly,Marketing year Q3 Mar-May,"Food, alcohol, and industrial use",Million bushels,1332.965,33858874.1947148
2019,Quarterly,Marketing year Q4 Jun-Aug,"Food, alcohol, and industrial use",Million bushels,1581.89,40181861.1140408
2019,Annual,Marketing year Sep-Aug,"Food, alcohol, and industrial use",Million bushels,6256.213,158915146.98610935
2020,Quarterly,Marketing year Q1 Sep-Nov,"Food, alcohol, and industrial use",Million bushels,1612.427,40957536.72539143
2020,Quarterly,Marketing year Q2 Dec-Feb,"Food, alcohol, and industrial use",Million bushels,1508.726,38323409.71315472
2020,Quarterly,Marketing year Q3 Mar-May,"Food, alcohol, and industrial use",Million bushels,1644.808,41780052.099237755
2020,Quarterly,Marketing year Q4 Jun-Aug,"Food, alcohol, and industrial use",Million bushels,1669.891,42417189.71457352
2020,Annual,Marketing year Sep-Aug,"Food, alcohol, and industrial use",Million bushels,6435.852,163478188.25235742
2021,Quarterly,Marketing year Q1 Sep-Nov,"Food, alcohol, and industrial use",Million bushels,1689.344,42911318.72749568
2021,Quarterly,Marketing year Q2 Dec-Feb,"Food, alcohol, and industrial use",Million bushels,1682.446,42736101.43807311
2021,Quarterly,Marketing year Q3 Mar-May,"Food, alcohol, and industrial use",Million bushels,1682.721,42743086.760571115
2021,Quarterly,Marketing year Q4 Jun-Aug,"Food, alcohol, and industrial use",Million bushels,1673.106,42498854.48486832
2021,Annual,Marketing year Sep-Aug,"Food, alcohol, and industrial use",Million bushels,6727.617,170889361.41100824
2022,Quarterly,Marketing year Q1 Sep-Nov,"Food, alcohol, and industrial use",Million bushels,1626.828,41323339.01373216
2022,Quarterly,Marketing year Q2 Dec-Feb,"Food, alcohol, and industrial use",Million bushels,1588.539,40350753.51145608
2022,Quarterly,Marketing year Q3 Mar-May,"Food, alcohol, and industrial use",Million bushels,1634.454,41517048.35689487
2022,Quarterly,Marketing year Q4 Jun-Aug,"Food, alcohol, and industrial use",Million bushels,1676.646,42588774.636297114
2022,Annual,Marketing year Sep-Aug,"Food, alcohol, and industrial use",Million bushels,6526.467,165779915.51838022
2023,Quarterly,Marketing year Q1 Sep-Nov,"Food, alcohol, and industrial use",Million bushels,1680.899,42696805.82387528
2023,Quarterly,Marketing year Q2 Dec-Feb,"Food, alcohol, and industrial use",Million bushels,1693.895,43026919.4645444
2023,Quarterly,Marketing year Q3 Mar-May,"Food, alcohol, and industrial use",Million bushels,1706.117,43337372.597528234
2023,Quarterly,Marketing year Q4 Jun-Aug,"Food, alcohol, and industrial use",Million bushels,1769.16,44938738.7293152
2023,Annual,Marketing year Sep-Aug,"Food, alcohol, and industrial use",Million bushels,6850.071,173999836.6152631
2024,Quarterly,Marketing year Q1 Sep-Nov,"Food, alcohol, and industrial use",Million bushels,1718.718,43657452.77497296
2024,Quarterly,Marketing year Q2 Dec-Feb,"Food, alcohol, and industrial use",Million bushels,1689.511,42915560.723339915
2024,Quarterly,Marketing year Q3 Mar-May,"Food, alcohol, and industrial use",Million bushels,1669.801,42414903.60902872
2024,Quarterly,Marketing year Q4 Jun-Aug,"Food, alcohol, and industrial use",Million bushels,1705.135,43312428.6459172
2024,Annual,Marketing year Sep-Aug,"Food, alcohol, and industrial use",Million bushels,6783.165,172300345.7532588
2025,Quarterly,Marketing year Q1 Sep-Nov,"Food, alcohol, and industrial use",Million bushels,1697.271,43112673.82364712
2025,Quarterly,Marketing year Q2 Dec-Feb,"Food, alcohol, and industrial use",Million bushels,1686.371,42835801.04099912
2025,Quarterly,Marketing year Q3 Mar-May,"Food, alcohol, and industrial use",Million bushels,1725.671,43834067.12889512
2025,Annual,Marketing year Sep-Aug,"Food, alcohol, and industrial use",Million bushels,6876.0,174658463.62272
2026,Annual,Marketing year Sep-Aug,"Food, alcohol, and industrial use",Million bushels,6926.0,175928522.25871998
1975,Quarterly,Marketing year Q1 Sep-Nov,Imports,Million bushels,0.24,6096.2814528
1975,Quarterly,Marketing year Q2 Dec-Feb,Imports,Million bushels,0.597,15164.500113839998
1975,Quarterly,Marketing year Q3 Mar-May,Imports,Million bushels,0.205,5207.240407599999
1975,Quarterly,Marketing year Q4 Jun-Aug,Imports,Million bushels,0.455,11557.533587599999
1975,Annual,Marketing year Sep-Aug,Imports,Million bushels,1.497,38025.55556184
1976,Quarterly,Marketing year Q1 Sep-Nov,Imports,Million bushels,0.486,12344.969941919999
1976,Quarterly,Marketing year Q2 Dec-Feb,Imports,Million bushels,0.394,10008.062051679999
1976,Quarterly,Marketing year Q3 Mar-May,Imports,Million bushels,0.533,13538.82505976
1976,Quarterly,Marketing year Q4 Jun-Aug,Imports,Million bushels,1.018,25858.393828959997
1976,Annual,Marketing year Sep-Aug,Imports,Million bushels,2.431,61750.25088232
1977,Quarterly,Marketing year Q1 Sep-Nov,Imports,Million bushels,0.641,16282.15171352
1977,Quarterly,Marketing year Q2 Dec-Feb,Imports,Million bushels,0.656,16663.16930432
1977,Quarterly,Marketing year Q3 Mar-May,Imports,Million bushels,0.527,13386.41802344
1977,Quarterly,Marketing year Q4 Jun-Aug,Imports,Million bushels,0.574,14580.273141279999
1977,Annual,Marketing year Sep-Aug,Imports,Million bushels,2.398,60912.01218256
1978,Quarterly,Marketing year Q1 Sep-Nov,Imports,Million bushels,0.135,3429.1583172
1978,Quarterly,Marketing year Q2 Dec-Feb,Imports,Million bushels,0.304,7721.956506879999
1978,Quarterly,Marketing year Q3 Mar-May,Imports,Million bushels,0.296,7518.7471251199995
1978,Quarterly,Marketing year Q4 Jun-Aug,Imports,Million bushels,0.417,10592.289024239999
1978,Annual,Marketing year Sep-Aug,Imports,Million bushels,1.152,29262.150973439995
1979,Quarterly,Marketing year Q1 Sep-Nov,Imports,Million bushels,0.215,5461.2521348
1979,Quarterly,Marketing year Q2 Dec-Feb,Imports,Million bushels,0.166,4216.59467152
1979,Quarterly,Marketing year Q3 Mar-May,Imports,Million bushels,0.2,5080.234544
1979,Quarterly,Marketing year Q4 Jun-Aug,Imports,Million bushels,0.14,3556.1641808
1979,Annual,Marketing year Sep-Aug,Imports,Million bushels,0.721,18314.24553112
1980,Quarterly,Marketing year Q1 Sep-Nov,Imports,Million bushels,0.292,7417.142434239999
1980,Quarterly,Marketing year Q2 Dec-Feb,Imports,Million bushels,0.003,76.20351816
1980,Quarterly,Marketing year Q3 Mar-May,Imports,Million bushels,0.046,1168.4539451199998
1980,Quarterly,Marketing year Q4 Jun-Aug,Imports,Million bushels,0.507,12878.39456904
1980,Annual,Marketing year Sep-Aug,Imports,Million bushels,0.848,21540.19446656
1981,Quarterly,Marketing year Q1 Sep-Nov,Imports,Million bushels,0.11,2794.1289991999997
1981,Quarterly,Marketing year Q2 Dec-Feb,Imports,Million bushels,0.159,4038.78646248
1981,Quarterly,Marketing year Q3 Mar-May,Imports,Million bushels,0.04,1016.0469088
1981,Quarterly,Marketing year Q4 Jun-Aug,Imports,Million bushels,0.247,6274.089661839999
1981,Annual,Marketing year Sep-Aug,Imports,Million bushels,0.556,14123.05203232
1982,Quarterly,Marketing year Q1 Sep-Nov,Imports,Million bushels,0.248,6299.49083456
1982,Quarterly,Marketing year Q2 Dec-Feb,Imports,Million bushels,0.059,1498.6691904799998
1982,Quarterly,Marketing year Q3 Mar-May,Imports,Million bushels,0.086,2184.50085392
1982,Quarterly,Marketing year Q4 Jun-Aug,Imports,Million bushels,0.096,2438.51258112
1982,Annual,Marketing year Sep-Aug,Imports,Million bushels,0.489,12421.17346008
1983,Quarterly,Marketing year Q1 Sep-Nov,Imports,Million bushels,0.398,10109.66674256
1983,Quarterly,Marketing year Q2 Dec-Feb,Imports,Million bushels,0.312,7925.165888639999
1983,Quarterly,Marketing year Q3 Mar-May,Imports,Million bushels,0.487,12370.371114639998
1983,Quarterly,Marketing year Q4 Jun-Aug,Imports,Million bushels,0.511,12979.99925992
1983,Annual,Marketing year Sep-Aug,Imports,Million bushels,1.708,43385.20300576
1984,Quarterly,Marketing year Q1 Sep-Nov,Imports,Million bushels,0.723,18365.04787656
1984,Quarterly,Marketing year Q2 Dec-Feb,Imports,Million bushels,0.083,2108.29733576
1984,Quarterly,Marketing year Q3 Mar-May,Imports,Million bushels,0.849,21565.59563928
1984,Quarterly,Marketing year Q4 Jun-Aug,Imports,Million bushels,0.078,1981.2914721599998
1984,Annual,Marketing year Sep-Aug,Imports,Million bushels,1.733,44020.23232376
1985,Quarterly,Marketing year Q1 Sep-Nov,Imports,Million bushels,0.863,21921.212057359997
1985,Quarterly,Marketing year Q2 Dec-Feb,Imports,Million bushels,0.953,24207.317602159997
1985,Quarterly,Marketing year Q3 Mar-May,Imports,Million bushels,2.205,56009.5858476
1985,Quarterly,Marketing year Q4 Jun-Aug,Imports,Million bushels,5.877,149282.69207544
1985,Annual,Marketing year Sep-Aug,Imports,Million bushels,9.898,251420.80758255997
1986,Quarterly,Marketing year Q1 Sep-Nov,Imports,Million bushels,0.711,18060.233803919997
1986,Quarterly,Marketing year Q2 Dec-Feb,Imports,Million bushels,0.167,4241.99584424
1986,Quarterly,Marketing year Q3 Mar-May,Imports,Million bushels,0.449,11405.12655128
1986,Quarterly,Marketing year Q4 Jun-Aug,Imports,Million bushels,0.43,10922.5042696
1986,Annual,Marketing year Sep-Aug,Imports,Million bushels,1.757,44629.860469039995
1987,Quarterly,Marketing year Q1 Sep-Nov,Imports,Million bushels,0.562,14275.45906864
1987,Quarterly,Marketing year Q2 Dec-Feb,Imports,Million bushels,0.705,17907.8267676
1987,Quarterly,Marketing year Q3 Mar-May,Imports,Million bushels,1.37,34799.606626400004
1987,Quarterly,Marketing year Q4 Jun-Aug,Imports,Million bushels,0.774,19660.50768528
1987,Annual,Marketing year Sep-Aug,Imports,Million bushels,3.411,86643.40014792
1988,Quarterly,Marketing year Q1 Sep-Nov,Imports,Million bushels,0.626,15901.13412272
1988,Quarterly,Marketing year Q2 Dec-Feb,Imports,Million bushels,0.591,15012.093077519998
1988,Quarterly,Marketing year Q3 Mar-May,Imports,Million bushels,1.215,30862.4248548
1988,Quarterly,Marketing year Q4 Jun-Aug,Imports,Million bushels,0.35,8890.410451999998
1988,Annual,Marketing year Sep-Aug,Imports,Million bushels,2.782,70666.06250704
1989,Quarterly,Marketing year Q1 Sep-Nov,Imports,Million bushels,0.642,16307.552886239999
1989,Quarterly,Marketing year Q2 Dec-Feb,Imports,Million bushels,0.439,11151.11482408
1989,Quarterly,Marketing year Q3 Mar-May,Imports,Million bushels,0.619,15723.325913679999
1989,Quarterly,Marketing year Q4 Jun-Aug,Imports,Million bushels,0.202,5131.03688944
1989,Annual,Marketing year Sep-Aug,Imports,Million bushels,1.902,48313.03051344
1990,Quarterly,Marketing year Q1 Sep-Nov,Imports,Million bushels,0.885,22480.037857199997
1990,Quarterly,Marketing year Q2 Dec-Feb,Imports,Million bushels,0.275,6985.322498
1990,Quarterly,Marketing year Q3 Mar-May,Imports,Million bushels,0.783,19889.11823976
1990,Quarterly,Marketing year Q4 Jun-Aug,Imports,Million bushels,1.472,37390.526243839995
1990,Annual,Marketing year Sep-Aug,Imports,Million bushels,3.415,86745.0048388
1991,Quarterly,Marketing year Q1 Sep-Nov,Imports,Million bushels,6.481,164625.00039832
1991,Quarterly,Marketing year Q2 Dec-Feb,Imports,Million bushels,4.405,111892.1658316
1991,Quarterly,Marketing year Q3 Mar-May,Imports,Million bushels,5.404,137267.93737888
1991,Quarterly,Marketing year Q4 Jun-Aug,Imports,Million bushels,3.347,85017.72509384
1991,Annual,Marketing year Sep-Aug,Imports,Million bushels,19.637,498802.82870263996
1992,Quarterly,Marketing year Q1 Sep-Nov,Imports,Million bushels,1.258,31954.67528176
1992,Quarterly,Marketing year Q2 Dec-Feb,Imports,Million bushels,1.039,26391.818456079996
1992,Quarterly,Marketing year Q3 Mar-May,Imports,Million bushels,1.999,50776.94426728
1992,Quarterly,Marketing year Q4 Jun-Aug,Imports,Million bushels,2.795,70996.2777524
1992,Annual,Marketing year Sep-Aug,Imports,Million bushels,7.091,180119.71575752
1993,Quarterly,Marketing year Q1 Sep-Nov,Imports,Million bushels,5.209,132314.70869847998
1993,Quarterly,Marketing year Q2 Dec-Feb,Imports,Million bushels,7.954,202040.92781487998
1993,Quarterly,Marketing year Q3 Mar-May,Imports,Million bushels,6.274,159366.95764528
1993,Quarterly,Marketing year Q4 Jun-Aug,Imports,Million bushels,1.378,35002.81600815999
1993,Annual,Marketing year Sep-Aug,Imports,Million bushels,20.815,528725.4101668
1994,Quarterly,Marketing year Q1 Sep-Nov,Imports,Million bushels,2.06,52326.4158032
1994,Quarterly,Marketing year Q2 Dec-Feb,Imports,Million bushels,3.739,94974.98480008
1994,Quarterly,Marketing year Q3 Mar-May,Imports,Million bushels,3.003,76279.72167816
1994,Quarterly,Marketing year Q4 Jun-Aug,Imports,Million bushels,0.755,19177.885403599998
1994,Annual,Marketing year Sep-Aug,Imports,Million bushels,9.557,242759.00768504
1995,Quarterly,Marketing year Q1 Sep-Nov,Imports,Million bushels,3.648,92663.47808256
1995,Quarterly,Marketing year Q2 Dec-Feb,Imports,Million bushels,4.962,126040.61903663998
1995,Quarterly,Marketing year Q3 Mar-May,Imports,Million bushels,5.022,127564.68939984
1995,Quarterly,Marketing year Q4 Jun-Aug,Imports,Million bushels,2.855,72520.34811559999
1995,Annual,Marketing year Sep-Aug,Imports,Million bushels,16.487,418789.13463463995
1996,Quarterly,Marketing year Q1 Sep-Nov,Imports,Million bushels,3.438,87329.23181136
1996,Quarterly,Marketing year Q2 Dec-Feb,Imports,Million bushels,2.35,59692.755892
1996,Quarterly,Marketing year Q3 Mar-May,Imports,Million bushels,3.719,94466.96134567999
1996,Quarterly,Marketing year Q4 Jun-Aug,Imports,Million bushels,3.754,95356.00239087999
1996,Annual,Marketing year Sep-Aug,Imports,Million bushels,13.261,336844.95143991994
1997,Quarterly,Marketing year Q1 Sep-Nov,Imports,Million bushels,2.205,56009.5858476
1997,Quarterly,Marketing year Q2 Dec-Feb,Imports,Million bushels,0.986,25045.556301919998
1997,Quarterly,Marketing year Q3 Mar-May,Imports,Million bushels,3.607,91622.03000104
1997,Quarterly,Marketing year Q4 Jun-Aug,Imports,Million bushels,2.012,51107.15951264
1997,Annual,Marketing year Sep-Aug,Imports,Million bushels,8.81,223784.3316632
1998,Quarterly,Marketing year Q1 Sep-Nov,Imports,Million bushels,4.025,102239.72019800001
1998,Quarterly,Marketing year Q2 Dec-Feb,Imports,Million bushels,5.716,145193.10326752
1998,Quarterly,Marketing year Q3 Mar-May,Imports,Million bushels,7.235,183777.4846292
1998,Quarterly,Marketing year Q4 Jun-Aug,Imports,Million bushels,1.83,46484.1460776
1998,Annual,Marketing year Sep-Aug,Imports,Million bushels,18.806,477694.45417232
1999,Quarterly,Marketing year Q1 Sep-Nov,Imports,Million bushels,3.547,90097.95963784
1999,Quarterly,Marketing year Q2 Dec-Feb,Imports,Million bushels,3.403,86440.19076616
1999,Quarterly,Marketing year Q3 Mar-May,Imports,Million bushels,5.515,140087.46755079998
1999,Quarterly,Marketing year Q4 Jun-Aug,Imports,Million bushels,2.279,57889.27262888
1999,Annual,Marketing year Sep-Aug,Imports,Million bushels,14.744,374514.89058367995
2000,Quarterly,Marketing year Q1 Sep-Nov,Imports,Million bushels,1.292,32818.31515424
2000,Quarterly,Marketing year Q2 Dec-Feb,Imports,Million bushels,0.911,23140.46834792
2000,Quarterly,Marketing year Q3 Mar-May,Imports,Million bushels,3.123,79327.86240456
2000,Quarterly,Marketing year Q4 Jun-Aug,Imports,Million bushels,1.498,38050.95673456
2000,Annual,Marketing year Sep-Aug,Imports,Million bushels,6.824,173337.60264127998
2001,Quarterly,Marketing year Q1 Sep-Nov,Imports,Million bushels,2.449,62207.47199127999
2001,Quarterly,Marketing year Q2 Dec-Feb,Imports,Million bushels,1.684,42775.574860479996
2001,Quarterly,Marketing year Q3 Mar-May,Imports,Million bushels,4.152,105465.66913344
2001,Quarterly,Marketing year Q4 Jun-Aug,Imports,Million bushels,1.855,47119.175395599996
2001,Annual,Marketing year Sep-Aug,Imports,Million bushels,10.14,257567.8913808
2002,Quarterly,Marketing year Q1 Sep-Nov,Imports,Million bushels,3.429,87100.62125688
2002,Quarterly,Marketing year Q2 Dec-Feb,Imports,Million bushels,4.06,103128.76124319999
2002,Quarterly,Marketing year Q3 Mar-May,Imports,Million bushels,5.152,130866.84185344
2002,Quarterly,Marketing year Q4 Jun-Aug,Imports,Million bushels,1.805,45849.116759599994
2002,Annual,Marketing year Sep-Aug,Imports,Million bushels,14.446,366945.34111311997
2003,Quarterly,Marketing year Q1 Sep-Nov,Imports,Million bushels,2.461,62512.28606391999
2003,Quarterly,Marketing year Q2 Dec-Feb,Imports,Million bushels,3.523,89488.33149256
2003,Quarterly,Marketing year Q3 Mar-May,Imports,Million bushels,5.123,130130.20784456
2003,Quarterly,Marketing year Q4 Jun-Aug,Imports,Million bushels,2.969,75416.08180567999
2003,Annual,Marketing year Sep-Aug,Imports,Million bushels,14.076,357546.90720672
2004,Quarterly,Marketing year Q1 Sep-Nov,Imports,Million bushels,1.635,41530.9173972
2004,Quarterly,Marketing year Q2 Dec-Feb,Imports,Million bushels,1.704,43283.59831487999
2004,Quarterly,Marketing year Q3 Mar-May,Imports,Million bushels,4.006,101757.09791632
2004,Quarterly,Marketing year Q4 Jun-Aug,Imports,Million bushels,3.485,88523.0869292
2004,Annual,Marketing year Sep-Aug,Imports,Million bushels,10.83,275094.7005576
2005,Quarterly,Marketing year Q1 Sep-Nov,Imports,Million bushels,2.114,53698.07913008
2005,Quarterly,Marketing year Q2 Dec-Feb,Imports,Million bushels,1.235,31370.4483092
2005,Quarterly,Marketing year Q3 Mar-May,Imports,Million bushels,4.137,105084.65154263999
2005,Quarterly,Marketing year Q4 Jun-Aug,Imports,Million bushels,1.32,33529.5479904
2005,Annual,Marketing year Sep-Aug,Imports,Million bushels,8.806,223682.72697231997
2006,Quarterly,Marketing year Q1 Sep-Nov,Imports,Million bushels,1.153,29287.55214616
2006,Quarterly,Marketing year Q2 Dec-Feb,Imports,Million bushels,1.684,42775.574860479996
2006,Quarterly,Marketing year Q3 Mar-May,Imports,Million bushels,5.476,139096.82181472
2006,Quarterly,Marketing year Q4 Jun-Aug,Imports,Million bushels,3.67,93222.3038824
2006,Annual,Marketing year Sep-Aug,Imports,Million bushels,11.983,304382.25270376
2007,Quarterly,Marketing year Q1 Sep-Nov,Imports,Million bushels,2.184,55476.161220480004
2007,Quarterly,Marketing year Q2 Dec-Feb,Imports,Million bushels,2.818,71580.50472496
2007,Quarterly,Marketing year Q3 Mar-May,Imports,Million bushels,9.712,246696.18945664
2007,Quarterly,Marketing year Q4 Jun-Aug,Imports,Million bushels,5.307,134804.02362504
2007,Annual,Marketing year Sep-Aug,Imports,Million bushels,20.021,508556.87902712
2008,Quarterly,Marketing year Q1 Sep-Nov,Imports,Million bushels,2.815,71504.3012068
2008,Quarterly,Marketing year Q2 Dec-Feb,Imports,Million bushels,4.108,104348.01753375998
2008,Quarterly,Marketing year Q3 Mar-May,Imports,Million bushels,5.121,130079.40549912001
2008,Quarterly,Marketing year Q4 Jun-Aug,Imports,Million bushels,1.486,37746.14266192
2008,Annual,Marketing year Sep-Aug,Imports,Million bushels,13.53,343677.8669016
2009,Quarterly,Marketing year Q1 Sep-Nov,Imports,Million bushels,0.98,24893.149265599997
2009,Quarterly,Marketing year Q2 Dec-Feb,Imports,Million bushels,1.319,33504.14681768
2009,Quarterly,Marketing year Q3 Mar-May,Imports,Million bushels,3.132,79556.47295904
2009,Quarterly,Marketing year Q4 Jun-Aug,Imports,Million bushels,2.912,73968.21496063999
2009,Annual,Marketing year Sep-Aug,Imports,Million bushels,8.343,211921.98400296
2010,Quarterly,Marketing year Q1 Sep-Nov,Imports,Million bushels,5.321,135159.64004312
2010,Quarterly,Marketing year Q2 Dec-Feb,Imports,Million bushels,8.464,214995.52590208
2010,Quarterly,Marketing year Q3 Mar-May,Imports,Million bushels,10.384,263765.77752448
2010,Quarterly,Marketing year Q4 Jun-Aug,Imports,Million bushels,3.5,88904.10452
2010,Annual,Marketing year Sep-Aug,Imports,Million bushels,27.669,702825.04798968
2011,Quarterly,Marketing year Q1 Sep-Nov,Imports,Million bushels,4.055,103001.75537959998
2011,Quarterly,Marketing year Q2 Dec-Feb,Imports,Million bushels,3.934,99928.21348048
2011,Quarterly,Marketing year Q3 Mar-May,Imports,Million bushels,10.674,271132.11761327996
2011,Quarterly,Marketing year Q4 Jun-Aug,Imports,Million bushels,10.71,272046.5598312
2011,Annual,Marketing year Sep-Aug,Imports,Million bushels,29.373,746108.64630456
2012,Quarterly,Marketing year Q1 Sep-Nov,Imports,Million bushels,34.785,883579.7930651999
2012,Quarterly,Marketing year Q2 Dec-Feb,Imports,Million bushels,45.427,1153899.07315144
2012,Quarterly,Marketing year Q3 Mar-May,Imports,Million bushels,40.179,1020593.71871688
2012,Quarterly,Marketing year Q4 Jun-Aug,Imports,Million bushels,39.555,1004743.3869396
2012,Annual,Marketing year Sep-Aug,Imports,Million bushels,159.946,4062815.97187312
2013,Quarterly,Marketing year Q1 Sep-Nov,Imports,Million bushels,14.525,368952.033758
2013,Quarterly,Marketing year Q2 Dec-Feb,Imports,Million bushels,6.567,166809.50125224
2013,Quarterly,Marketing year Q3 Mar-May,Imports,Million bushels,8.583,218018.26545576
2013,Quarterly,Marketing year Q4 Jun-Aug,Imports,Million bushels,6.119,155429.77587368
2013,Annual,Marketing year Sep-Aug,Imports,Million bushels,35.794,909209.5763396799
2014,Quarterly,Marketing year Q1 Sep-Nov,Imports,Million bushels,5.004,127107.46829087999
2014,Quarterly,Marketing year Q2 Dec-Feb,Imports,Million bushels,5.929,150603.55305688
2014,Quarterly,Marketing year Q3 Mar-May,Imports,Million bushels,9.962,253046.48263664
2014,Quarterly,Marketing year Q4 Jun-Aug,Imports,Million bushels,10.751,273088.00791272
2014,Annual,Marketing year Sep-Aug,Imports,Million bushels,31.646,803845.5118971199
2015,Quarterly,Marketing year Q1 Sep-Nov,Imports,Million bushels,12.888,327370.31401535997
2015,Quarterly,Marketing year Q2 Dec-Feb,Imports,Million bushels,17.697,449524.55362583994
2015,Quarterly,Marketing year Q3 Mar-May,Imports,Million bushels,20.627,523949.98969543993
2015,Quarterly,Marketing year Q4 Jun-Aug,Imports,Million bushels,16.353,415385.37749016
2015,Annual,Marketing year Sep-Aug,Imports,Million bushels,67.565,1716230.2348268
2016,Quarterly,Marketing year Q1 Sep-Nov,Imports,Million bushels,14.271,362500.13588712
2016,Quarterly,Marketing year Q2 Dec-Feb,Imports,Million bushels,11.79,299479.82636879996
2016,Quarterly,Marketing year Q3 Mar-May,Imports,Million bushels,17.346,440608.74200112
2016,Quarterly,Marketing year Q4 Jun-Aug,Imports,Million bushels,13.661,347005.42052791995
2016,Annual,Marketing year Sep-Aug,Imports,Million bushels,57.068,1449594.12478496
2017,Quarterly,Marketing year Q1 Sep-Nov,Imports,Million bushels,10.791,274104.05482152
2017,Quarterly,Marketing year Q2 Dec-Feb,Imports,Million bushels,8.364,212455.40863008
2017,Quarterly,Marketing year Q3 Mar-May,Imports,Million bushels,7.586,192693.29625392
2017,Quarterly,Marketing year Q4 Jun-Aug,Imports,Million bushels,9.272,235519.67345984
2017,Annual,Marketing year Sep-Aug,Imports,Million bushels,36.013,914772.4331653599
2018,Quarterly,Marketing year Q1 Sep-Nov,Imports,Million bushels,6.163,156547.42747336
2018,Quarterly,Marketing year Q2 Dec-Feb,Imports,Million bushels,8.702,221041.00500943998
2018,Quarterly,Marketing year Q3 Mar-May,Imports,Million bushels,6.353,161373.65029015997
2018,Quarterly,Marketing year Q4 Jun-Aug,Imports,Million bushels,6.741,171229.30530551999
2018,Annual,Marketing year Sep-Aug,Imports,Million bushels,27.959,710191.3880784799
2019,Quarterly,Marketing year Q1 Sep-Nov,Imports,Million bushels,17.949,455925.64915128
2019,Quarterly,Marketing year Q2 Dec-Feb,Imports,Million bushels,8.92,226578.4606624
2019,Quarterly,Marketing year Q3 Mar-May,Imports,Million bushels,9.465,240422.0997948
2019,Quarterly,Marketing year Q4 Jun-Aug,Imports,Million bushels,5.551,141001.90976871998
2019,Annual,Marketing year Sep-Aug,Imports,Million bushels,41.885,1063928.1193771998
2020,Quarterly,Marketing year Q1 Sep-Nov,Imports,Million bushels,5.75,146056.74314
2020,Quarterly,Marketing year Q2 Dec-Feb,Imports,Million bushels,5.438,138131.57725136
2020,Quarterly,Marketing year Q3 Mar-May,Imports,Million bushels,7.06,179332.2794032
2020,Quarterly,Marketing year Q4 Jun-Aug,Imports,Million bushels,5.985,152026.0187292
2020,Annual,Marketing year Sep-Aug,Imports,Million bushels,24.233,615546.61852376
2021,Quarterly,Marketing year Q1 Sep-Nov,Imports,Million bushels,6.681,169705.23494232
2021,Quarterly,Marketing year Q2 Dec-Feb,Imports,Million bushels,7.098,180297.52396656
2021,Quarterly,Marketing year Q3 Mar-May,Imports,Million bushels,4.654,118217.05783887999
2021,Quarterly,Marketing year Q4 Jun-Aug,Imports,Million bushels,5.794,147174.39473968
2021,Annual,Marketing year Sep-Aug,Imports,Million bushels,24.227,615394.2114874399
2022,Quarterly,Marketing year Q1 Sep-Nov,Imports,Million bushels,5.866,149003.27917551997
2022,Quarterly,Marketing year Q2 Dec-Feb,Imports,Million bushels,6.235,158376.3119092
2022,Quarterly,Marketing year Q3 Mar-May,Imports,Million bushels,9.7,246391.37538399996
2022,Quarterly,Marketing year Q4 Jun-Aug,Imports,Million bushels,16.878,428720.99316815997
2022,Annual,Marketing year Sep-Aug,Imports,Million bushels,38.679,982491.95963688
2023,Quarterly,Marketing year Q1 Sep-Nov,Imports,Million bushels,9.182,233233.56791504
2023,Quarterly,Marketing year Q2 Dec-Feb,Imports,Million bushels,5.926,150527.34953872
2023,Quarterly,Marketing year Q3 Mar-May,Imports,Million bushels,7.473,189822.96373656
2023,Quarterly,Marketing year Q4 Jun-Aug,Imports,Million bushels,5.832,148139.63930304
2023,Annual,Marketing year Sep-Aug,Imports,Million bushels,28.413,721723.52049336
2024,Quarterly,Marketing year Q1 Sep-Nov,Imports,Million bushels,5.691,144558.07394951998
2024,Quarterly,Marketing year Q2 Dec-Feb,Imports,Million bushels,4.668,118572.67425696
2024,Quarterly,Marketing year Q3 Mar-May,Imports,Million bushels,5.812,147631.61584864
2024,Quarterly,Marketing year Q4 Jun-Aug,Imports,Million bushels,5.49,139452.4382328
2024,Annual,Marketing year Sep-Aug,Imports,Million bushels,21.661,550214.80228792
2025,Quarterly,Marketing year Q1 Sep-Nov,Imports,Million bushels,6.315,160408.4057268
2025,Quarterly,Marketing year Q2 Dec-Feb,Imports,Million bushels,6.983,177376.38910375998
2025,Quarterly,Marketing year Q3 Mar-May,Imports,Million bushels,9.273,235545.07463256
2025,Annual,Marketing year Sep-Aug,Imports,Million bushels,30.0,762035.1816
2026,Annual,Marketing year Sep-Aug,Imports,Million bushels,25.0,635029.318
1975,Quarterly,Marketing year Q1 Sep-Nov,Production,Million bushels,5840.757,148362077.37254903
1975,Quarterly,Marketing year Q2 Dec-Feb,Production,Million bushels,0.0,0.0
1975,Quarterly,Marketing year Q3 Mar-May,Production,Million bushels,0.0,0.0
1975,Quarterly,Marketing year Q4 Jun-Aug,Production,Million bushels,0.0,0.0
1975,Annual,Marketing year Sep-Aug,Production,Million bushels,5840.757,148362077.37254903
1976,Quarterly,Marketing year Q1 Sep-Nov,Production,Million bushels,6289.169,159752268.03426966
1976,Quarterly,Marketing year Q2 Dec-Feb,Production,Million bushels,0.0,0.0
1976,Quarterly,Marketing year Q3 Mar-May,Production,Million bushels,0.0,0.0
1976,Quarterly,Marketing year Q4 Jun-Aug,Production,Million bushels,0.0,0.0
1976,Annual,Marketing year Sep-Aug,Production,Million bushels,6289.169,159752268.03426966
1977,Quarterly,Marketing year Q1 Sep-Nov,Production,Million bushels,6505.041,165235669.99168152
1977,Quarterly,Marketing year Q2 Dec-Feb,Production,Million bushels,0.0,0.0
1977,Quarterly,Marketing year Q3 Mar-May,Production,Million bushels,0.0,0.0
1977,Quarterly,Marketing year Q4 Jun-Aug,Production,Million bushels,0.0,0.0
1977,Annual,Marketing year Sep-Aug,Production,Million bushels,6505.041,165235669.99168152
1978,Quarterly,Marketing year Q1 Sep-Nov,Production,Million bushels,7267.927,184613869.0433514
1978,Quarterly,Marketing year Q2 Dec-Feb,Production,Million bushels,0.0,0.0
1978,Quarterly,Marketing year Q3 Mar-May,Production,Million bushels,0.0,0.0
1978,Quarterly,Marketing year Q4 Jun-Aug,Production,Million bushels,0.0,0.0
1978,Annual,Marketing year Sep-Aug,Production,Million bushels,7267.927,184613869.0433514
1979,Quarterly,Marketing year Q1 Sep-Nov,Production,Million bushels,7928.139,201384028.08716807
1979,Quarterly,Marketing year Q2 Dec-Feb,Production,Million bushels,0.0,0.0
1979,Quarterly,Marketing year Q3 Mar-May,Production,Million bushels,0.0,0.0
1979,Quarterly,Marketing year Q4 Jun-Aug,Production,Million bushels,0.0,0.0
1979,Annual,Marketing year Sep-Aug,Production,Million bushels,7928.139,201384028.08716807
1980,Quarterly,Marketing year Q1 Sep-Nov,Production,Million bushels,6639.396,168648444.5524771
1980,Quarterly,Marketing year Q2 Dec-Feb,Production,Million bushels,0.0,0.0
1980,Quarterly,Marketing year Q3 Mar-May,Production,Million bushels,0.0,0.0
1980,Quarterly,Marketing year Q4 Jun-Aug,Production,Million bushels,0.0,0.0
1980,Annual,Marketing year Sep-Aug,Production,Million bushels,6639.396,168648444.5524771
1981,Quarterly,Marketing year Q1 Sep-Nov,Production,Million bushels,8118.65,206223230.90322798
1981,Quarterly,Marketing year Q2 Dec-Feb,Production,Million bushels,0.0,0.0
1981,Quarterly,Marketing year Q3 Mar-May,Production,Million bushels,0.0,0.0
1981,Quarterly,Marketing year Q4 Jun-Aug,Production,Million bushels,0.0,0.0
1981,Annual,Marketing year Sep-Aug,Production,Million bushels,8118.65,206223230.90322798
1982,Quarterly,Marketing year Q1 Sep-Nov,Production,Million bushels,8235.101,209181222.86764473
1982,Quarterly,Marketing year Q2 Dec-Feb,Production,Million bushels,0.0,0.0
1982,Quarterly,Marketing year Q3 Mar-May,Production,Million bushels,0.0,0.0
1982,Quarterly,Marketing year Q4 Jun-Aug,Production,Million bushels,0.0,0.0
1982,Annual,Marketing year Sep-Aug,Production,Million bushels,8235.101,209181222.86764473
1983,Quarterly,Marketing year Q1 Sep-Nov,Production,Million bushels,4174.251,106030870.62763272
1983,Quarterly,Marketing year Q2 Dec-Feb,Production,Million bushels,0.0,0.0
1983,Quarterly,Marketing year Q3 Mar-May,Production,Million bushels,0.0,0.0
1983,Quarterly,Marketing year Q4 Jun-Aug,Production,Million bushels,0.0,0.0
1983,Annual,Marketing year Sep-Aug,Production,Million bushels,4174.251,106030870.62763272
1984,Quarterly,Marketing year Q1 Sep-Nov,Production,Million bushels,7672.13,194881099.2602936
1984,Quarterly,Marketing year Q2 Dec-Feb,Production,Million bushels,0.0,0.0
1984,Quarterly,Marketing year Q3 Mar-May,Production,Million bushels,0.0,0.0
1984,Quarterly,Marketing year Q4 Jun-Aug,Production,Million bushels,0.0,0.0
1984,Annual,Marketing year Sep-Aug,Production,Million bushels,7672.13,194881099.2602936
1985,Quarterly,Marketing year Q1 Sep-Nov,Production,Million bushels,8875.453,225446914.62124214
1985,Quarterly,Marketing year Q2 Dec-Feb,Production,Million bushels,0.0,0.0
1985,Quarterly,Marketing year Q3 Mar-May,Production,Million bushels,0.0,0.0
1985,Quarterly,Marketing year Q4 Jun-Aug,Production,Million bushels,0.0,0.0
1985,Annual,Marketing year Sep-Aug,Production,Million bushels,8875.453,225446914.62124214
1986,Quarterly,Marketing year Q1 Sep-Nov,Production,Million bushels,8225.764,208944052.11795804
1986,Quarterly,Marketing year Q2 Dec-Feb,Production,Million bushels,0.0,0.0
1986,Quarterly,Marketing year Q3 Mar-May,Production,Million bushels,0.0,0.0
1986,Quarterly,Marketing year Q4 Jun-Aug,Production,Million bushels,0.0,0.0
1986,Annual,Marketing year Sep-Aug,Production,Million bushels,8225.764,208944052.11795804
1987,Quarterly,Marketing year Q1 Sep-Nov,Production,Million bushels,7131.3,181143383.018136
1987,Quarterly,Marketing year Q2 Dec-Feb,Production,Million bushels,0.0,0.0
1987,Quarterly,Marketing year Q3 Mar-May,Production,Million bushels,0.0,0.0
1987,Quarterly,Marketing year Q4 Jun-Aug,Production,Million bushels,0.0,0.0
1987,Annual,Marketing year Sep-Aug,Production,Million bushels,7131.3,181143383.018136
1988,Quarterly,Marketing year Q1 Sep-Nov,Production,Million bushels,4928.681,125194277.3627823
1988,Quarterly,Marketing year Q2 Dec-Feb,Production,Million bushels,0.0,0.0
1988,Quarterly,Marketing year Q3 Mar-May,Production,Million bushels,0.0,0.0
1988,Quarterly,Marketing year Q4 Jun-Aug,Production,Million bushels,0.0,0.0
1988,Annual,Marketing year Sep-Aug,Production,Million bushels,4928.681,125194277.3627823
1989,Quarterly,Marketing year Q1 Sep-Nov,Production,Million bushels,7531.953,191320439.07192215
1989,Quarterly,Marketing year Q2 Dec-Feb,Production,Million bushels,0.0,0.0
1989,Quarterly,Marketing year Q3 Mar-May,Production,Million bushels,0.0,0.0
1989,Quarterly,Marketing year Q4 Jun-Aug,Production,Million bushels,0.0,0.0
1989,Annual,Marketing year Sep-Aug,Production,Million bushels,7531.953,191320439.07192215
1990,Quarterly,Marketing year Q1 Sep-Nov,Production,Million bushels,7934.028,201533615.59331617
1990,Quarterly,Marketing year Q2 Dec-Feb,Production,Million bushels,0.0,0.0
1990,Quarterly,Marketing year Q3 Mar-May,Production,Million bushels,0.0,0.0
1990,Quarterly,Marketing year Q4 Jun-Aug,Production,Million bushels,0.0,0.0
1990,Annual,Marketing year Sep-Aug,Production,Million bushels,7934.028,201533615.59331617
1991,Quarterly,Marketing year Q1 Sep-Nov,Production,Million bushels,7474.765,189867796.8064108
1991,Quarterly,Marketing year Q2 Dec-Feb,Production,Million bushels,0.0,0.0
1991,Quarterly,Marketing year Q3 Mar-May,Production,Million bushels,0.0,0.0
1991,Quarterly,Marketing year Q4 Jun-Aug,Production,Million bushels,0.0,0.0
1991,Annual,Marketing year Sep-Aug,Production,Million bushels,7474.765,189867796.8064108
1992,Quarterly,Marketing year Q1 Sep-Nov,Production,Million bushels,9476.698,240719242.71327856
1992,Quarterly,Marketing year Q2 Dec-Feb,Production,Million bushels,0.0,0.0
1992,Quarterly,Marketing year Q3 Mar-May,Production,Million bushels,0.0,0.0
1992,Quarterly,Marketing year Q4 Jun-Aug,Production,Million bushels,0.0,0.0
1992,Annual,Marketing year Sep-Aug,Production,Million bushels,9476.698,240719242.71327856
1993,Quarterly,Marketing year Q1 Sep-Nov,Production,Million bushels,6337.73,160985774.38272557
1993,Quarterly,Marketing year Q2 Dec-Feb,Production,Million bushels,0.0,0.0
1993,Quarterly,Marketing year Q3 Mar-May,Production,Million bushels,0.0,0.0
1993,Quarterly,Marketing year Q4 Jun-Aug,Production,Million bushels,0.0,0.0
1993,Annual,Marketing year Sep-Aug,Production,Million bushels,6337.73,160985774.38272557
1994,Quarterly,Marketing year Q1 Sep-Nov,Production,Million bushels,10050.52,255294994.4458144
1994,Quarterly,Marketing year Q2 Dec-Feb,Production,Million bushels,0.0,0.0
1994,Quarterly,Marketing year Q3 Mar-May,Production,Million bushels,0.0,0.0
1994,Quarterly,Marketing year Q4 Jun-Aug,Production,Million bushels,0.0,0.0
1994,Annual,Marketing year Sep-Aug,Production,Million bushels,10050.52,255294994.4458144
1995,Quarterly,Marketing year Q1 Sep-Nov,Production,Million bushels,7400.051,187969973.58780873
1995,Quarterly,Marketing year Q2 Dec-Feb,Production,Million bushels,0.0,0.0
1995,Quarterly,Marketing year Q3 Mar-May,Production,Million bushels,0.0,0.0
1995,Quarterly,Marketing year Q4 Jun-Aug,Production,Million bushels,0.0,0.0
1995,Annual,Marketing year Sep-Aug,Production,Million bushels,7400.051,187969973.58780873
1996,Quarterly,Marketing year Q1 Sep-Nov,Production,Million bushels,9232.557,234517775.00424504
1996,Quarterly,Marketing year Q2 Dec-Feb,Production,Million bushels,0.0,0.0
1996,Quarterly,Marketing year Q3 Mar-May,Production,Million bushels,0.0,0.0
1996,Quarterly,Marketing year Q4 Jun-Aug,Production,Million bushels,0.0,0.0
1996,Annual,Marketing year Sep-Aug,Production,Million bushels,9232.557,234517775.00424504
1997,Quarterly,Marketing year Q1 Sep-Nov,Production,Million bushels,9206.832,233864329.83602303
1997,Quarterly,Marketing year Q2 Dec-Feb,Production,Million bushels,0.0,0.0
1997,Quarterly,Marketing year Q3 Mar-May,Production,Million bushels,0.0,0.0
1997,Quarterly,Marketing year Q4 Jun-Aug,Production,Million bushels,0.0,0.0
1997,Annual,Marketing year Sep-Aug,Production,Million bushels,9206.832,233864329.83602303
1998,Quarterly,Marketing year Q1 Sep-Nov,Production,Million bushels,9758.685,247882043.20507318
1998,Quarterly,Marketing year Q2 Dec-Feb,Production,Million bushels,0.0,0.0
1998,Quarterly,Marketing year Q3 Mar-May,Production,Million bushels,0.0,0.0
1998,Quarterly,Marketing year Q4 Jun-Aug,Production,Million bushels,0.0,0.0
1998,Annual,Marketing year Sep-Aug,Production,Million bushels,9758.685,247882043.20507318
1999,Quarterly,Marketing year Q1 Sep-Nov,Production,Million bushels,9430.612,239548604.2673046
1999,Quarterly,Marketing year Q2 Dec-Feb,Production,Million bushels,0.0,0.0
1999,Quarterly,Marketing year Q3 Mar-May,Production,Million bushels,0.0,0.0
1999,Quarterly,Marketing year Q4 Jun-Aug,Production,Million bushels,0.0,0.0
1999,Annual,Marketing year Sep-Aug,Production,Million bushels,9430.612,239548604.2673046
2000,Quarterly,Marketing year Q1 Sep-Nov,Production,Million bushels,9915.051,251853922.9786087
2000,Quarterly,Marketing year Q2 Dec-Feb,Production,Million bushels,0.0,0.0
2000,Quarterly,Marketing year Q3 Mar-May,Production,Million bushels,0.0,0.0
2000,Quarterly,Marketing year Q4 Jun-Aug,Production,Million bushels,0.0,0.0
2000,Annual,Marketing year Sep-Aug,Production,Million bushels,9915.051,251853922.9786087
2001,Quarterly,Marketing year Q1 Sep-Nov,Production,Million bushels,9502.58,241376675.86561757
2001,Quarterly,Marketing year Q2 Dec-Feb,Production,Million bushels,0.0,0.0
2001,Quarterly,Marketing year Q3 Mar-May,Production,Million bushels,0.0,0.0
2001,Quarterly,Marketing year Q4 Jun-Aug,Production,Million bushels,0.0,0.0
2001,Annual,Marketing year Sep-Aug,Production,Million bushels,9502.58,241376675.86561757
2002,Quarterly,Marketing year Q1 Sep-Nov,Production,Million bushels,8966.787,227766905.33045062
2002,Quarterly,Marketing year Q2 Dec-Feb,Production,Million bushels,0.0,0.0
2002,Quarterly,Marketing year Q3 Mar-May,Production,Million bushels,0.0,0.0
2002,Quarterly,Marketing year Q4 Jun-Aug,Production,Million bushels,0.0,0.0
2002,Annual,Marketing year Sep-Aug,Production,Million bushels,8966.787,227766905.33045062
2003,Quarterly,Marketing year Q1 Sep-Nov,Production,Million bushels,10087.292,256229046.36907423
2003,Quarterly,Marketing year Q2 Dec-Feb,Production,Million bushels,0.0,0.0
2003,Quarterly,Marketing year Q3 Mar-May,Production,Million bushels,0.0,0.0
2003,Quarterly,Marketing year Q4 Jun-Aug,Production,Million bushels,0.0,0.0
2003,Annual,Marketing year Sep-Aug,Production,Million bushels,10087.292,256229046.36907423
2004,Quarterly,Marketing year Q1 Sep-Nov,Production,Million bushels,11805.581,299875602.0409503
2004,Quarterly,Marketing year Q2 Dec-Feb,Production,Million bushels,0.0,0.0
2004,Quarterly,Marketing year Q3 Mar-May,Production,Million bushels,0.0,0.0
2004,Quarterly,Marketing year Q4 Jun-Aug,Production,Million bushels,0.0,0.0
2004,Annual,Marketing year Sep-Aug,Production,Million bushels,11805.581,299875602.0409503
2005,Quarterly,Marketing year Q1 Sep-Nov,Production,Million bushels,11112.187,282262581.28393865
2005,Quarterly,Marketing year Q2 Dec-Feb,Production,Million bushels,0.0,0.0
2005,Quarterly,Marketing year Q3 Mar-May,Production,Million bushels,0.0,0.0
2005,Quarterly,Marketing year Q4 Jun-Aug,Production,Million bushels,0.0,0.0
2005,Annual,Marketing year Sep-Aug,Production,Million bushels,11112.187,282262581.28393865
2006,Quarterly,Marketing year Q1 Sep-Nov,Production,Million bushels,10531.123,267502874.25856453
2006,Quarterly,Marketing year Q2 Dec-Feb,Production,Million bushels,0.0,0.0
2006,Quarterly,Marketing year Q3 Mar-May,Production,Million bushels,0.0,0.0
2006,Quarterly,Marketing year Q4 Jun-Aug,Production,Million bushels,0.0,0.0
2006,Annual,Marketing year Sep-Aug,Production,Million bushels,10531.123,267502874.25856453
2007,Quarterly,Marketing year Q1 Sep-Nov,Production,Million bushels,13037.875,331177314.77677
2007,Quarterly,Marketing year Q2 Dec-Feb,Production,Million bushels,0.0,0.0
2007,Quarterly,Marketing year Q3 Mar-May,Production,Million bushels,0.0,0.0
2007,Quarterly,Marketing year Q4 Jun-Aug,Production,Million bushels,0.0,0.0
2007,Annual,Marketing year Sep-Aug,Production,Million bushels,13037.875,331177314.77677
2008,Quarterly,Marketing year Q1 Sep-Nov,Production,Million bushels,12043.203,305911479.5050221
2008,Quarterly,Marketing year Q2 Dec-Feb,Production,Million bushels,0.0,0.0
2008,Quarterly,Marketing year Q3 Mar-May,Production,Million bushels,0.0,0.0
2008,Quarterly,Marketing year Q4 Jun-Aug,Production,Million bushels,0.0,0.0
2008,Annual,Marketing year Sep-Aug,Production,Million bushels,12043.203,305911479.5050221
2009,Quarterly,Marketing year Q1 Sep-Nov,Production,Million bushels,13067.156,331921086.51518434
2009,Quarterly,Marketing year Q2 Dec-Feb,Production,Million bushels,0.0,0.0
2009,Quarterly,Marketing year Q3 Mar-May,Production,Million bushels,0.0,0.0
2009,Quarterly,Marketing year Q4 Jun-Aug,Production,Million bushels,0.0,0.0
2009,Annual,Marketing year Sep-Aug,Production,Million bushels,13067.156,331921086.51518434
2010,Quarterly,Marketing year Q1 Sep-Nov,Production,Million bushels,12425.33,315617953.4329976
2010,Quarterly,Marketing year Q2 Dec-Feb,Production,Million bushels,0.0,0.0
2010,Quarterly,Marketing year Q3 Mar-May,Production,Million bushels,0.0,0.0
2010,Quarterly,Marketing year Q4 Jun-Aug,Production,Million bushels,0.0,0.0
2010,Annual,Marketing year Sep-Aug,Production,Million bushels,12425.33,315617953.4329976
2011,Quarterly,Marketing year Q1 Sep-Nov,Production,Million bushels,12313.956,312788923.2224803
2011,Quarterly,Marketing year Q2 Dec-Feb,Production,Million bushels,0.0,0.0
2011,Quarterly,Marketing year Q3 Mar-May,Production,Million bushels,0.0,0.0
2011,Quarterly,Marketing year Q4 Jun-Aug,Production,Million bushels,0.0,0.0
2011,Annual,Marketing year Sep-Aug,Production,Million bushels,12313.956,312788923.2224803
2012,Quarterly,Marketing year Q1 Sep-Nov,Production,Million bushels,10755.111,273192432.1337719
2012,Quarterly,Marketing year Q2 Dec-Feb,Production,Million bushels,0.0,0.0
2012,Quarterly,Marketing year Q3 Mar-May,Production,Million bushels,0.0,0.0
2012,Quarterly,Marketing year Q4 Jun-Aug,Production,Million bushels,0.0,0.0
2012,Annual,Marketing year Sep-Aug,Production,Million bushels,10755.111,273192432.1337719
2013,Quarterly,Marketing year Q1 Sep-Nov,Production,Million bushels,13830.704,351316101.14319485
2013,Quarterly,Marketing year Q2 Dec-Feb,Production,Million bushels,0.0,0.0
2013,Quarterly,Marketing year Q3 Mar-May,Production,Million bushels,0.0,0.0
2013,Quarterly,Marketing year Q4 Jun-Aug,Production,Million bushels,0.0,0.0
2013,Annual,Marketing year Sep-Aug,Production,Million bushels,13830.704,351316101.14319485
2014,Quarterly,Marketing year Q1 Sep-Nov,Production,Million bushels,14217.292,361135889.7026742
2014,Quarterly,Marketing year Q2 Dec-Feb,Production,Million bushels,0.0,0.0
2014,Quarterly,Marketing year Q3 Mar-May,Production,Million bushels,0.0,0.0
2014,Quarterly,Marketing year Q4 Jun-Aug,Production,Million bushels,0.0,0.0
2014,Annual,Marketing year Sep-Aug,Production,Million bushels,14217.292,361135889.7026742
2015,Quarterly,Marketing year Q1 Sep-Nov,Production,Million bushels,13601.964,345505836.89522207
2015,Quarterly,Marketing year Q2 Dec-Feb,Production,Million bushels,0.0,0.0
2015,Quarterly,Marketing year Q3 Mar-May,Production,Million bushels,0.0,0.0
2015,Quarterly,Marketing year Q4 Jun-Aug,Production,Million bushels,0.0,0.0
2015,Annual,Marketing year Sep-Aug,Production,Million bushels,13601.964,345505836.89522207
2016,Quarterly,Marketing year Q1 Sep-Nov,Production,Million bushels,15148.038,384777929.6071234
2016,Quarterly,Marketing year Q2 Dec-Feb,Production,Million bushels,0.0,0.0
2016,Quarterly,Marketing year Q3 Mar-May,Production,Million bushels,0.0,0.0
2016,Quarterly,Marketing year Q4 Jun-Aug,Production,Million bushels,0.0,0.0
2016,Annual,Marketing year Sep-Aug,Production,Million bushels,15148.038,384777929.6071234
2017,Quarterly,Marketing year Q1 Sep-Nov,Production,Million bushels,14609.407,371096070.543777
2017,Quarterly,Marketing year Q2 Dec-Feb,Production,Million bushels,0.0,0.0
2017,Quarterly,Marketing year Q3 Mar-May,Production,Million bushels,0.0,0.0
2017,Quarterly,Marketing year Q4 Jun-Aug,Production,Million bushels,0.0,0.0
2017,Annual,Marketing year Sep-Aug,Production,Million bushels,14609.407,371096070.543777
2018,Quarterly,Marketing year Q1 Sep-Nov,Production,Million bushels,14321.674,363787314.9135333
2018,Quarterly,Marketing year Q2 Dec-Feb,Production,Million bushels,0.0,0.0
2018,Quarterly,Marketing year Q3 Mar-May,Production,Million bushels,0.0,0.0
2018,Quarterly,Marketing year Q4 Jun-Aug,Production,Million bushels,0.0,0.0
2018,Annual,Marketing year Sep-Aug,Production,Million bushels,14321.674,363787314.9135333
2019,Quarterly,Marketing year Q1 Sep-Nov,Production,Million bushels,13568.306,344650884.22381234
2019,Quarterly,Marketing year Q2 Dec-Feb,Production,Million bushels,0.0,0.0
2019,Quarterly,Marketing year Q3 Mar-May,Production,Million bushels,0.0,0.0
2019,Quarterly,Marketing year Q4 Jun-Aug,Production,Million bushels,0.0,0.0
2019,Annual,Marketing year Sep-Aug,Production,Million bushels,13568.306,344650884.22381234
2020,Quarterly,Marketing year Q1 Sep-Nov,Production,Million bushels,14086.699,357818674.3536513
2020,Quarterly,Marketing year Q2 Dec-Feb,Production,Million bushels,0.0,0.0
2020,Quarterly,Marketing year Q3 Mar-May,Production,Million bushels,0.0,0.0
2020,Quarterly,Marketing year Q4 Jun-Aug,Production,Million bushels,0.0,0.0
2020,Annual,Marketing year Sep-Aug,Production,Million bushels,14086.699,357818674.3536513
2021,Quarterly,Marketing year Q1 Sep-Nov,Production,Million bushels,15017.788,381469426.86034334
2021,Quarterly,Marketing year Q2 Dec-Feb,Production,Million bushels,0.0,0.0
2021,Quarterly,Marketing year Q3 Mar-May,Production,Million bushels,0.0,0.0
2021,Quarterly,Marketing year Q4 Jun-Aug,Production,Million bushels,0.0,0.0
2021,Annual,Marketing year Sep-Aug,Production,Million bushels,15017.788,381469426.86034334
2022,Quarterly,Marketing year Q1 Sep-Nov,Production,Million bushels,13650.531,346739495.65071434
2022,Quarterly,Marketing year Q2 Dec-Feb,Production,Million bushels,0.0,0.0
2022,Quarterly,Marketing year Q3 Mar-May,Production,Million bushels,0.0,0.0
2022,Quarterly,Marketing year Q4 Jun-Aug,Production,Million bushels,0.0,0.0
2022,Annual,Marketing year Sep-Aug,Production,Million bushels,13650.531,346739495.65071434
2023,Quarterly,Marketing year Q1 Sep-Nov,Production,Million bushels,15340.52,389667198.1346144
2023,Quarterly,Marketing year Q2 Dec-Feb,Production,Million bushels,0.0,0.0
2023,Quarterly,Marketing year Q3 Mar-May,Production,Million bushels,0.0,0.0
2023,Quarterly,Marketing year Q4 Jun-Aug,Production,Million bushels,0.0,0.0
2023,Annual,Marketing year Sep-Aug,Production,Million bushels,15340.52,389667198.1346144
2024,Quarterly,Marketing year Q1 Sep-Nov,Production,Million bushels,14891.756,378268066.2600963
2024,Quarterly,Marketing year Q2 Dec-Feb,Production,Million bushels,0.0,0.0
2024,Quarterly,Marketing year Q3 Mar-May,Production,Million bushels,0.0,0.0
2024,Quarterly,Marketing year Q4 Jun-Aug,Production,Million bushels,0.0,0.0
2024,Annual,Marketing year Sep-Aug,Production,Million bushels,14891.756,378268066.2600963
2025,Quarterly,Marketing year Q1 Sep-Nov,Production,Million bushels,17020.549,432341904.93822324
2025,Quarterly,Marketing year Q2 Dec-Feb,Production,Million bushels,0.0,0.0
2025,Quarterly,Marketing year Q3 Mar-May,Production,Million bushels,0.0,0.0
2025,Annual,Marketing year Sep-Aug,Production,Million bushels,17020.549,432341904.93822324
2026,Annual,Marketing year Sep-Aug,Production,Million bushels,15799.759,401332407.2933745
1975,Quarterly,Marketing year Q1 Sep-Nov,Seed use,Million bushels,0.0,0.0
1975,Quarterly,Marketing year Q2 Dec-Feb,Seed use,Million bushels,0.0,0.0
1975,Quarterly,Marketing year Q3 Mar-May,Seed use,Million bushels,16.1,408958.88079200004
1975,Quarterly,Marketing year Q4 Jun-Aug,Seed use,Million bushels,4.0,101604.69088
1975,Annual,Marketing year Sep-Aug,Seed use,Million bushels,20.1,510563.571672
1976,Quarterly,Marketing year Q1 Sep-Nov,Seed use,Million bushels,0.0,0.0
1976,Quarterly,Marketing year Q2 Dec-Feb,Seed use,Million bushels,0.0,0.0
1976,Quarterly,Marketing year Q3 Mar-May,Seed use,Million bushels,16.1,408958.88079200004
1976,Quarterly,Marketing year Q4 Jun-Aug,Seed use,Million bushels,4.0,101604.69088
1976,Annual,Marketing year Sep-Aug,Seed use,Million bushels,20.1,510563.571672
1977,Quarterly,Marketing year Q1 Sep-Nov,Seed use,Million bushels,0.0,0.0
1977,Quarterly,Marketing year Q2 Dec-Feb,Seed use,Million bushels,0.0,0.0
1977,Quarterly,Marketing year Q3 Mar-May,Seed use,Million bushels,15.6,396258.29443199997
1977,Quarterly,Marketing year Q4 Jun-Aug,Seed use,Million bushels,3.9,99064.57360799999
1977,Annual,Marketing year Sep-Aug,Seed use,Million bushels,19.5,495322.86804
1978,Quarterly,Marketing year Q1 Sep-Nov,Seed use,Million bushels,0.0,0.0
1978,Quarterly,Marketing year Q2 Dec-Feb,Seed use,Million bushels,0.0,0.0
1978,Quarterly,Marketing year Q3 Mar-May,Seed use,Million bushels,15.6,396258.29443199997
1978,Quarterly,Marketing year Q4 Jun-Aug,Seed use,Million bushels,3.9,99064.57360799999
1978,Annual,Marketing year Sep-Aug,Seed use,Million bushels,19.5,495322.86804
1979,Quarterly,Marketing year Q1 Sep-Nov,Seed use,Million bushels,0.0,0.0
1979,Quarterly,Marketing year Q2 Dec-Feb,Seed use,Million bushels,0.0,0.0
1979,Quarterly,Marketing year Q3 Mar-May,Seed use,Million bushels,16.0,406418.76352
1979,Quarterly,Marketing year Q4 Jun-Aug,Seed use,Million bushels,4.0,101604.69088
1979,Annual,Marketing year Sep-Aug,Seed use,Million bushels,20.0,508023.4544
1980,Quarterly,Marketing year Q1 Sep-Nov,Seed use,Million bushels,0.0,0.0
1980,Quarterly,Marketing year Q2 Dec-Feb,Seed use,Million bushels,0.0,0.0
1980,Quarterly,Marketing year Q3 Mar-May,Seed use,Million bushels,16.2,411498.998064
1980,Quarterly,Marketing year Q4 Jun-Aug,Seed use,Million bushels,4.0,101604.69088
1980,Annual,Marketing year Sep-Aug,Seed use,Million bushels,20.2,513103.68894399994
1981,Quarterly,Marketing year Q1 Sep-Nov,Seed use,Million bushels,0.0,0.0
1981,Quarterly,Marketing year Q2 Dec-Feb,Seed use,Million bushels,0.0,0.0
1981,Quarterly,Marketing year Q3 Mar-May,Seed use,Million bushels,16.0,406418.76352
1981,Quarterly,Marketing year Q4 Jun-Aug,Seed use,Million bushels,3.4,86363.98724799999
1981,Annual,Marketing year Sep-Aug,Seed use,Million bushels,19.4,492782.7507679999
1982,Quarterly,Marketing year Q1 Sep-Nov,Seed use,Million bushels,0.0,0.0
1982,Quarterly,Marketing year Q2 Dec-Feb,Seed use,Million bushels,0.0,0.0
1982,Quarterly,Marketing year Q3 Mar-May,Seed use,Million bushels,11.6,294653.60355199996
1982,Quarterly,Marketing year Q4 Jun-Aug,Seed use,Million bushels,2.9,73663.40088799999
1982,Annual,Marketing year Sep-Aug,Seed use,Million bushels,14.5,368317.00444
1983,Quarterly,Marketing year Q1 Sep-Nov,Seed use,Million bushels,0.0,0.0
1983,Quarterly,Marketing year Q2 Dec-Feb,Seed use,Million bushels,0.0,0.0
1983,Quarterly,Marketing year Q3 Mar-May,Seed use,Million bushels,16.8,426739.701696
1983,Quarterly,Marketing year Q4 Jun-Aug,Seed use,Million bushels,2.3,58422.69725599999
1983,Annual,Marketing year Sep-Aug,Seed use,Million bushels,19.1,485162.398952
1984,Quarterly,Marketing year Q1 Sep-Nov,Seed use,Million bushels,0.0,0.0
1984,Quarterly,Marketing year Q2 Dec-Feb,Seed use,Million bushels,0.0,0.0
1984,Quarterly,Marketing year Q3 Mar-May,Seed use,Million bushels,17.0,431819.93623999995
1984,Quarterly,Marketing year Q4 Jun-Aug,Seed use,Million bushels,4.2,106684.925424
1984,Annual,Marketing year Sep-Aug,Seed use,Million bushels,21.2,538504.861664
1985,Quarterly,Marketing year Q1 Sep-Nov,Seed use,Million bushels,0.0,0.0
1985,Quarterly,Marketing year Q2 Dec-Feb,Seed use,Million bushels,0.0,0.0
1985,Quarterly,Marketing year Q3 Mar-May,Seed use,Million bushels,16.1,408958.88079200004
1985,Quarterly,Marketing year Q4 Jun-Aug,Seed use,Million bushels,3.4,86363.98724799999
1985,Annual,Marketing year Sep-Aug,Seed use,Million bushels,19.5,495322.86804
1986,Quarterly,Marketing year Q1 Sep-Nov,Seed use,Million bushels,0.0,0.0
1986,Quarterly,Marketing year Q2 Dec-Feb,Seed use,Million bushels,0.0,0.0
1986,Quarterly,Marketing year Q3 Mar-May,Seed use,Million bushels,16.4,416579.23260799993
1986,Quarterly,Marketing year Q4 Jun-Aug,Seed use,Million bushels,0.3,7620.351815999999
1986,Annual,Marketing year Sep-Aug,Seed use,Million bushels,16.7,424199.58442399994
1987,Quarterly,Marketing year Q1 Sep-Nov,Seed use,Million bushels,0.0,0.0
1987,Quarterly,Marketing year Q2 Dec-Feb,Seed use,Million bushels,0.0,0.0
1987,Quarterly,Marketing year Q3 Mar-May,Seed use,Million bushels,16.7,424199.58442399994
1987,Quarterly,Marketing year Q4 Jun-Aug,Seed use,Million bushels,0.5,12700.58636
1987,Annual,Marketing year Sep-Aug,Seed use,Million bushels,17.2,436900.17078399996
1988,Quarterly,Marketing year Q1 Sep-Nov,Seed use,Million bushels,0.0,0.0
1988,Quarterly,Marketing year Q2 Dec-Feb,Seed use,Million bushels,0.0,0.0
1988,Quarterly,Marketing year Q3 Mar-May,Seed use,Million bushels,16.7,424199.58442399994
1988,Quarterly,Marketing year Q4 Jun-Aug,Seed use,Million bushels,1.7,43181.993623999995
1988,Annual,Marketing year Sep-Aug,Seed use,Million bushels,18.4,467381.57804799994
1989,Quarterly,Marketing year Q1 Sep-Nov,Seed use,Million bushels,0.0,0.0
1989,Quarterly,Marketing year Q2 Dec-Feb,Seed use,Million bushels,0.0,0.0
1989,Quarterly,Marketing year Q3 Mar-May,Seed use,Million bushels,16.7,424199.58442399994
1989,Quarterly,Marketing year Q4 Jun-Aug,Seed use,Million bushels,2.2,55882.579984
1989,Annual,Marketing year Sep-Aug,Seed use,Million bushels,18.9,480082.16440799995
1990,Quarterly,Marketing year Q1 Sep-Nov,Seed use,Million bushels,0.0,0.0
1990,Quarterly,Marketing year Q2 Dec-Feb,Seed use,Million bushels,0.0,0.0
1990,Quarterly,Marketing year Q3 Mar-May,Seed use,Million bushels,17.6,447060.639872
1990,Quarterly,Marketing year Q4 Jun-Aug,Seed use,Million bushels,1.7,43181.993623999995
1990,Annual,Marketing year Sep-Aug,Seed use,Million bushels,19.3,490242.63349599997
1991,Quarterly,Marketing year Q1 Sep-Nov,Seed use,Million bushels,0.0,0.0
1991,Quarterly,Marketing year Q2 Dec-Feb,Seed use,Million bushels,0.0,0.0
1991,Quarterly,Marketing year Q3 Mar-May,Seed use,Million bushels,19.9,505483.3371279999
1991,Quarterly,Marketing year Q4 Jun-Aug,Seed use,Million bushels,0.3,7620.351815999999
1991,Annual,Marketing year Sep-Aug,Seed use,Million bushels,20.2,513103.68894399994
1992,Quarterly,Marketing year Q1 Sep-Nov,Seed use,Million bushels,0.0,0.0
1992,Quarterly,Marketing year Q2 Dec-Feb,Seed use,Million bushels,0.0,0.0
1992,Quarterly,Marketing year Q3 Mar-May,Seed use,Million bushels,16.4,416579.23260799993
1992,Quarterly,Marketing year Q4 Jun-Aug,Seed use,Million bushels,2.3,58422.69725599999
1992,Annual,Marketing year Sep-Aug,Seed use,Million bushels,18.7,475001.92986399995
1993,Quarterly,Marketing year Q1 Sep-Nov,Seed use,Million bushels,0.0,0.0
1993,Quarterly,Marketing year Q2 Dec-Feb,Seed use,Million bushels,0.0,0.0
1993,Quarterly,Marketing year Q3 Mar-May,Seed use,Million bushels,19.5,495322.86804
1993,Quarterly,Marketing year Q4 Jun-Aug,Seed use,Million bushels,0.6,15240.703631999999
1993,Annual,Marketing year Sep-Aug,Seed use,Million bushels,20.1,510563.571672
1994,Quarterly,Marketing year Q1 Sep-Nov,Seed use,Million bushels,0.0,0.0
1994,Quarterly,Marketing year Q2 Dec-Feb,Seed use,Million bushels,0.0,0.0
1994,Quarterly,Marketing year Q3 Mar-May,Seed use,Million bushels,14.7,373397.23898399994
1994,Quarterly,Marketing year Q4 Jun-Aug,Seed use,Million bushels,3.6,91444.221792
1994,Annual,Marketing year Sep-Aug,Seed use,Million bushels,18.3,464841.460776
1995,Quarterly,Marketing year Q1 Sep-Nov,Seed use,Million bushels,0.0,0.0
1995,Quarterly,Marketing year Q2 Dec-Feb,Seed use,Million bushels,0.0,0.0
1995,Quarterly,Marketing year Q3 Mar-May,Seed use,Million bushels,19.108,485365.60833376
1995,Quarterly,Marketing year Q4 Jun-Aug,Seed use,Million bushels,2.794,70970.87657968
1995,Annual,Marketing year Sep-Aug,Seed use,Million bushels,21.902,556336.48491344
1996,Quarterly,Marketing year Q1 Sep-Nov,Seed use,Million bushels,0.0,0.0
1996,Quarterly,Marketing year Q2 Dec-Feb,Seed use,Million bushels,0.0,0.0
1996,Quarterly,Marketing year Q3 Mar-May,Seed use,Million bushels,21.657,550113.19759704
1996,Quarterly,Marketing year Q4 Jun-Aug,Seed use,Million bushels,0.619,15723.325913679999
1996,Annual,Marketing year Sep-Aug,Seed use,Million bushels,22.276,565836.52351072
1997,Quarterly,Marketing year Q1 Sep-Nov,Seed use,Million bushels,0.0,0.0
1997,Quarterly,Marketing year Q2 Dec-Feb,Seed use,Million bushels,0.0,0.0
1997,Quarterly,Marketing year Q3 Mar-May,Seed use,Million bushels,22.29,566192.1399287999
1997,Quarterly,Marketing year Q4 Jun-Aug,Seed use,Million bushels,0.764,19406.49595808
1997,Annual,Marketing year Sep-Aug,Seed use,Million bushels,23.054,585598.63588688
1998,Quarterly,Marketing year Q1 Sep-Nov,Seed use,Million bushels,0.0,0.0
1998,Quarterly,Marketing year Q2 Dec-Feb,Seed use,Million bushels,0.0,0.0
1998,Quarterly,Marketing year Q3 Mar-May,Seed use,Million bushels,21.319,541527.6012176799
1998,Quarterly,Marketing year Q4 Jun-Aug,Seed use,Million bushels,1.0,25401.17272
1998,Annual,Marketing year Sep-Aug,Seed use,Million bushels,22.319,566928.77393768
1999,Quarterly,Marketing year Q1 Sep-Nov,Seed use,Million bushels,0.0,0.0
1999,Quarterly,Marketing year Q2 Dec-Feb,Seed use,Million bushels,0.0,0.0
1999,Quarterly,Marketing year Q3 Mar-May,Seed use,Million bushels,22.853,580493.00017016
1999,Quarterly,Marketing year Q4 Jun-Aug,Seed use,Million bushels,0.287,7290.136570639999
1999,Annual,Marketing year Sep-Aug,Seed use,Million bushels,23.14,587783.1367408
2000,Quarterly,Marketing year Q1 Sep-Nov,Seed use,Million bushels,0.0,0.0
2000,Quarterly,Marketing year Q2 Dec-Feb,Seed use,Million bushels,0.0,0.0
2000,Quarterly,Marketing year Q3 Mar-May,Seed use,Million bushels,21.71,551459.4597512
2000,Quarterly,Marketing year Q4 Jun-Aug,Seed use,Million bushels,0.74,18796.8678128
2000,Annual,Marketing year Sep-Aug,Seed use,Million bushels,22.45,570256.3275639999
2001,Quarterly,Marketing year Q1 Sep-Nov,Seed use,Million bushels,0.0,0.0
2001,Quarterly,Marketing year Q2 Dec-Feb,Seed use,Million bushels,0.0,0.0
2001,Quarterly,Marketing year Q3 Mar-May,Seed use,Million bushels,21.891,556057.0720135199
2001,Quarterly,Marketing year Q4 Jun-Aug,Seed use,Million bushels,1.716,43588.412387519995
2001,Annual,Marketing year Sep-Aug,Seed use,Million bushels,23.607,599645.4844010399
2002,Quarterly,Marketing year Q1 Sep-Nov,Seed use,Million bushels,0.0,0.0
2002,Quarterly,Marketing year Q2 Dec-Feb,Seed use,Million bushels,0.0,0.0
2002,Quarterly,Marketing year Q3 Mar-May,Seed use,Million bushels,22.459,570484.9381184799
2002,Quarterly,Marketing year Q4 Jun-Aug,Seed use,Million bushels,1.29,32767.5128088
2002,Annual,Marketing year Sep-Aug,Seed use,Million bushels,23.749,603252.4509272799
2003,Quarterly,Marketing year Q1 Sep-Nov,Seed use,Million bushels,0.0,0.0
2003,Quarterly,Marketing year Q2 Dec-Feb,Seed use,Million bushels,0.0,0.0
2003,Quarterly,Marketing year Q3 Mar-May,Seed use,Million bushels,23.182,588849.9859950399
2003,Quarterly,Marketing year Q4 Jun-Aug,Seed use,Million bushels,0.978,24842.34692016
2003,Annual,Marketing year Sep-Aug,Seed use,Million bushels,24.16,613692.3329151999
2004,Quarterly,Marketing year Q1 Sep-Nov,Seed use,Million bushels,0.0,0.0
2004,Quarterly,Marketing year Q2 Dec-Feb,Seed use,Million bushels,0.0,0.0
2004,Quarterly,Marketing year Q3 Mar-May,Seed use,Million bushels,23.852,605868.77171744
2004,Quarterly,Marketing year Q4 Jun-Aug,Seed use,Million bushels,0.365,9271.4280428
2004,Annual,Marketing year Sep-Aug,Seed use,Million bushels,24.217,615140.1997602399
2005,Quarterly,Marketing year Q1 Sep-Nov,Seed use,Million bushels,0.0,0.0
2005,Quarterly,Marketing year Q2 Dec-Feb,Seed use,Million bushels,0.0,0.0
2005,Quarterly,Marketing year Q3 Mar-May,Seed use,Million bushels,23.161,588316.56136792
2005,Quarterly,Marketing year Q4 Jun-Aug,Seed use,Million bushels,0.484,12294.16759648
2005,Annual,Marketing year Sep-Aug,Seed use,Million bushels,23.645,600610.7289644
2006,Quarterly,Marketing year Q1 Sep-Nov,Seed use,Million bushels,0.0,0.0
2006,Quarterly,Marketing year Q2 Dec-Feb,Seed use,Million bushels,0.0,0.0
2006,Quarterly,Marketing year Q3 Mar-May,Seed use,Million bushels,28.146,714941.40737712
2006,Quarterly,Marketing year Q4 Jun-Aug,Seed use,Million bushels,0.403,10236.67260616
2006,Annual,Marketing year Sep-Aug,Seed use,Million bushels,28.549,725178.0799832799
2007,Quarterly,Marketing year Q1 Sep-Nov,Seed use,Million bushels,0.0,0.0
2007,Quarterly,Marketing year Q2 Dec-Feb,Seed use,Million bushels,0.0,0.0
2007,Quarterly,Marketing year Q3 Mar-May,Seed use,Million bushels,25.162,639144.30798064
2007,Quarterly,Marketing year Q4 Jun-Aug,Seed use,Million bushels,1.39,35307.630080799994
2007,Annual,Marketing year Sep-Aug,Seed use,Million bushels,26.552,674451.9380614399
2008,Quarterly,Marketing year Q1 Sep-Nov,Seed use,Million bushels,0.0,0.0
2008,Quarterly,Marketing year Q2 Dec-Feb,Seed use,Million bushels,0.0,0.0
2008,Quarterly,Marketing year Q3 Mar-May,Seed use,Million bushels,25.306,642802.07685232
2008,Quarterly,Marketing year Q4 Jun-Aug,Seed use,Million bushels,1.922,48821.053967839995
2008,Annual,Marketing year Sep-Aug,Seed use,Million bushels,27.228,691623.13082016
2009,Quarterly,Marketing year Q1 Sep-Nov,Seed use,Million bushels,0.0,0.0
2009,Quarterly,Marketing year Q2 Dec-Feb,Seed use,Million bushels,0.0,0.0
2009,Quarterly,Marketing year Q3 Mar-May,Seed use,Million bushels,26.919,683774.16844968
2009,Quarterly,Marketing year Q4 Jun-Aug,Seed use,Million bushels,0.836,21235.380393919997
2009,Annual,Marketing year Sep-Aug,Seed use,Million bushels,27.755,705009.5488436
2010,Quarterly,Marketing year Q1 Sep-Nov,Seed use,Million bushels,0.0,0.0
2010,Quarterly,Marketing year Q2 Dec-Feb,Seed use,Million bushels,0.0,0.0
2010,Quarterly,Marketing year Q3 Mar-May,Seed use,Million bushels,26.09,662716.5962647999
2010,Quarterly,Marketing year Q4 Jun-Aug,Seed use,Million bushels,3.486,88548.48810192
2010,Annual,Marketing year Sep-Aug,Seed use,Million bushels,29.576,751265.0843667199
2011,Quarterly,Marketing year Q1 Sep-Nov,Seed use,Million bushels,0.0,0.0
2011,Quarterly,Marketing year Q2 Dec-Feb,Seed use,Million bushels,0.0,0.0
2011,Quarterly,Marketing year Q3 Mar-May,Seed use,Million bushels,28.149,715017.61089528
2011,Quarterly,Marketing year Q4 Jun-Aug,Seed use,Million bushels,2.838,72088.52817936
2011,Annual,Marketing year Sep-Aug,Seed use,Million bushels,30.987,787106.1390746399
2012,Quarterly,Marketing year Q1 Sep-Nov,Seed use,Million bushels,0.0,0.0
2012,Quarterly,Marketing year Q2 Dec-Feb,Seed use,Million bushels,0.0,0.0
2012,Quarterly,Marketing year Q3 Mar-May,Seed use,Million bushels,28.392,721190.09586624
2012,Quarterly,Marketing year Q4 Jun-Aug,Seed use,Million bushels,2.571,65306.41506312
2012,Annual,Marketing year Sep-Aug,Seed use,Million bushels,30.963,786496.5109293599
2013,Quarterly,Marketing year Q1 Sep-Nov,Seed use,Million bushels,0.0,0.0
2013,Quarterly,Marketing year Q2 Dec-Feb,Seed use,Million bushels,0.0,0.0
2013,Quarterly,Marketing year Q3 Mar-May,Seed use,Million bushels,28.124,714382.58157728
2013,Quarterly,Marketing year Q4 Jun-Aug,Seed use,Million bushels,1.598,40591.07400656
2013,Annual,Marketing year Sep-Aug,Seed use,Million bushels,29.722,754973.65558384
2014,Quarterly,Marketing year Q1 Sep-Nov,Seed use,Million bushels,0.0,0.0
2014,Quarterly,Marketing year Q2 Dec-Feb,Seed use,Million bushels,0.0,0.0
2014,Quarterly,Marketing year Q3 Mar-May,Seed use,Million bushels,27.716,704018.90310752
2014,Quarterly,Marketing year Q4 Jun-Aug,Seed use,Million bushels,1.539,39092.404816079994
2014,Annual,Marketing year Sep-Aug,Seed use,Million bushels,29.255,743111.3079236
2015,Quarterly,Marketing year Q1 Sep-Nov,Seed use,Million bushels,0.0,0.0
2015,Quarterly,Marketing year Q2 Dec-Feb,Seed use,Million bushels,0.0,0.0
2015,Quarterly,Marketing year Q3 Mar-May,Seed use,Million bushels,27.928,709403.95172416
2015,Quarterly,Marketing year Q4 Jun-Aug,Seed use,Million bushels,2.627,66728.88073543999
2015,Annual,Marketing year Sep-Aug,Seed use,Million bushels,30.555,776132.8324596
2016,Quarterly,Marketing year Q1 Sep-Nov,Seed use,Million bushels,0.0,0.0
2016,Quarterly,Marketing year Q2 Dec-Feb,Seed use,Million bushels,0.0,0.0
2016,Quarterly,Marketing year Q3 Mar-May,Seed use,Million bushels,27.252,692232.75896544
2016,Quarterly,Marketing year Q4 Jun-Aug,Seed use,Million bushels,2.052,52123.20642144
2016,Annual,Marketing year Sep-Aug,Seed use,Million bushels,29.304,744355.96538688
2017,Quarterly,Marketing year Q1 Sep-Nov,Seed use,Million bushels,0.0,0.0
2017,Quarterly,Marketing year Q2 Dec-Feb,Seed use,Million bushels,0.0,0.0
2017,Quarterly,Marketing year Q3 Mar-May,Seed use,Million bushels,28.054,712604.4994868799
2017,Quarterly,Marketing year Q4 Jun-Aug,Seed use,Million bushels,1.477,37517.53210744
2017,Annual,Marketing year Sep-Aug,Seed use,Million bushels,29.531,750122.03159432
2018,Quarterly,Marketing year Q1 Sep-Nov,Seed use,Million bushels,0.0,0.0
2018,Quarterly,Marketing year Q2 Dec-Feb,Seed use,Million bushels,0.0,0.0
2018,Quarterly,Marketing year Q3 Mar-May,Seed use,Million bushels,18.521,470455.11994712
2018,Quarterly,Marketing year Q4 Jun-Aug,Seed use,Million bushels,10.418,264629.41739695997
2018,Annual,Marketing year Sep-Aug,Seed use,Million bushels,28.939,735084.5373440799
2019,Quarterly,Marketing year Q1 Sep-Nov,Seed use,Million bushels,0.0,0.0
2019,Quarterly,Marketing year Q2 Dec-Feb,Seed use,Million bushels,0.0,0.0
2019,Quarterly,Marketing year Q3 Mar-May,Seed use,Million bushels,27.693,703434.67613496
2019,Quarterly,Marketing year Q4 Jun-Aug,Seed use,Million bushels,2.084,52936.04394848
2019,Annual,Marketing year Sep-Aug,Seed use,Million bushels,29.777,756370.72008344
2020,Quarterly,Marketing year Q1 Sep-Nov,Seed use,Million bushels,0.0,0.0
2020,Quarterly,Marketing year Q2 Dec-Feb,Seed use,Million bushels,0.0,0.0
2020,Quarterly,Marketing year Q3 Mar-May,Seed use,Million bushels,29.364,745880.03575008
2020,Quarterly,Marketing year Q4 Jun-Aug,Seed use,Million bushels,1.223,31065.63423656
2020,Annual,Marketing year Sep-Aug,Seed use,Million bushels,30.587,776945.66998664
2021,Quarterly,Marketing year Q1 Sep-Nov,Seed use,Million bushels,0.0,0.0
2021,Quarterly,Marketing year Q2 Dec-Feb,Seed use,Million bushels,0.0,0.0
2021,Quarterly,Marketing year Q3 Mar-May,Seed use,Million bushels,25.622,650828.8474318399
2021,Quarterly,Marketing year Q4 Jun-Aug,Seed use,Million bushels,3.494,88751.69748368001
2021,Annual,Marketing year Sep-Aug,Seed use,Million bushels,29.116,739580.54491552
2022,Quarterly,Marketing year Q1 Sep-Nov,Seed use,Million bushels,0.0,0.0
2022,Quarterly,Marketing year Q2 Dec-Feb,Seed use,Million bushels,0.0,0.0
2022,Quarterly,Marketing year Q3 Mar-May,Seed use,Million bushels,29.725,755049.859102
2022,Quarterly,Marketing year Q4 Jun-Aug,Seed use,Million bushels,1.897,48186.02464984
2022,Annual,Marketing year Sep-Aug,Seed use,Million bushels,31.622,803235.88375184
2023,Quarterly,Marketing year Q1 Sep-Nov,Seed use,Million bushels,0.0,0.0
2023,Quarterly,Marketing year Q2 Dec-Feb,Seed use,Million bushels,0.0,0.0
2023,Quarterly,Marketing year Q3 Mar-May,Seed use,Million bushels,26.552,674451.9380614399
2023,Quarterly,Marketing year Q4 Jun-Aug,Seed use,Million bushels,3.282,83366.64886704
2023,Annual,Marketing year Sep-Aug,Seed use,Million bushels,29.834,757818.58692848
2024,Quarterly,Marketing year Q1 Sep-Nov,Seed use,Million bushels,0.0,0.0
2024,Quarterly,Marketing year Q2 Dec-Feb,Seed use,Million bushels,0.0,0.0
2024,Quarterly,Marketing year Q3 Mar-May,Seed use,Million bushels,29.736,755329.2720019199
2024,Quarterly,Marketing year Q4 Jun-Aug,Seed use,Million bushels,2.586,65687.43265392
2024,Annual,Marketing year Sep-Aug,Seed use,Million bushels,32.322,821016.7046558401
2025,Quarterly,Marketing year Q1 Sep-Nov,Seed use,Million bushels,0.0,0.0
2025,Quarterly,Marketing year Q2 Dec-Feb,Seed use,Million bushels,0.0,0.0
2025,Quarterly,Marketing year Q3 Mar-May,Seed use,Million bushels,28.0,711232.83616
2025,Annual,Marketing year Sep-Aug,Seed use,Million bushels,29.0,736634.00888
2026,Annual,Marketing year Sep-Aug,Seed use,Million bushels,29.0,736634.00888
1975,Quarterly,Marketing year Q1 Sep-Nov,Total supply,Million bushels,6398.997,162542028.03176183
1975,Quarterly,Marketing year Q2 Dec-Feb,Total supply,Million bushels,4975.197,126375838.31302583
1975,Quarterly,Marketing year Q3 Mar-May,Total supply,Million bushels,3373.805,85698603.52859959
1975,Quarterly,Marketing year Q4 Jun-Aug,Total supply,Million bushels,1869.255,47481269.112723604
1975,Annual,Marketing year Sep-Aug,Total supply,Million bushels,6400.254,162573957.30587086
1976,Quarterly,Marketing year Q1 Sep-Nov,Total supply,Million bushels,6922.855,175848635.57051557
1976,Quarterly,Marketing year Q2 Dec-Feb,Total supply,Million bushels,5387.594,136851205.73923567
1976,Quarterly,Marketing year Q3 Mar-May,Total supply,Million bushels,3848.733,97762331.68616375
1976,Quarterly,Marketing year Q4 Jun-Aug,Total supply,Million bushels,2371.018,60226637.74022896
1976,Annual,Marketing year Sep-Aug,Total supply,Million bushels,6924.8,175898040.851456
1977,Quarterly,Marketing year Q1 Sep-Nov,Total supply,Million bushels,7641.282,194097523.88422704
1977,Quarterly,Marketing year Q2 Dec-Feb,Total supply,Million bushels,6087.356,154625981.1641283
1977,Quarterly,Marketing year Q3 Mar-May,Total supply,Million bushels,4482.127,113851282.07997544
1977,Quarterly,Marketing year Q4 Jun-Aug,Total supply,Million bushels,2861.674,72689875.54233328
1977,Annual,Marketing year Sep-Aug,Total supply,Million bushels,7643.039,194142153.74469605
1978,Quarterly,Marketing year Q1 Sep-Nov,Total supply,Million bushels,8703.962,221090842.1103166
1978,Quarterly,Marketing year Q2 Dec-Feb,Total supply,Million bushels,6928.504,175992126.79521087
1978,Quarterly,Marketing year Q3 Mar-May,Total supply,Million bushels,5151.396,130851499.54511711
1978,Quarterly,Marketing year Q4 Jun-Aug,Total supply,Million bushels,3287.617,83509327.25420824
1978,Annual,Marketing year Sep-Aug,Total supply,Million bushels,8704.979,221116675.10297287
1979,Quarterly,Marketing year Q1 Sep-Nov,Total supply,Million bushels,9637.854,244812794.10414284
1979,Quarterly,Marketing year Q2 Dec-Feb,Total supply,Million bushels,7594.266,192903262.3476235
1979,Quarterly,Marketing year Q3 Mar-May,Total supply,Million bushels,5557.2,141159397.03958398
1979,Quarterly,Marketing year Q4 Jun-Aug,Total supply,Million bushels,3644.44,92573049.9076768
1979,Annual,Marketing year Sep-Aug,Total supply,Million bushels,9638.36,244825647.09753922
1980,Quarterly,Marketing year Q1 Sep-Nov,Total supply,Million bushels,8673.988,220329467.35920733
1980,Quarterly,Marketing year Q2 Dec-Feb,Total supply,Million bushels,6595.903,167543671.34736615
1980,Quarterly,Marketing year Q3 Mar-May,Total supply,Million bushels,4662.446,118431596.1436731
1980,Quarterly,Marketing year Q4 Jun-Aug,Total supply,Million bushels,2774.007,70463030.93348904
1980,Annual,Marketing year Sep-Aug,Total supply,Million bushels,8674.544,220343590.41123965
1981,Quarterly,Marketing year Q1 Sep-Nov,Total supply,Million bushels,9510.86,241586997.5757392
1981,Quarterly,Marketing year Q2 Dec-Feb,Total supply,Million bushels,7601.259,193080892.74845448
1981,Quarterly,Marketing year Q3 Mar-May,Total supply,Million bushels,5766.44,146474338.41951677
1981,Quarterly,Marketing year Q4 Jun-Aug,Total supply,Million bushels,3880.347,98565364.36053383
1981,Annual,Marketing year Sep-Aug,Total supply,Million bushels,9511.306,241598326.49877232
1982,Quarterly,Marketing year Q1 Sep-Nov,Total supply,Million bushels,10771.949,273620137.0800313
1982,Quarterly,Marketing year Q2 Dec-Feb,Total supply,Million bushels,8906.359,226231963.26532647
1982,Quarterly,Marketing year Q3 Mar-May,Total supply,Million bushels,6899.286,175249955.33067793
1982,Quarterly,Marketing year Q4 Jun-Aug,Total supply,Million bushels,4923.996,125075272.86858912
1982,Annual,Marketing year Sep-Aug,Total supply,Million bushels,10772.19,273626258.7626568
1983,Quarterly,Marketing year Q1 Sep-Nov,Total supply,Million bushels,7697.749,195531851.90420726
1983,Quarterly,Marketing year Q2 Dec-Feb,Total supply,Million bushels,5652.012,143567733.02751264
1983,Quarterly,Marketing year Q3 Mar-May,Total supply,Million bushels,3865.487,98187902.93391463
1983,Quarterly,Marketing year Q4 Jun-Aug,Total supply,Million bushels,2145.611,54501035.60093191
1983,Annual,Marketing year Sep-Aug,Total supply,Million bushels,7699.059,195565127.4404705
1984,Quarterly,Marketing year Q1 Sep-Nov,Total supply,Million bushels,8679.153,220460664.41630617
1984,Quarterly,Marketing year Q2 Dec-Feb,Total supply,Million bushels,6631.183,168439824.72092775
1984,Quarterly,Marketing year Q3 Mar-May,Total supply,Million bushels,4624.049,117456267.31474328
1984,Quarterly,Marketing year Q4 Jun-Aug,Total supply,Million bushels,2835.578,72027006.53903216
1984,Annual,Marketing year Sep-Aug,Total supply,Million bushels,8680.163,220486319.60075337
1985,Quarterly,Marketing year Q1 Sep-Nov,Total supply,Million bushels,10524.516,267335048.7104035
1985,Quarterly,Marketing year Q2 Dec-Feb,Total supply,Million bushels,8615.653,218847689.94858617
1985,Quarterly,Marketing year Q3 Mar-May,Total supply,Million bushels,6589.305,167376074.4097596
1985,Quarterly,Marketing year Q4 Jun-Aug,Total supply,Million bushels,4995.914,126902074.40826607
1985,Annual,Marketing year Sep-Aug,Total supply,Million bushels,10533.551,267564548.3059287
1986,Quarterly,Marketing year Q1 Sep-Nov,Total supply,Million bushels,12265.997,311570708.3800018
1986,Quarterly,Marketing year Q2 Dec-Feb,Total supply,Million bushels,10305.666,261776002.06063148
1986,Quarterly,Marketing year Q3 Mar-May,Total supply,Million bushels,8248.642,209525180.14744622
1986,Quarterly,Marketing year Q4 Jun-Aug,Total supply,Million bushels,6332.671,160857269.8499351
1986,Annual,Marketing year Sep-Aug,Total supply,Million bushels,12267.043,311597278.00666696
1987,Quarterly,Marketing year Q1 Sep-Nov,Total supply,Million bushels,12013.555,305158385.5362196
1987,Quarterly,Marketing year Q2 Dec-Feb,Total supply,Million bushels,9771.71,248212893.47975117
1987,Quarterly,Marketing year Q3 Mar-May,Total supply,Million bushels,7636.96,193987740.0157312
1987,Quarterly,Marketing year Q4 Jun-Aug,Total supply,Million bushels,5839.991,148342620.0742455
1987,Annual,Marketing year Sep-Aug,Total supply,Million bushels,12016.404,305230753.47729886
1988,Quarterly,Marketing year Q1 Sep-Nov,Total supply,Million bushels,9188.393,233395957.61223894
1988,Quarterly,Marketing year Q2 Dec-Feb,Total supply,Million bushels,7072.158,179641106.86112976
1988,Quarterly,Marketing year Q3 Mar-May,Total supply,Million bushels,5205.141,132216685.5729535
1988,Quarterly,Marketing year Q4 Jun-Aug,Total supply,Million bushels,3419.652,86863171.09429343
1988,Annual,Marketing year Sep-Aug,Total supply,Million bushels,9190.549,233450722.54062328
1989,Quarterly,Marketing year Q1 Sep-Nov,Total supply,Million bushels,9463.023,240371881.67633253
1989,Quarterly,Marketing year Q2 Dec-Feb,Total supply,Million bushels,7082.514,179904161.40581807
1989,Quarterly,Marketing year Q3 Mar-May,Total supply,Million bushels,4813.04,122256860.34826879
1989,Quarterly,Marketing year Q4 Jun-Aug,Total supply,Million bushels,2843.41,72225948.52377519
1989,Annual,Marketing year Sep-Aug,Total supply,Million bushels,9464.283,240403887.15395972
1990,Quarterly,Marketing year Q1 Sep-Nov,Total supply,Million bushels,9279.37,235706880.10278642
1990,Quarterly,Marketing year Q2 Dec-Feb,Total supply,Million bushels,6940.564,176298464.93821406
1990,Quarterly,Marketing year Q3 Mar-May,Total supply,Million bushels,4789.757,121665444.84382902
1990,Quarterly,Marketing year Q4 Jun-Aug,Total supply,Million bushels,2993.429,76036607.05405688
1990,Annual,Marketing year Sep-Aug,Total supply,Million bushels,9281.9,235771145.06976798
1991,Quarterly,Marketing year Q1 Sep-Nov,Total supply,Million bushels,9002.491,228673828.8012455
1991,Quarterly,Marketing year Q2 Dec-Feb,Total supply,Million bushels,6551.721,166421396.7342511
1991,Quarterly,Marketing year Q3 Mar-May,Total supply,Million bushels,4566.389,115991635.69570808
1991,Quarterly,Marketing year Q4 Jun-Aug,Total supply,Million bushels,2741.898,69647424.67862256
1991,Annual,Marketing year Sep-Aug,Total supply,Million bushels,9015.647,229008006.62954986
1992,Quarterly,Marketing year Q1 Sep-Nov,Total supply,Million bushels,10578.267,268700387.14527625
1992,Quarterly,Marketing year Q2 Dec-Feb,Total supply,Million bushels,7907.402,200857283.96847343
1992,Quarterly,Marketing year Q3 Mar-May,Total supply,Million bushels,5680.214,144284096.90056208
1992,Quarterly,Marketing year Q4 Jun-Aug,Total supply,Million bushels,3712.238,94295198.61574735
1992,Annual,Marketing year Sep-Aug,Total supply,Million bushels,10584.1,268848552.185752
1993,Quarterly,Marketing year Q1 Sep-Nov,Total supply,Million bushels,8455.92,214790284.42650238
1993,Quarterly,Marketing year Q2 Dec-Feb,Total supply,Million bushels,5944.502,150997322.03638545
1993,Quarterly,Marketing year Q3 Mar-May,Total supply,Million bushels,4001.988,101655188.41136736
1993,Quarterly,Marketing year Q4 Jun-Aug,Total supply,Million bushels,2361.259,59978747.695654474
1993,Annual,Marketing year Sep-Aug,Total supply,Million bushels,8471.526,215186695.1279707
1994,Quarterly,Marketing year Q1 Sep-Nov,Total supply,Million bushels,10902.723,276941950.04131657
1994,Quarterly,Marketing year Q2 Dec-Feb,Total supply,Million bushels,8084.219,205348643.12530568
1994,Quarterly,Marketing year Q3 Mar-May,Total supply,Million bushels,5594.696,142111839.4118931
1994,Quarterly,Marketing year Q4 Jun-Aug,Total supply,Million bushels,3415.651,86761541.00224072
1994,Annual,Marketing year Sep-Aug,Total supply,Million bushels,10910.22,277132382.6331984
1995,Quarterly,Marketing year Q1 Sep-Nov,Total supply,Million bushels,8961.539,227633599.97601607
1995,Quarterly,Marketing year Q2 Dec-Feb,Total supply,Million bushels,6110.736,155219860.5823219
1995,Quarterly,Marketing year Q3 Mar-May,Total supply,Million bushels,3804.563,96640361.88712136
1995,Quarterly,Marketing year Q4 Jun-Aug,Total supply,Million bushels,1720.749,43709042.55676728
1995,Annual,Marketing year Sep-Aug,Total supply,Million bushels,8974.378,227959725.63256815
1996,Quarterly,Marketing year Q1 Sep-Nov,Total supply,Million bushels,9661.937,245424530.54675862
1996,Quarterly,Marketing year Q2 Dec-Feb,Total supply,Million bushels,6905.324,175403327.61156127
1996,Quarterly,Marketing year Q3 Mar-May,Total supply,Million bushels,4497.847,114250588.51513383
1996,Quarterly,Marketing year Q4 Jun-Aug,Total supply,Million bushels,2500.304,63510653.756506875
1996,Annual,Marketing year Sep-Aug,Total supply,Million bushels,9671.76,245674046.2663872
1997,Quarterly,Marketing year Q1 Sep-Nov,Total supply,Million bushels,10092.198,256353664.52243856
1997,Quarterly,Marketing year Q2 Dec-Feb,Total supply,Million bushels,7247.742,184101146.37199822
1997,Quarterly,Marketing year Q3 Mar-May,Total supply,Million bushels,4943.505,125570824.3471836
1997,Quarterly,Marketing year Q4 Jun-Aug,Total supply,Million bushels,3041.769,77264499.74334167
1997,Annual,Marketing year Sep-Aug,Total supply,Million bushels,10098.803,256521439.26825413
1998,Quarterly,Marketing year Q1 Sep-Nov,Total supply,Million bushels,11070.513,281204012.81200534
1998,Quarterly,Marketing year Q2 Dec-Feb,Total supply,Million bushels,8057.562,204671524.06410864
1998,Quarterly,Marketing year Q3 Mar-May,Total supply,Million bushels,5705.663,144930531.34511334
1998,Quarterly,Marketing year Q4 Jun-Aug,Total supply,Million bushels,3618.055,91902839.96545959
1998,Annual,Marketing year Sep-Aug,Total supply,Million bushels,11085.294,281579467.5459797
1999,Quarterly,Marketing year Q1 Sep-Nov,Total supply,Million bushels,11221.136,285030013.6506099
1999,Quarterly,Marketing year Q2 Dec-Feb,Total supply,Million bushels,8042.846,204297720.4063611
1999,Quarterly,Marketing year Q3 Mar-May,Total supply,Million bushels,5607.41,142434789.92185518
1999,Quarterly,Marketing year Q4 Jun-Aug,Total supply,Million bushels,3588.217,91144919.77384023
1999,Annual,Marketing year Sep-Aug,Total supply,Million bushels,11232.333,285314430.5815558
2000,Quarterly,Marketing year Q1 Sep-Nov,Total supply,Million bushels,11633.892,295514500.09782624
2000,Quarterly,Marketing year Q2 Dec-Feb,Total supply,Million bushels,8530.545,216685846.9407324
2000,Quarterly,Marketing year Q3 Mar-May,Total supply,Million bushels,6046.122,153578589.20819184
2000,Quarterly,Marketing year Q4 Jun-Aug,Total supply,Million bushels,3925.456,99711185.86076032
2000,Annual,Marketing year Sep-Aug,Total supply,Million bushels,11639.424,295655019.3853133
2001,Quarterly,Marketing year Q1 Sep-Nov,Total supply,Million bushels,11404.137,289678453.6595426
2001,Quarterly,Marketing year Q2 Dec-Feb,Total supply,Million bushels,8266.399,209976228.77143526
2001,Quarterly,Marketing year Q3 Mar-May,Total supply,Million bushels,5799.415,147311942.0899588
2001,Quarterly,Marketing year Q4 Jun-Aug,Total supply,Million bushels,3598.745,91412343.3202364
2001,Annual,Marketing year Sep-Aug,Total supply,Million bushels,11411.828,289873814.0789321
2002,Quarterly,Marketing year Q1 Sep-Nov,Total supply,Million bushels,10566.642,268405098.51240623
2002,Quarterly,Marketing year Q2 Dec-Feb,Total supply,Million bushels,7642.031,194116549.3625943
2002,Quarterly,Marketing year Q3 Mar-May,Total supply,Million bushels,5137.025,130486459.29195799
2002,Quarterly,Marketing year Q4 Jun-Aug,Total supply,Million bushels,2986.723,75866266.78979656
2002,Annual,Marketing year Sep-Aug,Total supply,Million bushels,10577.659,268684943.23226243
2003,Quarterly,Marketing year Q1 Sep-Nov,Total supply,Million bushels,11176.426,283894327.2182987
2003,Quarterly,Marketing year Q2 Dec-Feb,Total supply,Million bushels,7957.298,202124700.88251054
2003,Quarterly,Marketing year Q3 Mar-May,Total supply,Million bushels,5276.582,134031370.75324304
2003,Quarterly,Marketing year Q4 Jun-Aug,Total supply,Million bushels,2973.109,75520455.22438647
2003,Annual,Marketing year Sep-Aug,Total supply,Million bushels,11188.041,284189361.8394415
2004,Quarterly,Marketing year Q1 Sep-Nov,Total supply,Million bushels,12765.307,324253767.93082505
2004,Quarterly,Marketing year Q2 Dec-Feb,Total supply,Million bushels,9454.192,240147563.92004222
2004,Quarterly,Marketing year Q3 Mar-May,Total supply,Million bushels,6760.34,171720563.98592478
2004,Quarterly,Marketing year Q4 Jun-Aug,Total supply,Million bushels,4324.298,109842240.39075054
2004,Annual,Marketing year Sep-Aug,Total supply,Million bushels,12774.502,324487331.71398544
2005,Quarterly,Marketing year Q1 Sep-Nov,Total supply,Million bushels,13228.273,336013647.2603125
2005,Quarterly,Marketing year Q2 Dec-Feb,Total supply,Million bushels,9816.192,249342788.4446822
2005,Quarterly,Marketing year Q3 Mar-May,Total supply,Million bushels,6991.465,177591410.0308348
2005,Quarterly,Marketing year Q4 Jun-Aug,Total supply,Million bushels,4363.019,110825799.19964167
2005,Annual,Marketing year Sep-Aug,Total supply,Million bushels,13234.965,336183631.9081548
2006,Quarterly,Marketing year Q1 Sep-Nov,Total supply,Million bushels,12499.437,317500358.13975865
2006,Quarterly,Marketing year Q2 Dec-Feb,Total supply,Million bushels,8934.391,226944008.9390135
2006,Quarterly,Marketing year Q3 Mar-May,Total supply,Million bushels,6073.726,154279763.1799547
2006,Quarterly,Marketing year Q4 Jun-Aug,Total supply,Million bushels,3537.113,89846818.24315736
2006,Annual,Marketing year Sep-Aug,Total supply,Million bushels,12510.267,317775452.84031624
2007,Quarterly,Marketing year Q1 Sep-Nov,Total supply,Million bushels,14343.706,364346953.5509003
2007,Quarterly,Marketing year Q2 Dec-Feb,Total supply,Million bushels,10280.903,261146992.82056615
2007,Quarterly,Marketing year Q3 Mar-May,Total supply,Million bushels,6868.434,174466278.34992048
2007,Quarterly,Marketing year Q4 Jun-Aug,Total supply,Million bushels,4033.324,102451159.55972128
2007,Annual,Marketing year Sep-Aug,Total supply,Million bushels,14361.543,364800034.2687069
2008,Quarterly,Marketing year Q1 Sep-Nov,Total supply,Million bushels,13670.168,347238298.4794169
2008,Quarterly,Marketing year Q2 Dec-Feb,Total supply,Million bushels,10076.214,255947652.17768207
2008,Quarterly,Marketing year Q3 Mar-May,Total supply,Million bushels,6959.266,176773517.6704235
2008,Quarterly,Marketing year Q4 Jun-Aug,Total supply,Million bushels,4262.913,108282989.40333334
2008,Annual,Marketing year Sep-Aug,Total supply,Million bushels,13680.883,347510472.0451117
2009,Quarterly,Marketing year Q1 Sep-Nov,Total supply,Million bushels,14741.447,374450041.3897258
2009,Quarterly,Marketing year Q2 Dec-Feb,Total supply,Million bushels,10903.779,276968773.6797089
2009,Quarterly,Marketing year Q3 Mar-May,Total supply,Million bushels,7696.919,195510768.93084967
2009,Quarterly,Marketing year Q4 Jun-Aug,Total supply,Million bushels,4312.983,109554826.12142377
2009,Annual,Marketing year Sep-Aug,Total supply,Million bushels,14748.81,374637070.22446316
2010,Quarterly,Marketing year Q1 Sep-Nov,Total supply,Million bushels,14138.438,359132905.62901133
2010,Quarterly,Marketing year Q2 Dec-Feb,Total supply,Million bushels,10065.233,255668721.90004376
2010,Quarterly,Marketing year Q3 Mar-May,Total supply,Million bushels,6533.612,165961406.89746463
2010,Quarterly,Marketing year Q4 Jun-Aug,Total supply,Million bushels,3673.832,93319641.17626303
2010,Annual,Marketing year Sep-Aug,Total supply,Million bushels,14160.786,359700571.0369579
2011,Quarterly,Marketing year Q1 Sep-Nov,Total supply,Million bushels,13445.656,341535430.38970435
2011,Quarterly,Marketing year Q2 Dec-Feb,Total supply,Million bushels,9650.757,245140545.43574902
2011,Quarterly,Marketing year Q3 Mar-May,Total supply,Million bushels,6034.03,153271438.22766158
2011,Quarterly,Marketing year Q4 Jun-Aug,Total supply,Million bushels,3158.914,80240120.12162608
2011,Annual,Marketing year Sep-Aug,Total supply,Million bushels,13470.974,342178537.2806293
2012,Quarterly,Marketing year Q1 Sep-Nov,Total supply,Million bushels,11778.923,299198457.57858056
2012,Quarterly,Marketing year Q2 Dec-Feb,Total supply,Million bushels,8078.159,205194712.01862246
2012,Quarterly,Marketing year Q3 Mar-May,Total supply,Million bushels,5440.105,138185046.7199356
2012,Quarterly,Marketing year Q4 Jun-Aug,Total supply,Million bushels,2805.799,71270585.01660328
2012,Annual,Marketing year Sep-Aug,Total supply,Million bushels,11904.084,302377693.7573885
2013,Quarterly,Marketing year Q1 Sep-Nov,Total supply,Million bushels,14666.414,372544115.1970261
2013,Quarterly,Marketing year Q2 Dec-Feb,Total supply,Million bushels,10459.1,265673405.595752
2013,Quarterly,Marketing year Q3 Mar-May,Total supply,Million bushels,7017.591,178255041.06931752
2013,Quarterly,Marketing year Q4 Jun-Aug,Total supply,Million bushels,3857.835,97993533.1602612
2013,Annual,Marketing year Sep-Aug,Total supply,Million bushels,14687.683,373084372.73960775
2014,Quarterly,Marketing year Q1 Sep-Nov,Total supply,Million bushels,15454.2,392554803.44942397
2014,Quarterly,Marketing year Q2 Dec-Feb,Total supply,Million bushels,11217.309,284932803.36261046
2014,Quarterly,Marketing year Q3 Mar-May,Total supply,Million bushels,7759.768,197107207.23512894
2014,Quarterly,Marketing year Q4 Jun-Aug,Total supply,Million bushels,4463.739,113384205.31600006
2014,Annual,Marketing year Sep-Aug,Total supply,Million bushels,15480.842,393231541.49303025
2015,Quarterly,Marketing year Q1 Sep-Nov,Total supply,Million bushels,15346.016,389806802.9798835
2015,Quarterly,Marketing year Q2 Dec-Feb,Total supply,Million bushels,11252.875,285836221.47156996
2015,Quarterly,Marketing year Q3 Mar-May,Total supply,Million bushels,7842.86,199217841.47877917
2015,Quarterly,Marketing year Q4 Jun-Aug,Total supply,Million bushels,4727.432,120082316.75405502
2015,Annual,Marketing year Sep-Aug,Total supply,Million bushels,15400.693,391195662.9006949
2016,Quarterly,Marketing year Q1 Sep-Nov,Total supply,Million bushels,16899.367,429263740.0256682
2016,Quarterly,Marketing year Q2 Dec-Feb,Total supply,Million bushels,12395.261,314854165.5704799
2016,Quarterly,Marketing year Q3 Mar-May,Total supply,Million bushels,8639.338,219449316.72445935
2016,Quarterly,Marketing year Q4 Jun-Aug,Total supply,Million bushels,5242.743,133171820.46957096
2016,Annual,Marketing year Sep-Aug,Total supply,Million bushels,16942.164,430350834.01456606
2017,Quarterly,Marketing year Q1 Sep-Nov,Total supply,Million bushels,16913.501,429622760.2008927
2017,Quarterly,Marketing year Q2 Dec-Feb,Total supply,Million bushels,12574.865,319416317.7956828
2017,Quarterly,Marketing year Q3 Mar-May,Total supply,Million bushels,8899.712,226063121.6702566
2017,Quarterly,Marketing year Q4 Jun-Aug,Total supply,Million bushels,5314.076,134983762.32320672
2017,Annual,Marketing year Sep-Aug,Total supply,Million bushels,16938.723,430263428.57923657
2018,Quarterly,Marketing year Q1 Sep-Nov,Total supply,Million bushels,16468.172,418310881.3546678
2018,Quarterly,Marketing year Q2 Dec-Feb,Total supply,Million bushels,12295.21,312312752.83867115
2018,Quarterly,Marketing year Q3 Mar-May,Total supply,Million bushels,8841.688,224589244.02435136
2018,Quarterly,Marketing year Q4 Jun-Aug,Total supply,Million bushels,5370.276,136411308.2300707
2018,Annual,Marketing year Sep-Aug,Total supply,Million bushels,16489.968,418864525.315273
2019,Quarterly,Marketing year Q1 Sep-Nov,Total supply,Million bushels,15823.263,401929436.45698535
2019,Quarterly,Marketing year Q2 Dec-Feb,Total supply,Million bushels,11829.242,300476619.1886782
2019,Quarterly,Marketing year Q3 Mar-May,Total supply,Million bushels,8308.846,211054432.34988108
2019,Quarterly,Marketing year Q4 Jun-Aug,Total supply,Million bushels,5242.741,133171769.66722551
2019,Annual,Marketing year Sep-Aug,Total supply,Million bushels,15847.199,402537438.9272113
2020,Quarterly,Marketing year Q1 Sep-Nov,Total supply,Million bushels,16096.803,408877673.2428141
2020,Quarterly,Marketing year Q2 Dec-Feb,Total supply,Million bushels,11822.423,300303408.5919006
2020,Quarterly,Marketing year Q3 Mar-May,Total supply,Million bushels,7813.838,198480648.64409935
2020,Quarterly,Marketing year Q4 Jun-Aug,Total supply,Million bushels,4117.166,104580844.68291152
2020,Annual,Marketing year Sep-Aug,Total supply,Million bushels,16115.286,409347163.1181979
2021,Quarterly,Marketing year Q1 Sep-Nov,Total supply,Million bushels,16258.981,412997184.6321983
2021,Quarterly,Marketing year Q2 Dec-Feb,Total supply,Million bushels,11638.279,295625935.0425489
2021,Quarterly,Marketing year Q3 Mar-May,Total supply,Million bushels,7761.69,197156028.28909677
2021,Quarterly,Marketing year Q4 Jun-Aug,Total supply,Million bushels,4354.762,110616061.71649262
2021,Annual,Marketing year Sep-Aug,Total supply,Million bushels,16276.527,413442873.6087434
2022,Quarterly,Marketing year Q1 Sep-Nov,Total supply,Million bushels,15033.287,381863119.6363306
2022,Quarterly,Marketing year Q2 Dec-Feb,Total supply,Million bushels,10819.442,274826514.9760222
2022,Quarterly,Marketing year Q3 Mar-May,Total supply,Million bushels,7406.103,188123701.48511016
2022,Quarterly,Marketing year Q4 Jun-Aug,Total supply,Million bushels,4120.187,104657581.62569863
2022,Annual,Marketing year Sep-Aug,Total supply,Million bushels,15066.1,382696608.316792
2023,Quarterly,Marketing year Q1 Sep-Nov,Total supply,Million bushels,16709.903,424451132.23744607
2023,Quarterly,Marketing year Q2 Dec-Feb,Total supply,Million bushels,12177.089,309312340.9158121
2023,Quarterly,Marketing year Q3 Mar-May,Total supply,Million bushels,8359.851,212350019.1644647
2023,Quarterly,Marketing year Q4 Jun-Aug,Total supply,Million bushels,5002.88,127079018.97743359
2023,Annual,Marketing year Sep-Aug,Total supply,Million bushels,16729.134,424939622.19002444
2024,Quarterly,Marketing year Q1 Sep-Nov,Total supply,Million bushels,16660.847,423205052.30849385
2024,Quarterly,Marketing year Q2 Dec-Feb,Total supply,Million bushels,12080.075,306848071.545554
2024,Quarterly,Marketing year Q3 Mar-May,Total supply,Million bushels,8153.249,207102086.07816726
2024,Quarterly,Marketing year Q4 Jun-Aug,Total supply,Million bushels,4648.384,118074404.85288447
2024,Annual,Marketing year Sep-Aug,Total supply,Million bushels,16676.817,423610709.0368322
2025,Quarterly,Marketing year Q1 Sep-Nov,Total supply,Million bushels,18578.15,471906796.968068
2025,Quarterly,Marketing year Q2 Dec-Feb,Total supply,Million bushels,13312.808,338160935.39619774
2025,Quarterly,Marketing year Q3 Mar-May,Total supply,Million bushels,9039.463,229612960.95904934
2025,Annual,Marketing year Sep-Aug,Total supply,Million bushels,18601.835,472508423.7439411
2026,Annual,Marketing year Sep-Aug,Total supply,Million bushels,17746.594,450784299.38571566
1975,Quarterly,Marketing year Q1 Sep-Nov,Total domestic use,Million bushels,1051.473,26708647.283416558
1975,Quarterly,Marketing year Q2 Dec-Feb,Total domestic use,Million bushels,1174.761,29840307.065719917
1975,Quarterly,Marketing year Q3 Mar-May,Total domestic use,Million bushels,1058.615,26890062.4589828
1975,Quarterly,Marketing year Q4 Jun-Aug,Total domestic use,Million bushels,817.711,20770818.34604392
1975,Annual,Marketing year Sep-Aug,Total domestic use,Million bushels,4102.56,104209835.15416321
1976,Quarterly,Marketing year Q1 Sep-Nov,Total domestic use,Million bushels,1066.872,27099799.94213184
1976,Quarterly,Marketing year Q2 Dec-Feb,Total domestic use,Million bushels,1156.792,29383873.393114235
1976,Quarterly,Marketing year Q3 Mar-May,Total domestic use,Million bushels,1047.836,26616263.21823392
1976,Quarterly,Marketing year Q4 Jun-Aug,Total domestic use,Million bushels,872.581,22164580.693190318
1976,Annual,Marketing year Sep-Aug,Total domestic use,Million bushels,4144.081,105264517.24667032
1977,Quarterly,Marketing year Q1 Sep-Nov,Total domestic use,Million bushels,1155.477,29350470.85098744
1977,Quarterly,Marketing year Q2 Dec-Feb,Total domestic use,Million bushels,1197.893,30427886.99307896
1977,Quarterly,Marketing year Q3 Mar-May,Total domestic use,Million bushels,1096.732,27858278.959551036
1977,Quarterly,Marketing year Q4 Jun-Aug,Total domestic use,Million bushels,860.641,21861290.690913517
1977,Annual,Marketing year Sep-Aug,Total domestic use,Million bushels,4310.743,109497927.49453096
1978,Quarterly,Marketing year Q1 Sep-Nov,Total domestic use,Million bushels,1306.923,33197376.85474056
1978,Quarterly,Marketing year Q2 Dec-Feb,Total domestic use,Million bushels,1364.096,34649638.10266112
1978,Quarterly,Marketing year Q3 Mar-May,Total domestic use,Million bushels,1309.549,33264080.33430328
1978,Quarterly,Marketing year Q4 Jun-Aug,Total domestic use,Million bushels,901.794,22906625.15185968
1978,Annual,Marketing year Sep-Aug,Total domestic use,Million bushels,4882.362,124017720.44356464
1979,Quarterly,Marketing year Q1 Sep-Nov,Total domestic use,Million bushels,1422.48,36132660.1707456
1979,Quarterly,Marketing year Q2 Dec-Feb,Total domestic use,Million bushels,1439.53,36565750.1656216
1979,Quarterly,Marketing year Q3 Mar-May,Total domestic use,Million bushels,1325.127,33659779.80293544
1979,Quarterly,Marketing year Q4 Jun-Aug,Total domestic use,Million bushels,1015.406,25792503.186924316
1979,Annual,Marketing year Sep-Aug,Total domestic use,Million bushels,5202.543,132150693.32622695
1980,Quarterly,Marketing year Q1 Sep-Nov,Total domestic use,Million bushels,1390.221,35313243.739971116
1980,Quarterly,Marketing year Q2 Dec-Feb,Total domestic use,Million bushels,1287.529,32704746.511008877
1980,Quarterly,Marketing year Q3 Mar-May,Total domestic use,Million bushels,1274.993,32386317.409790955
1980,Quarterly,Marketing year Q4 Jun-Aug,Total domestic use,Million bushels,938.595,23841413.7091284
1980,Annual,Marketing year Sep-Aug,Total domestic use,Million bushels,4891.338,124245721.36989935
1981,Quarterly,Marketing year Q1 Sep-Nov,Total domestic use,Million bushels,1390.681,35324928.27942232
1981,Quarterly,Marketing year Q2 Dec-Feb,Total domestic use,Million bushels,1364.636,34663354.735929914
1981,Quarterly,Marketing year Q3 Mar-May,Total domestic use,Million bushels,1290.501,32780238.796332717
1981,Quarterly,Marketing year Q4 Jun-Aug,Total domestic use,Million bushels,932.127,23677118.923975438
1981,Annual,Marketing year Sep-Aug,Total domestic use,Million bushels,4977.945,126445640.73566039
1982,Quarterly,Marketing year Q1 Sep-Nov,Total domestic use,Million bushels,1422.512,36133473.00827263
1982,Quarterly,Marketing year Q2 Dec-Feb,Total domestic use,Million bushels,1497.589,38040516.852572076
1982,Quarterly,Marketing year Q3 Mar-May,Total domestic use,Million bushels,1500.074,38103638.76678128
1982,Quarterly,Marketing year Q4 Jun-Aug,Total domestic use,Million bushels,1007.57,25593459.5974904
1982,Annual,Marketing year Sep-Aug,Total domestic use,Million bushels,5427.745,137871088.2251164
1983,Quarterly,Marketing year Q1 Sep-Nov,Total domestic use,Million bushels,1552.675,39439765.853025995
1983,Quarterly,Marketing year Q2 Dec-Feb,Total domestic use,Million bushels,1281.12,32541950.395046394
1983,Quarterly,Marketing year Q3 Mar-May,Total domestic use,Million bushels,1206.987,30658885.25779464
1983,Quarterly,Marketing year Q4 Jun-Aug,Total domestic use,Million bushels,765.58,19446629.8109776
1983,Annual,Marketing year Sep-Aug,Total domestic use,Million bushels,4806.362,122087231.31684464
1984,Quarterly,Marketing year Q1 Sep-Nov,Total domestic use,Million bushels,1544.808,39239934.827237755
1984,Quarterly,Marketing year Q2 Dec-Feb,Total domestic use,Million bushels,1427.567,36261875.936372235
1984,Quarterly,Marketing year Q3 Mar-May,Total domestic use,Million bushels,1313.822,33372619.545335837
1984,Quarterly,Marketing year Q4 Jun-Aug,Total domestic use,Million bushels,895.515,22747131.188350797
1984,Annual,Marketing year Sep-Aug,Total domestic use,Million bushels,5181.712,131621561.49729665
1985,Quarterly,Marketing year Q1 Sep-Nov,Total domestic use,Million bushels,1495.013,37975083.431645356
1985,Quarterly,Marketing year Q2 Dec-Feb,Total domestic use,Million bushels,1568.347,39837853.031893834
1985,Quarterly,Marketing year Q3 Mar-May,Total domestic use,Million bushels,1397.842,35506826.07727024
1985,Quarterly,Marketing year Q4 Jun-Aug,Total domestic use,Million bushels,805.495,20460517.6200964
1985,Annual,Marketing year Sep-Aug,Total domestic use,Million bushels,5266.697,133780280.16090584
1986,Quarterly,Marketing year Q1 Sep-Nov,Total domestic use,Million bushels,1642.286,41715990.34163792
1986,Quarterly,Marketing year Q2 Dec-Feb,Total domestic use,Million bushels,1744.642,44315952.77656624
1986,Quarterly,Marketing year Q3 Mar-May,Total domestic use,Million bushels,1420.304,36077387.21890688
1986,Quarterly,Marketing year Q4 Jun-Aug,Total domestic use,Million bushels,1085.647,27576706.959949836
1986,Annual,Marketing year Sep-Aug,Total domestic use,Million bushels,5892.879,149686037.29706088
1987,Quarterly,Marketing year Q1 Sep-Nov,Total domestic use,Million bushels,1846.989,46915686.60094008
1987,Quarterly,Marketing year Q2 Dec-Feb,Total domestic use,Million bushels,1731.372,43978879.21457184
1987,Quarterly,Marketing year Q3 Mar-May,Total domestic use,Million bushels,1288.072,32718539.347795837
1987,Quarterly,Marketing year Q4 Jun-Aug,Total domestic use,Million bushels,1174.46,29832661.3127312
1987,Annual,Marketing year Sep-Aug,Total domestic use,Million bushels,6040.893,153445766.47603896
1988,Quarterly,Marketing year Q1 Sep-Nov,Total domestic use,Million bushels,1646.054,41811701.96044688
1988,Quarterly,Marketing year Q2 Dec-Feb,Total domestic use,Million bushels,1365.608,34688044.67581376
1988,Quarterly,Marketing year Q3 Mar-May,Total domestic use,Million bushels,1194.22,30334588.4856784
1988,Quarterly,Marketing year Q4 Jun-Aug,Total domestic use,Million bushels,1025.786,26056167.35975792
1988,Annual,Marketing year Sep-Aug,Total domestic use,Million bushels,5231.668,132890502.48169695
1989,Quarterly,Marketing year Q1 Sep-Nov,Total domestic use,Million bushels,1798.661,45688098.725727916
1989,Quarterly,Marketing year Q2 Dec-Feb,Total domestic use,Million bushels,1588.469,40348975.42936568
1989,Quarterly,Marketing year Q3 Mar-May,Total domestic use,Million bushels,1369.072,34776034.33811583
1989,Quarterly,Marketing year Q4 Jun-Aug,Total domestic use,Million bushels,996.321,25307721.80556312
1989,Annual,Marketing year Sep-Aug,Total domestic use,Million bushels,5752.523,146120830.29877254
1990,Quarterly,Marketing year Q1 Sep-Nov,Total domestic use,Million bushels,1956.276,49691704.56399072
1990,Quarterly,Marketing year Q2 Dec-Feb,Total domestic use,Million bushels,1680.921,42697364.649675116
1990,Quarterly,Marketing year Q3 Mar-May,Total domestic use,Million bushels,1344.062,34140751.00838864
1990,Quarterly,Marketing year Q4 Jun-Aug,Total domestic use,Million bushels,1052.765,26741465.5985708
1990,Annual,Marketing year Sep-Aug,Total domestic use,Million bushels,6034.024,153271285.82062528
1991,Quarterly,Marketing year Q1 Sep-Nov,Total domestic use,Million bushels,2034.101,51668550.83092472
1991,Quarterly,Marketing year Q2 Dec-Feb,Total domestic use,Million bushels,1629.047,41379704.21599784
1991,Quarterly,Marketing year Q3 Mar-May,Total domestic use,Million bushels,1456.38,36993759.925953604
1991,Quarterly,Marketing year Q4 Jun-Aug,Total domestic use,Million bushels,1211.891,30783452.60881352
1991,Annual,Marketing year Sep-Aug,Total domestic use,Million bushels,6331.419,160825467.58168966
1992,Quarterly,Marketing year Q1 Sep-Nov,Total domestic use,Million bushels,2184.39,55486067.67784079
1992,Quarterly,Marketing year Q2 Dec-Feb,Total domestic use,Million bushels,1766.145,44862154.1935644
1992,Quarterly,Marketing year Q3 Mar-May,Total domestic use,Million bushels,1559.48,39612620.8333856
1992,Quarterly,Marketing year Q4 Jun-Aug,Total domestic use,Million bushels,1297.826,32966302.386506718
1992,Annual,Marketing year Sep-Aug,Total domestic use,Million bushels,6807.841,172927145.0912975
1993,Quarterly,Marketing year Q1 Sep-Nov,Total domestic use,Million bushels,2083.962,52935078.70391664
1993,Quarterly,Marketing year Q2 Dec-Feb,Total domestic use,Million bushels,1618.793,41119240.59092695
1993,Quarterly,Marketing year Q3 Mar-May,Total domestic use,Million bushels,1372.258,34856962.47440176
1993,Quarterly,Marketing year Q4 Jun-Aug,Total domestic use,Million bushels,1218.048,30939847.62925056
1993,Annual,Marketing year Sep-Aug,Total domestic use,Million bushels,6293.061,159851129.3984959
1994,Quarterly,Marketing year Q1 Sep-Nov,Total domestic use,Million bushels,2372.939,60275433.39302407
1994,Quarterly,Marketing year Q2 Dec-Feb,Total domestic use,Million bushels,1902.091,48315342.020157516
1994,Quarterly,Marketing year Q3 Mar-May,Total domestic use,Million bushels,1611.638,40937495.20011535
1994,Quarterly,Marketing year Q4 Jun-Aug,Total domestic use,Million bushels,1288.23,32722552.7330856
1994,Annual,Marketing year Sep-Aug,Total domestic use,Million bushels,7174.898,182250823.34638256
1995,Quarterly,Marketing year Q1 Sep-Nov,Total domestic use,Million bushels,2195.344,55764312.12381568
1995,Quarterly,Marketing year Q2 Dec-Feb,Total domestic use,Million bushels,1749.014,44427006.70369808
1995,Quarterly,Marketing year Q3 Mar-May,Total domestic use,Million bushels,1476.949,37516236.64763128
1995,Quarterly,Marketing year Q4 Jun-Aug,Total domestic use,Million bushels,899.305,22843401.632959597
1995,Annual,Marketing year Sep-Aug,Total domestic use,Million bushels,6320.612,160550957.10810465
1996,Quarterly,Marketing year Q1 Sep-Nov,Total domestic use,Million bushels,2272.432,57722437.72645503
1996,Quarterly,Marketing year Q2 Dec-Feb,Total domestic use,Million bushels,1886.478,47918753.51048016
1996,Quarterly,Marketing year Q3 Mar-May,Total domestic use,Million bushels,1568.439,39840189.93978408
1996,Quarterly,Marketing year Q4 Jun-Aug,Total domestic use,Million bushels,1263.881,32104059.57852632
1996,Annual,Marketing year Sep-Aug,Total domestic use,Million bushels,6991.23,177585440.75524557
1997,Quarterly,Marketing year Q1 Sep-Nov,Total domestic use,Million bushels,2465.355,62622908.1711156
1997,Quarterly,Marketing year Q2 Dec-Feb,Total domestic use,Million bushels,1927.943,48972013.13731496
1997,Quarterly,Marketing year Q3 Mar-May,Total domestic use,Million bushels,1553.426,39458842.13373872
1997,Quarterly,Marketing year Q4 Jun-Aug,Total domestic use,Million bushels,1339.85,34033761.268892
1997,Annual,Marketing year Sep-Aug,Total domestic use,Million bushels,7286.574,185087524.71106127
1998,Quarterly,Marketing year Q1 Sep-Nov,Total domestic use,Million bushels,2568.448,65241591.27033855
1998,Quarterly,Marketing year Q2 Dec-Feb,Total domestic use,Million bushels,1894.052,48111141.99266143
1998,Quarterly,Marketing year Q3 Mar-May,Total domestic use,Million bushels,1592.085,40440826.069921196
1998,Quarterly,Marketing year Q4 Jun-Aug,Total domestic use,Million bushels,1259.539,31993767.68657608
1998,Annual,Marketing year Sep-Aug,Total domestic use,Million bushels,7314.124,185787327.01949728
1999,Quarterly,Marketing year Q1 Sep-Nov,Total domestic use,Million bushels,2646.676,67228674.20987871
1999,Quarterly,Marketing year Q2 Dec-Feb,Total domestic use,Million bushels,1975.851,50188932.51998472
1999,Quarterly,Marketing year Q3 Mar-May,Total domestic use,Million bushels,1570.324,39888071.15036128
1999,Quarterly,Marketing year Q4 Jun-Aug,Total domestic use,Million bushels,1385.367,35189946.447588235
1999,Annual,Marketing year Sep-Aug,Total domestic use,Million bushels,7578.218,192495624.32781294
2000,Quarterly,Marketing year Q1 Sep-Nov,Total domestic use,Million bushels,2597.583,65981654.437535755
2000,Quarterly,Marketing year Q2 Dec-Feb,Total domestic use,Million bushels,2072.259,52637808.779574476
2000,Quarterly,Marketing year Q3 Mar-May,Total domestic use,Million bushels,1666.975,42343119.894921996
2000,Quarterly,Marketing year Q4 Jun-Aug,Total domestic use,Million bushels,1462.151,37140350.09372072
2000,Annual,Marketing year Sep-Aug,Total domestic use,Million bushels,7798.968,198102933.20575294
2001,Quarterly,Marketing year Q1 Sep-Nov,Total domestic use,Million bushels,2691.541,68368297.82396153
2001,Quarterly,Marketing year Q2 Dec-Feb,Total domestic use,Million bushels,2022.758,51380425.32876176
2001,Quarterly,Marketing year Q3 Mar-May,Total domestic use,Million bushels,1705.639,43325230.83696807
2001,Quarterly,Marketing year Q4 Jun-Aug,Total domestic use,Million bushels,1490.696,37865426.56901312
2001,Annual,Marketing year Sep-Aug,Total domestic use,Million bushels,7910.634,200939380.55870447
2002,Quarterly,Marketing year Q1 Sep-Nov,Total domestic use,Million bushels,2535.245,64398196.13251639
2002,Quarterly,Marketing year Q2 Dec-Feb,Total domestic use,Million bushels,2119.969,53849698.730045676
2002,Quarterly,Marketing year Q3 Mar-May,Total domestic use,Million bushels,1758.693,44672864.654454954
2002,Quarterly,Marketing year Q4 Jun-Aug,Total domestic use,Million bushels,1489.192,37827223.20524224
2002,Annual,Marketing year Sep-Aug,Total domestic use,Million bushels,7903.099,200747982.72225928
2003,Quarterly,Marketing year Q1 Sep-Nov,Total domestic use,Million bushels,2753.102,69932019.41777743
2003,Quarterly,Marketing year Q2 Dec-Feb,Total domestic use,Million bushels,2179.947,55373210.26744584
2003,Quarterly,Marketing year Q3 Mar-May,Total domestic use,Million bushels,1841.548,46777478.82017056
2003,Quarterly,Marketing year Q4 Jun-Aug,Total domestic use,Million bushels,1555.536,39512438.60817792
2003,Annual,Marketing year Sep-Aug,Total domestic use,Million bushels,8330.133,211595147.11357173
2004,Quarterly,Marketing year Q1 Sep-Nov,Total domestic use,Million bushels,2813.929,71477096.55081688
2004,Quarterly,Marketing year Q2 Dec-Feb,Total domestic use,Million bushels,2258.65,57372358.764028
2004,Quarterly,Marketing year Q3 Mar-May,Total domestic use,Million bushels,2011.114,51084654.073610075
2004,Quarterly,Marketing year Q4 Jun-Aug,Total domestic use,Million bushels,1758.781,44675099.95765432
2004,Annual,Marketing year Sep-Aug,Total domestic use,Million bushels,8842.474,224609209.34610927
2005,Quarterly,Marketing year Q1 Sep-Nov,Total domestic use,Million bushels,2935.987,74577512.89067464
2005,Quarterly,Marketing year Q2 Dec-Feb,Total domestic use,Million bushels,2354.621,59810134.71113912
2005,Quarterly,Marketing year Q3 Mar-May,Total domestic use,Million bushels,2067.39,52514130.4696008
2005,Quarterly,Marketing year Q4 Jun-Aug,Total domestic use,Million bushels,1775.995,45112355.744856395
2005,Annual,Marketing year Sep-Aug,Total domestic use,Million bushels,9133.993,232014133.81627095
2006,Quarterly,Marketing year Q1 Sep-Nov,Total domestic use,Million bushels,2970.791,75461575.30602153
2006,Quarterly,Marketing year Q2 Dec-Feb,Total domestic use,Million bushels,2353.147,59772693.38254984
2006,Quarterly,Marketing year Q3 Mar-May,Total domestic use,Million bushels,2045.014,51945753.828818075
2006,Quarterly,Marketing year Q4 Jun-Aug,Total domestic use,Million bushels,1712.299,43494402.64728328
2006,Annual,Marketing year Sep-Aug,Total domestic use,Million bushels,9081.251,230674425.1646727
2007,Quarterly,Marketing year Q1 Sep-Nov,Total domestic use,Million bushels,3372.462,85664489.75363663
2007,Quarterly,Marketing year Q2 Dec-Feb,Total domestic use,Million bushels,2780.075,70617165.249554
2007,Quarterly,Marketing year Q3 Mar-May,Total domestic use,Million bushels,2256.99,57330192.81731279
2007,Quarterly,Marketing year Q4 Jun-Aug,Total domestic use,Million bushels,1890.464,48020002.58494207
2007,Annual,Marketing year Sep-Aug,Total domestic use,Million bushels,10299.991,261631850.40544552
2008,Quarterly,Marketing year Q1 Sep-Nov,Total domestic use,Million bushels,3149.274,79995252.81660527
2008,Quarterly,Marketing year Q2 Dec-Feb,Total domestic use,Million bushels,2751.134,69882029.90986447
2008,Quarterly,Marketing year Q3 Mar-May,Total domestic use,Million bushels,2204.845,56005648.66582839
2008,Quarterly,Marketing year Q4 Jun-Aug,Total domestic use,Million bushels,2053.372,52158056.83041184
2008,Annual,Marketing year Sep-Aug,Total domestic use,Million bushels,10158.625,258040988.22270998
2009,Quarterly,Marketing year Q1 Sep-Nov,Total domestic use,Million bushels,3372.106,85655446.93614832
2009,Quarterly,Marketing year Q2 Dec-Feb,Total domestic use,Million bushels,2788.481,70830687.50743832
2009,Quarterly,Marketing year Q3 Mar-May,Total domestic use,Million bushels,2838.195,72093481.4080404
2009,Quarterly,Marketing year Q4 Jun-Aug,Total domestic use,Million bushels,2063.215,52408080.5734948
2009,Annual,Marketing year Sep-Aug,Total domestic use,Million bushels,11061.997,280987696.4251218
2010,Quarterly,Marketing year Q1 Sep-Nov,Total domestic use,Million bushels,3629.765,92200287.69801079
2010,Quarterly,Marketing year Q2 Dec-Feb,Total domestic use,Million bushels,3139.124,79737430.91349727
2010,Quarterly,Marketing year Q3 Mar-May,Total domestic use,Million bushels,2353.104,59771601.132122874
2010,Quarterly,Marketing year Q4 Jun-Aug,Total domestic use,Million bushels,2080.223,52840103.71911655
2010,Annual,Marketing year Sep-Aug,Total domestic use,Million bushels,11202.216,284549423.4627475
2011,Quarterly,Marketing year Q1 Sep-Nov,Total domestic use,Million bushels,3392.631,86176806.00622632
2011,Quarterly,Marketing year Q2 Dec-Feb,Total domestic use,Million bushels,3183.266,80858689.47970352
2011,Quarterly,Marketing year Q3 Mar-May,Total domestic use,Million bushels,2487.901,63195603.01126071
2011,Quarterly,Marketing year Q4 Jun-Aug,Total domestic use,Million bushels,1878.992,47728600.331498235
2011,Annual,Marketing year Sep-Aug,Total domestic use,Million bushels,10942.79,277959698.8286888
2012,Quarterly,Marketing year Q1 Sep-Nov,Total domestic use,Million bushels,3525.319,89547236.81209767
2012,Quarterly,Marketing year Q2 Dec-Feb,Total domestic use,Million bushels,2517.175,63939196.941466
2012,Quarterly,Marketing year Q3 Mar-May,Total domestic use,Million bushels,2488.012,63198422.54143264
2012,Quarterly,Marketing year Q4 Jun-Aug,Total domestic use,Million bushels,1822.305,46288684.0535196
2012,Annual,Marketing year Sep-Aug,Total domestic use,Million bushels,10352.811,262973540.3485159
2013,Quarterly,Marketing year Q1 Sep-Nov,Total domestic use,Million bushels,3863.623,98140555.14796455
2013,Quarterly,Marketing year Q2 Dec-Feb,Total domestic use,Million bushels,3060.286,77734853.25859791
2013,Quarterly,Marketing year Q3 Mar-May,Total domestic use,Million bushels,2529.631,64255593.948866315
2013,Quarterly,Marketing year Q4 Jun-Aug,Total domestic use,Million bushels,2081.456,52871423.36508032
2013,Annual,Marketing year Sep-Aug,Total domestic use,Million bushels,11534.996,293002425.7205091
2014,Quarterly,Marketing year Q1 Sep-Nov,Total domestic use,Million bushels,3841.598,97581094.31880656
2014,Quarterly,Marketing year Q2 Dec-Feb,Total domestic use,Million bushels,3067.425,77916192.230646
2014,Quarterly,Marketing year Q3 Mar-May,Total domestic use,Million bushels,2766.992,70284841.70685825
2014,Quarterly,Marketing year Q4 Jun-Aug,Total domestic use,Million bushels,2206.781,56054825.33621432
2014,Annual,Marketing year Sep-Aug,Total domestic use,Million bushels,11882.796,301836953.5925251
2015,Quarterly,Marketing year Q1 Sep-Nov,Total domestic use,Million bushels,3809.648,96769526.85040256
2015,Quarterly,Marketing year Q2 Dec-Feb,Total domestic use,Million bushels,3089.416,78474789.41993152
2015,Quarterly,Marketing year Q3 Mar-May,Total domestic use,Million bushels,2569.128,65258864.06778816
2015,Quarterly,Marketing year Q4 Jun-Aug,Total domestic use,Million bushels,2296.809,58341642.11385048
2015,Annual,Marketing year Sep-Aug,Total domestic use,Million bushels,11765.001,298844822.4519727
2016,Quarterly,Marketing year Q1 Sep-Nov,Total domestic use,Million bushels,3967.767,100785934.87971623
2016,Quarterly,Marketing year Q2 Dec-Feb,Total domestic use,Million bushels,3234.643,82163725.53053896
2016,Quarterly,Marketing year Q3 Mar-May,Total domestic use,Million bushels,2722.888,69164548.38521536
2016,Quarterly,Marketing year Q4 Jun-Aug,Total domestic use,Million bushels,2427.875,61670872.21757
2016,Annual,Marketing year Sep-Aug,Total domestic use,Million bushels,12353.173,313785081.01304054
2017,Quarterly,Marketing year Q1 Sep-Nov,Total domestic use,Million bushels,3998.44,101565065.0505568
2017,Quarterly,Marketing year Q2 Dec-Feb,Total domestic use,Million bushels,3236.154,82202106.70251888
2017,Quarterly,Marketing year Q3 Mar-May,Total domestic use,Million bushels,2732.818,69416782.03032497
2017,Quarterly,Marketing year Q4 Jun-Aug,Total domestic use,Million bushels,2393.862,60806902.129844636
2017,Annual,Marketing year Sep-Aug,Total domestic use,Million bushels,12361.274,313990855.91324526
2018,Quarterly,Marketing year Q1 Sep-Nov,Total domestic use,Million bushels,3549.576,90163393.05876672
2018,Quarterly,Marketing year Q2 Dec-Feb,Total domestic use,Million bushels,2960.174,75191891.05525328
2018,Quarterly,Marketing year Q3 Mar-May,Total domestic use,Million bushels,2891.901,73457676.79014072
2018,Quarterly,Marketing year Q4 Jun-Aug,Total domestic use,Million bushels,2782.967,70690625.44106025
2018,Annual,Marketing year Sep-Aug,Total domestic use,Million bushels,12184.618,309503586.345221
2019,Quarterly,Marketing year Q1 Sep-Nov,Total domestic use,Million bushels,3732.055,94798573.65553959
2019,Quarterly,Marketing year Q2 Dec-Feb,Total domestic use,Million bushels,3176.365,80683395.98676279
2019,Quarterly,Marketing year Q3 Mar-May,Total domestic use,Million bushels,2467.944,62688671.80728768
2019,Quarterly,Marketing year Q4 Jun-Aug,Total domestic use,Million bushels,2688.005,68278479.2772236
2019,Annual,Marketing year Sep-Aug,Total domestic use,Million bushels,12064.369,306449120.7268137
2020,Quarterly,Marketing year Q1 Sep-Nov,Total domestic use,Million bushels,3830.968,97311079.85279295
2020,Quarterly,Marketing year Q2 Dec-Feb,Total domestic use,Million bushels,3341.164,84869483.84984608
2020,Quarterly,Marketing year Q3 Mar-May,Total domestic use,Million bushels,2673.86,67919179.6890992
2020,Quarterly,Marketing year Q4 Jun-Aug,Total domestic use,Million bushels,2287.845,58113946.00158839
2020,Annual,Marketing year Sep-Aug,Total domestic use,Million bushels,12133.837,308213689.39332664
2021,Quarterly,Marketing year Q1 Sep-Nov,Total domestic use,Million bushels,4197.047,106609915.76095782
2021,Quarterly,Marketing year Q2 Dec-Feb,Total domestic use,Million bushels,3216.802,81710543.20804144
2021,Quarterly,Marketing year Q3 Mar-May,Total domestic use,Million bushels,2559.103,65004217.311270155
2021,Quarterly,Marketing year Q4 Jun-Aug,Total domestic use,Million bushels,2454.286,62341742.59027792
2021,Annual,Marketing year Sep-Aug,Total domestic use,Million bushels,12427.238,315666418.87054735
2022,Quarterly,Marketing year Q1 Sep-Nov,Total domestic use,Million bushels,3937.119,100007439.73819368
2022,Quarterly,Marketing year Q2 Dec-Feb,Total domestic use,Million bushels,3022.937,76786144.85867864
2022,Quarterly,Marketing year Q3 Mar-May,Total domestic use,Million bushels,2670.933,67844830.45654775
2022,Quarterly,Marketing year Q4 Jun-Aug,Total domestic use,Million bushels,2412.999,61293004.37218727
2022,Annual,Marketing year Sep-Aug,Total domestic use,Million bushels,12043.988,305931419.4256073
2023,Quarterly,Marketing year Q1 Sep-Nov,Total domestic use,Million bushels,4169.807,105917987.81606503
2023,Quarterly,Marketing year Q2 Dec-Feb,Total domestic use,Million bushels,3279.683,83307794.34984775
2023,Quarterly,Marketing year Q3 Mar-May,Total domestic use,Million bushels,2643.737,67154020.16325463
2023,Quarterly,Marketing year Q4 Jun-Aug,Total domestic use,Million bushels,2617.687,66492319.613898635
2023,Annual,Marketing year Sep-Aug,Total domestic use,Million bushels,12710.914,322872121.94306606
2024,Quarterly,Marketing year Q1 Sep-Nov,Total domestic use,Million bushels,4066.176,103285638.8859187
2024,Quarterly,Marketing year Q2 Dec-Feb,Total domestic use,Million bushels,3238.995,82274271.4342164
2024,Quarterly,Marketing year Q3 Mar-May,Total domestic use,Million bushels,2617.684,66492243.41038048
2024,Quarterly,Marketing year Q4 Jun-Aug,Total domestic use,Million bushels,2330.141,59188314.00295352
2024,Annual,Marketing year Sep-Aug,Total domestic use,Million bushels,12252.996,311240467.73346907
2025,Quarterly,Marketing year Q1 Sep-Nov,Total domestic use,Million bushels,4445.0,112908212.7404
2025,Quarterly,Marketing year Q2 Dec-Feb,Total domestic use,Million bushels,3478.199,88350333.55353127
2025,Quarterly,Marketing year Q3 Mar-May,Total domestic use,Million bushels,2846.152,72295598.53937344
2025,Annual,Marketing year Sep-Aug,Total domestic use,Million bushels,13255.0,336692544.4036
2026,Annual,Marketing year Sep-Aug,Total domestic use,Million bushels,12905.0,327802133.95159996
1975,Quarterly,Marketing year Q1 Sep-Nov,Total use,Million bushels,1424.397,36181354.21884984
1975,Quarterly,Marketing year Q2 Dec-Feb,Total use,Million bushels,1601.597,40682442.024833836
1975,Quarterly,Marketing year Q3 Mar-May,Total use,Million bushels,1505.005,38228891.9494636
1975,Quarterly,Marketing year Q4 Jun-Aug,Total use,Million bushels,1236.055,31397246.5464196
1975,Annual,Marketing year Sep-Aug,Total use,Million bushels,5767.054,146489934.73956686
1976,Quarterly,Marketing year Q1 Sep-Nov,Total use,Million bushels,1535.655,39007437.893331595
1976,Quarterly,Marketing year Q2 Dec-Feb,Total use,Million bushels,1539.394,39102412.87813168
1976,Quarterly,Marketing year Q3 Mar-May,Total use,Million bushels,1478.733,37561552.33976375
1976,Quarterly,Marketing year Q4 Jun-Aug,Total use,Million bushels,1235.418,31381065.999396957
1976,Annual,Marketing year Sep-Aug,Total use,Million bushels,5789.2,147052469.110624
1977,Quarterly,Marketing year Q1 Sep-Nov,Total use,Million bushels,1554.582,39488205.88940304
1977,Quarterly,Marketing year Q2 Dec-Feb,Total use,Million bushels,1605.756,40788085.50217632
1977,Quarterly,Marketing year Q3 Mar-May,Total use,Million bushels,1621.027,41175986.81078344
1977,Quarterly,Marketing year Q4 Jun-Aug,Total use,Million bushels,1425.774,36216331.633685276
1977,Annual,Marketing year Sep-Aug,Total use,Million bushels,6207.139,157668609.83604807
1978,Quarterly,Marketing year Q1 Sep-Nov,Total use,Million bushels,1775.762,45106437.27161264
1978,Quarterly,Marketing year Q2 Dec-Feb,Total use,Million bushels,1777.404,45148145.99721888
1978,Quarterly,Marketing year Q3 Mar-May,Total use,Million bushels,1864.196,47352764.579933114
1978,Quarterly,Marketing year Q4 Jun-Aug,Total use,Million bushels,1578.117,40086022.48936824
1978,Annual,Marketing year Sep-Aug,Total use,Million bushels,6995.479,177693370.3381329
1979,Quarterly,Marketing year Q1 Sep-Nov,Total use,Million bushels,2043.754,51913748.35119087
1979,Quarterly,Marketing year Q2 Dec-Feb,Total use,Million bushels,2037.266,51748945.54258352
1979,Quarterly,Marketing year Q3 Mar-May,Total use,Million bushels,1912.9,48589903.296088
1979,Quarterly,Marketing year Q4 Jun-Aug,Total use,Million bushels,1610.14,40899444.2433808
1979,Annual,Marketing year Sep-Aug,Total use,Million bushels,7604.06,193152041.4332432
1980,Quarterly,Marketing year Q1 Sep-Nov,Total use,Million bushels,2078.088,52785872.21535936
1980,Quarterly,Marketing year Q2 Dec-Feb,Total use,Million bushels,1933.503,49113243.657638155
1980,Quarterly,Marketing year Q3 Mar-May,Total use,Million bushels,1888.946,47981443.604753114
1980,Quarterly,Marketing year Q4 Jun-Aug,Total use,Million bushels,1381.907,35102058.38997704
1980,Annual,Marketing year Sep-Aug,Total use,Million bushels,7282.444,184982617.86772767
1981,Quarterly,Marketing year Q1 Sep-Nov,Total use,Million bushels,1909.76,48510143.613747194
1981,Quarterly,Marketing year Q2 Dec-Feb,Total use,Million bushels,1834.859,46607570.375846475
1981,Quarterly,Marketing year Q3 Mar-May,Total use,Million bushels,1886.34,47915248.1486448
1981,Quarterly,Marketing year Q4 Jun-Aug,Total use,Million bushels,1343.747,34132749.63898184
1981,Annual,Marketing year Sep-Aug,Total use,Million bushels,6974.706,177165711.7772203
1982,Quarterly,Marketing year Q1 Sep-Nov,Total use,Million bushels,1865.649,47389672.48389527
1982,Quarterly,Marketing year Q2 Dec-Feb,Total use,Million bushels,2007.159,50984192.43550248
1982,Quarterly,Marketing year Q3 Mar-May,Total use,Million bushels,1975.386,50177120.97466992
1982,Quarterly,Marketing year Q4 Jun-Aug,Total use,Million bushels,1400.896,35584401.258757114
1982,Annual,Marketing year Sep-Aug,Total use,Million bushels,7249.09,184135387.1528248
1983,Quarterly,Marketing year Q1 Sep-Nov,Total use,Million bushels,2046.049,51972044.04258328
1983,Quarterly,Marketing year Q2 Dec-Feb,Total use,Million bushels,1787.012,45392200.464712635
1983,Quarterly,Marketing year Q3 Mar-May,Total use,Million bushels,1720.387,43699847.33224264
1983,Quarterly,Marketing year Q4 Jun-Aug,Total use,Million bushels,1139.311,28939835.492795918
1983,Annual,Marketing year Sep-Aug,Total use,Million bushels,6692.759,170003927.33233446
1984,Quarterly,Marketing year Q1 Sep-Nov,Total use,Million bushels,2048.053,52022947.99271415
1984,Quarterly,Marketing year Q2 Dec-Feb,Total use,Million bushels,2007.983,51005123.00182375
1984,Quarterly,Marketing year Q3 Mar-May,Total use,Million bushels,1788.549,45431242.06718328
1984,Quarterly,Marketing year Q4 Jun-Aug,Total use,Million bushels,1187.378,30160793.66192816
1984,Annual,Marketing year Sep-Aug,Total use,Million bushels,7031.963,178620106.72364935
1985,Quarterly,Marketing year Q1 Sep-Nov,Total use,Million bushels,1909.816,48511566.079419516
1985,Quarterly,Marketing year Q2 Dec-Feb,Total use,Million bushels,2028.553,51527625.124674164
1985,Quarterly,Marketing year Q3 Mar-May,Total use,Million bushels,1599.268,40623282.69356896
1985,Quarterly,Marketing year Q4 Jun-Aug,Total use,Million bushels,956.392,24293478.38002624
1985,Annual,Marketing year Sep-Aug,Total use,Million bushels,6494.029,164955952.2776889
1986,Quarterly,Marketing year Q1 Sep-Nov,Total use,Million bushels,1960.498,49798948.31521456
1986,Quarterly,Marketing year Q2 Dec-Feb,Total use,Million bushels,2057.473,52262227.039736554
1986,Quarterly,Marketing year Q3 Mar-May,Total use,Million bushels,1916.401,48678832.801780716
1986,Quarterly,Marketing year Q4 Jun-Aug,Total use,Million bushels,1450.978,36856542.79092016
1986,Annual,Marketing year Sep-Aug,Total use,Million bushels,7385.35,187596550.947652
1987,Quarterly,Marketing year Q1 Sep-Nov,Total use,Million bushels,2242.55,56963399.883236
1987,Quarterly,Marketing year Q2 Dec-Feb,Total use,Million bushels,2136.12,54259953.0706464
1987,Quarterly,Marketing year Q3 Mar-May,Total use,Million bushels,1797.743,45664780.449170955
1987,Quarterly,Marketing year Q4 Jun-Aug,Total use,Million bushels,1580.905,40156840.9589116
1987,Annual,Marketing year Sep-Aug,Total use,Million bushels,7757.318,197044974.36196494
1988,Quarterly,Marketing year Q1 Sep-Nov,Total use,Million bushels,2116.826,53769862.844186716
1988,Quarterly,Marketing year Q2 Dec-Feb,Total use,Million bushels,1868.232,47455283.71303104
1988,Quarterly,Marketing year Q3 Mar-May,Total use,Million bushels,1785.839,45362404.88911208
1988,Quarterly,Marketing year Q4 Jun-Aug,Total use,Million bushels,1489.224,37828036.042769276
1988,Annual,Marketing year Sep-Aug,Total use,Million bushels,7260.121,184415587.48909912
1989,Quarterly,Marketing year Q1 Sep-Nov,Total use,Million bushels,2380.948,60478871.38533855
1989,Quarterly,Marketing year Q2 Dec-Feb,Total use,Million bushels,2270.093,57663024.38346295
1989,Quarterly,Marketing year Q3 Mar-May,Total use,Million bushels,1969.832,50036042.86138304
1989,Quarterly,Marketing year Q4 Jun-Aug,Total use,Million bushels,1498.953,38075164.052162156
1989,Annual,Marketing year Sep-Aug,Total use,Million bushels,8119.826,206253102.6823467
1990,Quarterly,Marketing year Q1 Sep-Nov,Total use,Million bushels,2339.081,59415400.48707032
1990,Quarterly,Marketing year Q2 Dec-Feb,Total use,Million bushels,2151.59,54652909.2126248
1990,Quarterly,Marketing year Q3 Mar-May,Total use,Million bushels,1797.8,45666228.316015996
1990,Quarterly,Marketing year Q4 Jun-Aug,Total use,Million bushels,1472.184,37395200.05962048
1990,Annual,Marketing year Sep-Aug,Total use,Million bushels,7760.655,197129738.07533157
1991,Quarterly,Marketing year Q1 Sep-Nov,Total use,Million bushels,2455.175,62364324.232826
1991,Quarterly,Marketing year Q2 Dec-Feb,Total use,Million bushels,1990.736,50567028.97592192
1991,Quarterly,Marketing year Q3 Mar-May,Total use,Million bushels,1827.838,46429228.74217936
1991,Quarterly,Marketing year Q4 Jun-Aug,Total use,Million bushels,1641.587,41698234.921906635
1991,Annual,Marketing year Sep-Aug,Total use,Million bushels,7915.336,201058816.8728339
1992,Quarterly,Marketing year Q1 Sep-Nov,Total use,Million bushels,2671.904,67869494.99525888
1992,Quarterly,Marketing year Q2 Dec-Feb,Total use,Million bushels,2229.187,56623964.01217864
1992,Quarterly,Marketing year Q3 Mar-May,Total use,Million bushels,1970.771,50059894.562567115
1992,Quarterly,Marketing year Q4 Jun-Aug,Total use,Million bushels,1599.257,40623003.28066904
1992,Annual,Marketing year Sep-Aug,Total use,Million bushels,8471.119,215176356.85067368
1993,Quarterly,Marketing year Q1 Sep-Nov,Total use,Million bushels,2519.372,63995003.31793183
1993,Quarterly,Marketing year Q2 Dec-Feb,Total use,Million bushels,1948.788,49501500.58266336
1993,Quarterly,Marketing year Q3 Mar-May,Total use,Million bushels,1642.107,41711443.53172104
1993,Quarterly,Marketing year Q4 Jun-Aug,Total use,Million bushels,1511.116,38384118.515955515
1993,Annual,Marketing year Sep-Aug,Total use,Million bushels,7621.383,193592065.94827175
1994,Quarterly,Marketing year Q1 Sep-Nov,Total use,Million bushels,2822.243,71688281.90081096
1994,Quarterly,Marketing year Q2 Dec-Feb,Total use,Million bushels,2492.526,63313083.43509071
1994,Quarterly,Marketing year Q3 Mar-May,Total use,Million bushels,2179.8,55369476.295056
1994,Quarterly,Marketing year Q4 Jun-Aug,Total use,Million bushels,1857.811,47190578.09211592
1994,Annual,Marketing year Sep-Aug,Total use,Million bushels,9352.38,237561419.72307357
1995,Quarterly,Marketing year Q1 Sep-Nov,Total use,Million bushels,2855.765,72539780.01273079
1995,Quarterly,Marketing year Q2 Dec-Feb,Total use,Million bushels,2311.195,58707063.3846004
1995,Quarterly,Marketing year Q3 Mar-May,Total use,Million bushels,2086.669,53003839.67846967
1995,Quarterly,Marketing year Q4 Jun-Aug,Total use,Million bushels,1294.807,32889616.24606504
1995,Annual,Marketing year Sep-Aug,Total use,Million bushels,8548.436,217140299.3218659
1996,Quarterly,Marketing year Q1 Sep-Nov,Total use,Million bushels,2758.963,70080895.69108936
1996,Quarterly,Marketing year Q2 Dec-Feb,Total use,Million bushels,2411.196,61247206.05777311
1996,Quarterly,Marketing year Q3 Mar-May,Total use,Million bushels,2001.297,50835290.76101784
1996,Quarterly,Marketing year Q4 Jun-Aug,Total use,Million bushels,1617.143,41077328.65593896
1996,Annual,Marketing year Sep-Aug,Total use,Million bushels,8788.599,223240721.16581926
1997,Quarterly,Marketing year Q1 Sep-Nov,Total use,Million bushels,2845.442,72277563.70674224
1997,Quarterly,Marketing year Q2 Dec-Feb,Total use,Million bushels,2307.844,58621944.05481568
1997,Quarterly,Marketing year Q3 Mar-May,Total use,Million bushels,1903.748,48357431.76335456
1997,Quarterly,Marketing year Q4 Jun-Aug,Total use,Million bushels,1733.966,44044769.85660751
1997,Annual,Marketing year Sep-Aug,Total use,Million bushels,8791.0,223301709.38152
1998,Quarterly,Marketing year Q1 Sep-Nov,Total use,Million bushels,3018.667,76677681.85116424
1998,Quarterly,Marketing year Q2 Dec-Feb,Total use,Million bushels,2359.134,59924770.20362448
1998,Quarterly,Marketing year Q3 Mar-May,Total use,Million bushels,2089.438,53074175.52573136
1998,Quarterly,Marketing year Q4 Jun-Aug,Total use,Million bushels,1831.078,46511528.541792154
1998,Annual,Marketing year Sep-Aug,Total use,Million bushels,9298.317,236188156.12231222
1999,Quarterly,Marketing year Q1 Sep-Nov,Total use,Million bushels,3181.693,80818733.43501496
1999,Quarterly,Marketing year Q2 Dec-Feb,Total use,Million bushels,2440.951,62003017.95205672
1999,Quarterly,Marketing year Q3 Mar-May,Total use,Million bushels,2021.472,51347759.420643836
1999,Quarterly,Marketing year Q4 Jun-Aug,Total use,Million bushels,1870.668,47517160.96977696
1999,Annual,Marketing year Sep-Aug,Total use,Million bushels,9514.784,241686671.77749246
2000,Quarterly,Marketing year Q1 Sep-Nov,Total use,Million bushels,3104.258,78851793.62544174
2000,Quarterly,Marketing year Q2 Dec-Feb,Total use,Million bushels,2487.546,63186585.59494511
2000,Quarterly,Marketing year Q3 Mar-May,Total use,Million bushels,2122.164,53905454.304166086
2000,Quarterly,Marketing year Q4 Jun-Aug,Total use,Million bushels,2026.348,51471615.538826555
2000,Annual,Marketing year Sep-Aug,Total use,Million bushels,9740.316,247415449.06337953
2001,Quarterly,Marketing year Q1 Sep-Nov,Total use,Million bushels,3139.422,79745000.46296784
2001,Quarterly,Marketing year Q2 Dec-Feb,Total use,Million bushels,2471.136,62769752.35060991
2001,Quarterly,Marketing year Q3 Mar-May,Total use,Million bushels,2202.525,55946717.945118
2001,Quarterly,Marketing year Q4 Jun-Aug,Total use,Million bushels,2002.319,50861250.759537674
2001,Annual,Marketing year Sep-Aug,Total use,Million bushels,9815.402,249322721.51823342
2002,Quarterly,Marketing year Q1 Sep-Nov,Total use,Million bushels,2928.671,74391677.91105512
2002,Quarterly,Marketing year Q2 Dec-Feb,Total use,Million bushels,2510.158,63760956.91248976
2002,Quarterly,Marketing year Q3 Mar-May,Total use,Million bushels,2152.107,54666041.618921034
2002,Quarterly,Marketing year Q4 Jun-Aug,Total use,Million bushels,1900.05,48263498.226636
2002,Annual,Marketing year Sep-Aug,Total use,Million bushels,9490.986,241082174.66910192
2003,Quarterly,Marketing year Q1 Sep-Nov,Total use,Million bushels,3222.651,81859114.66728072
2003,Quarterly,Marketing year Q2 Dec-Feb,Total use,Million bushels,2685.839,68223460.33711207
2003,Quarterly,Marketing year Q3 Mar-May,Total use,Million bushels,2306.442,58586331.61066224
2003,Quarterly,Marketing year Q4 Jun-Aug,Total use,Million bushels,2015.018,51183820.25190896
2003,Annual,Marketing year Sep-Aug,Total use,Million bushels,10229.95,259852726.866964
2004,Quarterly,Marketing year Q1 Sep-Nov,Total use,Million bushels,3312.819,84149487.60909767
2004,Quarterly,Marketing year Q2 Dec-Feb,Total use,Million bushels,2697.858,68528757.03203376
2004,Quarterly,Marketing year Q3 Mar-May,Total use,Million bushels,2439.527,61966846.68210344
2004,Quarterly,Marketing year Q4 Jun-Aug,Total use,Million bushels,2210.326,56144872.493506715
2004,Annual,Marketing year Sep-Aug,Total use,Million bushels,10660.53,270789963.8167416
2005,Quarterly,Marketing year Q1 Sep-Nov,Total use,Million bushels,3413.316,86702229.26393951
2005,Quarterly,Marketing year Q2 Dec-Feb,Total use,Million bushels,2828.864,71856463.06539008
2005,Quarterly,Marketing year Q3 Mar-May,Total use,Million bushels,2629.766,66799140.379183516
2005,Quarterly,Marketing year Q4 Jun-Aug,Total use,Million bushels,2395.858,60857602.870593764
2005,Annual,Marketing year Sep-Aug,Total use,Million bushels,11267.804,286215435.57910687
2006,Quarterly,Marketing year Q1 Sep-Nov,Total use,Million bushels,3566.73,90599124.77560559
2006,Quarterly,Marketing year Q2 Dec-Feb,Total use,Million bushels,2866.141,72803342.58087352
2006,Quarterly,Marketing year Q3 Mar-May,Total use,Million bushels,2540.283,64526167.240679756
2006,Quarterly,Marketing year Q4 Jun-Aug,Total use,Million bushels,2233.466,56732655.63024751
2006,Annual,Marketing year Sep-Aug,Total use,Million bushels,11206.62,284661290.2274064
2007,Quarterly,Marketing year Q1 Sep-Nov,Total use,Million bushels,4065.621,103271541.23505911
2007,Quarterly,Marketing year Q2 Dec-Feb,Total use,Million bushels,3422.181,86927410.66010232
2007,Quarterly,Marketing year Q3 Mar-May,Total use,Million bushels,2840.417,72149922.81382424
2007,Quarterly,Marketing year Q4 Jun-Aug,Total use,Million bushels,2409.174,61195844.886533275
2007,Annual,Marketing year Sep-Aug,Total use,Million bushels,12737.393,323544719.59551895
2008,Quarterly,Marketing year Q1 Sep-Nov,Total use,Million bushels,3598.062,91394994.31926863
2008,Quarterly,Marketing year Q2 Dec-Feb,Total use,Million bushels,3122.069,79304213.91275768
2008,Quarterly,Marketing year Q3 Mar-May,Total use,Million bushels,2697.839,68528274.40975207
2008,Quarterly,Marketing year Q4 Jun-Aug,Total use,Million bushels,2589.602,65778927.67805743
2008,Annual,Marketing year Sep-Aug,Total use,Million bushels,12007.572,305006410.31983584
2009,Quarterly,Marketing year Q1 Sep-Nov,Total use,Million bushels,3838.987,97514771.85683464
2009,Quarterly,Marketing year Q2 Dec-Feb,Total use,Million bushels,3209.992,81537561.22181824
2009,Quarterly,Marketing year Q3 Mar-May,Total use,Million bushels,3386.848,86029911.02438655
2009,Quarterly,Marketing year Q4 Jun-Aug,Total use,Million bushels,2605.196,66175033.56545311
2009,Annual,Marketing year Sep-Aug,Total use,Million bushels,13041.023,331257277.6684925
2010,Quarterly,Marketing year Q1 Sep-Nov,Total use,Million bushels,4081.669,103679179.25486967
2010,Quarterly,Marketing year Q2 Dec-Feb,Total use,Million bushels,3542.005,89971080.7801036
2010,Quarterly,Marketing year Q3 Mar-May,Total use,Million bushels,2863.28,72730669.8257216
2010,Quarterly,Marketing year Q4 Jun-Aug,Total use,Million bushels,2546.187,64676135.76441863
2010,Annual,Marketing year Sep-Aug,Total use,Million bushels,13033.141,331057065.6251135
2011,Quarterly,Marketing year Q1 Sep-Nov,Total use,Million bushels,3798.833,96494813.16743575
2011,Quarterly,Marketing year Q2 Dec-Feb,Total use,Million bushels,3627.401,92140239.32570072
2011,Quarterly,Marketing year Q3 Mar-May,Total use,Million bushels,2885.826,73303364.66586672
2011,Quarterly,Marketing year Q4 Jun-Aug,Total use,Million bushels,2169.887,55117674.469882645
2011,Annual,Marketing year Sep-Aug,Total use,Million bushels,12481.947,317056091.6288858
2012,Quarterly,Marketing year Q1 Sep-Nov,Total use,Million bushels,3746.191,95157644.63310951
2012,Quarterly,Marketing year Q2 Dec-Feb,Total use,Million bushels,2678.233,68030259.01740377
2012,Quarterly,Marketing year Q3 Mar-May,Total use,Million bushels,2673.861,67919205.09027192
2012,Quarterly,Marketing year Q4 Jun-Aug,Total use,Million bushels,1984.614,50411522.99653008
2012,Annual,Marketing year Sep-Aug,Total use,Million bushels,11082.899,281518631.73731524
2013,Quarterly,Marketing year Q1 Sep-Nov,Total use,Million bushels,4213.881,107037519.10252632
2013,Quarterly,Marketing year Q2 Dec-Feb,Total use,Million bushels,3450.092,87636382.79189023
2013,Quarterly,Marketing year Q3 Mar-May,Total use,Million bushels,3165.875,80416937.68493
2013,Quarterly,Marketing year Q4 Jun-Aug,Total use,Million bushels,2625.931,66701726.88180232
2013,Annual,Marketing year Sep-Aug,Total use,Million bushels,13455.779,341792566.46114886
2014,Quarterly,Marketing year Q1 Sep-Nov,Total use,Million bushels,4242.82,107772603.63987039
2014,Quarterly,Marketing year Q2 Dec-Feb,Total use,Million bushels,3467.503,88078642.61011817
2014,Quarterly,Marketing year Q3 Mar-May,Total use,Million bushels,3306.78,83996089.9270416
2014,Quarterly,Marketing year Q4 Jun-Aug,Total use,Million bushels,2732.575,69410609.545354
2014,Annual,Marketing year Sep-Aug,Total use,Million bushels,13749.678,349257945.72238415
2015,Quarterly,Marketing year Q1 Sep-Nov,Total use,Million bushels,4110.838,104420106.06193934
2015,Quarterly,Marketing year Q2 Dec-Feb,Total use,Million bushels,3430.642,87142329.98248623
2015,Quarterly,Marketing year Q3 Mar-May,Total use,Million bushels,3131.781,79550910.10221432
2015,Quarterly,Marketing year Q4 Jun-Aug,Total use,Million bushels,2990.374,75959006.47139727
2015,Annual,Marketing year Sep-Aug,Total use,Million bushels,13663.635,347072352.61803716
2016,Quarterly,Marketing year Q1 Sep-Nov,Total use,Million bushels,4515.896,114709054.28155711
2016,Quarterly,Marketing year Q2 Dec-Feb,Total use,Million bushels,3773.269,95845457.58802167
2016,Quarterly,Marketing year Q3 Mar-May,Total use,Million bushels,3410.256,86624501.6754163
2016,Quarterly,Marketing year Q4 Jun-Aug,Total use,Million bushels,2949.44,74919234.8672768
2016,Annual,Marketing year Sep-Aug,Total use,Million bushels,14648.861,372098248.4122719
2017,Quarterly,Marketing year Q1 Sep-Nov,Total use,Million bushels,4347.0,110418897.81383999
2017,Quarterly,Marketing year Q2 Dec-Feb,Total use,Million bushels,3682.739,93545889.42168008
2017,Quarterly,Marketing year Q3 Mar-May,Total use,Million bushels,3594.908,91314879.02050975
2017,Quarterly,Marketing year Q4 Jun-Aug,Total use,Million bushels,3173.741,80616743.30954552
2017,Annual,Marketing year Sep-Aug,Total use,Million bushels,14798.388,375896409.56557536
2018,Quarterly,Marketing year Q1 Sep-Nov,Total use,Million bushels,4181.664,106219169.52100606
2018,Quarterly,Marketing year Q2 Dec-Feb,Total use,Million bushels,3459.875,87884882.46461
2018,Quarterly,Marketing year Q3 Mar-May,Total use,Million bushels,3478.153,88349165.09958614
2018,Quarterly,Marketing year Q4 Jun-Aug,Total use,Million bushels,3133.268,79588681.64604896
2018,Annual,Marketing year Sep-Aug,Total use,Million bushels,14252.96,362041898.7312512
2019,Quarterly,Marketing year Q1 Sep-Nov,Total use,Million bushels,4002.941,101679395.72896951
2019,Quarterly,Marketing year Q2 Dec-Feb,Total use,Million bushels,3529.861,89662608.93859191
2019,Quarterly,Marketing year Q3 Mar-May,Total use,Million bushels,3071.656,78023664.59242432
2019,Quarterly,Marketing year Q4 Jun-Aug,Total use,Million bushels,3238.387,82258827.52120264
2019,Annual,Marketing year Sep-Aug,Total use,Million bushels,13842.845,351624496.78118837
2020,Quarterly,Marketing year Q1 Sep-Nov,Total use,Million bushels,4279.818,108712396.22816496
2020,Quarterly,Marketing year Q2 Dec-Feb,Total use,Million bushels,4015.645,102002092.2272044
2020,Quarterly,Marketing year Q3 Mar-May,Total use,Million bushels,3702.657,94051829.97991703
2020,Quarterly,Marketing year Q4 Jun-Aug,Total use,Million bushels,2882.654,73222792.14599888
2020,Annual,Marketing year Sep-Aug,Total use,Million bushels,14880.774,377989110.58128524
2021,Quarterly,Marketing year Q1 Sep-Nov,Total use,Million bushels,4627.8,117551547.113616
2021,Quarterly,Marketing year Q2 Dec-Feb,Total use,Million bushels,3881.243,98588123.81129095
2021,Quarterly,Marketing year Q3 Mar-May,Total use,Million bushels,3412.722,86687140.96734384
2021,Quarterly,Marketing year Q4 Jun-Aug,Total use,Million bushels,2977.872,75641441.01005183
2021,Annual,Marketing year Sep-Aug,Total use,Million bushels,14899.637,378468252.9023026
2022,Quarterly,Marketing year Q1 Sep-Nov,Total use,Million bushels,4220.08,107194980.97221759
2022,Quarterly,Marketing year Q2 Dec-Feb,Total use,Million bushels,3423.039,86949204.86629608
2022,Quarterly,Marketing year Q3 Mar-May,Total use,Million bushels,3302.794,83894840.85257967
2022,Quarterly,Marketing year Q4 Jun-Aug,Total use,Million bushels,2759.986,70106881.09078191
2022,Annual,Marketing year Sep-Aug,Total use,Million bushels,13705.899,348145907.78187525
2023,Quarterly,Marketing year Q1 Sep-Nov,Total use,Million bushels,4538.74,115289318.67117278
2023,Quarterly,Marketing year Q2 Dec-Feb,Total use,Million bushels,3824.711,97152144.71508391
2023,Quarterly,Marketing year Q3 Mar-May,Total use,Million bushels,3362.803,85419139.82633415
2023,Quarterly,Marketing year Q4 Jun-Aug,Total use,Million bushels,3239.48,82286591.0029856
2023,Annual,Marketing year Sep-Aug,Total use,Million bushels,14965.734,380147194.21557647
2024,Quarterly,Marketing year Q1 Sep-Nov,Total use,Million bushels,4585.44,116475553.43719678
2024,Quarterly,Marketing year Q2 Dec-Feb,Total use,Million bushels,3932.638,99893617.08323535
2024,Quarterly,Marketing year Q3 Mar-May,Total use,Million bushels,3510.355,89167133.6635156
2024,Quarterly,Marketing year Q4 Jun-Aug,Total use,Million bushels,3097.098,78669921.22876656
2024,Annual,Marketing year Sep-Aug,Total use,Million bushels,15125.531,384206225.4127143
2025,Quarterly,Marketing year Q1 Sep-Nov,Total use,Million bushels,5272.325,133923237.960974
2025,Quarterly,Marketing year Q2 Dec-Feb,Total use,Million bushels,4282.618,108783519.51178096
2025,Quarterly,Marketing year Q3 Mar-May,Total use,Million bushels,3744.635,95118120.4083572
2025,Annual,Marketing year Sep-Aug,Total use,Million bushels,16680.0,423691560.96959996
2026,Annual,Marketing year Sep-Aug,Total use,Million bushels,16180.0,410990974.6096
