year,frequency,timeperiod,attribute,unit_raw,amount_mil_bu,amount_mt
1980,Quarterly,Marketing year Q1 Sep-Nov,Seed use,Million bushels,0.0,0.0
1980,Quarterly,Marketing year Q1 Sep-Nov,"Food, seed, and industrial use",Million bushels,154.5,3924481.18524
1980,Quarterly,Marketing year Q2 Dec-Feb,Seed use,Million bushels,0.0,0.0
1980,Quarterly,Marketing year Q2 Dec-Feb,"Food, seed, and industrial use",Million bushels,144.7,3675549.6925839996
1980,Quarterly,Marketing year Q3 Mar-May,Seed use,Million bushels,16.2,411498.998064
1980,Quarterly,Marketing year Q3 Mar-May,"Food, seed, and industrial use",Million bushels,182.6,4638254.138672
1980,Quarterly,Marketing year Q4 Jun-Aug,Seed use,Million bushels,4.0,101604.69088
1980,Quarterly,Marketing year Q4 Jun-Aug,"Food, seed, and industrial use",Million bushels,177.4,4506168.040528
1980,Annual,Marketing year Sep-Aug,High-fructose corn syrup (HFCS) use,Million bushels,165.0,4191193.4987999997
1980,Annual,Marketing year Sep-Aug,Glucose and dextrose use,Million bushels,156.0,3962582.94432
1980,Annual,Marketing year Sep-Aug,Starch use,Million bushels,151.0,3835577.08072
1980,Annual,Marketing year Sep-Aug,Alcohol for fuel use,Million bushels,35.0,889041.0451999999
1980,Annual,Marketing year Sep-Aug,Alcohol for beverages and manufacturing use,Million bushels,78.0,1981291.47216
1980,Annual,Marketing year Sep-Aug,Cereals and other products use,Million bushels,54.0,1371663.3268799998
1980,Annual,Marketing year Sep-Aug,Seed use,Million bushels,20.2,513103.68894399994
1980,Annual,Marketing year Sep-Aug,"Food, seed, and industrial use",Million bushels,659.2,16744453.057024
1981,Quarterly,Marketing year Q1 Sep-Nov,Seed use,Million bushels,0.0,0.0
1981,Quarterly,Marketing year Q1 Sep-Nov,"Food, seed, and industrial use",Million bushels,173.3,4402023.232376
1981,Quarterly,Marketing year Q2 Dec-Feb,Seed use,Million bushels,0.0,0.0
1981,Quarterly,Marketing year Q2 Dec-Feb,"Food, seed, and industrial use",Million bushels,165.4,4201353.9678879995
1981,Quarterly,Marketing year Q3 Mar-May,Seed use,Million bushels,16.0,406418.76352
1981,Quarterly,Marketing year Q3 Mar-May,"Food, seed, and industrial use",Million bushels,201.3,5113256.068536
1981,Quarterly,Marketing year Q4 Jun-Aug,Seed use,Million bushels,3.4,86363.98724799999
1981,Quarterly,Marketing year Q4 Jun-Aug,"Food, seed, and industrial use",Million bushels,193.4,4912586.804048
1981,Annual,Marketing year Sep-Aug,High-fructose corn syrup (HFCS) use,Million bushels,183.0,4648414.60776
1981,Annual,Marketing year Sep-Aug,Glucose and dextrose use,Million bushels,160.0,4064187.6352
1981,Annual,Marketing year Sep-Aug,Starch use,Million bushels,146.0,3708571.2171199997
1981,Annual,Marketing year Sep-Aug,Alcohol for fuel use,Million bushels,86.0,2184500.8539199997
1981,Annual,Marketing year Sep-Aug,Alcohol for beverages and manufacturing use,Million bushels,86.0,2184500.8539199997
1981,Annual,Marketing year Sep-Aug,Cereals and other products use,Million bushels,53.0,1346262.15416
1981,Annual,Marketing year Sep-Aug,Seed use,Million bushels,19.4,492782.7507679999
1981,Annual,Marketing year Sep-Aug,"Food, seed, and industrial use",Million bushels,733.4,18629220.072848
1982,Quarterly,Marketing year Q1 Sep-Nov,Seed use,Million bushels,0.0,0.0
1982,Quarterly,Marketing year Q1 Sep-Nov,"Food, seed, and industrial use",Million bushels,207.5,5270743.3394
1982,Quarterly,Marketing year Q2 Dec-Feb,Seed use,Million bushels,0.0,0.0
1982,Quarterly,Marketing year Q2 Dec-Feb,"Food, seed, and industrial use",Million bushels,192.4,4887185.631328
1982,Quarterly,Marketing year Q3 Mar-May,Seed use,Million bushels,11.6,294653.60355199996
1982,Quarterly,Marketing year Q3 Mar-May,"Food, seed, and industrial use",Million bushels,227.8,5786387.145616
1982,Quarterly,Marketing year Q4 Jun-Aug,Seed use,Million bushels,2.9,73663.40088799999
1982,Quarterly,Marketing year Q4 Jun-Aug,"Food, seed, and industrial use",Million bushels,226.8,5760985.972896
1982,Annual,Marketing year Sep-Aug,High-fructose corn syrup (HFCS) use,Million bushels,214.0,5435850.96208
1982,Annual,Marketing year Sep-Aug,Glucose and dextrose use,Million bushels,165.0,4191193.4987999997
1982,Annual,Marketing year Sep-Aug,Starch use,Million bushels,150.0,3810175.908
1982,Annual,Marketing year Sep-Aug,Alcohol for fuel use,Million bushels,140.0,3556164.1807999997
1982,Annual,Marketing year Sep-Aug,Alcohol for beverages and manufacturing use,Million bushels,110.0,2794128.9992
1982,Annual,Marketing year Sep-Aug,Cereals and other products use,Million bushels,60.0,1524070.3632
1982,Annual,Marketing year Sep-Aug,Seed use,Million bushels,14.5,368317.00444
1982,Annual,Marketing year Sep-Aug,"Food, seed, and industrial use",Million bushels,853.5,21679900.91652
1983,Quarterly,Marketing year Q1 Sep-Nov,Seed use,Million bushels,0.0,0.0
1983,Quarterly,Marketing year Q1 Sep-Nov,"Food, seed, and industrial use",Million bushels,227.4,5776226.676528
1983,Quarterly,Marketing year Q2 Dec-Feb,Seed use,Million bushels,0.0,0.0
1983,Quarterly,Marketing year Q2 Dec-Feb,"Food, seed, and industrial use",Million bushels,212.3,5392668.968456
1983,Quarterly,Marketing year Q3 Mar-May,Seed use,Million bushels,16.8,426739.701696
1983,Quarterly,Marketing year Q3 Mar-May,"Food, seed, and industrial use",Million bushels,252.5,6413796.1118
1983,Quarterly,Marketing year Q4 Jun-Aug,Seed use,Million bushels,2.3,58422.69725599999
1983,Quarterly,Marketing year Q4 Jun-Aug,"Food, seed, and industrial use",Million bushels,237.9,6042938.990088
1983,Annual,Marketing year Sep-Aug,High-fructose corn syrup (HFCS) use,Million bushels,265.0,6731310.7708
1983,Annual,Marketing year Sep-Aug,Glucose and dextrose use,Million bushels,167.0,4241995.84424
1983,Annual,Marketing year Sep-Aug,Starch use,Million bushels,161.0,4089588.8079199996
1983,Annual,Marketing year Sep-Aug,Alcohol for fuel use,Million bushels,160.0,4064187.6352
1983,Annual,Marketing year Sep-Aug,Alcohol for beverages and manufacturing use,Million bushels,88.0,2235303.19936
1983,Annual,Marketing year Sep-Aug,Cereals and other products use,Million bushels,70.0,1778082.0903999999
1983,Annual,Marketing year Sep-Aug,Seed use,Million bushels,19.1,485162.398952
1983,Annual,Marketing year Sep-Aug,"Food, seed, and industrial use",Million bushels,930.1,23625630.746872
1984,Quarterly,Marketing year Q1 Sep-Nov,Seed use,Million bushels,0.0,0.0
1984,Quarterly,Marketing year Q1 Sep-Nov,"Food, seed, and industrial use",Million bushels,244.1,6200426.260952
1984,Quarterly,Marketing year Q2 Dec-Feb,Seed use,Million bushels,0.0,0.0
1984,Quarterly,Marketing year Q2 Dec-Feb,"Food, seed, and industrial use",Million bushels,236.1,5997216.879191999
1984,Quarterly,Marketing year Q3 Mar-May,Seed use,Million bushels,17.0,431819.93623999995
1984,Quarterly,Marketing year Q3 Mar-May,"Food, seed, and industrial use",Million bushels,294.4,7478105.248767999
1984,Quarterly,Marketing year Q4 Jun-Aug,Seed use,Million bushels,4.2,106684.925424
1984,Quarterly,Marketing year Q4 Jun-Aug,"Food, seed, and industrial use",Million bushels,292.6,7432383.137872
1984,Annual,Marketing year Sep-Aug,High-fructose corn syrup (HFCS) use,Million bushels,310.0,7874363.543199999
1984,Annual,Marketing year Sep-Aug,Glucose and dextrose use,Million bushels,167.0,4241995.84424
1984,Annual,Marketing year Sep-Aug,Starch use,Million bushels,172.0,4369001.707839999
1984,Annual,Marketing year Sep-Aug,Alcohol for fuel use,Million bushels,232.0,5893072.07104
1984,Annual,Marketing year Sep-Aug,Alcohol for beverages and manufacturing use,Million bushels,84.0,2133698.50848
1984,Annual,Marketing year Sep-Aug,Cereals and other products use,Million bushels,81.0,2057494.9903199999
1984,Annual,Marketing year Sep-Aug,Seed use,Million bushels,21.2,538504.861664
1984,Annual,Marketing year Sep-Aug,"Food, seed, and industrial use",Million bushels,1067.2,27108131.526784
1985,Quarterly,Marketing year Q1 Sep-Nov,Seed use,Million bushels,0.0,0.0
1985,Quarterly,Marketing year Q1 Sep-Nov,"Food, seed, and industrial use",Million bushels,276.3,7018344.022536
1985,Quarterly,Marketing year Q2 Dec-Feb,Seed use,Million bushels,0.0,0.0
1985,Quarterly,Marketing year Q2 Dec-Feb,"Food, seed, and industrial use",Million bushels,262.4,6665267.721727999
1985,Quarterly,Marketing year Q3 Mar-May,Seed use,Million bushels,16.1,408958.88079200004
1985,Quarterly,Marketing year Q3 Mar-May,"Food, seed, and industrial use",Million bushels,307.3,7805780.376856
1985,Quarterly,Marketing year Q4 Jun-Aug,Seed use,Million bushels,3.4,86363.98724799999
1985,Quarterly,Marketing year Q4 Jun-Aug,"Food, seed, and industrial use",Million bushels,306.5,7785459.43868
1985,Annual,Marketing year Sep-Aug,High-fructose corn syrup (HFCS) use,Million bushels,327.0,8306183.47944
1985,Annual,Marketing year Sep-Aug,Glucose and dextrose use,Million bushels,169.0,4292798.18968
1985,Annual,Marketing year Sep-Aug,Starch use,Million bushels,190.0,4826222.8168
1985,Annual,Marketing year Sep-Aug,Alcohol for fuel use,Million bushels,271.0,6883717.80712
1985,Annual,Marketing year Sep-Aug,Alcohol for beverages and manufacturing use,Million bushels,83.0,2108297.3357599997
1985,Annual,Marketing year Sep-Aug,Cereals and other products use,Million bushels,93.0,2362309.06296
1985,Annual,Marketing year Sep-Aug,Seed use,Million bushels,19.5,495322.86804
1985,Annual,Marketing year Sep-Aug,"Food, seed, and industrial use",Million bushels,1152.5,29274851.5598
1986,Quarterly,Marketing year Q1 Sep-Nov,High-fructose corn syrup (HFCS) use,Million bushels,76.404,1940751.20049888
1986,Quarterly,Marketing year Q1 Sep-Nov,Glucose and dextrose use,Million bushels,45.348,1151892.38050656
1986,Quarterly,Marketing year Q1 Sep-Nov,Starch use,Million bushels,54.882,1394067.16121904
1986,Quarterly,Marketing year Q1 Sep-Nov,Alcohol for fuel use,Million bushels,67.943,1725831.87811496
1986,Quarterly,Marketing year Q1 Sep-Nov,Alcohol for beverages and manufacturing use,Million bushels,22.721,577140.04537112
1986,Quarterly,Marketing year Q1 Sep-Nov,Cereals and other products use,Million bushels,27.175,690276.868666
1986,Quarterly,Marketing year Q1 Sep-Nov,Seed use,Million bushels,0.0,0.0
1986,Quarterly,Marketing year Q1 Sep-Nov,"Food, seed, and industrial use",Million bushels,294.473,7479959.53437656
1986,Quarterly,Marketing year Q2 Dec-Feb,High-fructose corn syrup (HFCS) use,Million bushels,72.044,1830002.0874396798
1986,Quarterly,Marketing year Q2 Dec-Feb,Glucose and dextrose use,Million bushels,37.878,962145.6202881599
1986,Quarterly,Marketing year Q2 Dec-Feb,Starch use,Million bushels,52.498,1333510.7654545598
1986,Quarterly,Marketing year Q2 Dec-Feb,Alcohol for fuel use,Million bushels,71.514,1816539.4658980798
1986,Quarterly,Marketing year Q2 Dec-Feb,Alcohol for beverages and manufacturing use,Million bushels,20.68,525296.2518496
1986,Quarterly,Marketing year Q2 Dec-Feb,Cereals and other products use,Million bushels,26.877,682707.3191954399
1986,Quarterly,Marketing year Q2 Dec-Feb,Seed use,Million bushels,0.0,0.0
1986,Quarterly,Marketing year Q2 Dec-Feb,"Food, seed, and industrial use",Million bushels,281.491,7150201.51012552
1986,Quarterly,Marketing year Q3 Mar-May,High-fructose corn syrup (HFCS) use,Million bushels,88.86,2257148.2078992
1986,Quarterly,Marketing year Q3 Mar-May,Glucose and dextrose use,Million bushels,42.536,1080464.28281792
1986,Quarterly,Marketing year Q3 Mar-May,Starch use,Million bushels,52.484,1333155.1490364799
1986,Quarterly,Marketing year Q3 Mar-May,Alcohol for fuel use,Million bushels,77.433,1966889.00722776
1986,Quarterly,Marketing year Q3 Mar-May,Alcohol for beverages and manufacturing use,Million bushels,27.426,696652.5630187199
1986,Quarterly,Marketing year Q3 Mar-May,Cereals and other products use,Million bushels,27.474,697871.81930928
1986,Quarterly,Marketing year Q3 Mar-May,Seed use,Million bushels,16.4,416579.23260799993
1986,Quarterly,Marketing year Q3 Mar-May,"Food, seed, and industrial use",Million bushels,332.613,8448760.26191736
1986,Quarterly,Marketing year Q4 Jun-Aug,High-fructose corn syrup (HFCS) use,Million bushels,100.692,2557694.8835222395
1986,Quarterly,Marketing year Q4 Jun-Aug,Glucose and dextrose use,Million bushels,45.238,1149098.25150736
1986,Quarterly,Marketing year Q4 Jun-Aug,Starch use,Million bushels,54.27,1378521.6435144
1986,Quarterly,Marketing year Q4 Jun-Aug,Alcohol for fuel use,Million bushels,73.102,1856876.52817744
1986,Quarterly,Marketing year Q4 Jun-Aug,Alcohol for beverages and manufacturing use,Million bushels,23.758,603481.06148176
1986,Quarterly,Marketing year Q4 Jun-Aug,Cereals and other products use,Million bushels,27.474,697871.81930928
1986,Quarterly,Marketing year Q4 Jun-Aug,Seed use,Million bushels,0.3,7620.351815999999
1986,Quarterly,Marketing year Q4 Jun-Aug,"Food, seed, and industrial use",Million bushels,324.834,8251164.539328479
1986,Annual,Marketing year Sep-Aug,High-fructose corn syrup (HFCS) use,Million bushels,338.0,8585596.37936
1986,Annual,Marketing year Sep-Aug,Glucose and dextrose use,Million bushels,171.0,4343600.53512
1986,Annual,Marketing year Sep-Aug,Starch use,Million bushels,214.134,5439254.719224479
1986,Annual,Marketing year Sep-Aug,Alcohol for fuel use,Million bushels,289.992,7366136.87941824
1986,Annual,Marketing year Sep-Aug,Alcohol for beverages and manufacturing use,Million bushels,94.586,2402595.32289392
1986,Annual,Marketing year Sep-Aug,Cereals and other products use,Million bushels,109.0,2768727.82648
1986,Annual,Marketing year Sep-Aug,Seed use,Million bushels,16.7,424199.58442399994
1986,Annual,Marketing year Sep-Aug,"Food, seed, and industrial use",Million bushels,1233.412,31330111.246920638
1987,Quarterly,Marketing year Q1 Sep-Nov,High-fructose corn syrup (HFCS) use,Million bushels,78.942,2005219.3768622398
1987,Quarterly,Marketing year Q1 Sep-Nov,Glucose and dextrose use,Million bushels,43.63,1108253.1657736
1987,Quarterly,Marketing year Q1 Sep-Nov,Starch use,Million bushels,55.606,1412457.61026832
1987,Quarterly,Marketing year Q1 Sep-Nov,Alcohol for fuel use,Million bushels,67.245,1708101.8595564
1987,Quarterly,Marketing year Q1 Sep-Nov,Alcohol for beverages and manufacturing use,Million bushels,22.537,572466.2295906399
1987,Quarterly,Marketing year Q1 Sep-Nov,Cereals and other products use,Million bushels,28.173,715627.23904056
1987,Quarterly,Marketing year Q1 Sep-Nov,Seed use,Million bushels,0.0,0.0
1987,Quarterly,Marketing year Q1 Sep-Nov,"Food, seed, and industrial use",Million bushels,296.133,7522125.481091759
1987,Quarterly,Marketing year Q2 Dec-Feb,High-fructose corn syrup (HFCS) use,Million bushels,75.617,1920760.47756824
1987,Quarterly,Marketing year Q2 Dec-Feb,Glucose and dextrose use,Million bushels,38.657,981933.1338370398
1987,Quarterly,Marketing year Q2 Dec-Feb,Starch use,Million bushels,54.591,1386675.41995752
1987,Quarterly,Marketing year Q2 Dec-Feb,Alcohol for fuel use,Million bushels,69.087,1754890.81970664
1987,Quarterly,Marketing year Q2 Dec-Feb,Alcohol for beverages and manufacturing use,Million bushels,21.765,552856.5242508
1987,Quarterly,Marketing year Q2 Dec-Feb,Cereals and other products use,Million bushels,27.863,707752.8754973599
1987,Quarterly,Marketing year Q2 Dec-Feb,Seed use,Million bushels,0.0,0.0
1987,Quarterly,Marketing year Q2 Dec-Feb,"Food, seed, and industrial use",Million bushels,287.58,7304869.250817599
1987,Quarterly,Marketing year Q3 Mar-May,High-fructose corn syrup (HFCS) use,Million bushels,95.428,2423983.1103241597
1987,Quarterly,Marketing year Q3 Mar-May,Glucose and dextrose use,Million bushels,43.721,1110564.67249112
1987,Quarterly,Marketing year Q3 Mar-May,Starch use,Million bushels,57.678,1465088.8401441597
1987,Quarterly,Marketing year Q3 Mar-May,Alcohol for fuel use,Million bushels,72.962,1853320.36399664
1987,Quarterly,Marketing year Q3 Mar-May,Alcohol for beverages and manufacturing use,Million bushels,21.871,555549.0485591199
1987,Quarterly,Marketing year Q3 Mar-May,Cereals and other products use,Million bushels,28.482,723476.2014110399
1987,Quarterly,Marketing year Q3 Mar-May,Seed use,Million bushels,16.7,424199.58442399994
1987,Quarterly,Marketing year Q3 Mar-May,"Food, seed, and industrial use",Million bushels,336.842,8556181.82135024
1987,Quarterly,Marketing year Q4 Jun-Aug,High-fructose corn syrup (HFCS) use,Million bushels,108.013,2743656.86900536
1987,Quarterly,Marketing year Q4 Jun-Aug,Glucose and dextrose use,Million bushels,46.992,1193651.9084582399
1987,Quarterly,Marketing year Q4 Jun-Aug,Starch use,Million bushels,58.613,1488838.93663736
1987,Quarterly,Marketing year Q4 Jun-Aug,Alcohol for fuel use,Million bushels,69.851,1774297.3156647198
1987,Quarterly,Marketing year Q4 Jun-Aug,Alcohol for beverages and manufacturing use,Million bushels,18.641,473503.2606735199
1987,Quarterly,Marketing year Q4 Jun-Aug,Cereals and other products use,Million bushels,28.482,723476.2014110399
1987,Quarterly,Marketing year Q4 Jun-Aug,Seed use,Million bushels,0.5,12700.58636
1987,Quarterly,Marketing year Q4 Jun-Aug,"Food, seed, and industrial use",Million bushels,331.092,8410125.078210238
1987,Annual,Marketing year Sep-Aug,High-fructose corn syrup (HFCS) use,Million bushels,358.0,9093619.833759999
1987,Annual,Marketing year Sep-Aug,Glucose and dextrose use,Million bushels,173.0,4394402.8805599995
1987,Annual,Marketing year Sep-Aug,Starch use,Million bushels,226.488,5753060.807007359
1987,Annual,Marketing year Sep-Aug,Alcohol for fuel use,Million bushels,279.146,7090635.76009712
1987,Annual,Marketing year Sep-Aug,Alcohol for beverages and manufacturing use,Million bushels,84.814,2154375.06307408
1987,Annual,Marketing year Sep-Aug,Cereals and other products use,Million bushels,113.0,2870332.51736
1987,Annual,Marketing year Sep-Aug,Seed use,Million bushels,17.2,436900.17078399996
1987,Annual,Marketing year Sep-Aug,"Food, seed, and industrial use",Million bushels,1251.648,31793327.032642554
1988,Quarterly,Marketing year Q1 Sep-Nov,High-fructose corn syrup (HFCS) use,Million bushels,81.459,2069154.12859848
1988,Quarterly,Marketing year Q1 Sep-Nov,Glucose and dextrose use,Million bushels,46.232,1174347.0171910399
1988,Quarterly,Marketing year Q1 Sep-Nov,Starch use,Million bushels,55.086,1399249.0004539199
1988,Quarterly,Marketing year Q1 Sep-Nov,Alcohol for fuel use,Million bushels,70.847,1799596.8836938397
1988,Quarterly,Marketing year Q1 Sep-Nov,Alcohol for beverages and manufacturing use,Million bushels,19.492,495119.65865824
1988,Quarterly,Marketing year Q1 Sep-Nov,Cereals and other products use,Million bushels,29.17,740952.2082424
1988,Quarterly,Marketing year Q1 Sep-Nov,Seed use,Million bushels,0.0,0.0
1988,Quarterly,Marketing year Q1 Sep-Nov,"Food, seed, and industrial use",Million bushels,302.286,7678418.89683792
1988,Quarterly,Marketing year Q2 Dec-Feb,High-fructose corn syrup (HFCS) use,Million bushels,77.198,1960919.7316385598
1988,Quarterly,Marketing year Q2 Dec-Feb,Glucose and dextrose use,Million bushels,40.486,1028391.8787419199
1988,Quarterly,Marketing year Q2 Dec-Feb,Starch use,Million bushels,51.349,1304324.8179992798
1988,Quarterly,Marketing year Q2 Dec-Feb,Alcohol for fuel use,Million bushels,76.469,1942402.2767256796
1988,Quarterly,Marketing year Q2 Dec-Feb,Alcohol for beverages and manufacturing use,Million bushels,27.0,685831.6634399999
1988,Quarterly,Marketing year Q2 Dec-Feb,Cereals and other products use,Million bushels,28.849,732798.43179928
1988,Quarterly,Marketing year Q2 Dec-Feb,Seed use,Million bushels,0.0,0.0
1988,Quarterly,Marketing year Q2 Dec-Feb,"Food, seed, and industrial use",Million bushels,301.351,7654668.80034472
1988,Quarterly,Marketing year Q3 Mar-May,High-fructose corn syrup (HFCS) use,Million bushels,98.034,2490178.5664324802
1988,Quarterly,Marketing year Q3 Mar-May,Glucose and dextrose use,Million bushels,46.388,1178309.60013536
1988,Quarterly,Marketing year Q3 Mar-May,Starch use,Million bushels,53.918,1369580.43071696
1988,Quarterly,Marketing year Q3 Mar-May,Alcohol for fuel use,Million bushels,72.52,1842093.0456543998
1988,Quarterly,Marketing year Q3 Mar-May,Alcohol for beverages and manufacturing use,Million bushels,35.881,911419.4783663199
1988,Quarterly,Marketing year Q3 Mar-May,Cereals and other products use,Million bushels,29.49,749080.5835127999
1988,Quarterly,Marketing year Q3 Mar-May,Seed use,Million bushels,16.7,424199.58442399994
1988,Quarterly,Marketing year Q3 Mar-May,"Food, seed, and industrial use",Million bushels,352.931,8964861.28924232
1988,Quarterly,Marketing year Q4 Jun-Aug,High-fructose corn syrup (HFCS) use,Million bushels,104.31,2649596.3264232
1988,Quarterly,Marketing year Q4 Jun-Aug,Glucose and dextrose use,Million bushels,48.894,1241964.93897168
1988,Quarterly,Marketing year Q4 Jun-Aug,Starch use,Million bushels,54.28,1378775.6552416
1988,Quarterly,Marketing year Q4 Jun-Aug,Alcohol for fuel use,Million bushels,67.61,1717373.2875992
1988,Quarterly,Marketing year Q4 Jun-Aug,Alcohol for beverages and manufacturing use,Million bushels,34.908,886704.13730976
1988,Quarterly,Marketing year Q4 Jun-Aug,Cereals and other products use,Million bushels,29.49,749080.5835127999
1988,Quarterly,Marketing year Q4 Jun-Aug,Seed use,Million bushels,1.7,43181.993623999995
1988,Quarterly,Marketing year Q4 Jun-Aug,"Food, seed, and industrial use",Million bushels,341.192,8666676.92268224
1988,Annual,Marketing year Sep-Aug,High-fructose corn syrup (HFCS) use,Million bushels,361.0,9169823.35192
1988,Annual,Marketing year Sep-Aug,Glucose and dextrose use,Million bushels,182.0,4623013.43504
1988,Annual,Marketing year Sep-Aug,Starch use,Million bushels,214.633,5451929.90441176
1988,Annual,Marketing year Sep-Aug,Alcohol for fuel use,Million bushels,287.445,7301440.0925004
1988,Annual,Marketing year Sep-Aug,Alcohol for beverages and manufacturing use,Million bushels,117.28,2979049.5366016
1988,Annual,Marketing year Sep-Aug,Cereals and other products use,Million bushels,117.0,2971937.20824
1988,Annual,Marketing year Sep-Aug,Seed use,Million bushels,18.4,467381.57804799994
1988,Annual,Marketing year Sep-Aug,"Food, seed, and industrial use",Million bushels,1297.758,32964575.10676176
1989,Quarterly,Marketing year Q1 Sep-Nov,High-fructose corn syrup (HFCS) use,Million bushels,81.346,2066283.79608112
1989,Quarterly,Marketing year Q1 Sep-Nov,Glucose and dextrose use,Million bushels,47.047,1195048.97295784
1989,Quarterly,Marketing year Q1 Sep-Nov,Starch use,Million bushels,52.149,1324645.7561752799
1989,Quarterly,Marketing year Q1 Sep-Nov,Alcohol for fuel use,Million bushels,63.647,1616708.44010984
1989,Quarterly,Marketing year Q1 Sep-Nov,Alcohol for beverages and manufacturing use,Million bushels,37.833,961002.56751576
1989,Quarterly,Marketing year Q1 Sep-Nov,Cereals and other products use,Million bushels,29.918,759952.2854369599
1989,Quarterly,Marketing year Q1 Sep-Nov,Seed use,Million bushels,0.0,0.0
1989,Quarterly,Marketing year Q1 Sep-Nov,"Food, seed, and industrial use",Million bushels,311.94,7923641.818276799
1989,Quarterly,Marketing year Q2 Dec-Feb,High-fructose corn syrup (HFCS) use,Million bushels,79.073,2008546.9304885597
1989,Quarterly,Marketing year Q2 Dec-Feb,Glucose and dextrose use,Million bushels,42.902,1089761.11203344
1989,Quarterly,Marketing year Q2 Dec-Feb,Starch use,Million bushels,52.47,1332799.5326184
1989,Quarterly,Marketing year Q2 Dec-Feb,Alcohol for fuel use,Million bushels,80.471,2044057.76995112
1989,Quarterly,Marketing year Q2 Dec-Feb,Alcohol for beverages and manufacturing use,Million bushels,28.4,721393.305248
1989,Quarterly,Marketing year Q2 Dec-Feb,Cereals and other products use,Million bushels,29.589,751595.29961208
1989,Quarterly,Marketing year Q2 Dec-Feb,Seed use,Million bushels,0.0,0.0
1989,Quarterly,Marketing year Q2 Dec-Feb,"Food, seed, and industrial use",Million bushels,312.905,7948153.949951599
1989,Quarterly,Marketing year Q3 Mar-May,High-fructose corn syrup (HFCS) use,Million bushels,99.555,2528813.7501396
1989,Quarterly,Marketing year Q3 Mar-May,Glucose and dextrose use,Million bushels,50.614,1285654.9560500798
1989,Quarterly,Marketing year Q3 Mar-May,Starch use,Million bushels,57.444,1459144.96572768
1989,Quarterly,Marketing year Q3 Mar-May,Alcohol for fuel use,Million bushels,89.467,2272566.71974024
1989,Quarterly,Marketing year Q3 Mar-May,Alcohol for beverages and manufacturing use,Million bushels,31.982,812380.30593104
1989,Quarterly,Marketing year Q3 Mar-May,Cereals and other products use,Million bushels,30.247,768309.27126184
1989,Quarterly,Marketing year Q3 Mar-May,Seed use,Million bushels,16.7,424199.58442399994
1989,Quarterly,Marketing year Q3 Mar-May,"Food, seed, and industrial use",Million bushels,376.009,9551069.55327448
1989,Quarterly,Marketing year Q4 Jun-Aug,High-fructose corn syrup (HFCS) use,Million bushels,108.026,2743987.0842507198
1989,Quarterly,Marketing year Q4 Jun-Aug,Glucose and dextrose use,Million bushels,52.437,1331961.29391864
1989,Quarterly,Marketing year Q4 Jun-Aug,Starch use,Million bushels,57.228,1453658.31242016
1989,Quarterly,Marketing year Q4 Jun-Aug,Alcohol for fuel use,Million bushels,87.861,2231772.43635192
1989,Quarterly,Marketing year Q4 Jun-Aug,Alcohol for beverages and manufacturing use,Million bushels,31.187,792186.37361864
1989,Quarterly,Marketing year Q4 Jun-Aug,Cereals and other products use,Million bushels,30.247,768309.27126184
1989,Quarterly,Marketing year Q4 Jun-Aug,Seed use,Million bushels,2.2,55882.579984
1989,Quarterly,Marketing year Q4 Jun-Aug,"Food, seed, and industrial use",Million bushels,369.186,9377757.35180592
1989,Annual,Marketing year Sep-Aug,High-fructose corn syrup (HFCS) use,Million bushels,368.0,9347631.56096
1989,Annual,Marketing year Sep-Aug,Glucose and dextrose use,Million bushels,193.0,4902426.33496
1989,Annual,Marketing year Sep-Aug,Starch use,Million bushels,219.291,5570248.566941519
1989,Annual,Marketing year Sep-Aug,Alcohol for fuel use,Million bushels,321.446,8165105.36615312
1989,Annual,Marketing year Sep-Aug,Alcohol for beverages and manufacturing use,Million bushels,129.402,3286962.5523134395
1989,Annual,Marketing year Sep-Aug,Cereals and other products use,Million bushels,120.0,3048140.7264
1989,Annual,Marketing year Sep-Aug,Seed use,Million bushels,18.9,480082.16440799995
1989,Annual,Marketing year Sep-Aug,"Food, seed, and industrial use",Million bushels,1370.039,34800597.27213608
1990,Quarterly,Marketing year Q1 Sep-Nov,High-fructose corn syrup (HFCS) use,Million bushels,84.473,2145713.26317656
1990,Quarterly,Marketing year Q1 Sep-Nov,Glucose and dextrose use,Million bushels,51.3,1303080.1605359998
1990,Quarterly,Marketing year Q1 Sep-Nov,Starch use,Million bushels,55.454,1408596.63201488
1990,Quarterly,Marketing year Q1 Sep-Nov,Alcohol for fuel use,Million bushels,76.166,1934705.7213915198
1990,Quarterly,Marketing year Q1 Sep-Nov,Alcohol for beverages and manufacturing use,Million bushels,39.224,996335.5987692799
1990,Quarterly,Marketing year Q1 Sep-Nov,Cereals and other products use,Million bushels,30.915,785277.2546387999
1990,Quarterly,Marketing year Q1 Sep-Nov,Seed use,Million bushels,0.0,0.0
1990,Quarterly,Marketing year Q1 Sep-Nov,"Food, seed, and industrial use",Million bushels,337.532,8573708.63052704
1990,Quarterly,Marketing year Q2 Dec-Feb,High-fructose corn syrup (HFCS) use,Million bushels,81.861,2079365.40003192
1990,Quarterly,Marketing year Q2 Dec-Feb,Glucose and dextrose use,Million bushels,44.829,1138709.17186488
1990,Quarterly,Marketing year Q2 Dec-Feb,Starch use,Million bushels,52.828,1341893.15245216
1990,Quarterly,Marketing year Q2 Dec-Feb,Alcohol for fuel use,Million bushels,86.986,2209546.41022192
1990,Quarterly,Marketing year Q2 Dec-Feb,Alcohol for beverages and manufacturing use,Million bushels,32.791,832929.8546615199
1990,Quarterly,Marketing year Q2 Dec-Feb,Cereals and other products use,Million bushels,30.575,776640.855914
1990,Quarterly,Marketing year Q2 Dec-Feb,Seed use,Million bushels,0.0,0.0
1990,Quarterly,Marketing year Q2 Dec-Feb,"Food, seed, and industrial use",Million bushels,329.87,8379084.8451464
1990,Quarterly,Marketing year Q3 Mar-May,High-fructose corn syrup (HFCS) use,Million bushels,102.456,2602502.5522003197
1990,Quarterly,Marketing year Q3 Mar-May,Glucose and dextrose use,Million bushels,50.184,1274732.4517804799
1990,Quarterly,Marketing year Q3 Mar-May,Starch use,Million bushels,54.677,1388859.9208114399
1990,Quarterly,Marketing year Q3 Mar-May,Alcohol for fuel use,Million bushels,90.879,2308433.17562088
1990,Quarterly,Marketing year Q3 Mar-May,Alcohol for beverages and manufacturing use,Million bushels,36.985,939462.3730491999
1990,Quarterly,Marketing year Q3 Mar-May,Cereals and other products use,Million bushels,31.255,793913.6533635999
1990,Quarterly,Marketing year Q3 Mar-May,Seed use,Million bushels,17.6,447060.639872
1990,Quarterly,Marketing year Q3 Mar-May,"Food, seed, and industrial use",Million bushels,384.036,9754964.766697919
1990,Quarterly,Marketing year Q4 Jun-Aug,High-fructose corn syrup (HFCS) use,Million bushels,110.21,2799463.2454711995
1990,Quarterly,Marketing year Q4 Jun-Aug,Glucose and dextrose use,Million bushels,53.686,1363687.35864592
1990,Quarterly,Marketing year Q4 Jun-Aug,Starch use,Million bushels,55.601,1412330.60440472
1990,Quarterly,Marketing year Q4 Jun-Aug,Alcohol for fuel use,Million bushels,95.036,2414025.85061792
1990,Quarterly,Marketing year Q4 Jun-Aug,Alcohol for beverages and manufacturing use,Million bushels,26.188,665205.91119136
1990,Quarterly,Marketing year Q4 Jun-Aug,Cereals and other products use,Million bushels,31.255,793913.6533635999
1990,Quarterly,Marketing year Q4 Jun-Aug,Seed use,Million bushels,1.7,43181.993623999995
1990,Quarterly,Marketing year Q4 Jun-Aug,"Food, seed, and industrial use",Million bushels,373.676,9491808.61731872
1990,Annual,Marketing year Sep-Aug,High-fructose corn syrup (HFCS) use,Million bushels,379.0,9627044.46088
1990,Annual,Marketing year Sep-Aug,Glucose and dextrose use,Million bushels,200.0,5080234.544
1990,Annual,Marketing year Sep-Aug,Starch use,Million bushels,218.56,5551680.3096832
1990,Annual,Marketing year Sep-Aug,Alcohol for fuel use,Million bushels,349.068,8866736.55902496
1990,Annual,Marketing year Sep-Aug,Alcohol for beverages and manufacturing use,Million bushels,135.189,3433959.13884408
1990,Annual,Marketing year Sep-Aug,Cereals and other products use,Million bushels,124.0,3149745.4172799997
1990,Annual,Marketing year Sep-Aug,Seed use,Million bushels,19.3,490242.63349599997
1990,Annual,Marketing year Sep-Aug,"Food, seed, and industrial use",Million bushels,1425.117,36199643.06320824
1991,Quarterly,Marketing year Q1 Sep-Nov,High-fructose corn syrup (HFCS) use,Million bushels,87.511,2222882.0258999197
1991,Quarterly,Marketing year Q1 Sep-Nov,Glucose and dextrose use,Million bushels,52.821,1341715.34424312
1991,Quarterly,Marketing year Q1 Sep-Nov,Starch use,Million bushels,56.012,1422770.48639264
1991,Quarterly,Marketing year Q1 Sep-Nov,Alcohol for fuel use,Million bushels,97.732,2482507.41227104
1991,Quarterly,Marketing year Q1 Sep-Nov,Alcohol for beverages and manufacturing use,Million bushels,34.55,877610.5174759999
1991,Quarterly,Marketing year Q1 Sep-Nov,Cereals and other products use,Million bushels,31.825,808392.3218139999
1991,Quarterly,Marketing year Q1 Sep-Nov,Seed use,Million bushels,0.0,0.0
1991,Quarterly,Marketing year Q1 Sep-Nov,"Food, seed, and industrial use",Million bushels,360.451,9155878.10809672
1991,Quarterly,Marketing year Q2 Dec-Feb,High-fructose corn syrup (HFCS) use,Million bushels,87.039,2210892.67237608
1991,Quarterly,Marketing year Q2 Dec-Feb,Glucose and dextrose use,Million bushels,47.083,1195963.41517576
1991,Quarterly,Marketing year Q2 Dec-Feb,Starch use,Million bushels,54.758,1390917.41580176
1991,Quarterly,Marketing year Q2 Dec-Feb,Alcohol for fuel use,Million bushels,100.223,2545781.73351656
1991,Quarterly,Marketing year Q2 Dec-Feb,Alcohol for beverages and manufacturing use,Million bushels,41.294,1048916.02629968
1991,Quarterly,Marketing year Q2 Dec-Feb,Cereals and other products use,Million bushels,31.825,808392.3218139999
1991,Quarterly,Marketing year Q2 Dec-Feb,Seed use,Million bushels,0.0,0.0
1991,Quarterly,Marketing year Q2 Dec-Feb,"Food, seed, and industrial use",Million bushels,362.222,9200863.584983839
1991,Quarterly,Marketing year Q3 Mar-May,High-fructose corn syrup (HFCS) use,Million bushels,106.615,2708146.0295427996
1991,Quarterly,Marketing year Q3 Mar-May,Glucose and dextrose use,Million bushels,54.185,1376362.5438332
1991,Quarterly,Marketing year Q3 Mar-May,Starch use,Million bushels,57.207,1453124.88779304
1991,Quarterly,Marketing year Q3 Mar-May,Alcohol for fuel use,Million bushels,100.877,2562394.10047544
1991,Quarterly,Marketing year Q3 Mar-May,Alcohol for beverages and manufacturing use,Million bushels,43.573,1106805.29892856
1991,Quarterly,Marketing year Q3 Mar-May,Cereals and other products use,Million bushels,32.175,817282.7322659999
1991,Quarterly,Marketing year Q3 Mar-May,Seed use,Million bushels,19.9,505483.3371279999
1991,Quarterly,Marketing year Q3 Mar-May,"Food, seed, and industrial use",Million bushels,414.532,10529598.929967038
1991,Quarterly,Marketing year Q4 Jun-Aug,High-fructose corn syrup (HFCS) use,Million bushels,110.653,2810715.96498616
1991,Quarterly,Marketing year Q4 Jun-Aug,Glucose and dextrose use,Million bushels,55.563,1411365.35984136
1991,Quarterly,Marketing year Q4 Jun-Aug,Starch use,Million bushels,56.685,1439865.4756332
1991,Quarterly,Marketing year Q4 Jun-Aug,Alcohol for fuel use,Million bushels,99.432,2525689.40589504
1991,Quarterly,Marketing year Q4 Jun-Aug,Alcohol for beverages and manufacturing use,Million bushels,41.493,1053970.85967096
1991,Quarterly,Marketing year Q4 Jun-Aug,Cereals and other products use,Million bushels,32.175,817282.7322659999
1991,Quarterly,Marketing year Q4 Jun-Aug,Seed use,Million bushels,0.3,7620.351815999999
1991,Quarterly,Marketing year Q4 Jun-Aug,"Food, seed, and industrial use",Million bushels,396.301,10066510.15010872
1991,Annual,Marketing year Sep-Aug,High-fructose corn syrup (HFCS) use,Million bushels,391.818,9952636.692804959
1991,Annual,Marketing year Sep-Aug,Glucose and dextrose use,Million bushels,209.652,5325406.663093439
1991,Annual,Marketing year Sep-Aug,Starch use,Million bushels,224.663,5706703.66679336
1991,Annual,Marketing year Sep-Aug,Alcohol for fuel use,Million bushels,398.264,10116372.65215808
1991,Annual,Marketing year Sep-Aug,Alcohol for beverages and manufacturing use,Million bushels,160.91,4087302.7023751996
1991,Annual,Marketing year Sep-Aug,Cereals and other products use,Million bushels,128.0,3251350.10816
1991,Annual,Marketing year Sep-Aug,Seed use,Million bushels,20.2,513103.68894399994
1991,Annual,Marketing year Sep-Aug,"Food, seed, and industrial use",Million bushels,1533.507,38952876.17432904
1992,Quarterly,Marketing year Q1 Sep-Nov,High-fructose corn syrup (HFCS) use,Million bushels,92.418,2347525.58043696
1992,Quarterly,Marketing year Q1 Sep-Nov,Glucose and dextrose use,Million bushels,54.452,1383144.6569494398
1992,Quarterly,Marketing year Q1 Sep-Nov,Starch use,Million bushels,53.787,1366252.87709064
1992,Quarterly,Marketing year Q1 Sep-Nov,Alcohol for fuel use,Million bushels,103.057,2617768.65700504
1992,Quarterly,Marketing year Q1 Sep-Nov,Alcohol for beverages and manufacturing use,Million bushels,34.2,868720.107024
1992,Quarterly,Marketing year Q1 Sep-Nov,Cereals and other products use,Million bushels,32.162,816952.51702064
1992,Quarterly,Marketing year Q1 Sep-Nov,Seed use,Million bushels,0.0,0.0
1992,Quarterly,Marketing year Q1 Sep-Nov,"Food, seed, and industrial use",Million bushels,370.076,9400364.39552672
1992,Quarterly,Marketing year Q2 Dec-Feb,High-fructose corn syrup (HFCS) use,Million bushels,88.609,2250772.51354648
1992,Quarterly,Marketing year Q2 Dec-Feb,Glucose and dextrose use,Million bushels,47.207,1199113.16059304
1992,Quarterly,Marketing year Q2 Dec-Feb,Starch use,Million bushels,52.757,1340089.6691890399
1992,Quarterly,Marketing year Q2 Dec-Feb,Alcohol for fuel use,Million bushels,106.333,2700982.8988357596
1992,Quarterly,Marketing year Q2 Dec-Feb,Alcohol for beverages and manufacturing use,Million bushels,38.332,973677.75270304
1992,Quarterly,Marketing year Q2 Dec-Feb,Cereals and other products use,Million bushels,31.808,807960.5018777599
1992,Quarterly,Marketing year Q2 Dec-Feb,Seed use,Million bushels,0.0,0.0
1992,Quarterly,Marketing year Q2 Dec-Feb,"Food, seed, and industrial use",Million bushels,365.046,9272596.496745119
1992,Quarterly,Marketing year Q3 Mar-May,High-fructose corn syrup (HFCS) use,Million bushels,110.48,2806321.5621056
1992,Quarterly,Marketing year Q3 Mar-May,Glucose and dextrose use,Million bushels,55.064,1398690.1746540798
1992,Quarterly,Marketing year Q3 Mar-May,Starch use,Million bushels,54.252,1378064.42240544
1992,Quarterly,Marketing year Q3 Mar-May,Alcohol for fuel use,Million bushels,112.001,2844956.74581272
1992,Quarterly,Marketing year Q3 Mar-May,Alcohol for beverages and manufacturing use,Million bushels,33.004,838340.3044508799
1992,Quarterly,Marketing year Q3 Mar-May,Cereals and other products use,Million bushels,32.515,825919.1309908
1992,Quarterly,Marketing year Q3 Mar-May,Seed use,Million bushels,16.4,416579.23260799993
1992,Quarterly,Marketing year Q3 Mar-May,"Food, seed, and industrial use",Million bushels,413.716,10508871.57302752
1992,Quarterly,Marketing year Q4 Jun-Aug,High-fructose corn syrup (HFCS) use,Million bushels,123.279,3131431.17174888
1992,Quarterly,Marketing year Q4 Jun-Aug,Glucose and dextrose use,Million bushels,57.742,1466714.5151982398
1992,Quarterly,Marketing year Q4 Jun-Aug,Starch use,Million bushels,56.832,1443599.4480230398
1992,Quarterly,Marketing year Q4 Jun-Aug,Alcohol for fuel use,Million bushels,104.119,2644744.7024336797
1992,Quarterly,Marketing year Q4 Jun-Aug,Alcohol for beverages and manufacturing use,Million bushels,30.127,765261.1305354399
1992,Quarterly,Marketing year Q4 Jun-Aug,Cereals and other products use,Million bushels,32.515,825919.1309908
1992,Quarterly,Marketing year Q4 Jun-Aug,Seed use,Million bushels,2.3,58422.69725599999
1992,Quarterly,Marketing year Q4 Jun-Aug,"Food, seed, and industrial use",Million bushels,406.914,10336092.796186078
1992,Annual,Marketing year Sep-Aug,High-fructose corn syrup (HFCS) use,Million bushels,414.786,10536050.82783792
1992,Annual,Marketing year Sep-Aug,Glucose and dextrose use,Million bushels,214.465,5447662.5073948
1992,Annual,Marketing year Sep-Aug,Starch use,Million bushels,217.628,5528006.416708159
1992,Annual,Marketing year Sep-Aug,Alcohol for fuel use,Million bushels,425.51,10808453.004087199
1992,Annual,Marketing year Sep-Aug,Alcohol for beverages and manufacturing use,Million bushels,135.662,3445973.89354064
1992,Annual,Marketing year Sep-Aug,Cereals and other products use,Million bushels,129.0,3276751.28088
1992,Annual,Marketing year Sep-Aug,Seed use,Million bushels,18.7,475001.92986399995
1992,Annual,Marketing year Sep-Aug,"Food, seed, and industrial use",Million bushels,1555.751,39517899.860312715
1993,Quarterly,Marketing year Q1 Sep-Nov,High-fructose corn syrup (HFCS) use,Million bushels,97.942,2487841.6585422396
1993,Quarterly,Marketing year Q1 Sep-Nov,Glucose and dextrose use,Million bushels,54.872,1393813.1494918398
1993,Quarterly,Marketing year Q1 Sep-Nov,Starch use,Million bushels,56.991,1447638.2344855198
1993,Quarterly,Marketing year Q1 Sep-Nov,Alcohol for fuel use,Million bushels,110.447,2805483.32340584
1993,Quarterly,Marketing year Q1 Sep-Nov,Alcohol for beverages and manufacturing use,Million bushels,27.706,703764.89138032
1993,Quarterly,Marketing year Q1 Sep-Nov,Cereals and other products use,Million bushels,34.829,884697.4446648799
1993,Quarterly,Marketing year Q1 Sep-Nov,Seed use,Million bushels,0.0,0.0
1993,Quarterly,Marketing year Q1 Sep-Nov,"Food, seed, and industrial use",Million bushels,382.787,9723238.701970639
1993,Quarterly,Marketing year Q2 Dec-Feb,High-fructose corn syrup (HFCS) use,Million bushels,94.728,2406202.2894201595
1993,Quarterly,Marketing year Q2 Dec-Feb,Glucose and dextrose use,Million bushels,48.723,1237621.33843656
1993,Quarterly,Marketing year Q2 Dec-Feb,Starch use,Million bushels,53.189,1351062.97580408
1993,Quarterly,Marketing year Q2 Dec-Feb,Alcohol for fuel use,Million bushels,117.923,2995382.49066056
1993,Quarterly,Marketing year Q2 Dec-Feb,Alcohol for beverages and manufacturing use,Million bushels,29.908,759698.27370976
1993,Quarterly,Marketing year Q2 Dec-Feb,Cereals and other products use,Million bushels,34.447,874994.19668584
1993,Quarterly,Marketing year Q2 Dec-Feb,Seed use,Million bushels,0.0,0.0
1993,Quarterly,Marketing year Q2 Dec-Feb,"Food, seed, and industrial use",Million bushels,378.918,9624961.56471696
1993,Quarterly,Marketing year Q3 Mar-May,High-fructose corn syrup (HFCS) use,Million bushels,117.321,2980090.9846831197
1993,Quarterly,Marketing year Q3 Mar-May,Glucose and dextrose use,Million bushels,55.78,1416877.4143216
1993,Quarterly,Marketing year Q3 Mar-May,Starch use,Million bushels,56.863,1444386.8843773599
1993,Quarterly,Marketing year Q3 Mar-May,Alcohol for fuel use,Million bushels,113.104,2872974.23932288
1993,Quarterly,Marketing year Q3 Mar-May,Alcohol for beverages and manufacturing use,Million bushels,24.935,633378.2417732
1993,Quarterly,Marketing year Q3 Mar-May,Cereals and other products use,Million bushels,35.212,894426.0938166401
1993,Quarterly,Marketing year Q3 Mar-May,Seed use,Million bushels,19.5,495322.86804
1993,Quarterly,Marketing year Q3 Mar-May,"Food, seed, and industrial use",Million bushels,422.715,10737456.7263348
1993,Quarterly,Marketing year Q4 Jun-Aug,High-fructose corn syrup (HFCS) use,Million bushels,130.967,3326715.38762024
1993,Quarterly,Marketing year Q4 Jun-Aug,Glucose and dextrose use,Million bushels,59.803,1519066.3321741598
1993,Quarterly,Marketing year Q4 Jun-Aug,Starch use,Million bushels,57.864,1469813.45827008
1993,Quarterly,Marketing year Q4 Jun-Aug,Alcohol for fuel use,Million bushels,116.786,2966501.35727792
1993,Quarterly,Marketing year Q4 Jun-Aug,Alcohol for beverages and manufacturing use,Million bushels,27.502,698583.0521454399
1993,Quarterly,Marketing year Q4 Jun-Aug,Cereals and other products use,Million bushels,35.212,894426.0938166401
1993,Quarterly,Marketing year Q4 Jun-Aug,Seed use,Million bushels,0.6,15240.703631999999
1993,Quarterly,Marketing year Q4 Jun-Aug,"Food, seed, and industrial use",Million bushels,428.734,10890346.38493648
1993,Annual,Marketing year Sep-Aug,High-fructose corn syrup (HFCS) use,Million bushels,440.958,11200850.32026576
1993,Annual,Marketing year Sep-Aug,Glucose and dextrose use,Million bushels,219.178,5567378.23442416
1993,Annual,Marketing year Sep-Aug,Starch use,Million bushels,224.908,5712926.954109759
1993,Annual,Marketing year Sep-Aug,Alcohol for fuel use,Million bushels,458.259,11640316.00949448
1993,Annual,Marketing year Sep-Aug,Alcohol for beverages and manufacturing use,Million bushels,110.051,2795424.45900872
1993,Annual,Marketing year Sep-Aug,Cereals and other products use,Million bushels,139.7,3548543.8289839993
1993,Annual,Marketing year Sep-Aug,Seed use,Million bushels,20.1,510563.571672
1993,Annual,Marketing year Sep-Aug,"Food, seed, and industrial use",Million bushels,1613.154,40976003.37795888
1994,Quarterly,Marketing year Q1 Sep-Nov,High-fructose corn syrup (HFCS) use,Million bushels,103.272,2623229.90913984
1994,Quarterly,Marketing year Q1 Sep-Nov,Glucose and dextrose use,Million bushels,57.132,1451219.7998390398
1994,Quarterly,Marketing year Q1 Sep-Nov,Starch use,Million bushels,58.464,1485054.1619020798
1994,Quarterly,Marketing year Q1 Sep-Nov,Alcohol for fuel use,Million bushels,132.751,3372031.07975272
1994,Quarterly,Marketing year Q1 Sep-Nov,Alcohol for beverages and manufacturing use,Million bushels,21.245,539647.9144364
1994,Quarterly,Marketing year Q1 Sep-Nov,Cereals and other products use,Million bushels,37.497,952467.7734818399
1994,Quarterly,Marketing year Q1 Sep-Nov,Seed use,Million bushels,0.0,0.0
1994,Quarterly,Marketing year Q1 Sep-Nov,"Food, seed, and industrial use",Million bushels,410.361,10423650.638551919
1994,Quarterly,Marketing year Q2 Dec-Feb,High-fructose corn syrup (HFCS) use,Million bushels,99.227,2520482.16548744
1994,Quarterly,Marketing year Q2 Dec-Feb,Glucose and dextrose use,Million bushels,50.022,1270617.46179984
1994,Quarterly,Marketing year Q2 Dec-Feb,Starch use,Million bushels,56.124,1425615.41773728
1994,Quarterly,Marketing year Q2 Dec-Feb,Alcohol for fuel use,Million bushels,140.176,3560634.7871987196
1994,Quarterly,Marketing year Q2 Dec-Feb,Alcohol for beverages and manufacturing use,Million bushels,27.896,708591.11419712
1994,Quarterly,Marketing year Q2 Dec-Feb,Cereals and other products use,Million bushels,37.085,942002.4903212
1994,Quarterly,Marketing year Q2 Dec-Feb,Seed use,Million bushels,0.0,0.0
1994,Quarterly,Marketing year Q2 Dec-Feb,"Food, seed, and industrial use",Million bushels,410.53,10427943.436741598
1994,Quarterly,Marketing year Q3 Mar-May,High-fructose corn syrup (HFCS) use,Million bushels,122.285,3106182.4060651995
1994,Quarterly,Marketing year Q3 Mar-May,Glucose and dextrose use,Million bushels,56.767,1441948.37179624
1994,Quarterly,Marketing year Q3 Mar-May,Starch use,Million bushels,57.367,1457189.0754282398
1994,Quarterly,Marketing year Q3 Mar-May,Alcohol for fuel use,Million bushels,139.114,3533658.74177008
1994,Quarterly,Marketing year Q3 Mar-May,Alcohol for beverages and manufacturing use,Million bushels,24.339,618239.1428320799
1994,Quarterly,Marketing year Q3 Mar-May,Cereals and other products use,Million bushels,37.909,962933.05664248
1994,Quarterly,Marketing year Q3 Mar-May,Seed use,Million bushels,14.7,373397.23898399994
1994,Quarterly,Marketing year Q3 Mar-May,"Food, seed, and industrial use",Million bushels,452.481,11493548.03351832
1994,Quarterly,Marketing year Q4 Jun-Aug,High-fructose corn syrup (HFCS) use,Million bushels,133.847,3399870.76505384
1994,Quarterly,Marketing year Q4 Jun-Aug,Glucose and dextrose use,Million bushels,60.57,1538549.0316504
1994,Quarterly,Marketing year Q4 Jun-Aug,Starch use,Million bushels,58.484,1485562.18535648
1994,Quarterly,Marketing year Q4 Jun-Aug,Alcohol for fuel use,Million bushels,120.751,3067217.00711272
1994,Quarterly,Marketing year Q4 Jun-Aug,Alcohol for beverages and manufacturing use,Million bushels,26.664,677296.86940608
1994,Quarterly,Marketing year Q4 Jun-Aug,Cereals and other products use,Million bushels,37.909,962933.05664248
1994,Quarterly,Marketing year Q4 Jun-Aug,Seed use,Million bushels,3.6,91444.221792
1994,Quarterly,Marketing year Q4 Jun-Aug,"Food, seed, and industrial use",Million bushels,441.825,11222873.137014
1994,Annual,Marketing year Sep-Aug,High-fructose corn syrup (HFCS) use,Million bushels,458.631,11649765.245746318
1994,Annual,Marketing year Sep-Aug,Glucose and dextrose use,Million bushels,224.491,5702334.66508552
1994,Annual,Marketing year Sep-Aug,Starch use,Million bushels,230.44,5853446.241596799
1994,Annual,Marketing year Sep-Aug,Alcohol for fuel use,Million bushels,532.793,13533567.01700696
1994,Annual,Marketing year Sep-Aug,Alcohol for beverages and manufacturing use,Million bushels,100.144,2543775.04087168
1994,Annual,Marketing year Sep-Aug,Cereals and other products use,Million bushels,150.4,3820336.377088
1994,Annual,Marketing year Sep-Aug,Seed use,Million bushels,18.3,464841.460776
1994,Annual,Marketing year Sep-Aug,"Food, seed, and industrial use",Million bushels,1715.199,43568066.04817128
1995,Quarterly,Marketing year Q1 Sep-Nov,High-fructose corn syrup (HFCS) use,Million bushels,107.951,2742081.9962967196
1995,Quarterly,Marketing year Q1 Sep-Nov,Glucose and dextrose use,Million bushels,58.2,1478348.252304
1995,Quarterly,Marketing year Q1 Sep-Nov,Starch use,Million bushels,57.4,1458027.3141279998
1995,Quarterly,Marketing year Q1 Sep-Nov,Alcohol for fuel use,Million bushels,121.2,3078622.133664
1995,Quarterly,Marketing year Q1 Sep-Nov,Alcohol for beverages and manufacturing use,Million bushels,32.3,820457.8788559999
1995,Quarterly,Marketing year Q1 Sep-Nov,Cereals and other products use,Million bushels,40.1,1018587.026072
1995,Quarterly,Marketing year Q1 Sep-Nov,Seed use,Million bushels,0.0,0.0
1995,Quarterly,Marketing year Q1 Sep-Nov,"Food, seed, and industrial use",Million bushels,417.151,10596124.60132072
1995,Quarterly,Marketing year Q2 Dec-Feb,High-fructose corn syrup (HFCS) use,Million bushels,103.141,2619902.35551352
1995,Quarterly,Marketing year Q2 Dec-Feb,Glucose and dextrose use,Million bushels,50.7,1287839.456904
1995,Quarterly,Marketing year Q2 Dec-Feb,Starch use,Million bushels,53.6,1361502.857792
1995,Quarterly,Marketing year Q2 Dec-Feb,Alcohol for fuel use,Million bushels,120.8,3068461.6645759996
1995,Quarterly,Marketing year Q2 Dec-Feb,Alcohol for beverages and manufacturing use,Million bushels,37.6,955084.094272
1995,Quarterly,Marketing year Q2 Dec-Feb,Cereals and other products use,Million bushels,39.7,1008426.556984
1995,Quarterly,Marketing year Q2 Dec-Feb,Seed use,Million bushels,0.0,0.0
1995,Quarterly,Marketing year Q2 Dec-Feb,"Food, seed, and industrial use",Million bushels,405.541,10301216.98604152
1995,Quarterly,Marketing year Q3 Mar-May,High-fructose corn syrup (HFCS) use,Million bushels,128.314,3259326.0763940797
1995,Quarterly,Marketing year Q3 Mar-May,Glucose and dextrose use,Million bushels,58.2,1478348.252304
1995,Quarterly,Marketing year Q3 Mar-May,Starch use,Million bushels,56.5,1435166.25868
1995,Quarterly,Marketing year Q3 Mar-May,Alcohol for fuel use,Million bushels,92.2,2341988.1247839998
1995,Quarterly,Marketing year Q3 Mar-May,Alcohol for beverages and manufacturing use,Million bushels,39.6,1005886.439712
1995,Quarterly,Marketing year Q3 Mar-May,Cereals and other products use,Million bushels,40.6,1031287.612432
1995,Quarterly,Marketing year Q3 Mar-May,Seed use,Million bushels,19.108,485365.60833376
1995,Quarterly,Marketing year Q3 Mar-May,"Food, seed, and industrial use",Million bushels,434.522,11037368.372639839
1995,Quarterly,Marketing year Q4 Jun-Aug,High-fructose corn syrup (HFCS) use,Million bushels,133.44,3389532.4877568
1995,Quarterly,Marketing year Q4 Jun-Aug,Glucose and dextrose use,Million bushels,60.2,1529150.597744
1995,Quarterly,Marketing year Q4 Jun-Aug,Starch use,Million bushels,58.7,1491048.838664
1995,Quarterly,Marketing year Q4 Jun-Aug,Alcohol for fuel use,Million bushels,61.5,1562172.12228
1995,Quarterly,Marketing year Q4 Jun-Aug,Alcohol for beverages and manufacturing use,Million bushels,15.5,393718.17715999996
1995,Quarterly,Marketing year Q4 Jun-Aug,Cereals and other products use,Million bushels,40.6,1031287.612432
1995,Quarterly,Marketing year Q4 Jun-Aug,Seed use,Million bushels,2.794,70970.87657968
1995,Quarterly,Marketing year Q4 Jun-Aug,"Food, seed, and industrial use",Million bushels,372.734,9467880.712616479
1995,Annual,Marketing year Sep-Aug,High-fructose corn syrup (HFCS) use,Million bushels,472.846,12010842.91596112
1995,Annual,Marketing year Sep-Aug,Glucose and dextrose use,Million bushels,227.3,5773686.559256
1995,Annual,Marketing year Sep-Aug,Starch use,Million bushels,226.2,5745745.269264
1995,Annual,Marketing year Sep-Aug,Alcohol for fuel use,Million bushels,395.68,10050736.021849599
1995,Annual,Marketing year Sep-Aug,Alcohol for beverages and manufacturing use,Million bushels,125.0,3175146.59
1995,Annual,Marketing year Sep-Aug,Cereals and other products use,Million bushels,161.0,4089588.8079199996
1995,Annual,Marketing year Sep-Aug,Seed use,Million bushels,21.902,556336.48491344
1995,Annual,Marketing year Sep-Aug,"Food, seed, and industrial use",Million bushels,1629.928,41402082.64916416
1996,Quarterly,Marketing year Q1 Sep-Nov,High-fructose corn syrup (HFCS) use,Million bushels,109.96,2793112.9522911995
1996,Quarterly,Marketing year Q1 Sep-Nov,Glucose and dextrose use,Million bushels,56.892,1445123.51838624
1996,Quarterly,Marketing year Q1 Sep-Nov,Starch use,Million bushels,57.286,1455131.58043792
1996,Quarterly,Marketing year Q1 Sep-Nov,Alcohol for fuel use,Million bushels,91.918,2334824.9940769603
1996,Quarterly,Marketing year Q1 Sep-Nov,Alcohol for beverages and manufacturing use,Million bushels,29.0,736634.00888
1996,Quarterly,Marketing year Q1 Sep-Nov,Cereals and other products use,Million bushels,42.807,1087348.00062504
1996,Quarterly,Marketing year Q1 Sep-Nov,Seed use,Million bushels,0.0,0.0
1996,Quarterly,Marketing year Q1 Sep-Nov,"Food, seed, and industrial use",Million bushels,387.863,9852175.054697359
1996,Quarterly,Marketing year Q2 Dec-Feb,High-fructose corn syrup (HFCS) use,Million bushels,108.078,2745307.94523216
1996,Quarterly,Marketing year Q2 Dec-Feb,Glucose and dextrose use,Million bushels,53.298,1353831.70363056
1996,Quarterly,Marketing year Q2 Dec-Feb,Starch use,Million bushels,57.447,1459221.16924584
1996,Quarterly,Marketing year Q2 Dec-Feb,Alcohol for fuel use,Million bushels,106.164,2696690.10064608
1996,Quarterly,Marketing year Q2 Dec-Feb,Alcohol for beverages and manufacturing use,Million bushels,33.0,838238.69976
1996,Quarterly,Marketing year Q2 Dec-Feb,Cereals and other products use,Million bushels,42.337,1075409.44944664
1996,Quarterly,Marketing year Q2 Dec-Feb,Seed use,Million bushels,0.0,0.0
1996,Quarterly,Marketing year Q2 Dec-Feb,"Food, seed, and industrial use",Million bushels,400.324,10168699.06796128
1996,Quarterly,Marketing year Q3 Mar-May,High-fructose corn syrup (HFCS) use,Million bushels,132.154,3356866.5796388797
1996,Quarterly,Marketing year Q3 Mar-May,Glucose and dextrose use,Million bushels,60.639,1540301.71256808
1996,Quarterly,Marketing year Q3 Mar-May,Starch use,Million bushels,61.986,1574517.09222192
1996,Quarterly,Marketing year Q3 Mar-May,Alcohol for fuel use,Million bushels,119.237,3028759.63161464
1996,Quarterly,Marketing year Q3 Mar-May,Alcohol for beverages and manufacturing use,Million bushels,34.0,863639.8724799999
1996,Quarterly,Marketing year Q3 Mar-May,Cereals and other products use,Million bushels,43.278,1099311.95297616
1996,Quarterly,Marketing year Q3 Mar-May,Seed use,Million bushels,21.657,550113.19759704
1996,Quarterly,Marketing year Q3 Mar-May,"Food, seed, and industrial use",Million bushels,472.951,12013510.03909672
1996,Quarterly,Marketing year Q4 Jun-Aug,High-fructose corn syrup (HFCS) use,Million bushels,142.089,3609227.2306120796
1996,Quarterly,Marketing year Q4 Jun-Aug,Glucose and dextrose use,Million bushels,62.034,1575736.3485124798
1996,Quarterly,Marketing year Q4 Jun-Aug,Starch use,Million bushels,61.569,1563924.80319768
1996,Quarterly,Marketing year Q4 Jun-Aug,Alcohol for fuel use,Million bushels,111.403,2829766.84452616
1996,Quarterly,Marketing year Q4 Jun-Aug,Alcohol for beverages and manufacturing use,Million bushels,34.0,863639.8724799999
1996,Quarterly,Marketing year Q4 Jun-Aug,Cereals and other products use,Million bushels,43.278,1099311.95297616
1996,Quarterly,Marketing year Q4 Jun-Aug,Seed use,Million bushels,0.619,15723.325913679999
1996,Quarterly,Marketing year Q4 Jun-Aug,"Food, seed, and industrial use",Million bushels,454.992,11557330.37821824
1996,Annual,Marketing year Sep-Aug,High-fructose corn syrup (HFCS) use,Million bushels,492.281,12504514.707774319
1996,Annual,Marketing year Sep-Aug,Glucose and dextrose use,Million bushels,232.864,5915018.68427008
1996,Annual,Marketing year Sep-Aug,Starch use,Million bushels,238.288,6052794.64510336
1996,Annual,Marketing year Sep-Aug,Alcohol for fuel use,Million bushels,428.721,10890016.16969112
1996,Annual,Marketing year Sep-Aug,Alcohol for beverages and manufacturing use,Million bushels,130.0,3302152.4535999997
1996,Annual,Marketing year Sep-Aug,Cereals and other products use,Million bushels,171.7,4361381.356024
1996,Annual,Marketing year Sep-Aug,Seed use,Million bushels,22.276,565836.52351072
1996,Annual,Marketing year Sep-Aug,"Food, seed, and industrial use",Million bushels,1716.13,43591714.5399736
1997,Quarterly,Marketing year Q1 Sep-Nov,High-fructose corn syrup (HFCS) use,Million bushels,121.2653,3080280.8302426157
1997,Quarterly,Marketing year Q1 Sep-Nov,Glucose and dextrose use,Million bushels,61.0901,1551760.1815820718
1997,Quarterly,Marketing year Q1 Sep-Nov,Starch use,Million bushels,63.4527,1611772.992250344
1997,Quarterly,Marketing year Q1 Sep-Nov,Alcohol for fuel use,Million bushels,114.2896,2903089.8696997114
1997,Quarterly,Marketing year Q1 Sep-Nov,Alcohol for beverages and manufacturing use,Million bushels,33.1589,842274.946105208
1997,Quarterly,Marketing year Q1 Sep-Nov,Cereals and other products use,Million bushels,45.4751,1155120.869559272
1997,Quarterly,Marketing year Q1 Sep-Nov,Seed use,Million bushels,0.0,0.0
1997,Quarterly,Marketing year Q1 Sep-Nov,"Food, seed, and industrial use",Million bushels,438.7317,11144299.689439222
1997,Quarterly,Marketing year Q2 Dec-Feb,High-fructose corn syrup (HFCS) use,Million bushels,113.7919,2890447.7060369677
1997,Quarterly,Marketing year Q2 Dec-Feb,Glucose and dextrose use,Million bushels,54.0981,1374155.181923832
1997,Quarterly,Marketing year Q2 Dec-Feb,Starch use,Million bushels,60.495,1536643.9436964
1997,Quarterly,Marketing year Q2 Dec-Feb,Alcohol for fuel use,Million bushels,126.856,3222291.16656832
1997,Quarterly,Marketing year Q2 Dec-Feb,Alcohol for beverages and manufacturing use,Million bushels,32.7945,833018.75876604
1997,Quarterly,Marketing year Q2 Dec-Feb,Cereals and other products use,Million bushels,44.9753,1142425.3634338158
1997,Quarterly,Marketing year Q2 Dec-Feb,Seed use,Million bushels,0.0,0.0
1997,Quarterly,Marketing year Q2 Dec-Feb,"Food, seed, and industrial use",Million bushels,433.0109,10998984.660542646
1997,Quarterly,Marketing year Q3 Mar-May,High-fructose corn syrup (HFCS) use,Million bushels,139.4563,3542353.5631921357
1997,Quarterly,Marketing year Q3 Mar-May,Glucose and dextrose use,Million bushels,58.4866,1485628.228405552
1997,Quarterly,Marketing year Q3 Mar-May,Starch use,Million bushels,61.6707,1566508.1024633038
1997,Quarterly,Marketing year Q3 Mar-May,Alcohol for fuel use,Million bushels,120.3136,3056106.5341649917
1997,Quarterly,Marketing year Q3 Mar-May,Alcohol for beverages and manufacturing use,Million bushels,33.5233,851531.1334443759
1997,Quarterly,Marketing year Q3 Mar-May,Cereals and other products use,Million bushels,45.9748,1167813.835567456
1997,Quarterly,Marketing year Q3 Mar-May,Seed use,Million bushels,22.29,566192.1399287999
1997,Quarterly,Marketing year Q3 Mar-May,"Food, seed, and industrial use",Million bushels,481.7153,12236133.537166616
1997,Quarterly,Marketing year Q4 Jun-Aug,High-fructose corn syrup (HFCS) use,Million bushels,153.4741,3898422.1221465515
1997,Quarterly,Marketing year Q4 Jun-Aug,Glucose and dextrose use,Million bushels,62.8061,1595348.593969592
1997,Quarterly,Marketing year Q4 Jun-Aug,Starch use,Million bushels,62.4589,1586529.3068012078
1997,Quarterly,Marketing year Q4 Jun-Aug,Alcohol for fuel use,Million bushels,126.2728,3207477.202638016
1997,Quarterly,Marketing year Q4 Jun-Aug,Alcohol for beverages and manufacturing use,Million bushels,33.5233,851531.1334443759
1997,Quarterly,Marketing year Q4 Jun-Aug,Cereals and other products use,Million bushels,45.9748,1167813.835567456
1997,Quarterly,Marketing year Q4 Jun-Aug,Seed use,Million bushels,0.764,19406.49595808
1997,Quarterly,Marketing year Q4 Jun-Aug,"Food, seed, and industrial use",Million bushels,485.274,12326528.690525278
1997,Annual,Marketing year Sep-Aug,High-fructose corn syrup (HFCS) use,Million bushels,527.9876,13411504.221618272
1997,Annual,Marketing year Sep-Aug,Glucose and dextrose use,Million bushels,236.481,6006894.72599832
1997,Annual,Marketing year Sep-Aug,Starch use,Million bushels,248.0773,6301454.345211256
1997,Annual,Marketing year Sep-Aug,Alcohol for fuel use,Million bushels,487.732,12388964.77307104
1997,Annual,Marketing year Sep-Aug,Alcohol for beverages and manufacturing use,Million bushels,133.0,3378355.9717599996
1997,Annual,Marketing year Sep-Aug,Cereals and other products use,Million bushels,182.4,4633173.904128
1997,Annual,Marketing year Sep-Aug,Seed use,Million bushels,23.054,585598.63588688
1997,Annual,Marketing year Sep-Aug,"Food, seed, and industrial use",Million bushels,1838.7319,46705946.57767376
1998,Quarterly,Marketing year Q1 Sep-Nov,High-fructose corn syrup (HFCS) use,Million bushels,126.0939,3202932.932838408
1998,Quarterly,Marketing year Q1 Sep-Nov,Glucose and dextrose use,Million bushels,58.4783,1485417.3986719758
1998,Quarterly,Marketing year Q1 Sep-Nov,Starch use,Million bushels,61.49,1561918.1105528
1998,Quarterly,Marketing year Q1 Sep-Nov,Alcohol for fuel use,Million bushels,127.1962,3230932.645527664
1998,Quarterly,Marketing year Q1 Sep-Nov,Alcohol for beverages and manufacturing use,Million bushels,31.094,789824.06455568
1998,Quarterly,Marketing year Q1 Sep-Nov,Cereals and other products use,Million bushels,45.9238,1166518.375758736
1998,Quarterly,Marketing year Q1 Sep-Nov,Seed use,Million bushels,0.0,0.0
1998,Quarterly,Marketing year Q1 Sep-Nov,"Food, seed, and industrial use",Million bushels,450.2762,11437543.527905263
1998,Quarterly,Marketing year Q2 Dec-Feb,High-fructose corn syrup (HFCS) use,Million bushels,119.7783,3042509.286407976
1998,Quarterly,Marketing year Q2 Dec-Feb,Glucose and dextrose use,Million bushels,50.3116,1277973.6414195518
1998,Quarterly,Marketing year Q2 Dec-Feb,Starch use,Million bushels,58.3292,1481630.083819424
1998,Quarterly,Marketing year Q2 Dec-Feb,Alcohol for fuel use,Million bushels,134.6386,3419978.3333789916
1998,Quarterly,Marketing year Q2 Dec-Feb,Alcohol for beverages and manufacturing use,Million bushels,32.5707,827333.976311304
1998,Quarterly,Marketing year Q2 Dec-Feb,Cereals and other products use,Million bushels,45.4192,1153700.944004224
1998,Quarterly,Marketing year Q2 Dec-Feb,Seed use,Million bushels,0.0,0.0
1998,Quarterly,Marketing year Q2 Dec-Feb,"Food, seed, and industrial use",Million bushels,441.0477,11203128.805458743
1998,Quarterly,Marketing year Q3 Mar-May,High-fructose corn syrup (HFCS) use,Million bushels,144.5423,3671543.9276460563
1998,Quarterly,Marketing year Q3 Mar-May,Glucose and dextrose use,Million bushels,57.8549,1469582.307598328
1998,Quarterly,Marketing year Q3 Mar-May,Starch use,Million bushels,60.8271,1545079.673156712
1998,Quarterly,Marketing year Q3 Mar-May,Alcohol for fuel use,Million bushels,137.7832,3499854.8611143036
1998,Quarterly,Marketing year Q3 Mar-May,Alcohol for beverages and manufacturing use,Million bushels,34.055,865036.9369796
1998,Quarterly,Marketing year Q3 Mar-May,Cereals and other products use,Million bushels,46.4285,1179338.34763052
1998,Quarterly,Marketing year Q3 Mar-May,Seed use,Million bushels,21.319,541527.6012176799
1998,Quarterly,Marketing year Q3 Mar-May,"Food, seed, and industrial use",Million bushels,502.8101,12771966.19546047
1998,Quarterly,Marketing year Q4 Jun-Aug,High-fructose corn syrup (HFCS) use,Million bushels,153.6015,3901658.2315510795
1998,Quarterly,Marketing year Q4 Jun-Aug,Glucose and dextrose use,Million bushels,59.6447,1515045.326532584
1998,Quarterly,Marketing year Q4 Jun-Aug,Starch use,Million bushels,61.8943,1572187.804683496
1998,Quarterly,Marketing year Q4 Jun-Aug,Alcohol for fuel use,Million bushels,118.202,3002469.4178494397
1998,Quarterly,Marketing year Q4 Jun-Aug,Alcohol for beverages and manufacturing use,Million bushels,29.4062,746951.965238864
1998,Quarterly,Marketing year Q4 Jun-Aug,Cereals and other products use,Million bushels,46.4285,1179338.34763052
1998,Quarterly,Marketing year Q4 Jun-Aug,Seed use,Million bushels,1.0,25401.17272
1998,Quarterly,Marketing year Q4 Jun-Aug,"Food, seed, and industrial use",Million bushels,470.1772,11943052.266205983
1998,Annual,Marketing year Sep-Aug,High-fructose corn syrup (HFCS) use,Million bushels,544.016,13818644.378443519
1998,Annual,Marketing year Sep-Aug,Glucose and dextrose use,Million bushels,226.2895,5748018.6742224395
1998,Annual,Marketing year Sep-Aug,Starch use,Million bushels,242.5406,6160815.672212432
1998,Annual,Marketing year Sep-Aug,Alcohol for fuel use,Million bushels,517.82,13153235.2578704
1998,Annual,Marketing year Sep-Aug,Alcohol for beverages and manufacturing use,Million bushels,127.126,3229149.48320272
1998,Annual,Marketing year Sep-Aug,Cereals and other products use,Million bushels,184.2,4678896.015024
1998,Annual,Marketing year Sep-Aug,Seed use,Million bushels,22.319,566928.77393768
1998,Annual,Marketing year Sep-Aug,"Food, seed, and industrial use",Million bushels,1864.3112,47355690.79503047
1999,Quarterly,Marketing year Q1 Sep-Nov,High-fructose corn syrup (HFCS) use,Million bushels,131.7034,3345420.8112112475
1999,Quarterly,Marketing year Q1 Sep-Nov,Glucose and dextrose use,Million bushels,58.6216,1489057.386722752
1999,Quarterly,Marketing year Q1 Sep-Nov,Starch use,Million bushels,64.4296,1636587.3978805118
1999,Quarterly,Marketing year Q1 Sep-Nov,Alcohol for fuel use,Million bushels,131.0714,3329367.270052208
1999,Quarterly,Marketing year Q1 Sep-Nov,Alcohol for beverages and manufacturing use,Million bushels,31.8214,808300.877592208
1999,Quarterly,Marketing year Q1 Sep-Nov,Cereals and other products use,Million bushels,45.9973,1168385.361953656
1999,Quarterly,Marketing year Q1 Sep-Nov,Seed use,Million bushels,0.0,0.0
1999,Quarterly,Marketing year Q1 Sep-Nov,"Food, seed, and industrial use",Million bushels,463.6447,11777119.105412584
1999,Quarterly,Marketing year Q2 Dec-Feb,High-fructose corn syrup (HFCS) use,Million bushels,122.4801,3111138.174862872
1999,Quarterly,Marketing year Q2 Dec-Feb,Glucose and dextrose use,Million bushels,51.4149,1305998.755281528
1999,Quarterly,Marketing year Q2 Dec-Feb,Starch use,Million bushels,60.5045,1536885.2548372399
1999,Quarterly,Marketing year Q2 Dec-Feb,Alcohol for fuel use,Million bushels,140.3786,3565781.064791792
1999,Quarterly,Marketing year Q2 Dec-Feb,Alcohol for beverages and manufacturing use,Million bushels,33.3327,846689.669923944
1999,Quarterly,Marketing year Q2 Dec-Feb,Cereals and other products use,Million bushels,45.9973,1168385.361953656
1999,Quarterly,Marketing year Q2 Dec-Feb,Seed use,Million bushels,0.0,0.0
1999,Quarterly,Marketing year Q2 Dec-Feb,"Food, seed, and industrial use",Million bushels,454.1081,11534878.281651031
1999,Quarterly,Marketing year Q3 Mar-May,High-fructose corn syrup (HFCS) use,Million bushels,145.099,3685684.7604992795
1999,Quarterly,Marketing year Q3 Mar-May,Glucose and dextrose use,Million bushels,58.9455,1497284.82656676
1999,Quarterly,Marketing year Q3 Mar-May,Starch use,Million bushels,64.2449,1631895.8012791278
1999,Quarterly,Marketing year Q3 Mar-May,Alcohol for fuel use,Million bushels,150.5168,3823303.2340616956
1999,Quarterly,Marketing year Q3 Mar-May,Alcohol for beverages and manufacturing use,Million bushels,34.8517,885274.0512856239
1999,Quarterly,Marketing year Q3 Mar-May,Cereals and other products use,Million bushels,46.5027,1181223.114646344
1999,Quarterly,Marketing year Q3 Mar-May,Seed use,Million bushels,22.853,580493.00017016
1999,Quarterly,Marketing year Q3 Mar-May,"Food, seed, and industrial use",Million bushels,523.0136,13285158.78850899
1999,Quarterly,Marketing year Q4 Jun-Aug,High-fructose corn syrup (HFCS) use,Million bushels,152.6431,3877313.747616232
1999,Quarterly,Marketing year Q4 Jun-Aug,Glucose and dextrose use,Million bushels,60.3164,1532107.294248608
1999,Quarterly,Marketing year Q4 Jun-Aug,Starch use,Million bushels,64.2551,1632154.8932408718
1999,Quarterly,Marketing year Q4 Jun-Aug,Alcohol for fuel use,Million bushels,143.8804,3654730.891422688
1999,Quarterly,Marketing year Q4 Jun-Aug,Alcohol for beverages and manufacturing use,Million bushels,29.6942,754267.5029822239
1999,Quarterly,Marketing year Q4 Jun-Aug,Cereals and other products use,Million bushels,46.5027,1181223.114646344
1999,Quarterly,Marketing year Q4 Jun-Aug,Seed use,Million bushels,0.287,7290.136570639999
1999,Quarterly,Marketing year Q4 Jun-Aug,"Food, seed, and industrial use",Million bushels,497.5789,12639087.580727607
1999,Annual,Marketing year Sep-Aug,High-fructose corn syrup (HFCS) use,Million bushels,551.9256,14019557.494189631
1999,Annual,Marketing year Sep-Aug,Glucose and dextrose use,Million bushels,229.2984,5824448.262819648
1999,Annual,Marketing year Sep-Aug,Starch use,Million bushels,253.4341,6437523.347237752
1999,Annual,Marketing year Sep-Aug,Alcohol for fuel use,Million bushels,565.8472,14373182.460328385
1999,Annual,Marketing year Sep-Aug,Alcohol for beverages and manufacturing use,Million bushels,129.7,3294532.1017839997
1999,Annual,Marketing year Sep-Aug,Cereals and other products use,Million bushels,185.0,4699216.953199999
1999,Annual,Marketing year Sep-Aug,Seed use,Million bushels,23.14,587783.1367408
1999,Annual,Marketing year Sep-Aug,"Food, seed, and industrial use",Million bushels,1938.3453,49236243.75630021
2000,Quarterly,Marketing year Q1 Sep-Nov,High-fructose corn syrup (HFCS) use,Million bushels,128.174,3255769.91221328
2000,Quarterly,Marketing year Q1 Sep-Nov,Glucose and dextrose use,Million bushels,58.2345,1479224.5927628397
2000,Quarterly,Marketing year Q1 Sep-Nov,Starch use,Million bushels,63.9545,1624519.30072124
2000,Quarterly,Marketing year Q1 Sep-Nov,Alcohol for fuel use,Million bushels,144.2622,3664429.059167184
2000,Quarterly,Marketing year Q1 Sep-Nov,Alcohol for beverages and manufacturing use,Million bushels,31.797,807681.08897784
2000,Quarterly,Marketing year Q1 Sep-Nov,Cereals and other products use,Million bushels,45.9973,1168385.361953656
2000,Quarterly,Marketing year Q1 Sep-Nov,Seed use,Million bushels,0.0,0.0
2000,Quarterly,Marketing year Q1 Sep-Nov,"Food, seed, and industrial use",Million bushels,472.4195,12000009.31579604
2000,Quarterly,Marketing year Q2 Dec-Feb,High-fructose corn syrup (HFCS) use,Million bushels,120.433,3059139.43418776
2000,Quarterly,Marketing year Q2 Dec-Feb,Glucose and dextrose use,Million bushels,51.5549,1309554.919462328
2000,Quarterly,Marketing year Q2 Dec-Feb,Starch use,Million bushels,59.9177,1521979.8466851441
2000,Quarterly,Marketing year Q2 Dec-Feb,Alcohol for fuel use,Million bushels,159.0834,4040904.920284848
2000,Quarterly,Marketing year Q2 Dec-Feb,Alcohol for beverages and manufacturing use,Million bushels,33.3071,846039.399902312
2000,Quarterly,Marketing year Q2 Dec-Feb,Cereals and other products use,Million bushels,45.9973,1168385.361953656
2000,Quarterly,Marketing year Q2 Dec-Feb,Seed use,Million bushels,0.0,0.0
2000,Quarterly,Marketing year Q2 Dec-Feb,"Food, seed, and industrial use",Million bushels,470.2933,11946001.342358775
2000,Quarterly,Marketing year Q3 Mar-May,High-fructose corn syrup (HFCS) use,Million bushels,139.2141,3536201.399159352
2000,Quarterly,Marketing year Q3 Mar-May,Glucose and dextrose use,Million bushels,56.2161,1427954.865744792
2000,Quarterly,Marketing year Q3 Mar-May,Starch use,Million bushels,62.4917,1587362.465266424
2000,Quarterly,Marketing year Q3 Mar-May,Alcohol for fuel use,Million bushels,161.292,4097005.95035424
2000,Quarterly,Marketing year Q3 Mar-May,Alcohol for beverages and manufacturing use,Million bushels,34.8249,884593.299856728
2000,Quarterly,Marketing year Q3 Mar-May,Cereals and other products use,Million bushels,46.5027,1181223.114646344
2000,Quarterly,Marketing year Q3 Mar-May,Seed use,Million bushels,21.71,551459.4597512
2000,Quarterly,Marketing year Q3 Mar-May,"Food, seed, and industrial use",Million bushels,522.2515,13265800.554779079
2000,Quarterly,Marketing year Q4 Jun-Aug,High-fructose corn syrup (HFCS) use,Million bushels,148.3408,3768030.282222976
2000,Quarterly,Marketing year Q4 Jun-Aug,Glucose and dextrose use,Million bushels,60.6498,1540576.045233456
2000,Quarterly,Marketing year Q4 Jun-Aug,Starch use,Million bushels,63.6077,1615710.174021944
2000,Quarterly,Marketing year Q4 Jun-Aug,Alcohol for fuel use,Million bushels,165.1896,4196009.561147712
2000,Quarterly,Marketing year Q4 Jun-Aug,Alcohol for beverages and manufacturing use,Million bushels,30.071,763838.66486312
2000,Quarterly,Marketing year Q4 Jun-Aug,Cereals and other products use,Million bushels,46.5027,1181223.114646344
2000,Quarterly,Marketing year Q4 Jun-Aug,Seed use,Million bushels,0.74,18796.8678128
2000,Quarterly,Marketing year Q4 Jun-Aug,"Food, seed, and industrial use",Million bushels,515.1016,13084184.70994835
2000,Annual,Marketing year Sep-Aug,High-fructose corn syrup (HFCS) use,Million bushels,536.1619,13619141.027783366
2000,Annual,Marketing year Sep-Aug,Glucose and dextrose use,Million bushels,226.6553,5757310.423203416
2000,Annual,Marketing year Sep-Aug,Starch use,Million bushels,249.9715,6349569.24657748
2000,Annual,Marketing year Sep-Aug,Alcohol for fuel use,Million bushels,629.8272,15998349.490953982
2000,Annual,Marketing year Sep-Aug,Alcohol for beverages and manufacturing use,Million bushels,130.0,3302152.4535999997
2000,Annual,Marketing year Sep-Aug,Cereals and other products use,Million bushels,185.0,4699216.953199999
2000,Annual,Marketing year Sep-Aug,Seed use,Million bushels,22.45,570256.3275639999
2000,Annual,Marketing year Sep-Aug,"Food, seed, and industrial use",Million bushels,1980.0659,50295995.922882244
2001,Quarterly,Marketing year Q1 Sep-Nov,High-fructose corn syrup (HFCS) use,Million bushels,127.9795,3250829.38411924
2001,Quarterly,Marketing year Q1 Sep-Nov,Glucose and dextrose use,Million bushels,58.0781,1475251.849349432
2001,Quarterly,Marketing year Q1 Sep-Nov,Starch use,Million bushels,63.0235,1600870.8089189199
2001,Quarterly,Marketing year Q1 Sep-Nov,Alcohol for fuel use,Million bushels,169.9034,4315745.609115248
2001,Quarterly,Marketing year Q1 Sep-Nov,Alcohol for beverages and manufacturing use,Million bushels,32.0416,813894.215825152
2001,Quarterly,Marketing year Q1 Sep-Nov,Cereals and other products use,Million bushels,46.2459,1174700.0934918479
2001,Quarterly,Marketing year Q1 Sep-Nov,Seed use,Million bushels,0.0,0.0
2001,Quarterly,Marketing year Q1 Sep-Nov,"Food, seed, and industrial use",Million bushels,497.2719,12631289.420702567
2001,Quarterly,Marketing year Q2 Dec-Feb,High-fructose corn syrup (HFCS) use,Million bushels,120.0508,3049431.1059741755
2001,Quarterly,Marketing year Q2 Dec-Feb,Glucose and dextrose use,Million bushels,51.6937,1313080.602235864
2001,Quarterly,Marketing year Q2 Dec-Feb,Starch use,Million bushels,58.5859,1488150.564856648
2001,Quarterly,Marketing year Q2 Dec-Feb,Alcohol for fuel use,Million bushels,175.0077,4445400.815029943
2001,Quarterly,Marketing year Q2 Dec-Feb,Alcohol for beverages and manufacturing use,Million bushels,33.5633,852547.180353176
2001,Quarterly,Marketing year Q2 Dec-Feb,Cereals and other products use,Million bushels,46.2459,1174700.0934918479
2001,Quarterly,Marketing year Q2 Dec-Feb,Seed use,Million bushels,0.0,0.0
2001,Quarterly,Marketing year Q2 Dec-Feb,"Food, seed, and industrial use",Million bushels,485.1472,12323307.821824383
2001,Quarterly,Marketing year Q3 Mar-May,High-fructose corn syrup (HFCS) use,Million bushels,143.3596,3641501.9606701117
2001,Quarterly,Marketing year Q3 Mar-May,Glucose and dextrose use,Million bushels,57.1646,1452047.8780697118
2001,Quarterly,Marketing year Q3 Mar-May,Starch use,Million bushels,62.0513,1576175.788800536
2001,Quarterly,Marketing year Q3 Mar-May,Alcohol for fuel use,Million bushels,179.6916,4564377.367933151
2001,Quarterly,Marketing year Q3 Mar-May,Alcohol for beverages and manufacturing use,Million bushels,35.0928,891398.2740284159
2001,Quarterly,Marketing year Q3 Mar-May,Cereals and other products use,Million bushels,46.7541,1187608.969468152
2001,Quarterly,Marketing year Q3 Mar-May,Seed use,Million bushels,21.891,556057.0720135199
2001,Quarterly,Marketing year Q3 Mar-May,"Food, seed, and industrial use",Million bushels,546.0049,13869164.770866327
2001,Quarterly,Marketing year Q4 Jun-Aug,High-fructose corn syrup (HFCS) use,Million bushels,150.8384,3831472.251208448
2001,Quarterly,Marketing year Q4 Jun-Aug,Glucose and dextrose use,Million bushels,59.6101,1514166.445956472
2001,Quarterly,Marketing year Q4 Jun-Aug,Starch use,Million bushels,65.1586,1655104.852793392
2001,Quarterly,Marketing year Q4 Jun-Aug,Alcohol for fuel use,Million bushels,182.6358,4639163.500655375
2001,Quarterly,Marketing year Q4 Jun-Aug,Alcohol for beverages and manufacturing use,Million bushels,30.3024,769716.4962305279
2001,Quarterly,Marketing year Q4 Jun-Aug,Cereals and other products use,Million bushels,46.7541,1187608.969468152
2001,Quarterly,Marketing year Q4 Jun-Aug,Seed use,Million bushels,1.716,43588.412387519995
2001,Quarterly,Marketing year Q4 Jun-Aug,"Food, seed, and industrial use",Million bushels,537.0154,13640820.928699886
2001,Annual,Marketing year Sep-Aug,High-fructose corn syrup (HFCS) use,Million bushels,542.2283,13773234.701971974
2001,Annual,Marketing year Sep-Aug,Glucose and dextrose use,Million bushels,226.5466,5754549.315728752
2001,Annual,Marketing year Sep-Aug,Starch use,Million bushels,248.8191,6320296.935134951
2001,Annual,Marketing year Sep-Aug,Alcohol for fuel use,Million bushels,707.2385,17964687.29273372
2001,Annual,Marketing year Sep-Aug,Alcohol for beverages and manufacturing use,Million bushels,131.0,3327553.62632
2001,Annual,Marketing year Sep-Aug,Cereals and other products use,Million bushels,186.0,4724618.12592
2001,Annual,Marketing year Sep-Aug,Seed use,Million bushels,23.607,599645.4844010399
2001,Annual,Marketing year Sep-Aug,"Food, seed, and industrial use",Million bushels,2065.4395,52464585.482210435
2002,Quarterly,Marketing year Q1 Sep-Nov,High-fructose corn syrup (HFCS) use,Million bushels,126.3217,3208719.319984024
2002,Quarterly,Marketing year Q1 Sep-Nov,Glucose and dextrose use,Million bushels,57.5382,1461537.756197904
2002,Quarterly,Marketing year Q1 Sep-Nov,Starch use,Million bushels,64.4515,1637143.68356308
2002,Quarterly,Marketing year Q1 Sep-Nov,Alcohol for fuel use,Million bushels,225.8594,5737093.629835567
2002,Quarterly,Marketing year Q1 Sep-Nov,Alcohol for beverages and manufacturing use,Million bushels,32.0416,813894.215825152
2002,Quarterly,Marketing year Q1 Sep-Nov,Cereals and other products use,Million bushels,46.4697,1180384.875946584
2002,Quarterly,Marketing year Q1 Sep-Nov,Seed use,Million bushels,0.0,0.0
2002,Quarterly,Marketing year Q1 Sep-Nov,"Food, seed, and industrial use",Million bushels,552.6819,14038768.401117768
2002,Quarterly,Marketing year Q2 Dec-Feb,High-fructose corn syrup (HFCS) use,Million bushels,120.9077,3071197.370877944
2002,Quarterly,Marketing year Q2 Dec-Feb,Glucose and dextrose use,Million bushels,51.9061,1318475.811321592
2002,Quarterly,Marketing year Q2 Dec-Feb,Starch use,Million bushels,63.524,1613584.09586528
2002,Quarterly,Marketing year Q2 Dec-Feb,Alcohol for fuel use,Million bushels,249.2993,6332494.578275096
2002,Quarterly,Marketing year Q2 Dec-Feb,Alcohol for beverages and manufacturing use,Million bushels,33.5633,852547.180353176
2002,Quarterly,Marketing year Q2 Dec-Feb,Cereals and other products use,Million bushels,46.4697,1180384.875946584
2002,Quarterly,Marketing year Q2 Dec-Feb,Seed use,Million bushels,0.0,0.0
2002,Quarterly,Marketing year Q2 Dec-Feb,"Food, seed, and industrial use",Million bushels,565.6701,14368683.912639672
2002,Quarterly,Marketing year Q3 Mar-May,High-fructose corn syrup (HFCS) use,Million bushels,140.1899,3560987.863499528
2002,Quarterly,Marketing year Q3 Mar-May,Glucose and dextrose use,Million bushels,59.3651,1507943.158640072
2002,Quarterly,Marketing year Q3 Mar-May,Starch use,Million bushels,64.4446,1636968.4154713117
2002,Quarterly,Marketing year Q3 Mar-May,Alcohol for fuel use,Million bushels,256.521,6515934.22730712
2002,Quarterly,Marketing year Q3 Mar-May,Alcohol for beverages and manufacturing use,Million bushels,35.0928,891398.2740284159
2002,Quarterly,Marketing year Q3 Mar-May,Cereals and other products use,Million bushels,46.9803,1193354.714737416
2002,Quarterly,Marketing year Q3 Mar-May,Seed use,Million bushels,22.459,570484.9381184799
2002,Quarterly,Marketing year Q3 Mar-May,"Food, seed, and industrial use",Million bushels,625.0527,15877071.591802342
2002,Quarterly,Marketing year Q4 Jun-Aug,High-fructose corn syrup (HFCS) use,Million bushels,144.7764,3677490.342179808
2002,Quarterly,Marketing year Q4 Jun-Aug,Glucose and dextrose use,Million bushels,62.2338,1580811.502821936
2002,Quarterly,Marketing year Q4 Jun-Aug,Starch use,Million bushels,65.7518,1670172.828450896
2002,Quarterly,Marketing year Q4 Jun-Aug,Alcohol for fuel use,Million bushels,263.8243,6701446.612033095
2002,Quarterly,Marketing year Q4 Jun-Aug,Alcohol for beverages and manufacturing use,Million bushels,30.3024,769716.4962305279
2002,Quarterly,Marketing year Q4 Jun-Aug,Cereals and other products use,Million bushels,46.9803,1193354.714737416
2002,Quarterly,Marketing year Q4 Jun-Aug,Seed use,Million bushels,1.29,32767.5128088
2002,Quarterly,Marketing year Q4 Jun-Aug,"Food, seed, and industrial use",Million bushels,615.159,15625760.00926248
2002,Annual,Marketing year Sep-Aug,High-fructose corn syrup (HFCS) use,Million bushels,532.1956,13518392.356424032
2002,Annual,Marketing year Sep-Aug,Glucose and dextrose use,Million bushels,231.0432,5868768.228981504
2002,Annual,Marketing year Sep-Aug,Starch use,Million bushels,258.1719,6557869.023350568
2002,Annual,Marketing year Sep-Aug,Alcohol for fuel use,Million bushels,995.5039,25286966.507333606
2002,Annual,Marketing year Sep-Aug,Alcohol for beverages and manufacturing use,Million bushels,131.0,3327553.62632
2002,Annual,Marketing year Sep-Aug,Cereals and other products use,Million bushels,186.9,4747479.181368
2002,Annual,Marketing year Sep-Aug,Seed use,Million bushels,23.749,603252.4509272799
2002,Annual,Marketing year Sep-Aug,"Food, seed, and industrial use",Million bushels,2358.5637,59910283.914822266
2003,Quarterly,Marketing year Q1 Sep-Nov,High-fructose corn syrup (HFCS) use,Million bushels,126.1638,3204708.474811536
2003,Quarterly,Marketing year Q1 Sep-Nov,Glucose and dextrose use,Million bushels,60.3234,1532285.102457648
2003,Quarterly,Marketing year Q1 Sep-Nov,Starch use,Million bushels,64.7743,1645343.182117096
2003,Quarterly,Marketing year Q1 Sep-Nov,Alcohol for fuel use,Million bushels,262.4773,6667231.232379256
2003,Quarterly,Marketing year Q1 Sep-Nov,Alcohol for beverages and manufacturing use,Million bushels,32.2861,820104.8025551919
2003,Quarterly,Marketing year Q1 Sep-Nov,Cereals and other products use,Million bushels,46.594,1183542.2417156799
2003,Quarterly,Marketing year Q1 Sep-Nov,Seed use,Million bushels,0.0,0.0
2003,Quarterly,Marketing year Q1 Sep-Nov,"Food, seed, and industrial use",Million bushels,592.6189,15053215.03603641
2003,Quarterly,Marketing year Q2 Dec-Feb,High-fructose corn syrup (HFCS) use,Million bushels,119.974,3047480.29590928
2003,Quarterly,Marketing year Q2 Dec-Feb,Glucose and dextrose use,Million bushels,53.5526,1360298.8422050718
2003,Quarterly,Marketing year Q2 Dec-Feb,Starch use,Million bushels,66.3507,1685385.590792904
2003,Quarterly,Marketing year Q2 Dec-Feb,Alcohol for fuel use,Million bushels,290.3098,7374209.372108655
2003,Quarterly,Marketing year Q2 Dec-Feb,Alcohol for beverages and manufacturing use,Million bushels,33.8195,859054.9608040398
2003,Quarterly,Marketing year Q2 Dec-Feb,Cereals and other products use,Million bushels,46.594,1183542.2417156799
2003,Quarterly,Marketing year Q2 Dec-Feb,Seed use,Million bushels,0.0,0.0
2003,Quarterly,Marketing year Q2 Dec-Feb,"Food, seed, and industrial use",Million bushels,610.6007,15509973.843652902
2003,Quarterly,Marketing year Q3 Mar-May,High-fructose corn syrup (HFCS) use,Million bushels,140.4915,3568648.85719188
2003,Quarterly,Marketing year Q3 Mar-May,Glucose and dextrose use,Million bushels,61.2461,1555722.7645263919
2003,Quarterly,Marketing year Q3 Mar-May,Starch use,Million bushels,70.5153,1791171.3147026158
2003,Quarterly,Marketing year Q3 Mar-May,Alcohol for fuel use,Million bushels,304.6439,7738312.321994407
2003,Quarterly,Marketing year Q3 Mar-May,Alcohol for beverages and manufacturing use,Million bushels,35.3607,898203.248200104
2003,Quarterly,Marketing year Q3 Mar-May,Cereals and other products use,Million bushels,47.106,1196547.6421483199
2003,Quarterly,Marketing year Q3 Mar-May,Seed use,Million bushels,23.182,588849.9859950399
2003,Quarterly,Marketing year Q3 Mar-May,"Food, seed, and industrial use",Million bushels,682.5455,17337456.13475876
2003,Quarterly,Marketing year Q4 Jun-Aug,High-fructose corn syrup (HFCS) use,Million bushels,143.2198,3637950.8767238557
2003,Quarterly,Marketing year Q4 Jun-Aug,Glucose and dextrose use,Million bushels,63.1454,1603967.211873488
2003,Quarterly,Marketing year Q4 Jun-Aug,Starch use,Million bushels,71.6287,1819452.9804090639
2003,Quarterly,Marketing year Q4 Jun-Aug,Alcohol for fuel use,Million bushels,310.1167,7877327.860056423
2003,Quarterly,Marketing year Q4 Jun-Aug,Alcohol for beverages and manufacturing use,Million bushels,30.5337,775591.787480664
2003,Quarterly,Marketing year Q4 Jun-Aug,Cereals and other products use,Million bushels,47.106,1196547.6421483199
2003,Quarterly,Marketing year Q4 Jun-Aug,Seed use,Million bushels,0.978,24842.34692016
2003,Quarterly,Marketing year Q4 Jun-Aug,"Food, seed, and industrial use",Million bushels,666.7283,16935680.705611974
2003,Annual,Marketing year Sep-Aug,High-fructose corn syrup (HFCS) use,Million bushels,529.8491,13458788.504636552
2003,Annual,Marketing year Sep-Aug,Glucose and dextrose use,Million bushels,238.2676,6052276.461179871
2003,Annual,Marketing year Sep-Aug,Starch use,Million bushels,273.2689,6941350.527904407
2003,Annual,Marketing year Sep-Aug,Alcohol for fuel use,Million bushels,1167.5477,29657080.786538746
2003,Annual,Marketing year Sep-Aug,Alcohol for beverages and manufacturing use,Million bushels,132.0,3352954.79904
2003,Annual,Marketing year Sep-Aug,Cereals and other products use,Million bushels,187.4,4760179.767728
2003,Annual,Marketing year Sep-Aug,Seed use,Million bushels,24.16,613692.3329151999
2003,Annual,Marketing year Sep-Aug,"Food, seed, and industrial use",Million bushels,2552.4934,64836325.72006004
2004,Quarterly,Marketing year Q1 Sep-Nov,High-fructose corn syrup (HFCS) use,Million bushels,123.7794,3144141.9185779677
2004,Quarterly,Marketing year Q1 Sep-Nov,Glucose and dextrose use,Million bushels,59.5077,1511565.365869944
2004,Quarterly,Marketing year Q1 Sep-Nov,Starch use,Million bushels,70.8715,1800219.21242548
2004,Quarterly,Marketing year Q1 Sep-Nov,Alcohol for fuel use,Million bushels,311.6371,7915947.803059911
2004,Quarterly,Marketing year Q1 Sep-Nov,Alcohol for beverages and manufacturing use,Million bushels,32.4818,825075.8120564959
2004,Quarterly,Marketing year Q1 Sep-Nov,Cereals and other products use,Million bushels,46.9918,1193646.828223696
2004,Quarterly,Marketing year Q1 Sep-Nov,Seed use,Million bushels,0.0,0.0
2004,Quarterly,Marketing year Q1 Sep-Nov,"Food, seed, and industrial use",Million bushels,645.2693,16390596.940213496
2004,Quarterly,Marketing year Q2 Dec-Feb,High-fructose corn syrup (HFCS) use,Million bushels,115.9013,2944028.939772536
2004,Quarterly,Marketing year Q2 Dec-Feb,Glucose and dextrose use,Million bushels,52.0888,1323116.605577536
2004,Quarterly,Marketing year Q2 Dec-Feb,Starch use,Million bushels,66.866,1698474.8150955199
2004,Quarterly,Marketing year Q2 Dec-Feb,Alcohol for fuel use,Million bushels,323.8166,8225321.386203151
2004,Quarterly,Marketing year Q2 Dec-Feb,Alcohol for beverages and manufacturing use,Million bushels,34.0245,864262.20121164
2004,Quarterly,Marketing year Q2 Dec-Feb,Cereals and other products use,Million bushels,46.9918,1193646.828223696
2004,Quarterly,Marketing year Q2 Dec-Feb,Seed use,Million bushels,0.0,0.0
2004,Quarterly,Marketing year Q2 Dec-Feb,"Food, seed, and industrial use",Million bushels,639.6889,16248848.235966807
2004,Quarterly,Marketing year Q3 Mar-May,High-fructose corn syrup (HFCS) use,Million bushels,139.3337,3539239.3794166637
2004,Quarterly,Marketing year Q3 Mar-May,Glucose and dextrose use,Million bushels,59.7728,1518299.2167580158
2004,Quarterly,Marketing year Q3 Mar-May,Starch use,Million bushels,71.654,1820095.6300788799
2004,Quarterly,Marketing year Q3 Mar-May,Alcohol for fuel use,Million bushels,332.1543,8437108.743990695
2004,Quarterly,Marketing year Q3 Mar-May,Alcohol for beverages and manufacturing use,Million bushels,35.575,903646.719514
2004,Quarterly,Marketing year Q3 Mar-May,Cereals and other products use,Million bushels,47.5082,1206763.993816304
2004,Quarterly,Marketing year Q3 Mar-May,Seed use,Million bushels,23.852,605868.77171744
2004,Quarterly,Marketing year Q3 Mar-May,"Food, seed, and industrial use",Million bushels,709.85,18031022.455292
2004,Quarterly,Marketing year Q4 Jun-Aug,High-fructose corn syrup (HFCS) use,Million bushels,146.0539,3709940.340329608
2004,Quarterly,Marketing year Q4 Jun-Aug,Glucose and dextrose use,Million bushels,63.1123,1603126.4330564558
2004,Quarterly,Marketing year Q4 Jun-Aug,Starch use,Million bushels,72.6531,1845473.9417434318
2004,Quarterly,Marketing year Q4 Jun-Aug,Alcohol for fuel use,Million bushels,355.6045,9032771.324509239
2004,Quarterly,Marketing year Q4 Jun-Aug,Alcohol for beverages and manufacturing use,Million bushels,30.7187,780291.0044338639
2004,Quarterly,Marketing year Q4 Jun-Aug,Cereals and other products use,Million bushels,47.5082,1206763.993816304
2004,Quarterly,Marketing year Q4 Jun-Aug,Seed use,Million bushels,0.365,9271.4280428
2004,Quarterly,Marketing year Q4 Jun-Aug,"Food, seed, and industrial use",Million bushels,716.0158,18187641.006048974
2004,Annual,Marketing year Sep-Aug,High-fructose corn syrup (HFCS) use,Million bushels,525.0683,13337350.578096775
2004,Annual,Marketing year Sep-Aug,Glucose and dextrose use,Million bushels,234.4815,5956105.08114468
2004,Annual,Marketing year Sep-Aug,Starch use,Million bushels,282.0446,7164263.599343312
2004,Annual,Marketing year Sep-Aug,Alcohol for fuel use,Million bushels,1323.2125,33611149.257763
2004,Annual,Marketing year Sep-Aug,Alcohol for beverages and manufacturing use,Million bushels,132.8,3373275.737216
2004,Annual,Marketing year Sep-Aug,Cereals and other products use,Million bushels,189.0,4800821.64408
2004,Annual,Marketing year Sep-Aug,Seed use,Million bushels,24.217,615140.1997602399
2004,Annual,Marketing year Sep-Aug,"Food, seed, and industrial use",Million bushels,2710.824,68858108.63752128
2005,Quarterly,Marketing year Q1 Sep-Nov,High-fructose corn syrup (HFCS) use,Million bushels,130.7718,3321757.0787052964
2005,Quarterly,Marketing year Q1 Sep-Nov,Glucose and dextrose use,Million bushels,58.6049,1488633.1871383279
2005,Quarterly,Marketing year Q1 Sep-Nov,Starch use,Million bushels,72.0635,1830497.41030772
2005,Quarterly,Marketing year Q1 Sep-Nov,Alcohol for fuel use,Million bushels,364.3128,9253972.356906815
2005,Quarterly,Marketing year Q1 Sep-Nov,Alcohol for beverages and manufacturing use,Million bushels,33.0199,838744.1830971279
2005,Quarterly,Marketing year Q1 Sep-Nov,Cereals and other products use,Million bushels,47.2902,1201226.538163344
2005,Quarterly,Marketing year Q1 Sep-Nov,Seed use,Million bushels,0.0,0.0
2005,Quarterly,Marketing year Q1 Sep-Nov,"Food, seed, and industrial use",Million bushels,706.0631,17934830.75431863
2005,Quarterly,Marketing year Q2 Dec-Feb,High-fructose corn syrup (HFCS) use,Million bushels,122.6112,3114468.268606464
2005,Quarterly,Marketing year Q2 Dec-Feb,Glucose and dextrose use,Million bushels,55.7721,1416676.745057112
2005,Quarterly,Marketing year Q2 Dec-Feb,Starch use,Million bushels,68.6252,1743160.558144544
2005,Quarterly,Marketing year Q2 Dec-Feb,Alcohol for fuel use,Million bushels,386.7067,9822803.678681225
2005,Quarterly,Marketing year Q2 Dec-Feb,Alcohol for beverages and manufacturing use,Million bushels,34.5881,878578.3021566318
2005,Quarterly,Marketing year Q2 Dec-Feb,Cereals and other products use,Million bushels,47.2902,1201226.538163344
2005,Quarterly,Marketing year Q2 Dec-Feb,Seed use,Million bushels,0.0,0.0
2005,Quarterly,Marketing year Q2 Dec-Feb,"Food, seed, and industrial use",Million bushels,715.5935,18176914.09080932
2005,Quarterly,Marketing year Q3 Mar-May,High-fructose corn syrup (HFCS) use,Million bushels,142.8398,3628298.4310902557
2005,Quarterly,Marketing year Q3 Mar-May,Glucose and dextrose use,Million bushels,63.2427,1606438.745979144
2005,Quarterly,Marketing year Q3 Mar-May,Starch use,Million bushels,68.2261,1733022.950111992
2005,Quarterly,Marketing year Q3 Mar-May,Alcohol for fuel use,Million bushels,406.4552,10324438.738142144
2005,Quarterly,Marketing year Q3 Mar-May,Alcohol for beverages and manufacturing use,Million bushels,36.1643,918615.6305978958
2005,Quarterly,Marketing year Q3 Mar-May,Cereals and other products use,Million bushels,47.8098,1214424.987508656
2005,Quarterly,Marketing year Q3 Mar-May,Seed use,Million bushels,23.161,588316.56136792
2005,Quarterly,Marketing year Q3 Mar-May,"Food, seed, and industrial use",Million bushels,787.899,20013558.58491528
2005,Quarterly,Marketing year Q4 Jun-Aug,High-fructose corn syrup (HFCS) use,Million bushels,148.7951,3779570.034989672
2005,Quarterly,Marketing year Q4 Jun-Aug,Glucose and dextrose use,Million bushels,67.4999,1714576.6184827278
2005,Quarterly,Marketing year Q4 Jun-Aug,Starch use,Million bushels,71.4581,1815119.540343032
2005,Quarterly,Marketing year Q4 Jun-Aug,Alcohol for fuel use,Million bushels,445.8498,11325107.776977455
2005,Quarterly,Marketing year Q4 Jun-Aug,Alcohol for beverages and manufacturing use,Million bushels,31.2276,793217.6612310719
2005,Quarterly,Marketing year Q4 Jun-Aug,Cereals and other products use,Million bushels,47.8098,1214424.987508656
2005,Quarterly,Marketing year Q4 Jun-Aug,Seed use,Million bushels,0.484,12294.16759648
2005,Quarterly,Marketing year Q4 Jun-Aug,"Food, seed, and industrial use",Million bushels,813.1244,20654313.327246368
2005,Annual,Marketing year Sep-Aug,High-fructose corn syrup (HFCS) use,Million bushels,545.018,13844096.35350896
2005,Annual,Marketing year Sep-Aug,Glucose and dextrose use,Million bushels,245.1197,6226327.836774584
2005,Annual,Marketing year Sep-Aug,Starch use,Million bushels,280.3729,7121800.458907288
2005,Annual,Marketing year Sep-Aug,Alcohol for fuel use,Million bushels,1603.3244,40726320.01059037
2005,Annual,Marketing year Sep-Aug,Alcohol for beverages and manufacturing use,Million bushels,135.0,3429158.3172
2005,Annual,Marketing year Sep-Aug,Cereals and other products use,Million bushels,190.2,4831303.051344
2005,Annual,Marketing year Sep-Aug,Seed use,Million bushels,23.645,600610.7289644
2005,Annual,Marketing year Sep-Aug,"Food, seed, and industrial use",Million bushels,3022.68,76779616.75728959
2006,Quarterly,Marketing year Q1 Sep-Nov,High-fructose corn syrup (HFCS) use,Million bushels,128.917,3274642.98354424
2006,Quarterly,Marketing year Q1 Sep-Nov,Glucose and dextrose use,Million bushels,65.5143,1664140.0499298961
2006,Quarterly,Marketing year Q1 Sep-Nov,Starch use,Million bushels,70.5775,1792751.2676458
2006,Quarterly,Marketing year Q1 Sep-Nov,Alcohol for fuel use,Million bushels,465.9126,11834726.425024271
2006,Quarterly,Marketing year Q1 Sep-Nov,Alcohol for beverages and manufacturing use,Million bushels,33.02,838746.7232144
2006,Quarterly,Marketing year Q1 Sep-Nov,Cereals and other products use,Million bushels,47.489,1206276.2913000798
2006,Quarterly,Marketing year Q1 Sep-Nov,Seed use,Million bushels,0.0,0.0
2006,Quarterly,Marketing year Q1 Sep-Nov,"Food, seed, and industrial use",Million bushels,811.4305,20611286.28077596
2006,Quarterly,Marketing year Q2 Dec-Feb,High-fructose corn syrup (HFCS) use,Million bushels,118.6508,3013869.464166176
2006,Quarterly,Marketing year Q2 Dec-Feb,Glucose and dextrose use,Million bushels,57.6194,1463600.3314227678
2006,Quarterly,Marketing year Q2 Dec-Feb,Starch use,Million bushels,66.8622,1698378.290639184
2006,Quarterly,Marketing year Q2 Dec-Feb,Alcohol for fuel use,Million bushels,506.1859,12857715.474328648
2006,Quarterly,Marketing year Q2 Dec-Feb,Alcohol for beverages and manufacturing use,Million bushels,34.588,878575.76203936
2006,Quarterly,Marketing year Q2 Dec-Feb,Cereals and other products use,Million bushels,47.489,1206276.2913000798
2006,Quarterly,Marketing year Q2 Dec-Feb,Seed use,Million bushels,0.0,0.0
2006,Quarterly,Marketing year Q2 Dec-Feb,"Food, seed, and industrial use",Million bushels,831.3953,21118415.613896217
2006,Quarterly,Marketing year Q3 Mar-May,High-fructose corn syrup (HFCS) use,Million bushels,141.8745,3603778.67906364
2006,Quarterly,Marketing year Q3 Mar-May,Glucose and dextrose use,Million bushels,67.66,1718643.3462351998
2006,Quarterly,Marketing year Q3 Mar-May,Starch use,Million bushels,68.901,1750166.2015807198
2006,Quarterly,Marketing year Q3 Mar-May,Alcohol for fuel use,Million bushels,545.8526,13865296.172261072
2006,Quarterly,Marketing year Q3 Mar-May,Alcohol for beverages and manufacturing use,Million bushels,36.485,926761.7866892
2006,Quarterly,Marketing year Q3 Mar-May,Cereals and other products use,Million bushels,47.722,1212194.76454384
2006,Quarterly,Marketing year Q3 Mar-May,Seed use,Million bushels,28.146,714941.40737712
2006,Quarterly,Marketing year Q3 Mar-May,"Food, seed, and industrial use",Million bushels,936.6411,23791782.357750792
2006,Quarterly,Marketing year Q4 Jun-Aug,High-fructose corn syrup (HFCS) use,Million bushels,145.8838,3705619.600849936
2006,Quarterly,Marketing year Q4 Jun-Aug,Glucose and dextrose use,Million bushels,68.6142,1742881.1452446238
2006,Quarterly,Marketing year Q4 Jun-Aug,Starch use,Million bushels,70.5622,1792362.6297031841
2006,Quarterly,Marketing year Q4 Jun-Aug,Alcohol for fuel use,Million bushels,601.5427,15279890.021155143
2006,Quarterly,Marketing year Q4 Jun-Aug,Alcohol for beverages and manufacturing use,Million bushels,31.727,805903.00688744
2006,Quarterly,Marketing year Q4 Jun-Aug,Cereals and other products use,Million bushels,47.722,1212194.76454384
2006,Quarterly,Marketing year Q4 Jun-Aug,Seed use,Million bushels,0.403,10236.67260616
2006,Quarterly,Marketing year Q4 Jun-Aug,"Food, seed, and industrial use",Million bushels,966.455,24549090.3811076
2006,Annual,Marketing year Sep-Aug,High-fructose corn syrup (HFCS) use,Million bushels,535.3262,13597913.267741263
2006,Annual,Marketing year Sep-Aug,Glucose and dextrose use,Million bushels,259.4079,6589264.872832487
2006,Annual,Marketing year Sep-Aug,Starch use,Million bushels,276.9029,7033658.389568888
2006,Annual,Marketing year Sep-Aug,Alcohol for fuel use,Million bushels,2119.4939,53837630.6328864
2006,Annual,Marketing year Sep-Aug,Alcohol for beverages and manufacturing use,Million bushels,135.82,3449987.2788303997
2006,Annual,Marketing year Sep-Aug,Cereals and other products use,Million bushels,190.422,4836942.11168784
2006,Annual,Marketing year Sep-Aug,Seed use,Million bushels,28.549,725178.0799832799
2006,Annual,Marketing year Sep-Aug,"Food, seed, and industrial use",Million bushels,3545.9218,90070572.0934133
2007,Quarterly,Marketing year Q1 Sep-Nov,High-fructose corn syrup (HFCS) use,Million bushels,128.4828,3263613.794349216
2007,Quarterly,Marketing year Q1 Sep-Nov,Glucose and dextrose use,Million bushels,63.9074,1623322.905486128
2007,Quarterly,Marketing year Q1 Sep-Nov,Starch use,Million bushels,68.7226,1745634.632367472
2007,Quarterly,Marketing year Q1 Sep-Nov,Alcohol for fuel use,Million bushels,643.8537,16354639.040111063
2007,Quarterly,Marketing year Q1 Sep-Nov,Alcohol for beverages and manufacturing use,Million bushels,32.8976,835637.6196734719
2007,Quarterly,Marketing year Q1 Sep-Nov,Cereals and other products use,Million bushels,47.8372,1215120.979641184
2007,Quarterly,Marketing year Q1 Sep-Nov,Seed use,Million bushels,0.0,0.0
2007,Quarterly,Marketing year Q1 Sep-Nov,"Food, seed, and industrial use",Million bushels,985.7013,25037968.97162853
2007,Quarterly,Marketing year Q2 Dec-Feb,High-fructose corn syrup (HFCS) use,Million bushels,120.4431,3059395.9860322317
2007,Quarterly,Marketing year Q2 Dec-Feb,Glucose and dextrose use,Million bushels,61.0914,1551793.203106608
2007,Quarterly,Marketing year Q2 Dec-Feb,Starch use,Million bushels,65.6809,1668371.8853050477
2007,Quarterly,Marketing year Q2 Dec-Feb,Alcohol for fuel use,Million bushels,716.2192,18192807.604580224
2007,Quarterly,Marketing year Q2 Dec-Feb,Alcohol for beverages and manufacturing use,Million bushels,34.6906,881181.922360432
2007,Quarterly,Marketing year Q2 Dec-Feb,Cereals and other products use,Million bushels,47.8372,1215120.979641184
2007,Quarterly,Marketing year Q2 Dec-Feb,Seed use,Million bushels,0.0,0.0
2007,Quarterly,Marketing year Q2 Dec-Feb,"Food, seed, and industrial use",Million bushels,1045.9623,26568669.040908452
2007,Quarterly,Marketing year Q3 Mar-May,High-fructose corn syrup (HFCS) use,Million bushels,133.1138,3381246.625215536
2007,Quarterly,Marketing year Q3 Mar-May,Glucose and dextrose use,Million bushels,64.9022,1648591.9921079837
2007,Quarterly,Marketing year Q3 Mar-May,Starch use,Million bushels,66.2158,1681958.972592976
2007,Quarterly,Marketing year Q3 Mar-May,Alcohol for fuel use,Million bushels,818.6091,20793631.139263753
2007,Quarterly,Marketing year Q3 Mar-May,Alcohol for beverages and manufacturing use,Million bushels,36.2715,921338.63631348
2007,Quarterly,Marketing year Q3 Mar-May,Cereals and other products use,Million bushels,48.3628,1228471.836022816
2007,Quarterly,Marketing year Q3 Mar-May,Seed use,Million bushels,25.162,639144.30798064
2007,Quarterly,Marketing year Q3 Mar-May,"Food, seed, and industrial use",Million bushels,1192.6373,30294386.049614456
2007,Quarterly,Marketing year Q4 Jun-Aug,High-fructose corn syrup (HFCS) use,Million bushels,140.7291,3574684.1758301514
2007,Quarterly,Marketing year Q4 Jun-Aug,Glucose and dextrose use,Million bushels,66.0617,1678044.651876824
2007,Quarterly,Marketing year Q4 Jun-Aug,Starch use,Million bushels,64.045,1626818.1068524
2007,Quarterly,Marketing year Q4 Jun-Aug,Alcohol for fuel use,Million bushels,870.5321,22112536.23040431
2007,Quarterly,Marketing year Q4 Jun-Aug,Alcohol for beverages and manufacturing use,Million bushels,31.5401,801155.527706072
2007,Quarterly,Marketing year Q4 Jun-Aug,Cereals and other products use,Million bushels,48.3628,1228471.836022816
2007,Quarterly,Marketing year Q4 Jun-Aug,Seed use,Million bushels,1.39,35307.630080799994
2007,Quarterly,Marketing year Q4 Jun-Aug,"Food, seed, and industrial use",Million bushels,1222.6608,31057018.158773378
2007,Annual,Marketing year Sep-Aug,High-fructose corn syrup (HFCS) use,Million bushels,522.7688,13278940.581427136
2007,Annual,Marketing year Sep-Aug,Glucose and dextrose use,Million bushels,255.9626,6501750.212460272
2007,Annual,Marketing year Sep-Aug,Starch use,Million bushels,264.6644,6722786.137235167
2007,Annual,Marketing year Sep-Aug,Alcohol for fuel use,Million bushels,3049.2141,77453614.01435935
2007,Annual,Marketing year Sep-Aug,Alcohol for beverages and manufacturing use,Million bushels,135.3999,3439316.246170728
2007,Annual,Marketing year Sep-Aug,Cereals and other products use,Million bushels,192.4,4887185.631328
2007,Annual,Marketing year Sep-Aug,Seed use,Million bushels,26.552,674451.9380614399
2007,Annual,Marketing year Sep-Aug,"Food, seed, and industrial use",Million bushels,4446.9617,112958042.22092481
2008,Quarterly,Marketing year Q1 Sep-Nov,High-fructose corn syrup (HFCS) use,Million bushels,116.975,2971302.178922
2008,Quarterly,Marketing year Q1 Sep-Nov,Glucose and dextrose use,Million bushels,63.657,1616962.4518370398
2008,Quarterly,Marketing year Q1 Sep-Nov,Starch use,Million bushels,62.518,1588030.51610896
2008,Quarterly,Marketing year Q1 Sep-Nov,Alcohol for fuel use,Million bushels,895.4072,22744392.941931583
2008,Quarterly,Marketing year Q1 Sep-Nov,Alcohol for beverages and manufacturing use,Million bushels,32.7753,832531.056249816
2008,Quarterly,Marketing year Q1 Sep-Nov,Cereals and other products use,Million bushels,47.912,1217020.98736064
2008,Quarterly,Marketing year Q1 Sep-Nov,Seed use,Million bushels,0.0,0.0
2008,Quarterly,Marketing year Q1 Sep-Nov,"Food, seed, and industrial use",Million bushels,1219.2445,30970240.13241004
2008,Quarterly,Marketing year Q2 Dec-Feb,High-fructose corn syrup (HFCS) use,Million bushels,111.15,2823340.347828
2008,Quarterly,Marketing year Q2 Dec-Feb,Glucose and dextrose use,Million bushels,56.196,1427444.30217312
2008,Quarterly,Marketing year Q2 Dec-Feb,Starch use,Million bushels,54.508,1384567.12262176
2008,Quarterly,Marketing year Q2 Dec-Feb,Alcohol for fuel use,Million bushels,874.1461,22204336.068614393
2008,Quarterly,Marketing year Q2 Dec-Feb,Alcohol for beverages and manufacturing use,Million bushels,34.3319,872070.5217057678
2008,Quarterly,Marketing year Q2 Dec-Feb,Cereals and other products use,Million bushels,47.912,1217020.98736064
2008,Quarterly,Marketing year Q2 Dec-Feb,Seed use,Million bushels,0.0,0.0
2008,Quarterly,Marketing year Q2 Dec-Feb,"Food, seed, and industrial use",Million bushels,1178.244,29928779.350303676
2008,Quarterly,Marketing year Q3 Mar-May,High-fructose corn syrup (HFCS) use,Million bushels,127.783,3245838.05367976
2008,Quarterly,Marketing year Q3 Mar-May,Glucose and dextrose use,Million bushels,59.96,1523054.3162912
2008,Quarterly,Marketing year Q3 Mar-May,Starch use,Million bushels,55.157,1401052.48371704
2008,Quarterly,Marketing year Q3 Mar-May,Alcohol for fuel use,Million bushels,910.3766,23124633.256846353
2008,Quarterly,Marketing year Q3 Mar-May,Alcohol for beverages and manufacturing use,Million bushels,35.8964,911810.656426208
2008,Quarterly,Marketing year Q3 Mar-May,Cereals and other products use,Million bushels,48.438,1230382.00421136
2008,Quarterly,Marketing year Q3 Mar-May,Seed use,Million bushels,25.306,642802.07685232
2008,Quarterly,Marketing year Q3 Mar-May,"Food, seed, and industrial use",Million bushels,1262.917,32079572.848024238
2008,Quarterly,Marketing year Q4 Jun-Aug,High-fructose corn syrup (HFCS) use,Million bushels,133.156,3382318.55470432
2008,Quarterly,Marketing year Q4 Jun-Aug,Glucose and dextrose use,Million bushels,65.311,1658975.99151592
2008,Quarterly,Marketing year Q4 Jun-Aug,Starch use,Million bushels,61.911,1572612.00426792
2008,Quarterly,Marketing year Q4 Jun-Aug,Alcohol for fuel use,Million bushels,1028.9592,26136770.361033022
2008,Quarterly,Marketing year Q4 Jun-Aug,Alcohol for beverages and manufacturing use,Million bushels,30.9963,787342.369980936
2008,Quarterly,Marketing year Q4 Jun-Aug,Cereals and other products use,Million bushels,47.838,1215141.30057936
2008,Quarterly,Marketing year Q4 Jun-Aug,Seed use,Million bushels,1.922,48821.053967839995
2008,Quarterly,Marketing year Q4 Jun-Aug,"Food, seed, and industrial use",Million bushels,1370.0935,34801981.636049315
2008,Annual,Marketing year Sep-Aug,High-fructose corn syrup (HFCS) use,Million bushels,489.064,12422799.13513408
2008,Annual,Marketing year Sep-Aug,Glucose and dextrose use,Million bushels,245.123,6226411.660644559
2008,Annual,Marketing year Sep-Aug,Starch use,Million bushels,234.094,5946262.12671568
2008,Annual,Marketing year Sep-Aug,Alcohol for fuel use,Million bushels,3708.889,94210130.08830808
2008,Annual,Marketing year Sep-Aug,Alcohol for beverages and manufacturing use,Million bushels,134.0,3403757.14448
2008,Annual,Marketing year Sep-Aug,Cereals and other products use,Million bushels,192.1,4879565.279511999
2008,Annual,Marketing year Sep-Aug,Seed use,Million bushels,27.228,691623.13082016
2008,Annual,Marketing year Sep-Aug,"Food, seed, and industrial use",Million bushels,5030.498,127780548.56561454
2009,Quarterly,Marketing year Q1 Sep-Nov,High-fructose corn syrup (HFCS) use,Million bushels,119.104,3025381.27564288
2009,Quarterly,Marketing year Q1 Sep-Nov,Glucose and dextrose use,Million bushels,61.751,1568547.81663272
2009,Quarterly,Marketing year Q1 Sep-Nov,Starch use,Million bushels,59.828,1519701.36149216
2009,Quarterly,Marketing year Q1 Sep-Nov,Alcohol for fuel use,Million bushels,1060.51,26938197.6812872
2009,Quarterly,Marketing year Q1 Sep-Nov,Alcohol for beverages and manufacturing use,Million bushels,32.775,832523.4358979999
2009,Quarterly,Marketing year Q1 Sep-Nov,Cereals and other products use,Million bushels,48.061,1220805.76209592
2009,Quarterly,Marketing year Q1 Sep-Nov,Seed use,Million bushels,0.0,0.0
2009,Quarterly,Marketing year Q1 Sep-Nov,"Food, seed, and industrial use",Million bushels,1382.029,35105157.33304888
2009,Quarterly,Marketing year Q2 Dec-Feb,High-fructose corn syrup (HFCS) use,Million bushels,114.242,2901880.77387824
2009,Quarterly,Marketing year Q2 Dec-Feb,Glucose and dextrose use,Million bushels,57.072,1449695.72947584
2009,Quarterly,Marketing year Q2 Dec-Feb,Starch use,Million bushels,59.069,1500421.87139768
2009,Quarterly,Marketing year Q2 Dec-Feb,Alcohol for fuel use,Million bushels,1134.464,28816716.008622076
2009,Quarterly,Marketing year Q2 Dec-Feb,Alcohol for beverages and manufacturing use,Million bushels,34.332,872073.06182304
2009,Quarterly,Marketing year Q2 Dec-Feb,Cereals and other products use,Million bushels,48.061,1220805.76209592
2009,Quarterly,Marketing year Q2 Dec-Feb,Seed use,Million bushels,0.0,0.0
2009,Quarterly,Marketing year Q2 Dec-Feb,"Food, seed, and industrial use",Million bushels,1447.24,36761593.207292795
2009,Quarterly,Marketing year Q3 Mar-May,High-fructose corn syrup (HFCS) use,Million bushels,138.39,3515268.2927207993
2009,Quarterly,Marketing year Q3 Mar-May,Glucose and dextrose use,Million bushels,67.06,1703402.6426032
2009,Quarterly,Marketing year Q3 Mar-May,Starch use,Million bushels,63.803,1620671.02305416
2009,Quarterly,Marketing year Q3 Mar-May,Alcohol for fuel use,Million bushels,1189.335,30210503.7569412
2009,Quarterly,Marketing year Q3 Mar-May,Alcohol for beverages and manufacturing use,Million bushels,35.896,911800.49595712
2009,Quarterly,Marketing year Q3 Mar-May,Cereals and other products use,Million bushels,48.664,1236122.6692460799
2009,Quarterly,Marketing year Q3 Mar-May,Seed use,Million bushels,26.919,683774.16844968
2009,Quarterly,Marketing year Q3 Mar-May,"Food, seed, and industrial use",Million bushels,1570.067,39881543.04897224
2009,Quarterly,Marketing year Q4 Jun-Aug,High-fructose corn syrup (HFCS) use,Million bushels,140.389,3566045.23698808
2009,Quarterly,Marketing year Q4 Jun-Aug,Glucose and dextrose use,Million bushels,71.401,1813669.1333807197
2009,Quarterly,Marketing year Q4 Jun-Aug,Starch use,Million bushels,67.737,1720599.2365346397
2009,Quarterly,Marketing year Q4 Jun-Aug,Alcohol for fuel use,Million bushels,1206.848,30655354.494786557
2009,Quarterly,Marketing year Q4 Jun-Aug,Alcohol for beverages and manufacturing use,Million bushels,30.997,787360.15080184
2009,Quarterly,Marketing year Q4 Jun-Aug,Cereals and other products use,Million bushels,48.877,1241533.11903544
2009,Quarterly,Marketing year Q4 Jun-Aug,Seed use,Million bushels,0.836,21235.380393919997
2009,Quarterly,Marketing year Q4 Jun-Aug,"Food, seed, and industrial use",Million bushels,1567.085,39805796.7519212
2009,Annual,Marketing year Sep-Aug,High-fructose corn syrup (HFCS) use,Million bushels,512.125,13008575.57923
2009,Annual,Marketing year Sep-Aug,Glucose and dextrose use,Million bushels,257.284,6535315.322092479
2009,Annual,Marketing year Sep-Aug,Starch use,Million bushels,250.437,6361393.49247864
2009,Annual,Marketing year Sep-Aug,Alcohol for fuel use,Million bushels,4591.157,116620771.94163704
2009,Annual,Marketing year Sep-Aug,Alcohol for beverages and manufacturing use,Million bushels,134.0,3403757.14448
2009,Annual,Marketing year Sep-Aug,Cereals and other products use,Million bushels,193.663,4919267.31247336
2009,Annual,Marketing year Sep-Aug,Seed use,Million bushels,27.755,705009.5488436
2009,Annual,Marketing year Sep-Aug,"Food, seed, and industrial use",Million bushels,5966.421,151554090.34123513
2010,Quarterly,Marketing year Q1 Sep-Nov,High-fructose corn syrup (HFCS) use,Million bushels,126.248,3206847.25355456
2010,Quarterly,Marketing year Q1 Sep-Nov,Glucose and dextrose use,Million bushels,65.111,1653895.75697192
2010,Quarterly,Marketing year Q1 Sep-Nov,Starch use,Million bushels,66.286,1683742.13491792
2010,Quarterly,Marketing year Q1 Sep-Nov,Alcohol for fuel use,Million bushels,1242.658,31564970.489889756
2010,Quarterly,Marketing year Q1 Sep-Nov,Alcohol for beverages and manufacturing use,Million bushels,33.02,838746.7232144
2010,Quarterly,Marketing year Q1 Sep-Nov,Cereals and other products use,Million bushels,49.115,1247578.5981428
2010,Quarterly,Marketing year Q1 Sep-Nov,Seed use,Million bushels,0.0,0.0
2010,Quarterly,Marketing year Q1 Sep-Nov,"Food, seed, and industrial use",Million bushels,1582.438,40195780.95669136
2010,Quarterly,Marketing year Q2 Dec-Feb,High-fructose corn syrup (HFCS) use,Million bushels,116.276,2953546.7591907196
2010,Quarterly,Marketing year Q2 Dec-Feb,Glucose and dextrose use,Million bushels,59.709,1516678.62193848
2010,Quarterly,Marketing year Q2 Dec-Feb,Starch use,Million bushels,62.688,1592348.71547136
2010,Quarterly,Marketing year Q2 Dec-Feb,Alcohol for fuel use,Million bushels,1254.872,31875220.41349184
2010,Quarterly,Marketing year Q2 Dec-Feb,Alcohol for beverages and manufacturing use,Million bushels,34.588,878575.76203936
2010,Quarterly,Marketing year Q2 Dec-Feb,Cereals and other products use,Million bushels,48.575,1233861.964874
2010,Quarterly,Marketing year Q2 Dec-Feb,Seed use,Million bushels,0.0,0.0
2010,Quarterly,Marketing year Q2 Dec-Feb,"Food, seed, and industrial use",Million bushels,1576.708,40050232.23700576
2010,Quarterly,Marketing year Q3 Mar-May,High-fructose corn syrup (HFCS) use,Million bushels,138.904,3528324.49549888
2010,Quarterly,Marketing year Q3 Mar-May,Glucose and dextrose use,Million bushels,70.832,1799215.8661030398
2010,Quarterly,Marketing year Q3 Mar-May,Starch use,Million bushels,64.577,1640331.53073944
2010,Quarterly,Marketing year Q3 Mar-May,Alcohol for fuel use,Million bushels,1257.794,31949442.640179683
2010,Quarterly,Marketing year Q3 Mar-May,Alcohol for beverages and manufacturing use,Million bushels,36.164,918608.01024608
2010,Quarterly,Marketing year Q3 Mar-May,Cereals and other products use,Million bushels,49.655,1261295.2314116
2010,Quarterly,Marketing year Q3 Mar-May,Seed use,Million bushels,26.09,662716.5962647999
2010,Quarterly,Marketing year Q3 Mar-May,"Food, seed, and industrial use",Million bushels,1644.016,41759934.37044352
2010,Quarterly,Marketing year Q4 Jun-Aug,High-fructose corn syrup (HFCS) use,Million bushels,139.621,3546537.13633912
2010,Quarterly,Marketing year Q4 Jun-Aug,Glucose and dextrose use,Million bushels,76.705,1948396.9534876
2010,Quarterly,Marketing year Q4 Jun-Aug,Starch use,Million bushels,64.824,1646605.6204012798
2010,Quarterly,Marketing year Q4 Jun-Aug,Alcohol for fuel use,Million bushels,1263.417,32092273.434384238
2010,Quarterly,Marketing year Q4 Jun-Aug,Alcohol for beverages and manufacturing use,Million bushels,31.228,793227.82170016
2010,Quarterly,Marketing year Q4 Jun-Aug,Cereals and other products use,Million bushels,49.655,1261295.2314116
2010,Quarterly,Marketing year Q4 Jun-Aug,Seed use,Million bushels,3.486,88548.48810192
2010,Quarterly,Marketing year Q4 Jun-Aug,"Food, seed, and industrial use",Million bushels,1628.936,41376884.685825914
2010,Annual,Marketing year Sep-Aug,High-fructose corn syrup (HFCS) use,Million bushels,521.049,13235255.64458328
2010,Annual,Marketing year Sep-Aug,Glucose and dextrose use,Million bushels,272.357,6918187.19850104
2010,Annual,Marketing year Sep-Aug,Starch use,Million bushels,258.375,6563028.00153
2010,Annual,Marketing year Sep-Aug,Alcohol for fuel use,Million bushels,5018.741,127481906.9779455
2010,Annual,Marketing year Sep-Aug,Alcohol for beverages and manufacturing use,Million bushels,135.0,3429158.3172
2010,Annual,Marketing year Sep-Aug,Cereals and other products use,Million bushels,197.0,5004031.025839999
2010,Annual,Marketing year Sep-Aug,Seed use,Million bushels,29.576,751265.0843667199
2010,Annual,Marketing year Sep-Aug,"Food, seed, and industrial use",Million bushels,6432.098,163382832.24996656
2011,Quarterly,Marketing year Q1 Sep-Nov,High-fructose corn syrup (HFCS) use,Million bushels,118.371,3006762.2160391198
2011,Quarterly,Marketing year Q1 Sep-Nov,Glucose and dextrose use,Million bushels,77.991,1981062.86160552
2011,Quarterly,Marketing year Q1 Sep-Nov,Starch use,Million bushels,64.647,1642109.61282984
2011,Quarterly,Marketing year Q1 Sep-Nov,Alcohol for fuel use,Million bushels,1265.728,32150975.54454016
2011,Quarterly,Marketing year Q1 Sep-Nov,Alcohol for beverages and manufacturing use,Million bushels,33.302,845909.85392144
2011,Quarterly,Marketing year Q1 Sep-Nov,Cereals and other products use,Million bushels,50.732,1288652.2944310398
2011,Quarterly,Marketing year Q1 Sep-Nov,Seed use,Million bushels,0.0,0.0
2011,Quarterly,Marketing year Q1 Sep-Nov,"Food, seed, and industrial use",Million bushels,1610.771,40915472.383367114
2011,Quarterly,Marketing year Q2 Dec-Feb,High-fructose corn syrup (HFCS) use,Million bushels,114.482,2907977.0553310397
2011,Quarterly,Marketing year Q2 Dec-Feb,Glucose and dextrose use,Million bushels,71.046,1804651.71706512
2011,Quarterly,Marketing year Q2 Dec-Feb,Starch use,Million bushels,62.037,1575812.55203064
2011,Quarterly,Marketing year Q2 Dec-Feb,Alcohol for fuel use,Million bushels,1303.844,33119166.64393568
2011,Quarterly,Marketing year Q2 Dec-Feb,Alcohol for beverages and manufacturing use,Million bushels,34.93,887262.9631095999
2011,Quarterly,Marketing year Q2 Dec-Feb,Cereals and other products use,Million bushels,50.732,1288652.2944310398
2011,Quarterly,Marketing year Q2 Dec-Feb,Seed use,Million bushels,0.0,0.0
2011,Quarterly,Marketing year Q2 Dec-Feb,"Food, seed, and industrial use",Million bushels,1637.071,41583523.225903116
2011,Quarterly,Marketing year Q3 Mar-May,High-fructose corn syrup (HFCS) use,Million bushels,136.812,3475185.2421686403
2011,Quarterly,Marketing year Q3 Mar-May,Glucose and dextrose use,Million bushels,72.971,1853548.97455112
2011,Quarterly,Marketing year Q3 Mar-May,Starch use,Million bushels,62.148,1578632.08220256
2011,Quarterly,Marketing year Q3 Mar-May,Alcohol for fuel use,Million bushels,1243.296,31581176.43808512
2011,Quarterly,Marketing year Q3 Mar-May,Alcohol for beverages and manufacturing use,Million bushels,36.586,929327.3051339199
2011,Quarterly,Marketing year Q3 Mar-May,Cereals and other products use,Million bushels,50.531,1283546.6587143198
2011,Quarterly,Marketing year Q3 Mar-May,Seed use,Million bushels,28.149,715017.61089528
2011,Quarterly,Marketing year Q3 Mar-May,"Food, seed, and industrial use",Million bushels,1630.493,41416434.311750956
2011,Quarterly,Marketing year Q4 Jun-Aug,High-fructose corn syrup (HFCS) use,Million bushels,141.939,3605417.0547040794
2011,Quarterly,Marketing year Q4 Jun-Aug,Glucose and dextrose use,Million bushels,72.351,1837800.24746472
2011,Quarterly,Marketing year Q4 Jun-Aug,Starch use,Million bushels,65.178,1655597.63554416
2011,Quarterly,Marketing year Q4 Jun-Aug,Alcohol for fuel use,Million bushels,1187.164,30155357.81096608
2011,Quarterly,Marketing year Q4 Jun-Aug,Alcohol for beverages and manufacturing use,Million bushels,31.682,804759.9541150399
2011,Quarterly,Marketing year Q4 Jun-Aug,Cereals and other products use,Million bushels,51.234,1301403.68313648
2011,Quarterly,Marketing year Q4 Jun-Aug,Seed use,Million bushels,2.838,72088.52817936
2011,Quarterly,Marketing year Q4 Jun-Aug,"Food, seed, and industrial use",Million bushels,1552.386,39432424.914109915
2011,Annual,Marketing year Sep-Aug,High-fructose corn syrup (HFCS) use,Million bushels,511.604,12995341.56824288
2011,Annual,Marketing year Sep-Aug,Glucose and dextrose use,Million bushels,294.359,7477063.80068648
2011,Annual,Marketing year Sep-Aug,Starch use,Million bushels,254.01,6452151.882607199
2011,Annual,Marketing year Sep-Aug,Alcohol for fuel use,Million bushels,5000.032,127006676.43752703
2011,Annual,Marketing year Sep-Aug,Alcohol for beverages and manufacturing use,Million bushels,136.5,3467260.0762799997
2011,Annual,Marketing year Sep-Aug,Cereals and other products use,Million bushels,203.229,5162254.93071288
2011,Annual,Marketing year Sep-Aug,Seed use,Million bushels,30.987,787106.1390746399
2011,Annual,Marketing year Sep-Aug,"Food, seed, and industrial use",Million bushels,6430.721,163347854.8351311
2012,Quarterly,Marketing year Q1 Sep-Nov,High-fructose corn syrup (HFCS) use,Million bushels,123.067,3126046.1231322396
2012,Quarterly,Marketing year Q1 Sep-Nov,Glucose and dextrose use,Million bushels,70.353,1787048.7043701597
2012,Quarterly,Marketing year Q1 Sep-Nov,Starch use,Million bushels,63.979,1625141.62945288
2012,Quarterly,Marketing year Q1 Sep-Nov,Alcohol for fuel use,Million bushels,1124.38,28560570.5829136
2012,Quarterly,Marketing year Q1 Sep-Nov,Alcohol for beverages and manufacturing use,Million bushels,34.18,868212.0835695999
2012,Quarterly,Marketing year Q1 Sep-Nov,Cereals and other products use,Million bushels,49.662,1261473.03962064
2012,Quarterly,Marketing year Q1 Sep-Nov,Seed use,Million bushels,0.0,0.0
2012,Quarterly,Marketing year Q1 Sep-Nov,"Food, seed, and industrial use",Million bushels,1465.621,37228492.16305912
2012,Quarterly,Marketing year Q2 Dec-Feb,High-fructose corn syrup (HFCS) use,Million bushels,113.442,2881559.8357022395
2012,Quarterly,Marketing year Q2 Dec-Feb,Glucose and dextrose use,Million bushels,66.783,1696366.51775976
2012,Quarterly,Marketing year Q2 Dec-Feb,Starch use,Million bushels,59.161,1502758.7792879199
2012,Quarterly,Marketing year Q2 Dec-Feb,Alcohol for fuel use,Million bushels,1105.063,28069896.12948136
2012,Quarterly,Marketing year Q2 Dec-Feb,Alcohol for beverages and manufacturing use,Million bushels,35.861,910911.4549119199
2012,Quarterly,Marketing year Q2 Dec-Feb,Cereals and other products use,Million bushels,49.553,1258704.31179416
2012,Quarterly,Marketing year Q2 Dec-Feb,Seed use,Million bushels,0.0,0.0
2012,Quarterly,Marketing year Q2 Dec-Feb,"Food, seed, and industrial use",Million bushels,1429.863,36320197.02893736
2012,Quarterly,Marketing year Q3 Mar-May,High-fructose corn syrup (HFCS) use,Million bushels,126.39,3210454.2200808
2012,Quarterly,Marketing year Q3 Mar-May,Glucose and dextrose use,Million bushels,76.867,1952511.94346824
2012,Quarterly,Marketing year Q3 Mar-May,Starch use,Million bushels,63.031,1601061.3177143198
2012,Quarterly,Marketing year Q3 Mar-May,Alcohol for fuel use,Million bushels,1191.162,30256911.69950064
2012,Quarterly,Marketing year Q3 Mar-May,Alcohol for beverages and manufacturing use,Million bushels,37.508,952747.18638176
2012,Quarterly,Marketing year Q3 Mar-May,Cereals and other products use,Million bushels,50.074,1271938.32278128
2012,Quarterly,Marketing year Q3 Mar-May,Seed use,Million bushels,28.392,721190.09586624
2012,Quarterly,Marketing year Q3 Mar-May,"Food, seed, and industrial use",Million bushels,1573.424,39966814.785793275
2012,Quarterly,Marketing year Q4 Jun-Aug,High-fructose corn syrup (HFCS) use,Million bushels,128.588,3266285.9977193596
2012,Quarterly,Marketing year Q4 Jun-Aug,Glucose and dextrose use,Million bushels,77.917,1979183.17482424
2012,Quarterly,Marketing year Q4 Jun-Aug,Starch use,Million bushels,63.218,1605811.33701296
2012,Quarterly,Marketing year Q4 Jun-Aug,Alcohol for fuel use,Million bushels,1220.522,31002690.130559836
2012,Quarterly,Marketing year Q4 Jun-Aug,Alcohol for beverages and manufacturing use,Million bushels,32.451,824293.45593672
2012,Quarterly,Marketing year Q4 Jun-Aug,Cereals and other products use,Million bushels,50.131,1273386.18962632
2012,Quarterly,Marketing year Q4 Jun-Aug,Seed use,Million bushels,2.571,65306.41506312
2012,Quarterly,Marketing year Q4 Jun-Aug,"Food, seed, and industrial use",Million bushels,1575.398,40016956.70074256
2012,Annual,Marketing year Sep-Aug,High-fructose corn syrup (HFCS) use,Million bushels,491.487,12484346.17663464
2012,Annual,Marketing year Sep-Aug,Glucose and dextrose use,Million bushels,291.92,7415110.3404224
2012,Annual,Marketing year Sep-Aug,Starch use,Million bushels,249.389,6334773.06346808
2012,Annual,Marketing year Sep-Aug,Alcohol for fuel use,Million bushels,4641.127,117890068.54245545
2012,Annual,Marketing year Sep-Aug,Alcohol for beverages and manufacturing use,Million bushels,140.0,3556164.1807999997
2012,Annual,Marketing year Sep-Aug,Cereals and other products use,Million bushels,199.42,5065501.8638224
2012,Annual,Marketing year Sep-Aug,Seed use,Million bushels,30.963,786496.5109293599
2012,Annual,Marketing year Sep-Aug,"Food, seed, and industrial use",Million bushels,6044.306,153532460.6785323
2013,Quarterly,Marketing year Q1 Sep-Nov,High-fructose corn syrup (HFCS) use,Million bushels,113.439,2881483.63218408
2013,Quarterly,Marketing year Q1 Sep-Nov,Glucose and dextrose use,Million bushels,74.251,1886062.47563272
2013,Quarterly,Marketing year Q1 Sep-Nov,Starch use,Million bushels,62.145,1578555.8786843999
2013,Quarterly,Marketing year Q1 Sep-Nov,Alcohol for fuel use,Million bushels,1215.751,30881501.135512717
2013,Quarterly,Marketing year Q1 Sep-Nov,Alcohol for beverages and manufacturing use,Million bushels,34.579,878347.15148488
2013,Quarterly,Marketing year Q1 Sep-Nov,Cereals and other products use,Million bushels,49.941,1268559.96680952
2013,Quarterly,Marketing year Q1 Sep-Nov,Seed use,Million bushels,0.0,0.0
2013,Quarterly,Marketing year Q1 Sep-Nov,"Food, seed, and industrial use",Million bushels,1550.106,39374510.240308315
2013,Quarterly,Marketing year Q2 Dec-Feb,High-fructose corn syrup (HFCS) use,Million bushels,110.127,2797354.94813544
2013,Quarterly,Marketing year Q2 Dec-Feb,Glucose and dextrose use,Million bushels,74.241,1885808.4639055198
2013,Quarterly,Marketing year Q2 Dec-Feb,Starch use,Million bushels,60.739,1542841.8298400799
2013,Quarterly,Marketing year Q2 Dec-Feb,Alcohol for fuel use,Million bushels,1271.144,32288548.295991678
2013,Quarterly,Marketing year Q2 Dec-Feb,Alcohol for beverages and manufacturing use,Million bushels,36.243,920614.70289096
2013,Quarterly,Marketing year Q2 Dec-Feb,Cereals and other products use,Million bushels,49.809,1265207.0120104798
2013,Quarterly,Marketing year Q2 Dec-Feb,Seed use,Million bushels,0.0,0.0
2013,Quarterly,Marketing year Q2 Dec-Feb,"Food, seed, and industrial use",Million bushels,1602.303,40700375.252774164
2013,Quarterly,Marketing year Q3 Mar-May,High-fructose corn syrup (HFCS) use,Million bushels,125.278,3182208.1160161598
2013,Quarterly,Marketing year Q3 Mar-May,Glucose and dextrose use,Million bushels,78.551,1995287.51832872
2013,Quarterly,Marketing year Q3 Mar-May,Starch use,Million bushels,63.675,1617419.6729459998
2013,Quarterly,Marketing year Q3 Mar-May,Alcohol for fuel use,Million bushels,1298.856,32992465.59440832
2013,Quarterly,Marketing year Q3 Mar-May,Alcohol for beverages and manufacturing use,Million bushels,37.91,962958.4578151999
2013,Quarterly,Marketing year Q3 Mar-May,Cereals and other products use,Million bushels,50.329,1278415.62182488
2013,Quarterly,Marketing year Q3 Mar-May,Seed use,Million bushels,28.124,714382.58157728
2013,Quarterly,Marketing year Q3 Mar-May,"Food, seed, and industrial use",Million bushels,1682.723,42743137.562916555
2013,Quarterly,Marketing year Q4 Jun-Aug,High-fructose corn syrup (HFCS) use,Million bushels,128.894,3274058.75657168
2013,Quarterly,Marketing year Q4 Jun-Aug,Glucose and dextrose use,Million bushels,80.103,2034710.1383901597
2013,Quarterly,Marketing year Q4 Jun-Aug,Starch use,Million bushels,63.988,1625370.24000736
2013,Quarterly,Marketing year Q4 Jun-Aug,Alcohol for fuel use,Million bushels,1337.939,33985219.62782408
2013,Quarterly,Marketing year Q4 Jun-Aug,Alcohol for beverages and manufacturing use,Million bushels,32.766,832294.8253435199
2013,Quarterly,Marketing year Q4 Jun-Aug,Cereals and other products use,Million bushels,50.399,1280193.70391528
2013,Quarterly,Marketing year Q4 Jun-Aug,Seed use,Million bushels,1.598,40591.07400656
2013,Quarterly,Marketing year Q4 Jun-Aug,"Food, seed, and industrial use",Million bushels,1695.687,43072438.36605863
2013,Annual,Marketing year Sep-Aug,High-fructose corn syrup (HFCS) use,Million bushels,477.738,12135105.45290736
2013,Annual,Marketing year Sep-Aug,Glucose and dextrose use,Million bushels,307.146,7801868.59625712
2013,Annual,Marketing year Sep-Aug,Starch use,Million bushels,250.547,6364187.62147784
2013,Annual,Marketing year Sep-Aug,Alcohol for fuel use,Million bushels,5123.69,130147734.65373679
2013,Annual,Marketing year Sep-Aug,Alcohol for beverages and manufacturing use,Million bushels,141.498,3594215.1375345597
2013,Annual,Marketing year Sep-Aug,Cereals and other products use,Million bushels,200.478,5092376.30456016
2013,Annual,Marketing year Sep-Aug,Seed use,Million bushels,29.722,754973.65558384
2013,Annual,Marketing year Sep-Aug,"Food, seed, and industrial use",Million bushels,6530.819,165890461.4220577
2014,Quarterly,Marketing year Q1 Sep-Nov,High-fructose corn syrup (HFCS) use,Million bushels,116.781,2966374.35141432
2014,Quarterly,Marketing year Q1 Sep-Nov,Glucose and dextrose use,Million bushels,74.644,1896045.13651168
2014,Quarterly,Marketing year Q1 Sep-Nov,Starch use,Million bushels,62.408,1585236.38710976
2014,Quarterly,Marketing year Q1 Sep-Nov,Alcohol for fuel use,Million bushels,1276.24,32417992.6721728
2014,Quarterly,Marketing year Q1 Sep-Nov,Alcohol for beverages and manufacturing use,Million bushels,34.517,876772.2787762401
2014,Quarterly,Marketing year Q1 Sep-Nov,Cereals and other products use,Million bushels,50.111,1272878.1661719198
2014,Quarterly,Marketing year Q1 Sep-Nov,Seed use,Million bushels,0.0,0.0
2014,Quarterly,Marketing year Q1 Sep-Nov,"Food, seed, and industrial use",Million bushels,1614.701,41015298.99215672
2014,Quarterly,Marketing year Q2 Dec-Feb,High-fructose corn syrup (HFCS) use,Million bushels,109.617,2784400.35004824
2014,Quarterly,Marketing year Q2 Dec-Feb,Glucose and dextrose use,Million bushels,71.961,1827893.7901039198
2014,Quarterly,Marketing year Q2 Dec-Feb,Starch use,Million bushels,59.785,1518609.1110651998
2014,Quarterly,Marketing year Q2 Dec-Feb,Alcohol for fuel use,Million bushels,1293.929,32867314.01641688
2014,Quarterly,Marketing year Q2 Dec-Feb,Alcohol for beverages and manufacturing use,Million bushels,36.182,919065.23135504
2014,Quarterly,Marketing year Q2 Dec-Feb,Cereals and other products use,Million bushels,49.953,1268864.78088216
2014,Quarterly,Marketing year Q2 Dec-Feb,Seed use,Million bushels,0.0,0.0
2014,Quarterly,Marketing year Q2 Dec-Feb,"Food, seed, and industrial use",Million bushels,1621.427,41186147.279871434
2014,Quarterly,Marketing year Q3 Mar-May,High-fructose corn syrup (HFCS) use,Million bushels,123.435,3135393.7546932
2014,Quarterly,Marketing year Q3 Mar-May,Glucose and dextrose use,Million bushels,76.307,1938287.28674504
2014,Quarterly,Marketing year Q3 Mar-May,Starch use,Million bushels,62.396,1584931.57303712
2014,Quarterly,Marketing year Q3 Mar-May,Alcohol for fuel use,Million bushels,1294.531,32882605.522394318
2014,Quarterly,Marketing year Q3 Mar-May,Alcohol for beverages and manufacturing use,Million bushels,37.85,961434.3874519999
2014,Quarterly,Marketing year Q3 Mar-May,Cereals and other products use,Million bushels,50.468,1281946.38483296
2014,Quarterly,Marketing year Q3 Mar-May,Seed use,Million bushels,27.716,704018.90310752
2014,Quarterly,Marketing year Q3 Mar-May,"Food, seed, and industrial use",Million bushels,1672.703,42488617.812262155
2014,Quarterly,Marketing year Q4 Jun-Aug,High-fructose corn syrup (HFCS) use,Million bushels,128.266,3258106.8201035196
2014,Quarterly,Marketing year Q4 Jun-Aug,Glucose and dextrose use,Million bushels,75.157,1909075.9381170399
2014,Quarterly,Marketing year Q4 Jun-Aug,Starch use,Million bushels,61.858,1571265.7421137597
2014,Quarterly,Marketing year Q4 Jun-Aug,Alcohol for fuel use,Million bushels,1335.39,33920472.0385608
2014,Quarterly,Marketing year Q4 Jun-Aug,Alcohol for beverages and manufacturing use,Million bushels,33.638,854444.6479553599
2014,Quarterly,Marketing year Q4 Jun-Aug,Cereals and other products use,Million bushels,50.677,1287255.22993144
2014,Quarterly,Marketing year Q4 Jun-Aug,Seed use,Million bushels,1.539,39092.404816079994
2014,Quarterly,Marketing year Q4 Jun-Aug,"Food, seed, and industrial use",Million bushels,1686.525,42839712.821598
2014,Annual,Marketing year Sep-Aug,High-fructose corn syrup (HFCS) use,Million bushels,478.099,12144275.276259279
2014,Annual,Marketing year Sep-Aug,Glucose and dextrose use,Million bushels,298.069,7571302.15147768
2014,Annual,Marketing year Sep-Aug,Starch use,Million bushels,246.447,6260042.81332584
2014,Annual,Marketing year Sep-Aug,Alcohol for fuel use,Million bushels,5200.09,132088384.2495448
2014,Annual,Marketing year Sep-Aug,Alcohol for beverages and manufacturing use,Million bushels,142.187,3611716.54553864
2014,Annual,Marketing year Sep-Aug,Cereals and other products use,Million bushels,201.209,5110944.56181848
2014,Annual,Marketing year Sep-Aug,Seed use,Million bushels,29.255,743111.3079236
2014,Annual,Marketing year Sep-Aug,"Food, seed, and industrial use",Million bushels,6595.356,167529776.90588832
2015,Quarterly,Marketing year Q1 Sep-Nov,High-fructose corn syrup (HFCS) use,Million bushels,110.812,2814754.7514486397
2015,Quarterly,Marketing year Q1 Sep-Nov,Glucose and dextrose use,Million bushels,72.33,1837266.8228375998
2015,Quarterly,Marketing year Q1 Sep-Nov,Starch use,Million bushels,62.301,1582518.46162872
2015,Quarterly,Marketing year Q1 Sep-Nov,Alcohol for fuel use,Million bushels,1300.202,33026655.57288944
2015,Quarterly,Marketing year Q1 Sep-Nov,Alcohol for beverages and manufacturing use,Million bushels,34.887,886170.71268264
2015,Quarterly,Marketing year Q1 Sep-Nov,Cereals and other products use,Million bushels,50.618,1285756.56074096
2015,Quarterly,Marketing year Q1 Sep-Nov,Seed use,Million bushels,0.0,0.0
2015,Quarterly,Marketing year Q1 Sep-Nov,"Food, seed, and industrial use",Million bushels,1631.15,41433122.882228
2015,Quarterly,Marketing year Q2 Dec-Feb,High-fructose corn syrup (HFCS) use,Million bushels,108.965,2767838.7854347997
2015,Quarterly,Marketing year Q2 Dec-Feb,Glucose and dextrose use,Million bushels,80.989,2057215.57742008
2015,Quarterly,Marketing year Q2 Dec-Feb,Starch use,Million bushels,58.339,1481879.0153120798
2015,Quarterly,Marketing year Q2 Dec-Feb,Alcohol for fuel use,Million bushels,1316.279,33435030.226708878
2015,Quarterly,Marketing year Q2 Dec-Feb,Alcohol for beverages and manufacturing use,Million bushels,36.575,929047.892234
2015,Quarterly,Marketing year Q2 Dec-Feb,Cereals and other products use,Million bushels,50.426,1280879.53557872
2015,Quarterly,Marketing year Q2 Dec-Feb,Seed use,Million bushels,0.0,0.0
2015,Quarterly,Marketing year Q2 Dec-Feb,"Food, seed, and industrial use",Million bushels,1651.573,41951891.03268856
2015,Quarterly,Marketing year Q3 Mar-May,High-fructose corn syrup (HFCS) use,Million bushels,125.182,3179769.60343504
2015,Quarterly,Marketing year Q3 Mar-May,Glucose and dextrose use,Million bushels,89.988,2285800.7307273597
2015,Quarterly,Marketing year Q3 Mar-May,Starch use,Million bushels,57.844,1469305.43481568
2015,Quarterly,Marketing year Q3 Mar-May,Alcohol for fuel use,Million bushels,1264.796,32127301.65156512
2015,Quarterly,Marketing year Q3 Mar-May,Alcohol for beverages and manufacturing use,Million bushels,38.265,971975.8741308
2015,Quarterly,Marketing year Q3 Mar-May,Cereals and other products use,Million bushels,50.924,1293529.3195932799
2015,Quarterly,Marketing year Q3 Mar-May,Seed use,Million bushels,27.928,709403.95172416
2015,Quarterly,Marketing year Q3 Mar-May,"Food, seed, and industrial use",Million bushels,1654.927,42037086.56599144
2015,Quarterly,Marketing year Q4 Jun-Aug,High-fructose corn syrup (HFCS) use,Million bushels,127.299,3233543.88608328
2015,Quarterly,Marketing year Q4 Jun-Aug,Glucose and dextrose use,Million bushels,93.732,2380902.72139104
2015,Quarterly,Marketing year Q4 Jun-Aug,Starch use,Million bushels,59.097,1501133.10423384
2015,Quarterly,Marketing year Q4 Jun-Aug,Alcohol for fuel use,Million bushels,1342.337,34096933.98544664
2015,Quarterly,Marketing year Q4 Jun-Aug,Alcohol for beverages and manufacturing use,Million bushels,33.273,845173.2199125601
2015,Quarterly,Marketing year Q4 Jun-Aug,Cereals and other products use,Million bushels,51.132,1298812.7635190398
2015,Quarterly,Marketing year Q4 Jun-Aug,Seed use,Million bushels,2.627,66728.88073543999
2015,Quarterly,Marketing year Q4 Jun-Aug,"Food, seed, and industrial use",Million bushels,1709.497,43423228.56132184
2015,Annual,Marketing year Sep-Aug,High-fructose corn syrup (HFCS) use,Million bushels,472.258,11995907.026401758
2015,Annual,Marketing year Sep-Aug,Glucose and dextrose use,Million bushels,337.039,8561185.85237608
2015,Annual,Marketing year Sep-Aug,Starch use,Million bushels,237.581,6034836.01599032
2015,Annual,Marketing year Sep-Aug,Alcohol for fuel use,Million bushels,5223.614,132685921.43661006
2015,Annual,Marketing year Sep-Aug,Alcohol for beverages and manufacturing use,Million bushels,143.0,3632367.6989599997
2015,Annual,Marketing year Sep-Aug,Cereals and other products use,Million bushels,203.1,5158978.179432
2015,Annual,Marketing year Sep-Aug,Seed use,Million bushels,30.555,776132.8324596
2015,Annual,Marketing year Sep-Aug,"Food, seed, and industrial use",Million bushels,6647.147,168845329.04222983
2016,Quarterly,Marketing year Q1 Sep-Nov,High-fructose corn syrup (HFCS) use,Million bushels,113.133,2873710.8733317596
2016,Quarterly,Marketing year Q1 Sep-Nov,Glucose and dextrose use,Million bushels,88.811,2255903.5504359202
2016,Quarterly,Marketing year Q1 Sep-Nov,Starch use,Million bushels,58.199,1478322.85113128
2016,Quarterly,Marketing year Q1 Sep-Nov,Alcohol for fuel use,Million bushels,1343.078,34115756.25443216
2016,Quarterly,Marketing year Q1 Sep-Nov,Alcohol for beverages and manufacturing use,Million bushels,35.778,908803.1575761599
2016,Quarterly,Marketing year Q1 Sep-Nov,Cereals and other products use,Million bushels,49.916,1267924.9374915198
2016,Quarterly,Marketing year Q1 Sep-Nov,Seed use,Million bushels,0.0,0.0
2016,Quarterly,Marketing year Q1 Sep-Nov,"Food, seed, and industrial use",Million bushels,1688.915,42900421.6243988
2016,Quarterly,Marketing year Q2 Dec-Feb,High-fructose corn syrup (HFCS) use,Million bushels,106.709,2710533.73977848
2016,Quarterly,Marketing year Q2 Dec-Feb,Glucose and dextrose use,Million bushels,88.527,2248689.61738344
2016,Quarterly,Marketing year Q2 Dec-Feb,Starch use,Million bushels,56.361,1431635.4956719198
2016,Quarterly,Marketing year Q2 Dec-Feb,Alcohol for fuel use,Million bushels,1371.212,34830392.847736634
2016,Quarterly,Marketing year Q2 Dec-Feb,Alcohol for beverages and manufacturing use,Million bushels,36.354,923434.2330628799
2016,Quarterly,Marketing year Q2 Dec-Feb,Cereals and other products use,Million bushels,52.331,1329268.76961032
2016,Quarterly,Marketing year Q2 Dec-Feb,Seed use,Million bushels,0.0,0.0
2016,Quarterly,Marketing year Q2 Dec-Feb,"Food, seed, and industrial use",Million bushels,1711.494,43473954.70324367
2016,Quarterly,Marketing year Q3 Mar-May,High-fructose corn syrup (HFCS) use,Million bushels,120.233,3054059.19964376
2016,Quarterly,Marketing year Q3 Mar-May,Glucose and dextrose use,Million bushels,96.886,2461018.0201499197
2016,Quarterly,Marketing year Q3 Mar-May,Starch use,Million bushels,59.697,1516373.80786584
2016,Quarterly,Marketing year Q3 Mar-May,Alcohol for fuel use,Million bushels,1346.101,34192543.99956472
2016,Quarterly,Marketing year Q3 Mar-May,Alcohol for beverages and manufacturing use,Million bushels,36.718,932680.25993296
2016,Quarterly,Marketing year Q3 Mar-May,Cereals and other products use,Million bushels,54.449,1383068.4534312799
2016,Quarterly,Marketing year Q3 Mar-May,Seed use,Million bushels,27.252,692232.75896544
2016,Quarterly,Marketing year Q3 Mar-May,"Food, seed, and industrial use",Million bushels,1741.336,44231976.49955392
2016,Quarterly,Marketing year Q4 Jun-Aug,High-fructose corn syrup (HFCS) use,Million bushels,126.901,3223434.2193407197
2016,Quarterly,Marketing year Q4 Jun-Aug,Glucose and dextrose use,Million bushels,97.127,2467139.7027754397
2016,Quarterly,Marketing year Q4 Jun-Aug,Starch use,Million bushels,61.089,1551732.24029208
2016,Quarterly,Marketing year Q4 Jun-Aug,Alcohol for fuel use,Million bushels,1371.562,34839283.258188635
2016,Quarterly,Marketing year Q4 Jun-Aug,Alcohol for beverages and manufacturing use,Million bushels,37.15,943653.5665479999
2016,Quarterly,Marketing year Q4 Jun-Aug,Cereals and other products use,Million bushels,47.604,1209197.42616288
2016,Quarterly,Marketing year Q4 Jun-Aug,Seed use,Million bushels,2.052,52123.20642144
2016,Quarterly,Marketing year Q4 Jun-Aug,"Food, seed, and industrial use",Million bushels,1743.485,44286563.6197292
2016,Annual,Marketing year Sep-Aug,High-fructose corn syrup (HFCS) use,Million bushels,466.976,11861738.032094719
2016,Annual,Marketing year Sep-Aug,Glucose and dextrose use,Million bushels,371.344,9432573.082535679
2016,Annual,Marketing year Sep-Aug,Starch use,Million bushels,235.346,5978064.39496112
2016,Annual,Marketing year Sep-Aug,Alcohol for fuel use,Million bushels,5431.953,137977976.35992217
2016,Annual,Marketing year Sep-Aug,Alcohol for beverages and manufacturing use,Million bushels,146.0,3708571.2171199997
2016,Annual,Marketing year Sep-Aug,Cereals and other products use,Million bushels,204.3,5189459.586696
2016,Annual,Marketing year Sep-Aug,Seed use,Million bushels,29.304,744355.96538688
2016,Annual,Marketing year Sep-Aug,"Food, seed, and industrial use",Million bushels,6885.223,174892738.63871655
2017,Quarterly,Marketing year Q1 Sep-Nov,High-fructose corn syrup (HFCS) use,Million bushels,111.686,2836955.37640592
2017,Quarterly,Marketing year Q1 Sep-Nov,Glucose and dextrose use,Million bushels,93.512,2375314.46339264
2017,Quarterly,Marketing year Q1 Sep-Nov,Starch use,Million bushels,59.417,1509261.47950424
2017,Quarterly,Marketing year Q1 Sep-Nov,Alcohol for fuel use,Million bushels,1391.29,35340397.5936088
2017,Quarterly,Marketing year Q1 Sep-Nov,Alcohol for beverages and manufacturing use,Million bushels,36.455,925999.7515076
2017,Quarterly,Marketing year Q1 Sep-Nov,Cereals and other products use,Million bushels,50.378,1279660.27928816
2017,Quarterly,Marketing year Q1 Sep-Nov,Seed use,Million bushels,0.0,0.0
2017,Quarterly,Marketing year Q1 Sep-Nov,"Food, seed, and industrial use",Million bushels,1742.738,44267588.94370736
2017,Quarterly,Marketing year Q2 Dec-Feb,High-fructose corn syrup (HFCS) use,Million bushels,105.438,2678248.8492513597
2017,Quarterly,Marketing year Q2 Dec-Feb,Glucose and dextrose use,Million bushels,87.916,2233169.50085152
2017,Quarterly,Marketing year Q2 Dec-Feb,Starch use,Million bushels,56.905,1445453.7336316
2017,Quarterly,Marketing year Q2 Dec-Feb,Alcohol for fuel use,Million bushels,1397.464,35497224.433982074
2017,Quarterly,Marketing year Q2 Dec-Feb,Alcohol for beverages and manufacturing use,Million bushels,38.225,970959.827222
2017,Quarterly,Marketing year Q2 Dec-Feb,Cereals and other products use,Million bushels,52.824,1341791.5477612799
2017,Quarterly,Marketing year Q2 Dec-Feb,Seed use,Million bushels,0.0,0.0
2017,Quarterly,Marketing year Q2 Dec-Feb,"Food, seed, and industrial use",Million bushels,1738.772,44166847.89269984
2017,Quarterly,Marketing year Q3 Mar-May,High-fructose corn syrup (HFCS) use,Million bushels,117.937,2995738.10707864
2017,Quarterly,Marketing year Q3 Mar-May,Glucose and dextrose use,Million bushels,94.431,2398658.1411223197
2017,Quarterly,Marketing year Q3 Mar-May,Starch use,Million bushels,58.579,1487975.29676488
2017,Quarterly,Marketing year Q3 Mar-May,Alcohol for fuel use,Million bushels,1388.639,35273059.08472808
2017,Quarterly,Marketing year Q3 Mar-May,Alcohol for beverages and manufacturing use,Million bushels,38.495,977818.1438563999
2017,Quarterly,Marketing year Q3 Mar-May,Cereals and other products use,Million bushels,55.272,1403973.6185798398
2017,Quarterly,Marketing year Q3 Mar-May,Seed use,Million bushels,28.054,712604.4994868799
2017,Quarterly,Marketing year Q3 Mar-May,"Food, seed, and industrial use",Million bushels,1781.407,45249826.89161704
2017,Quarterly,Marketing year Q4 Jun-Aug,High-fructose corn syrup (HFCS) use,Million bushels,124.19,3154571.6400968
2017,Quarterly,Marketing year Q4 Jun-Aug,Glucose and dextrose use,Million bushels,95.713,2431222.44454936
2017,Quarterly,Marketing year Q4 Jun-Aug,Starch use,Million bushels,60.894,1546779.0116116798
2017,Quarterly,Marketing year Q4 Jun-Aug,Alcohol for fuel use,Million bushels,1427.434,36258497.580400474
2017,Quarterly,Marketing year Q4 Jun-Aug,Alcohol for beverages and manufacturing use,Million bushels,35.825,909997.012694
2017,Quarterly,Marketing year Q4 Jun-Aug,Cereals and other products use,Million bushels,48.226,1224996.9555947199
2017,Quarterly,Marketing year Q4 Jun-Aug,Seed use,Million bushels,1.477,37517.53210744
2017,Quarterly,Marketing year Q4 Jun-Aug,"Food, seed, and industrial use",Million bushels,1793.759,45563582.17705448
2017,Annual,Marketing year Sep-Aug,High-fructose corn syrup (HFCS) use,Million bushels,459.251,11665513.972832719
2017,Annual,Marketing year Sep-Aug,Glucose and dextrose use,Million bushels,371.572,9438364.549915839
2017,Annual,Marketing year Sep-Aug,Starch use,Million bushels,235.795,5989469.521512399
2017,Annual,Marketing year Sep-Aug,Alcohol for fuel use,Million bushels,5604.827,142369178.69271943
2017,Annual,Marketing year Sep-Aug,Alcohol for beverages and manufacturing use,Million bushels,149.0,3784774.7352799997
2017,Annual,Marketing year Sep-Aug,Cereals and other products use,Million bushels,206.7,5250422.401223999
2017,Annual,Marketing year Sep-Aug,Seed use,Million bushels,29.531,750122.03159432
2017,Annual,Marketing year Sep-Aug,"Food, seed, and industrial use",Million bushels,7056.676,179247845.9050787
2018,Quarterly,Marketing year Q1 Sep-Nov,High-fructose corn syrup (HFCS) use,Million bushels,108.189,2748127.4754040795
2018,Quarterly,Marketing year Q1 Sep-Nov,Glucose and dextrose use,Million bushels,89.408,2271068.05054976
2018,Quarterly,Marketing year Q1 Sep-Nov,Starch use,Million bushels,59.395,1508702.6537044
2018,Quarterly,Marketing year Q1 Sep-Nov,Alcohol for fuel use,Million bushels,1365.704,34690483.188394874
2018,Quarterly,Marketing year Q1 Sep-Nov,Alcohol for beverages and manufacturing use,Million bushels,36.145,918125.3879644
2018,Quarterly,Marketing year Q1 Sep-Nov,Cereals and other products use,Million bushels,51.486,1307804.7786619198
2018,Quarterly,Marketing year Q1 Sep-Nov,Seed use,Million bushels,0.0,0.0
2018,Quarterly,Marketing year Q1 Sep-Nov,"Food, seed, and industrial use",Million bushels,1710.327,43444311.534679435
2018,Quarterly,Marketing year Q2 Dec-Feb,High-fructose corn syrup (HFCS) use,Million bushels,100.086,2542301.77285392
2018,Quarterly,Marketing year Q2 Dec-Feb,Glucose and dextrose use,Million bushels,85.614,2174696.00125008
2018,Quarterly,Marketing year Q2 Dec-Feb,Starch use,Million bushels,55.759,1416343.9896944799
2018,Quarterly,Marketing year Q2 Dec-Feb,Alcohol for fuel use,Million bushels,1308.554,33238806.16744688
2018,Quarterly,Marketing year Q2 Dec-Feb,Alcohol for beverages and manufacturing use,Million bushels,40.225,1021762.1726619999
2018,Quarterly,Marketing year Q2 Dec-Feb,Cereals and other products use,Million bushels,51.365,1304731.2367628
2018,Quarterly,Marketing year Q2 Dec-Feb,Seed use,Million bushels,0.0,0.0
2018,Quarterly,Marketing year Q2 Dec-Feb,"Food, seed, and industrial use",Million bushels,1641.603,41698641.34067016
2018,Quarterly,Marketing year Q3 Mar-May,High-fructose corn syrup (HFCS) use,Million bushels,114.795,2915927.6223923997
2018,Quarterly,Marketing year Q3 Mar-May,Glucose and dextrose use,Million bushels,88.866,2257300.61493552
2018,Quarterly,Marketing year Q3 Mar-May,Starch use,Million bushels,57.686,1465292.0495259198
2018,Quarterly,Marketing year Q3 Mar-May,Alcohol for fuel use,Million bushels,1341.922,34086392.49876784
2018,Quarterly,Marketing year Q3 Mar-May,Alcohol for beverages and manufacturing use,Million bushels,38.995,990518.7302163999
2018,Quarterly,Marketing year Q3 Mar-May,Cereals and other products use,Million bushels,51.746,1314409.08356912
2018,Quarterly,Marketing year Q3 Mar-May,Seed use,Million bushels,18.521,470455.11994712
2018,Quarterly,Marketing year Q3 Mar-May,"Food, seed, and industrial use",Million bushels,1712.531,43500295.71935432
2018,Quarterly,Marketing year Q4 Jun-Aug,High-fructose corn syrup (HFCS) use,Million bushels,118.349,3006203.3902392797
2018,Quarterly,Marketing year Q4 Jun-Aug,Glucose and dextrose use,Million bushels,91.224,2317196.58020928
2018,Quarterly,Marketing year Q4 Jun-Aug,Starch use,Million bushels,57.673,1464961.83428056
2018,Quarterly,Marketing year Q4 Jun-Aug,Alcohol for fuel use,Million bushels,1361.846,34592485.46404112
2018,Quarterly,Marketing year Q4 Jun-Aug,Alcohol for beverages and manufacturing use,Million bushels,34.635,879769.6171571999
2018,Quarterly,Marketing year Q4 Jun-Aug,Cereals and other products use,Million bushels,53.903,1369199.41312616
2018,Quarterly,Marketing year Q4 Jun-Aug,Seed use,Million bushels,10.418,264629.41739695997
2018,Quarterly,Marketing year Q4 Jun-Aug,"Food, seed, and industrial use",Million bushels,1728.048,43894445.71645056
2018,Annual,Marketing year Sep-Aug,High-fructose corn syrup (HFCS) use,Million bushels,441.419,11212560.26088968
2018,Annual,Marketing year Sep-Aug,Glucose and dextrose use,Million bushels,355.112,9020261.24694464
2018,Annual,Marketing year Sep-Aug,Starch use,Million bushels,230.513,5855300.52720536
2018,Annual,Marketing year Sep-Aug,Alcohol for fuel use,Million bushels,5378.026,136608167.31865072
2018,Annual,Marketing year Sep-Aug,Alcohol for beverages and manufacturing use,Million bushels,150.0,3810175.908
2018,Annual,Marketing year Sep-Aug,Cereals and other products use,Million bushels,208.5,5296144.51212
2018,Annual,Marketing year Sep-Aug,Seed use,Million bushels,28.939,735084.5373440799
2018,Annual,Marketing year Sep-Aug,"Food, seed, and industrial use",Million bushels,6792.509,172537694.31115448
2019,Quarterly,Marketing year Q1 Sep-Nov,High-fructose corn syrup (HFCS) use,Million bushels,104.546,2655591.00318512
2019,Quarterly,Marketing year Q1 Sep-Nov,Glucose and dextrose use,Million bushels,86.253,2190927.35061816
2019,Quarterly,Marketing year Q1 Sep-Nov,Starch use,Million bushels,56.613,1438036.5911973598
2019,Quarterly,Marketing year Q1 Sep-Nov,Alcohol for fuel use,Million bushels,1301.461,33058635.64934392
2019,Quarterly,Marketing year Q1 Sep-Nov,Alcohol for beverages and manufacturing use,Million bushels,34.796,883859.2059651199
2019,Quarterly,Marketing year Q1 Sep-Nov,Cereals and other products use,Million bushels,44.335,1126160.9925412
2019,Quarterly,Marketing year Q1 Sep-Nov,Seed use,Million bushels,0.0,0.0
2019,Quarterly,Marketing year Q1 Sep-Nov,"Food, seed, and industrial use",Million bushels,1628.004,41353210.792850874
2019,Quarterly,Marketing year Q2 Dec-Feb,High-fructose corn syrup (HFCS) use,Million bushels,99.669,2531709.48382968
2019,Quarterly,Marketing year Q2 Dec-Feb,Glucose and dextrose use,Million bushels,88.388,2245158.85437536
2019,Quarterly,Marketing year Q2 Dec-Feb,Starch use,Million bushels,60.095,1526483.4746084
2019,Quarterly,Marketing year Q2 Dec-Feb,Alcohol for fuel use,Million bushels,1382.639,35120652.048408076
2019,Quarterly,Marketing year Q2 Dec-Feb,Alcohol for beverages and manufacturing use,Million bushels,36.293,921884.76152696
2019,Quarterly,Marketing year Q2 Dec-Feb,Cereals and other products use,Million bushels,46.27,1175312.2617544
2019,Quarterly,Marketing year Q2 Dec-Feb,Seed use,Million bushels,0.0,0.0
2019,Quarterly,Marketing year Q2 Dec-Feb,"Food, seed, and industrial use",Million bushels,1713.354,43521200.88450288
2019,Quarterly,Marketing year Q3 Mar-May,High-fructose corn syrup (HFCS) use,Million bushels,100.383,2549845.9211517596
2019,Quarterly,Marketing year Q3 Mar-May,Glucose and dextrose use,Million bushels,92.267,2343690.0033562398
2019,Quarterly,Marketing year Q3 Mar-May,Starch use,Million bushels,56.645,1438849.4287244
2019,Quarterly,Marketing year Q3 Mar-May,Alcohol for fuel use,Million bushels,957.969,24333536.02940568
2019,Quarterly,Marketing year Q3 Mar-May,Alcohol for beverages and manufacturing use,Million bushels,55.12,1400112.6403263998
2019,Quarterly,Marketing year Q3 Mar-May,Cereals and other products use,Million bushels,70.581,1792840.17175032
2019,Quarterly,Marketing year Q3 Mar-May,Seed use,Million bushels,27.693,703434.67613496
2019,Quarterly,Marketing year Q3 Mar-May,"Food, seed, and industrial use",Million bushels,1360.658,34562308.87084976
2019,Quarterly,Marketing year Q4 Jun-Aug,High-fructose corn syrup (HFCS) use,Million bushels,113.608,2885776.43037376
2019,Quarterly,Marketing year Q4 Jun-Aug,Glucose and dextrose use,Million bushels,89.283,2267892.90395976
2019,Quarterly,Marketing year Q4 Jun-Aug,Starch use,Million bushels,58.888,1495824.25913536
2019,Quarterly,Marketing year Q4 Jun-Aug,Alcohol for fuel use,Million bushels,1214.606,30852416.792748317
2019,Quarterly,Marketing year Q4 Jun-Aug,Alcohol for beverages and manufacturing use,Million bushels,46.791,1188546.2727415198
2019,Quarterly,Marketing year Q4 Jun-Aug,Cereals and other products use,Million bushels,58.714,1491404.4550820799
2019,Quarterly,Marketing year Q4 Jun-Aug,Seed use,Million bushels,2.084,52936.04394848
2019,Quarterly,Marketing year Q4 Jun-Aug,"Food, seed, and industrial use",Million bushels,1583.974,40234797.15798928
2019,Annual,Marketing year Sep-Aug,High-fructose corn syrup (HFCS) use,Million bushels,418.206,10622922.83854032
2019,Annual,Marketing year Sep-Aug,Glucose and dextrose use,Million bushels,356.191,9047669.11230952
2019,Annual,Marketing year Sep-Aug,Starch use,Million bushels,232.241,5899193.75366552
2019,Annual,Marketing year Sep-Aug,Alcohol for fuel use,Million bushels,4856.675,123365240.519906
2019,Annual,Marketing year Sep-Aug,Alcohol for beverages and manufacturing use,Million bushels,173.0,4394402.8805599995
2019,Annual,Marketing year Sep-Aug,Cereals and other products use,Million bushels,219.9,5585717.881128
2019,Annual,Marketing year Sep-Aug,Seed use,Million bushels,29.777,756370.72008344
2019,Annual,Marketing year Sep-Aug,"Food, seed, and industrial use",Million bushels,6285.99,159671517.7061928
2020,Quarterly,Marketing year Q1 Sep-Nov,High-fructose corn syrup (HFCS) use,Million bushels,103.785,2636260.7107451996
2020,Quarterly,Marketing year Q1 Sep-Nov,Glucose and dextrose use,Million bushels,87.762,2229257.72025264
2020,Quarterly,Marketing year Q1 Sep-Nov,Starch use,Million bushels,62.201,1579978.3443567199
2020,Quarterly,Marketing year Q1 Sep-Nov,Alcohol for fuel use,Million bushels,1268.235,32214656.284549195
2020,Quarterly,Marketing year Q1 Sep-Nov,Alcohol for beverages and manufacturing use,Million bushels,39.25,996996.02926
2020,Quarterly,Marketing year Q1 Sep-Nov,Cereals and other products use,Million bushels,51.194,1300387.63622768
2020,Quarterly,Marketing year Q1 Sep-Nov,Seed use,Million bushels,0.0,0.0
2020,Quarterly,Marketing year Q1 Sep-Nov,"Food, seed, and industrial use",Million bushels,1612.427,40957536.72539143
2020,Quarterly,Marketing year Q2 Dec-Feb,High-fructose corn syrup (HFCS) use,Million bushels,97.43,2474836.2581096
2020,Quarterly,Marketing year Q2 Dec-Feb,Glucose and dextrose use,Million bushels,86.747,2203475.52994184
2020,Quarterly,Marketing year Q2 Dec-Feb,Starch use,Million bushels,59.401,1508855.06074072
2020,Quarterly,Marketing year Q2 Dec-Feb,Alcohol for fuel use,Million bushels,1177.317,29905232.46319224
2020,Quarterly,Marketing year Q2 Dec-Feb,Alcohol for beverages and manufacturing use,Million bushels,38.779,985032.07690888
2020,Quarterly,Marketing year Q2 Dec-Feb,Cereals and other products use,Million bushels,49.052,1245978.32426144
2020,Quarterly,Marketing year Q2 Dec-Feb,Seed use,Million bushels,0.0,0.0
2020,Quarterly,Marketing year Q2 Dec-Feb,"Food, seed, and industrial use",Million bushels,1508.726,38323409.71315472
2020,Quarterly,Marketing year Q3 Mar-May,High-fructose corn syrup (HFCS) use,Million bushels,109.319,2776830.80057768
2020,Quarterly,Marketing year Q3 Mar-May,Glucose and dextrose use,Million bushels,96.18,2443084.7922096
2020,Quarterly,Marketing year Q3 Mar-May,Starch use,Million bushels,64.991,1650847.6162455198
2020,Quarterly,Marketing year Q3 Mar-May,Alcohol for fuel use,Million bushels,1275.464,32398281.36214208
2020,Quarterly,Marketing year Q3 Mar-May,Alcohol for beverages and manufacturing use,Million bushels,41.448,1052827.80689856
2020,Quarterly,Marketing year Q3 Mar-May,Cereals and other products use,Million bushels,57.406,1458179.72116432
2020,Quarterly,Marketing year Q3 Mar-May,Seed use,Million bushels,29.364,745880.03575008
2020,Quarterly,Marketing year Q3 Mar-May,"Food, seed, and industrial use",Million bushels,1674.172,42525932.13498784
2020,Quarterly,Marketing year Q4 Jun-Aug,High-fructose corn syrup (HFCS) use,Million bushels,110.04,2795145.0461088
2020,Quarterly,Marketing year Q4 Jun-Aug,Glucose and dextrose use,Million bushels,94.024,2388319.8638252798
2020,Quarterly,Marketing year Q4 Jun-Aug,Starch use,Million bushels,65.177,1655572.23437144
2020,Quarterly,Marketing year Q4 Jun-Aug,Alcohol for fuel use,Million bushels,1306.579,33188638.85132488
2020,Quarterly,Marketing year Q4 Jun-Aug,Alcohol for beverages and manufacturing use,Million bushels,37.523,953128.20397256
2020,Quarterly,Marketing year Q4 Jun-Aug,Cereals and other products use,Million bushels,56.548,1436385.5149705599
2020,Quarterly,Marketing year Q4 Jun-Aug,Seed use,Million bushels,1.223,31065.63423656
2020,Quarterly,Marketing year Q4 Jun-Aug,"Food, seed, and industrial use",Million bushels,1671.114,42448255.34881008
2020,Annual,Marketing year Sep-Aug,High-fructose corn syrup (HFCS) use,Million bushels,420.574,10683072.81554128
2020,Annual,Marketing year Sep-Aug,Glucose and dextrose use,Million bushels,364.713,9264137.90622936
2020,Annual,Marketing year Sep-Aug,Starch use,Million bushels,251.77,6395253.2557144
2020,Annual,Marketing year Sep-Aug,Alcohol for fuel use,Million bushels,5027.595,127706808.9612084
2020,Annual,Marketing year Sep-Aug,Alcohol for beverages and manufacturing use,Million bushels,157.0,3987984.11704
2020,Annual,Marketing year Sep-Aug,Cereals and other products use,Million bushels,214.2,5440931.196624
2020,Annual,Marketing year Sep-Aug,Seed use,Million bushels,30.587,776945.66998664
2020,Annual,Marketing year Sep-Aug,"Food, seed, and industrial use",Million bushels,6466.439,164255133.9223441
2021,Quarterly,Marketing year Q1 Sep-Nov,High-fructose corn syrup (HFCS) use,Million bushels,102.477,2603035.97682744
2021,Quarterly,Marketing year Q1 Sep-Nov,Glucose and dextrose use,Million bushels,93.029,2363045.6969688796
2021,Quarterly,Marketing year Q1 Sep-Nov,Starch use,Million bushels,62.199,1579927.5420112798
2021,Quarterly,Marketing year Q1 Sep-Nov,Alcohol for fuel use,Million bushels,1342.134,34091777.54738448
2021,Quarterly,Marketing year Q1 Sep-Nov,Alcohol for beverages and manufacturing use,Million bushels,37.191,944695.01462952
2021,Quarterly,Marketing year Q1 Sep-Nov,Cereals and other products use,Million bushels,52.314,1328836.94967408
2021,Quarterly,Marketing year Q1 Sep-Nov,Seed use,Million bushels,0.0,0.0
2021,Quarterly,Marketing year Q1 Sep-Nov,"Food, seed, and industrial use",Million bushels,1689.344,42911318.72749568
2021,Quarterly,Marketing year Q2 Dec-Feb,High-fructose corn syrup (HFCS) use,Million bushels,94.191,2392561.85966952
2021,Quarterly,Marketing year Q2 Dec-Feb,Glucose and dextrose use,Million bushels,89.333,2269162.96259576
2021,Quarterly,Marketing year Q2 Dec-Feb,Starch use,Million bushels,59.883,1521098.42599176
2021,Quarterly,Marketing year Q2 Dec-Feb,Alcohol for fuel use,Million bushels,1344.918,34162494.41223696
2021,Quarterly,Marketing year Q2 Dec-Feb,Alcohol for beverages and manufacturing use,Million bushels,42.665,1083741.0340987998
2021,Quarterly,Marketing year Q2 Dec-Feb,Cereals and other products use,Million bushels,51.456,1307042.74348032
2021,Quarterly,Marketing year Q2 Dec-Feb,Seed use,Million bushels,0.0,0.0
2021,Quarterly,Marketing year Q2 Dec-Feb,"Food, seed, and industrial use",Million bushels,1682.446,42736101.43807311
2021,Quarterly,Marketing year Q3 Mar-May,High-fructose corn syrup (HFCS) use,Million bushels,107.912,2741091.35056064
2021,Quarterly,Marketing year Q3 Mar-May,Glucose and dextrose use,Million bushels,98.376,2498865.76750272
2021,Quarterly,Marketing year Q3 Mar-May,Starch use,Million bushels,62.626,1590773.8427627198
2021,Quarterly,Marketing year Q3 Mar-May,Alcohol for fuel use,Million bushels,1312.286,33333603.34403792
2021,Quarterly,Marketing year Q3 Mar-May,Alcohol for beverages and manufacturing use,Million bushels,44.919,1140995.27740968
2021,Quarterly,Marketing year Q3 Mar-May,Cereals and other products use,Million bushels,56.602,1437757.1782974398
2021,Quarterly,Marketing year Q3 Mar-May,Seed use,Million bushels,25.622,650828.8474318399
2021,Quarterly,Marketing year Q3 Mar-May,"Food, seed, and industrial use",Million bushels,1708.343,43393915.60800296
2021,Quarterly,Marketing year Q4 Jun-Aug,High-fructose corn syrup (HFCS) use,Million bushels,110.817,2814881.7573122396
2021,Quarterly,Marketing year Q4 Jun-Aug,Glucose and dextrose use,Million bushels,90.294,2293573.48957968
2021,Quarterly,Marketing year Q4 Jun-Aug,Starch use,Million bushels,61.465,1561283.0812348
2021,Quarterly,Marketing year Q4 Jun-Aug,Alcohol for fuel use,Million bushels,1320.277,33536584.11524344
2021,Quarterly,Marketing year Q4 Jun-Aug,Alcohol for beverages and manufacturing use,Million bushels,36.225,920157.4817819999
2021,Quarterly,Marketing year Q4 Jun-Aug,Cereals and other products use,Million bushels,54.028,1372374.55971616
2021,Quarterly,Marketing year Q4 Jun-Aug,Seed use,Million bushels,3.494,88751.69748368001
2021,Quarterly,Marketing year Q4 Jun-Aug,"Food, seed, and industrial use",Million bushels,1676.6,42587606.182352
2021,Annual,Marketing year Sep-Aug,High-fructose corn syrup (HFCS) use,Million bushels,415.397,10551570.94436984
2021,Annual,Marketing year Sep-Aug,Glucose and dextrose use,Million bushels,371.032,9424647.91664704
2021,Annual,Marketing year Sep-Aug,Starch use,Million bushels,246.173,6253082.89200056
2021,Annual,Marketing year Sep-Aug,Alcohol for fuel use,Million bushels,5319.615,135124459.41890278
2021,Annual,Marketing year Sep-Aug,Alcohol for beverages and manufacturing use,Million bushels,161.0,4089588.8079199996
2021,Annual,Marketing year Sep-Aug,Cereals and other products use,Million bushels,214.4,5446011.431168
2021,Annual,Marketing year Sep-Aug,Seed use,Million bushels,29.116,739580.54491552
2021,Annual,Marketing year Sep-Aug,"Food, seed, and industrial use",Million bushels,6756.733,171628941.95592377
2022,Quarterly,Marketing year Q1 Sep-Nov,High-fructose corn syrup (HFCS) use,Million bushels,101.448,2576898.1700985595
2022,Quarterly,Marketing year Q1 Sep-Nov,Glucose and dextrose use,Million bushels,87.039,2210892.67237608
2022,Quarterly,Marketing year Q1 Sep-Nov,Starch use,Million bushels,58.658,1489981.9894097599
2022,Quarterly,Marketing year Q1 Sep-Nov,Alcohol for fuel use,Million bushels,1282.424,32575073.524273276
2022,Quarterly,Marketing year Q1 Sep-Nov,Alcohol for beverages and manufacturing use,Million bushels,40.241,1022168.5914255199
2022,Quarterly,Marketing year Q1 Sep-Nov,Cereals and other products use,Million bushels,57.018,1448324.06614896
2022,Quarterly,Marketing year Q1 Sep-Nov,Seed use,Million bushels,0.0,0.0
2022,Quarterly,Marketing year Q1 Sep-Nov,"Food, seed, and industrial use",Million bushels,1626.828,41323339.01373216
2022,Quarterly,Marketing year Q2 Dec-Feb,High-fructose corn syrup (HFCS) use,Million bushels,94.895,2410444.2852644
2022,Quarterly,Marketing year Q2 Dec-Feb,Glucose and dextrose use,Million bushels,84.583,2148507.3921757597
2022,Quarterly,Marketing year Q2 Dec-Feb,Starch use,Million bushels,54.309,1379512.2892504798
2022,Quarterly,Marketing year Q2 Dec-Feb,Alcohol for fuel use,Million bushels,1265.6,32147724.194431998
2022,Quarterly,Marketing year Q2 Dec-Feb,Alcohol for beverages and manufacturing use,Million bushels,37.77,959402.2936344
2022,Quarterly,Marketing year Q2 Dec-Feb,Cereals and other products use,Million bushels,51.382,1305163.0566990399
2022,Quarterly,Marketing year Q2 Dec-Feb,Seed use,Million bushels,0.0,0.0
2022,Quarterly,Marketing year Q2 Dec-Feb,"Food, seed, and industrial use",Million bushels,1588.539,40350753.51145608
2022,Quarterly,Marketing year Q3 Mar-May,High-fructose corn syrup (HFCS) use,Million bushels,104.697,2659426.58026584
2022,Quarterly,Marketing year Q3 Mar-May,Glucose and dextrose use,Million bushels,86.858,2206295.06011376
2022,Quarterly,Marketing year Q3 Mar-May,Starch use,Million bushels,53.419,1356905.2455296798
2022,Quarterly,Marketing year Q3 Mar-May,Alcohol for fuel use,Million bushels,1288.785,32736650.3839452
2022,Quarterly,Marketing year Q3 Mar-May,Alcohol for beverages and manufacturing use,Million bushels,45.411,1153492.65438792
2022,Quarterly,Marketing year Q3 Mar-May,Cereals and other products use,Million bushels,55.284,1404278.43265248
2022,Quarterly,Marketing year Q3 Mar-May,Seed use,Million bushels,29.725,755049.859102
2022,Quarterly,Marketing year Q3 Mar-May,"Food, seed, and industrial use",Million bushels,1664.179,42272098.21599688
2022,Quarterly,Marketing year Q4 Jun-Aug,High-fructose corn syrup (HFCS) use,Million bushels,107.867,2739948.29778824
2022,Quarterly,Marketing year Q4 Jun-Aug,Glucose and dextrose use,Million bushels,85.317,2167151.8529522396
2022,Quarterly,Marketing year Q4 Jun-Aug,Starch use,Million bushels,52.925,1344357.0662059998
2022,Quarterly,Marketing year Q4 Jun-Aug,Alcohol for fuel use,Million bushels,1338.843,34008182.28796296
2022,Quarterly,Marketing year Q4 Jun-Aug,Alcohol for beverages and manufacturing use,Million bushels,38.578,979926.44119216
2022,Quarterly,Marketing year Q4 Jun-Aug,Cereals and other products use,Million bushels,53.116,1349208.69019552
2022,Quarterly,Marketing year Q4 Jun-Aug,Seed use,Million bushels,1.897,48186.02464984
2022,Quarterly,Marketing year Q4 Jun-Aug,"Food, seed, and industrial use",Million bushels,1678.543,42636960.66094696
2022,Annual,Marketing year Sep-Aug,High-fructose corn syrup (HFCS) use,Million bushels,408.907,10386717.33341704
2022,Annual,Marketing year Sep-Aug,Glucose and dextrose use,Million bushels,343.797,8732846.97761784
2022,Annual,Marketing year Sep-Aug,Starch use,Million bushels,219.311,5570756.59039592
2022,Annual,Marketing year Sep-Aug,Alcohol for fuel use,Million bushels,5175.652,131467630.39061344
2022,Annual,Marketing year Sep-Aug,Alcohol for beverages and manufacturing use,Million bushels,162.0,4114989.9806399997
2022,Annual,Marketing year Sep-Aug,Cereals and other products use,Million bushels,216.8,5506974.245696
2022,Annual,Marketing year Sep-Aug,Seed use,Million bushels,31.622,803235.88375184
2022,Annual,Marketing year Sep-Aug,"Food, seed, and industrial use",Million bushels,6558.089,166583151.40213206
2023,Quarterly,Marketing year Q1 Sep-Nov,High-fructose corn syrup (HFCS) use,Million bushels,102.908,2613983.8822697597
2023,Quarterly,Marketing year Q1 Sep-Nov,Glucose and dextrose use,Million bushels,81.573,2072049.8622885598
2023,Quarterly,Marketing year Q1 Sep-Nov,Starch use,Million bushels,54.307,1379461.48690504
2023,Quarterly,Marketing year Q1 Sep-Nov,Alcohol for fuel use,Million bushels,1347.928,34238951.94212416
2023,Quarterly,Marketing year Q1 Sep-Nov,Alcohol for beverages and manufacturing use,Million bushels,41.185,1046147.2984732
2023,Quarterly,Marketing year Q1 Sep-Nov,Cereals and other products use,Million bushels,52.998,1346211.35181456
2023,Quarterly,Marketing year Q1 Sep-Nov,Seed use,Million bushels,0.0,0.0
2023,Quarterly,Marketing year Q1 Sep-Nov,"Food, seed, and industrial use",Million bushels,1680.899,42696805.82387528
2023,Quarterly,Marketing year Q2 Dec-Feb,High-fructose corn syrup (HFCS) use,Million bushels,93.991,2387481.62512552
2023,Quarterly,Marketing year Q2 Dec-Feb,Glucose and dextrose use,Million bushels,81.038,2058460.2348833599
2023,Quarterly,Marketing year Q2 Dec-Feb,Starch use,Million bushels,53.426,1357083.05373872
2023,Quarterly,Marketing year Q2 Dec-Feb,Alcohol for fuel use,Million bushels,1374.65,34917722.079548
2023,Quarterly,Marketing year Q2 Dec-Feb,Alcohol for beverages and manufacturing use,Million bushels,39.982,1015589.6876910399
2023,Quarterly,Marketing year Q2 Dec-Feb,Cereals and other products use,Million bushels,50.808,1290582.7835577598
2023,Quarterly,Marketing year Q2 Dec-Feb,Seed use,Million bushels,0.0,0.0
2023,Quarterly,Marketing year Q2 Dec-Feb,"Food, seed, and industrial use",Million bushels,1693.895,43026919.4645444
2023,Quarterly,Marketing year Q3 Mar-May,High-fructose corn syrup (HFCS) use,Million bushels,107.665,2734817.2608988
2023,Quarterly,Marketing year Q3 Mar-May,Glucose and dextrose use,Million bushels,87.776,2229613.33667072
2023,Quarterly,Marketing year Q3 Mar-May,Starch use,Million bushels,57.214,1453302.6960020799
2023,Quarterly,Marketing year Q3 Mar-May,Alcohol for fuel use,Million bushels,1354.237,34399207.94081464
2023,Quarterly,Marketing year Q3 Mar-May,Alcohol for beverages and manufacturing use,Million bushels,42.723,1085214.3021165598
2023,Quarterly,Marketing year Q3 Mar-May,Cereals and other products use,Million bushels,56.502,1435217.06102544
2023,Quarterly,Marketing year Q3 Mar-May,Seed use,Million bushels,26.552,674451.9380614399
2023,Quarterly,Marketing year Q3 Mar-May,"Food, seed, and industrial use",Million bushels,1732.669,44011824.53558968
2023,Quarterly,Marketing year Q4 Jun-Aug,High-fructose corn syrup (HFCS) use,Million bushels,113.191,2875184.14134952
2023,Quarterly,Marketing year Q4 Jun-Aug,Glucose and dextrose use,Million bushels,86.273,2191435.3740725596
2023,Quarterly,Marketing year Q4 Jun-Aug,Starch use,Million bushels,58.131,1476595.5713863198
2023,Quarterly,Marketing year Q4 Jun-Aug,Alcohol for fuel use,Million bushels,1411.763,35860435.802705355
2023,Quarterly,Marketing year Q4 Jun-Aug,Alcohol for beverages and manufacturing use,Million bushels,41.11,1044242.2105192
2023,Quarterly,Marketing year Q4 Jun-Aug,Cereals and other products use,Million bushels,58.692,1490845.6292822398
2023,Quarterly,Marketing year Q4 Jun-Aug,Seed use,Million bushels,3.282,83366.64886704
2023,Quarterly,Marketing year Q4 Jun-Aug,"Food, seed, and industrial use",Million bushels,1772.442,45022105.37818224
2023,Annual,Marketing year Sep-Aug,High-fructose corn syrup (HFCS) use,Million bushels,417.755,10611466.9096436
2023,Annual,Marketing year Sep-Aug,Glucose and dextrose use,Million bushels,336.66,8551558.8079152
2023,Annual,Marketing year Sep-Aug,Starch use,Million bushels,223.078,5666442.80803216
2023,Annual,Marketing year Sep-Aug,Alcohol for fuel use,Million bushels,5488.578,139416317.76519215
2023,Annual,Marketing year Sep-Aug,Alcohol for beverages and manufacturing use,Million bushels,165.0,4191193.4987999997
2023,Annual,Marketing year Sep-Aug,Cereals and other products use,Million bushels,219.0,5562856.82568
2023,Annual,Marketing year Sep-Aug,Seed use,Million bushels,29.834,757818.58692848
2023,Annual,Marketing year Sep-Aug,"Food, seed, and industrial use",Million bushels,6879.905,174757655.2021916
2024,Quarterly,Marketing year Q1 Sep-Nov,High-fructose corn syrup (HFCS) use,Million bushels,99.985,2539736.2544092
2024,Quarterly,Marketing year Q1 Sep-Nov,Glucose and dextrose use,Million bushels,80.954,2056326.5363748798
2024,Quarterly,Marketing year Q1 Sep-Nov,Starch use,Million bushels,56.899,1445301.3265952799
2024,Quarterly,Marketing year Q1 Sep-Nov,Alcohol for fuel use,Million bushels,1382.562,35118696.15810864
2024,Quarterly,Marketing year Q1 Sep-Nov,Alcohol for beverages and manufacturing use,Million bushels,41.708,1059432.1118057598
2024,Quarterly,Marketing year Q1 Sep-Nov,Cereals and other products use,Million bushels,56.61,1437960.3876792
2024,Quarterly,Marketing year Q1 Sep-Nov,Seed use,Million bushels,0.0,0.0
2024,Quarterly,Marketing year Q1 Sep-Nov,"Food, seed, and industrial use",Million bushels,1718.718,43657452.77497296
2024,Quarterly,Marketing year Q2 Dec-Feb,High-fructose corn syrup (HFCS) use,Million bushels,95.961,2437521.9353839196
2024,Quarterly,Marketing year Q2 Dec-Feb,Glucose and dextrose use,Million bushels,78.084,1983425.17066848
2024,Quarterly,Marketing year Q2 Dec-Feb,Starch use,Million bushels,56.085,1424624.7720012
2024,Quarterly,Marketing year Q2 Dec-Feb,Alcohol for fuel use,Million bushels,1369.12,34777253.594406396
2024,Quarterly,Marketing year Q2 Dec-Feb,Alcohol for beverages and manufacturing use,Million bushels,37.869,961917.0097336799
2024,Quarterly,Marketing year Q2 Dec-Feb,Cereals and other products use,Million bushels,52.392,1330818.24114624
2024,Quarterly,Marketing year Q2 Dec-Feb,Seed use,Million bushels,0.0,0.0
2024,Quarterly,Marketing year Q2 Dec-Feb,"Food, seed, and industrial use",Million bushels,1689.511,42915560.723339915
2024,Quarterly,Marketing year Q3 Mar-May,High-fructose corn syrup (HFCS) use,Million bushels,106.963,2716985.6376493596
2024,Quarterly,Marketing year Q3 Mar-May,Glucose and dextrose use,Million bushels,84.876,2155949.93578272
2024,Quarterly,Marketing year Q3 Mar-May,Starch use,Million bushels,56.276,1429476.39599072
2024,Quarterly,Marketing year Q3 Mar-May,Alcohol for fuel use,Million bushels,1320.556,33543671.04243232
2024,Quarterly,Marketing year Q3 Mar-May,Alcohol for beverages and manufacturing use,Million bushels,43.632,1108303.96811904
2024,Quarterly,Marketing year Q3 Mar-May,Cereals and other products use,Million bushels,57.498,1460516.6290545599
2024,Quarterly,Marketing year Q3 Mar-May,Seed use,Million bushels,29.736,755329.2720019199
2024,Quarterly,Marketing year Q3 Mar-May,"Food, seed, and industrial use",Million bushels,1699.537,43170232.88103064
2024,Quarterly,Marketing year Q4 Jun-Aug,High-fructose corn syrup (HFCS) use,Million bushels,104.596,2656861.06182112
2024,Quarterly,Marketing year Q4 Jun-Aug,Glucose and dextrose use,Million bushels,79.983,2031661.99766376
2024,Quarterly,Marketing year Q4 Jun-Aug,Starch use,Million bushels,57.108,1450610.1716937597
2024,Quarterly,Marketing year Q4 Jun-Aug,Alcohol for fuel use,Million bushels,1364.157,34651187.57419704
2024,Quarterly,Marketing year Q4 Jun-Aug,Alcohol for beverages and manufacturing use,Million bushels,43.791,1112342.7545815199
2024,Quarterly,Marketing year Q4 Jun-Aug,Cereals and other products use,Million bushels,55.5,1409765.0859599998
2024,Quarterly,Marketing year Q4 Jun-Aug,Seed use,Million bushels,2.586,65687.43265392
2024,Quarterly,Marketing year Q4 Jun-Aug,"Food, seed, and industrial use",Million bushels,1707.721,43378116.07857112
2024,Annual,Marketing year Sep-Aug,High-fructose corn syrup (HFCS) use,Million bushels,407.505,10351104.8892636
2024,Annual,Marketing year Sep-Aug,Glucose and dextrose use,Million bushels,323.897,8227363.640489839
2024,Annual,Marketing year Sep-Aug,Starch use,Million bushels,226.368,5750012.66628096
2024,Annual,Marketing year Sep-Aug,Alcohol for fuel use,Million bushels,5436.395,138090808.3691444
2024,Annual,Marketing year Sep-Aug,Alcohol for beverages and manufacturing use,Million bushels,167.0,4241995.84424
2024,Annual,Marketing year Sep-Aug,Cereals and other products use,Million bushels,222.0,5639060.343839999
2024,Annual,Marketing year Sep-Aug,Seed use,Million bushels,32.322,821016.7046558401
2024,Annual,Marketing year Sep-Aug,"Food, seed, and industrial use",Million bushels,6815.487,173121362.45791462
2025,Quarterly,Marketing year Q1 Sep-Nov,High-fructose corn syrup (HFCS) use,Million bushels,97.468,2475801.50267296
2025,Quarterly,Marketing year Q1 Sep-Nov,Glucose and dextrose use,Million bushels,74.401,1889872.65154072
2025,Quarterly,Marketing year Q1 Sep-Nov,Starch use,Million bushels,55.55,1411035.144596
2025,Quarterly,Marketing year Q1 Sep-Nov,Alcohol for fuel use,Million bushels,1374.852,34922853.11643744
2025,Quarterly,Marketing year Q1 Sep-Nov,Alcohol for beverages and manufacturing use,Million bushels,40.0,1016046.9088
2025,Quarterly,Marketing year Q1 Sep-Nov,Cereals and other products use,Million bushels,55.0,1397064.4996
2025,Quarterly,Marketing year Q1 Sep-Nov,Seed use,Million bushels,0.0,0.0
2025,Quarterly,Marketing year Q1 Sep-Nov,"Food, seed, and industrial use",Million bushels,1697.271,43112673.82364712
2025,Quarterly,Marketing year Q2 Dec-Feb,High-fructose corn syrup (HFCS) use,Million bushels,90.697,2303810.16218584
2025,Quarterly,Marketing year Q2 Dec-Feb,Glucose and dextrose use,Million bushels,76.072,1932318.01115584
2025,Quarterly,Marketing year Q2 Dec-Feb,Starch use,Million bushels,54.331,1380071.11505032
2025,Quarterly,Marketing year Q2 Dec-Feb,Alcohol for fuel use,Million bushels,1375.271,34933496.207807116
2025,Quarterly,Marketing year Q2 Dec-Feb,Alcohol for beverages and manufacturing use,Million bushels,40.0,1016046.9088
2025,Quarterly,Marketing year Q2 Dec-Feb,Cereals and other products use,Million bushels,50.0,1270058.636
2025,Quarterly,Marketing year Q2 Dec-Feb,Seed use,Million bushels,0.0,0.0
2025,Quarterly,Marketing year Q2 Dec-Feb,"Food, seed, and industrial use",Million bushels,1686.371,42835801.04099912
2025,Quarterly,Marketing year Q3 Mar-May,High-fructose corn syrup (HFCS) use,Million bushels,103.207,2621578.8329130397
2025,Quarterly,Marketing year Q3 Mar-May,Glucose and dextrose use,Million bushels,81.148,2061254.3638825598
2025,Quarterly,Marketing year Q3 Mar-May,Starch use,Million bushels,57.654,1464479.21199888
2025,Quarterly,Marketing year Q3 Mar-May,Alcohol for fuel use,Million bushels,1376.709,34970023.09417848
2025,Quarterly,Marketing year Q3 Mar-May,Alcohol for beverages and manufacturing use,Million bushels,45.0,1143052.7724
2025,Quarterly,Marketing year Q3 Mar-May,Cereals and other products use,Million bushels,60.0,1524070.3632
2025,Quarterly,Marketing year Q3 Mar-May,Seed use,Million bushels,28.0,711232.83616
2025,Quarterly,Marketing year Q3 Mar-May,"Food, seed, and industrial use",Million bushels,1751.718,44495691.47473296
2025,Annual,Marketing year Sep-Aug,High-fructose corn syrup (HFCS) use,Million bushels,395.0,10033463.224399999
2025,Annual,Marketing year Sep-Aug,Glucose and dextrose use,Million bushels,315.0,8001369.4068
2025,Annual,Marketing year Sep-Aug,Starch use,Million bushels,225.0,5715263.862
2025,Annual,Marketing year Sep-Aug,Alcohol for fuel use,Million bushels,5550.0,140976508.596
2025,Annual,Marketing year Sep-Aug,Alcohol for beverages and manufacturing use,Million bushels,168.0,4267397.01696
2025,Annual,Marketing year Sep-Aug,Cereals and other products use,Million bushels,223.0,5664461.516559999
2025,Annual,Marketing year Sep-Aug,Seed use,Million bushels,29.0,736634.00888
2025,Annual,Marketing year Sep-Aug,"Food, seed, and industrial use",Million bushels,6905.0,175395097.6316
2026,Annual,Marketing year Sep-Aug,High-fructose corn syrup (HFCS) use,Million bushels,390.0,9906457.3608
2026,Annual,Marketing year Sep-Aug,Glucose and dextrose use,Million bushels,315.0,8001369.4068
2026,Annual,Marketing year Sep-Aug,Starch use,Million bushels,225.0,5715263.862
2026,Annual,Marketing year Sep-Aug,Alcohol for fuel use,Million bushels,5600.0,142246567.232
2026,Annual,Marketing year Sep-Aug,Alcohol for beverages and manufacturing use,Million bushels,169.0,4292798.18968
2026,Annual,Marketing year Sep-Aug,Cereals and other products use,Million bushels,227.0,5766066.20744
2026,Annual,Marketing year Sep-Aug,Seed use,Million bushels,29.0,736634.00888
2026,Annual,Marketing year Sep-Aug,"Food, seed, and industrial use",Million bushels,6955.0,176665156.2676
