table_type,category,item,unit,period,value
consumed,,Beverage alcohol,"1,000 bushels",2018-07,3293.0
consumed,,Beverage alcohol,"1,000 bushels",2018-08,3559.0
consumed,,Beverage alcohol,"1,000 bushels",2018-09,2808.0
consumed,,Beverage alcohol,"1,000 bushels",2018-10,3291.0
consumed,,Beverage alcohol,"1,000 bushels",2018-11,2941.0
consumed,,Beverage alcohol,"1,000 bushels",2018-12,2547.0
consumed,,Beverage alcohol,"1,000 bushels",2019-01,2869.0
consumed,,Beverage alcohol,"1,000 bushels",2019-02,2740.0
consumed,,Beverage alcohol,"1,000 bushels",2019-03,3455.0
consumed,,Beverage alcohol,"1,000 bushels",2019-04,3692.0
consumed,,Beverage alcohol,"1,000 bushels",2019-05,3327.0
consumed,,Beverage alcohol,"1,000 bushels",2019-06,3439.0
consumed,,Beverage alcohol,"1,000 bushels",2019-07,5111.0
consumed,,Beverage alcohol,"1,000 bushels",2019-08,3341.0
consumed,,Beverage alcohol,"1,000 bushels",2019-09,3300.0
consumed,,Beverage alcohol,"1,000 bushels",2019-10,3195.0
consumed,,Beverage alcohol,"1,000 bushels",2019-11,3406.0
consumed,,Beverage alcohol,"1,000 bushels",2019-12,3239.0
consumed,,Beverage alcohol,"1,000 bushels",2020-01,2699.0
consumed,,Beverage alcohol,"1,000 bushels",2020-02,2617.0
consumed,,Beverage alcohol,"1,000 bushels",2020-03,4045.0
consumed,,Beverage alcohol,"1,000 bushels",2020-04,4137.0
consumed,,Beverage alcohol,"1,000 bushels",2020-05,3992.0
consumed,,Beverage alcohol,"1,000 bushels",2020-06,3649.0
consumed,,Beverage alcohol,"1,000 bushels",2020-07,3247.0
consumed,,Beverage alcohol,"1,000 bushels",2020-08,3201.0
consumed,,Beverage alcohol,"1,000 bushels",2020-09,3862.0
consumed,,Beverage alcohol,"1,000 bushels",2020-10,3301.0
consumed,,Beverage alcohol,"1,000 bushels",2020-11,3952.0
consumed,,Beverage alcohol,"1,000 bushels",2020-12,3716.0
consumed,,Beverage alcohol,"1,000 bushels",2021-01,3291.0
consumed,,Beverage alcohol,"1,000 bushels",2021-02,2755.0
consumed,,Beverage alcohol,"1,000 bushels",2021-03,3721.0
consumed,,Beverage alcohol,"1,000 bushels",2021-04,3658.0
consumed,,Beverage alcohol,"1,000 bushels",2021-05,3852.0
consumed,,Beverage alcohol,"1,000 bushels",2021-06,3708.0
consumed,,Beverage alcohol,"1,000 bushels",2021-07,3642.0
consumed,,Beverage alcohol,"1,000 bushels",2021-08,2372.0
consumed,,Beverage alcohol,"1,000 bushels",2021-09,3413.0
consumed,,Beverage alcohol,"1,000 bushels",2021-10,3837.0
consumed,,Beverage alcohol,"1,000 bushels",2021-11,4790.0
consumed,,Beverage alcohol,"1,000 bushels",2021-12,4740.0
consumed,,Beverage alcohol,"1,000 bushels",2022-01,3787.0
consumed,,Beverage alcohol,"1,000 bushels",2022-02,4061.0
consumed,,Beverage alcohol,"1,000 bushels",2022-03,4330.0
consumed,,Beverage alcohol,"1,000 bushels",2022-04,3971.0
consumed,,Beverage alcohol,"1,000 bushels",2022-05,4646.0
consumed,,Beverage alcohol,"1,000 bushels",2022-06,3667.0
consumed,,Beverage alcohol,"1,000 bushels",2022-07,3399.0
consumed,,Beverage alcohol,"1,000 bushels",2022-08,4012.0
consumed,,Beverage alcohol,"1,000 bushels",2022-09,4474.0
consumed,,Beverage alcohol,"1,000 bushels",2022-10,4585.0
consumed,,Beverage alcohol,"1,000 bushels",2022-11,4417.0
consumed,,Beverage alcohol,"1,000 bushels",2022-12,4448.0
consumed,,Beverage alcohol,"1,000 bushels",2023-01,6082.0
consumed,,Beverage alcohol,"1,000 bushels",2023-02,3362.0
consumed,,Beverage alcohol,"1,000 bushels",2023-03,5707.0
consumed,,Beverage alcohol,"1,000 bushels",2023-04,6355.0
consumed,,Beverage alcohol,"1,000 bushels",2023-05,5149.0
consumed,,Beverage alcohol,"1,000 bushels",2023-06,5406.0
consumed,,Beverage alcohol,"1,000 bushels",2023-07,4877.0
consumed,,Beverage alcohol,"1,000 bushels",2023-08,4956.0
consumed,,Beverage alcohol,"1,000 bushels",2023-09,5381.0
consumed,,Beverage alcohol,"1,000 bushels",2023-10,6421.0
consumed,,Beverage alcohol,"1,000 bushels",2023-11,5351.0
consumed,,Beverage alcohol,"1,000 bushels",2023-12,3795.0
consumed,,Beverage alcohol,"1,000 bushels",2024-01,3999.0
consumed,,Beverage alcohol,"1,000 bushels",2024-02,4535.0
consumed,,Beverage alcohol,"1,000 bushels",2024-03,4300.0
consumed,,Beverage alcohol,"1,000 bushels",2024-04,4157.0
consumed,,Beverage alcohol,"1,000 bushels",2024-05,3747.0
consumed,,Beverage alcohol,"1,000 bushels",2024-06,4032.0
consumed,,Beverage alcohol,"1,000 bushels",2024-07,4636.0
consumed,,Beverage alcohol,"1,000 bushels",2024-08,3913.0
consumed,,Beverage alcohol,"1,000 bushels",2024-09,3513.0
consumed,,Beverage alcohol,"1,000 bushels",2024-10,3494.0
consumed,,Beverage alcohol,"1,000 bushels",2024-11,3876.0
consumed,,Beverage alcohol,"1,000 bushels",2024-12,3184.0
consumed,,Beverage alcohol,"1,000 bushels",2025-01,2847.0
consumed,,Beverage alcohol,"1,000 bushels",2025-02,3036.0
consumed,,Beverage alcohol,"1,000 bushels",2025-03,4208.0
consumed,,Beverage alcohol,"1,000 bushels",2025-04,2683.0
consumed,,Beverage alcohol,"1,000 bushels",2025-05,3800.0
consumed,,Beverage alcohol,"1,000 bushels",2025-06,3057.0
consumed,,Beverage alcohol,"1,000 bushels",2025-07,2778.0
consumed,,Beverage alcohol,"1,000 bushels",2025-08,3407.0
consumed,,Beverage alcohol,"1,000 bushels",2025-09,3639.0
consumed,,Beverage alcohol,"1,000 bushels",2025-10,3511.0
consumed,,Beverage alcohol,"1,000 bushels",2025-11,3447.0
consumed,,Beverage alcohol,"1,000 bushels",2025-12,3153.0
consumed,,Beverage alcohol,"1,000 bushels",2026-01,3466.0
consumed,,Beverage alcohol,"1,000 bushels",2026-02,3238.0
consumed,,Beverage alcohol,"1,000 bushels",2026-03,3647.0
consumed,,Beverage alcohol,"1,000 bushels",2026-04,4267.0
consumed,,Beverage alcohol,"1,000 bushels",2026-05,3819.0
consumed,,Beverage alcohol,"1,000 bushels",2026-06,3832.0
consumed,,Beverage alcohol,"1,000 bushels",2026-07,3704.0
consumed,,Beverage alcohol,"1,000 bushels",2026-08,3309.0
consumed,Fuel alcohol,Fuel alcohol,"1,000 bushels",2018-07,481320.0
consumed,Fuel alcohol,Fuel alcohol,"1,000 bushels",2018-08,483374.0
consumed,Fuel alcohol,Fuel alcohol,"1,000 bushels",2018-09,449288.0
consumed,Fuel alcohol,Fuel alcohol,"1,000 bushels",2018-10,461883.0
consumed,Fuel alcohol,Fuel alcohol,"1,000 bushels",2018-11,454533.0
consumed,Fuel alcohol,Fuel alcohol,"1,000 bushels",2018-12,461644.0
consumed,Fuel alcohol,Fuel alcohol,"1,000 bushels",2019-01,444016.0
consumed,Fuel alcohol,Fuel alcohol,"1,000 bushels",2019-02,402894.0
consumed,Fuel alcohol,Fuel alcohol,"1,000 bushels",2019-03,441960.0
consumed,Fuel alcohol,Fuel alcohol,"1,000 bushels",2019-04,440477.0
consumed,Fuel alcohol,Fuel alcohol,"1,000 bushels",2019-05,459485.0
consumed,Fuel alcohol,Fuel alcohol,"1,000 bushels",2019-06,456431.0
consumed,Fuel alcohol,Fuel alcohol,"1,000 bushels",2019-07,450782.0
consumed,Fuel alcohol,Fuel alcohol,"1,000 bushels",2019-08,454633.0
consumed,Fuel alcohol,Fuel alcohol,"1,000 bushels",2019-09,405685.0
consumed,Fuel alcohol,Fuel alcohol,"1,000 bushels",2019-10,439116.0
consumed,Fuel alcohol,Fuel alcohol,"1,000 bushels",2019-11,456660.0
consumed,Fuel alcohol,Fuel alcohol,"1,000 bushels",2019-12,479214.0
consumed,Fuel alcohol,Fuel alcohol,"1,000 bushels",2020-01,469463.0
consumed,Fuel alcohol,Fuel alcohol,"1,000 bushels",2020-02,433962.0
consumed,Fuel alcohol,Fuel alcohol,"1,000 bushels",2020-03,411812.0
consumed,Fuel alcohol,Fuel alcohol,"1,000 bushels",2020-04,244983.0
consumed,Fuel alcohol,Fuel alcohol,"1,000 bushels",2020-05,301174.0
consumed,Fuel alcohol,Fuel alcohol,"1,000 bushels",2020-06,379246.0
consumed,Fuel alcohol,Fuel alcohol,"1,000 bushels",2020-07,424251.0
consumed,Fuel alcohol,Fuel alcohol,"1,000 bushels",2020-08,411109.0
consumed,Fuel alcohol,Fuel alcohol,"1,000 bushels",2020-09,402407.0
consumed,Fuel alcohol,Fuel alcohol,"1,000 bushels",2020-10,434167.0
consumed,Fuel alcohol,Fuel alcohol,"1,000 bushels",2020-11,431661.0
consumed,Fuel alcohol,Fuel alcohol,"1,000 bushels",2020-12,431731.0
consumed,Fuel alcohol,Fuel alcohol,"1,000 bushels",2021-01,417027.0
consumed,Fuel alcohol,Fuel alcohol,"1,000 bushels",2021-02,332926.0
consumed,Fuel alcohol,Fuel alcohol,"1,000 bushels",2021-03,420374.0
consumed,Fuel alcohol,Fuel alcohol,"1,000 bushels",2021-04,407524.0
consumed,Fuel alcohol,Fuel alcohol,"1,000 bushels",2021-05,448001.0
consumed,Fuel alcohol,Fuel alcohol,"1,000 bushels",2021-06,439529.0
consumed,Fuel alcohol,Fuel alcohol,"1,000 bushels",2021-07,450321.0
consumed,Fuel alcohol,Fuel alcohol,"1,000 bushels",2021-08,416836.0
consumed,Fuel alcohol,Fuel alcohol,"1,000 bushels",2021-09,407131.0
consumed,Fuel alcohol,Fuel alcohol,"1,000 bushels",2021-10,467952.0
consumed,Fuel alcohol,Fuel alcohol,"1,000 bushels",2021-11,466867.0
consumed,Fuel alcohol,Fuel alcohol,"1,000 bushels",2021-12,477878.0
consumed,Fuel alcohol,Fuel alcohol,"1,000 bushels",2022-01,463512.0
consumed,Fuel alcohol,Fuel alcohol,"1,000 bushels",2022-02,406075.0
consumed,Fuel alcohol,Fuel alcohol,"1,000 bushels",2022-03,453274.0
consumed,Fuel alcohol,Fuel alcohol,"1,000 bushels",2022-04,415962.0
consumed,Fuel alcohol,Fuel alcohol,"1,000 bushels",2022-05,446600.0
consumed,Fuel alcohol,Fuel alcohol,"1,000 bushels",2022-06,444176.0
consumed,Fuel alcohol,Fuel alcohol,"1,000 bushels",2022-07,445741.0
consumed,Fuel alcohol,Fuel alcohol,"1,000 bushels",2022-08,430602.0
consumed,Fuel alcohol,Fuel alcohol,"1,000 bushels",2022-09,383273.0
consumed,Fuel alcohol,Fuel alcohol,"1,000 bushels",2022-10,448616.0
consumed,Fuel alcohol,Fuel alcohol,"1,000 bushels",2022-11,450535.0
consumed,Fuel alcohol,Fuel alcohol,"1,000 bushels",2022-12,425788.0
consumed,Fuel alcohol,Fuel alcohol,"1,000 bushels",2023-01,440961.0
consumed,Fuel alcohol,Fuel alcohol,"1,000 bushels",2023-02,398753.0
consumed,Fuel alcohol,Fuel alcohol,"1,000 bushels",2023-03,436136.0
consumed,Fuel alcohol,Fuel alcohol,"1,000 bushels",2023-04,414059.0
consumed,Fuel alcohol,Fuel alcohol,"1,000 bushels",2023-05,439011.0
consumed,Fuel alcohol,Fuel alcohol,"1,000 bushels",2023-06,442072.0
consumed,Fuel alcohol,Fuel alcohol,"1,000 bushels",2023-07,455241.0
consumed,Fuel alcohol,Fuel alcohol,"1,000 bushels",2023-08,441696.0
consumed,Fuel alcohol,Fuel alcohol,"1,000 bushels",2023-09,428419.0
consumed,Fuel alcohol,Fuel alcohol,"1,000 bushels",2023-10,462347.0
consumed,Fuel alcohol,Fuel alcohol,"1,000 bushels",2023-11,457162.0
consumed,Fuel alcohol,Fuel alcohol,"1,000 bushels",2023-12,484226.0
consumed,Fuel alcohol,Fuel alcohol,"1,000 bushels",2024-01,441076.0
consumed,Fuel alcohol,Fuel alcohol,"1,000 bushels",2024-02,445484.0
consumed,Fuel alcohol,Fuel alcohol,"1,000 bushels",2024-03,472076.0
consumed,Fuel alcohol,Fuel alcohol,"1,000 bushels",2024-04,422567.0
consumed,Fuel alcohol,Fuel alcohol,"1,000 bushels",2024-05,455399.0
consumed,Fuel alcohol,Fuel alcohol,"1,000 bushels",2024-06,446136.0
consumed,Fuel alcohol,Fuel alcohol,"1,000 bushels",2024-07,483870.0
consumed,Fuel alcohol,Fuel alcohol,"1,000 bushels",2024-08,479548.0
consumed,Fuel alcohol,Fuel alcohol,"1,000 bushels",2024-09,447259.0
consumed,Fuel alcohol,Fuel alcohol,"1,000 bushels",2024-10,463593.0
consumed,Fuel alcohol,Fuel alcohol,"1,000 bushels",2024-11,471710.0
consumed,Fuel alcohol,Fuel alcohol,"1,000 bushels",2024-12,479455.0
consumed,Fuel alcohol,Fuel alcohol,"1,000 bushels",2025-01,467927.0
consumed,Fuel alcohol,Fuel alcohol,"1,000 bushels",2025-02,421738.0
consumed,Fuel alcohol,Fuel alcohol,"1,000 bushels",2025-03,452888.0
consumed,Fuel alcohol,Fuel alcohol,"1,000 bushels",2025-04,423248.0
consumed,Fuel alcohol,Fuel alcohol,"1,000 bushels",2025-05,444420.0
consumed,Fuel alcohol,Fuel alcohol,"1,000 bushels",2025-06,446897.0
consumed,Fuel alcohol,Fuel alcohol,"1,000 bushels",2025-07,457588.0
consumed,Fuel alcohol,Fuel alcohol,"1,000 bushels",2025-08,459373.0
consumed,Fuel alcohol,Fuel alcohol,"1,000 bushels",2025-09,435361.0
consumed,Fuel alcohol,Fuel alcohol,"1,000 bushels",2025-10,475130.0
consumed,Fuel alcohol,Fuel alcohol,"1,000 bushels",2025-11,464361.0
consumed,Fuel alcohol,Fuel alcohol,"1,000 bushels",2025-12,482611.0
consumed,Fuel alcohol,Fuel alcohol,"1,000 bushels",2026-01,461977.0
consumed,Fuel alcohol,Fuel alcohol,"1,000 bushels",2026-02,430683.0
consumed,Fuel alcohol,Fuel alcohol,"1,000 bushels",2026-03,474886.0
consumed,Fuel alcohol,Fuel alcohol,"1,000 bushels",2026-04,430039.0
consumed,Fuel alcohol,Fuel alcohol,"1,000 bushels",2026-05,473737.0
consumed,Fuel alcohol,Fuel alcohol,"1,000 bushels",2026-06,464111.0
consumed,Fuel alcohol,Fuel alcohol,"1,000 bushels",2026-07,476146.0
consumed,Fuel alcohol,Fuel alcohol,"1,000 bushels",2026-08,477732.0
consumed,Fuel alcohol,Fuel alcohol - Dry mill,"1,000 bushels",2018-07,438081.0
consumed,Fuel alcohol,Fuel alcohol - Dry mill,"1,000 bushels",2018-08,441043.0
consumed,Fuel alcohol,Fuel alcohol - Dry mill,"1,000 bushels",2018-09,410966.0
consumed,Fuel alcohol,Fuel alcohol - Dry mill,"1,000 bushels",2018-10,418645.0
consumed,Fuel alcohol,Fuel alcohol - Dry mill,"1,000 bushels",2018-11,413191.0
consumed,Fuel alcohol,Fuel alcohol - Dry mill,"1,000 bushels",2018-12,418029.0
consumed,Fuel alcohol,Fuel alcohol - Dry mill,"1,000 bushels",2019-01,405454.0
consumed,Fuel alcohol,Fuel alcohol - Dry mill,"1,000 bushels",2019-02,367273.0
consumed,Fuel alcohol,Fuel alcohol - Dry mill,"1,000 bushels",2019-03,402843.0
consumed,Fuel alcohol,Fuel alcohol - Dry mill,"1,000 bushels",2019-04,399729.0
consumed,Fuel alcohol,Fuel alcohol - Dry mill,"1,000 bushels",2019-05,418280.0
consumed,Fuel alcohol,Fuel alcohol - Dry mill,"1,000 bushels",2019-06,415763.0
consumed,Fuel alcohol,Fuel alcohol - Dry mill,"1,000 bushels",2019-07,407328.0
consumed,Fuel alcohol,Fuel alcohol - Dry mill,"1,000 bushels",2019-08,410749.0
consumed,Fuel alcohol,Fuel alcohol - Dry mill,"1,000 bushels",2019-09,365513.0
consumed,Fuel alcohol,Fuel alcohol - Dry mill,"1,000 bushels",2019-10,396666.0
consumed,Fuel alcohol,Fuel alcohol - Dry mill,"1,000 bushels",2019-11,413477.0
consumed,Fuel alcohol,Fuel alcohol - Dry mill,"1,000 bushels",2019-12,431514.0
consumed,Fuel alcohol,Fuel alcohol - Dry mill,"1,000 bushels",2020-01,424075.0
consumed,Fuel alcohol,Fuel alcohol - Dry mill,"1,000 bushels",2020-02,391617.0
consumed,Fuel alcohol,Fuel alcohol - Dry mill,"1,000 bushels",2020-03,372864.0
consumed,Fuel alcohol,Fuel alcohol - Dry mill,"1,000 bushels",2020-04,214267.0
consumed,Fuel alcohol,Fuel alcohol - Dry mill,"1,000 bushels",2020-05,257634.0
consumed,Fuel alcohol,Fuel alcohol - Dry mill,"1,000 bushels",2020-06,338741.0
consumed,Fuel alcohol,Fuel alcohol - Dry mill,"1,000 bushels",2020-07,380794.0
consumed,Fuel alcohol,Fuel alcohol - Dry mill,"1,000 bushels",2020-08,372657.0
consumed,Fuel alcohol,Fuel alcohol - Dry mill,"1,000 bushels",2020-09,363353.0
consumed,Fuel alcohol,Fuel alcohol - Dry mill,"1,000 bushels",2020-10,391203.0
consumed,Fuel alcohol,Fuel alcohol - Dry mill,"1,000 bushels",2020-11,390774.0
consumed,Fuel alcohol,Fuel alcohol - Dry mill,"1,000 bushels",2020-12,388228.0
consumed,Fuel alcohol,Fuel alcohol - Dry mill,"1,000 bushels",2021-01,375757.0
consumed,Fuel alcohol,Fuel alcohol - Dry mill,"1,000 bushels",2021-02,302663.0
consumed,Fuel alcohol,Fuel alcohol - Dry mill,"1,000 bushels",2021-03,384842.0
consumed,Fuel alcohol,Fuel alcohol - Dry mill,"1,000 bushels",2021-04,371265.0
consumed,Fuel alcohol,Fuel alcohol - Dry mill,"1,000 bushels",2021-05,410696.0
consumed,Fuel alcohol,Fuel alcohol - Dry mill,"1,000 bushels",2021-06,402866.0
consumed,Fuel alcohol,Fuel alcohol - Dry mill,"1,000 bushels",2021-07,411026.0
consumed,Fuel alcohol,Fuel alcohol - Dry mill,"1,000 bushels",2021-08,385658.0
consumed,Fuel alcohol,Fuel alcohol - Dry mill,"1,000 bushels",2021-09,371207.0
consumed,Fuel alcohol,Fuel alcohol - Dry mill,"1,000 bushels",2021-10,427001.0
consumed,Fuel alcohol,Fuel alcohol - Dry mill,"1,000 bushels",2021-11,429207.0
consumed,Fuel alcohol,Fuel alcohol - Dry mill,"1,000 bushels",2021-12,439172.0
consumed,Fuel alcohol,Fuel alcohol - Dry mill,"1,000 bushels",2022-01,427804.0
consumed,Fuel alcohol,Fuel alcohol - Dry mill,"1,000 bushels",2022-02,378454.0
consumed,Fuel alcohol,Fuel alcohol - Dry mill,"1,000 bushels",2022-03,419667.0
consumed,Fuel alcohol,Fuel alcohol - Dry mill,"1,000 bushels",2022-04,386966.0
consumed,Fuel alcohol,Fuel alcohol - Dry mill,"1,000 bushels",2022-05,412727.0
consumed,Fuel alcohol,Fuel alcohol - Dry mill,"1,000 bushels",2022-06,407831.0
consumed,Fuel alcohol,Fuel alcohol - Dry mill,"1,000 bushels",2022-07,413629.0
consumed,Fuel alcohol,Fuel alcohol - Dry mill,"1,000 bushels",2022-08,402322.0
consumed,Fuel alcohol,Fuel alcohol - Dry mill,"1,000 bushels",2022-09,355294.0
consumed,Fuel alcohol,Fuel alcohol - Dry mill,"1,000 bushels",2022-10,414444.0
consumed,Fuel alcohol,Fuel alcohol - Dry mill,"1,000 bushels",2022-11,415857.0
consumed,Fuel alcohol,Fuel alcohol - Dry mill,"1,000 bushels",2022-12,391819.0
consumed,Fuel alcohol,Fuel alcohol - Dry mill,"1,000 bushels",2023-01,403891.0
consumed,Fuel alcohol,Fuel alcohol - Dry mill,"1,000 bushels",2023-02,364752.0
consumed,Fuel alcohol,Fuel alcohol - Dry mill,"1,000 bushels",2023-03,399123.0
consumed,Fuel alcohol,Fuel alcohol - Dry mill,"1,000 bushels",2023-04,380822.0
consumed,Fuel alcohol,Fuel alcohol - Dry mill,"1,000 bushels",2023-05,406454.0
consumed,Fuel alcohol,Fuel alcohol - Dry mill,"1,000 bushels",2023-06,408283.0
consumed,Fuel alcohol,Fuel alcohol - Dry mill,"1,000 bushels",2023-07,418367.0
consumed,Fuel alcohol,Fuel alcohol - Dry mill,"1,000 bushels",2023-08,405910.0
consumed,Fuel alcohol,Fuel alcohol - Dry mill,"1,000 bushels",2023-09,394150.0
consumed,Fuel alcohol,Fuel alcohol - Dry mill,"1,000 bushels",2023-10,425311.0
consumed,Fuel alcohol,Fuel alcohol - Dry mill,"1,000 bushels",2023-11,421379.0
consumed,Fuel alcohol,Fuel alcohol - Dry mill,"1,000 bushels",2023-12,445126.0
consumed,Fuel alcohol,Fuel alcohol - Dry mill,"1,000 bushels",2024-01,407964.0
consumed,Fuel alcohol,Fuel alcohol - Dry mill,"1,000 bushels",2024-02,411877.0
consumed,Fuel alcohol,Fuel alcohol - Dry mill,"1,000 bushels",2024-03,435588.0
consumed,Fuel alcohol,Fuel alcohol - Dry mill,"1,000 bushels",2024-04,389817.0
consumed,Fuel alcohol,Fuel alcohol - Dry mill,"1,000 bushels",2024-05,420103.0
consumed,Fuel alcohol,Fuel alcohol - Dry mill,"1,000 bushels",2024-06,409860.0
consumed,Fuel alcohol,Fuel alcohol - Dry mill,"1,000 bushels",2024-07,446788.0
consumed,Fuel alcohol,Fuel alcohol - Dry mill,"1,000 bushels",2024-08,440878.0
consumed,Fuel alcohol,Fuel alcohol - Dry mill,"1,000 bushels",2024-09,409928.0
consumed,Fuel alcohol,Fuel alcohol - Dry mill,"1,000 bushels",2024-10,428519.0
consumed,Fuel alcohol,Fuel alcohol - Dry mill,"1,000 bushels",2024-11,432600.0
consumed,Fuel alcohol,Fuel alcohol - Dry mill,"1,000 bushels",2024-12,441419.0
consumed,Fuel alcohol,Fuel alcohol - Dry mill,"1,000 bushels",2025-01,428993.0
consumed,Fuel alcohol,Fuel alcohol - Dry mill,"1,000 bushels",2025-02,387540.0
consumed,Fuel alcohol,Fuel alcohol - Dry mill,"1,000 bushels",2025-03,414876.0
consumed,Fuel alcohol,Fuel alcohol - Dry mill,"1,000 bushels",2025-04,387086.0
consumed,Fuel alcohol,Fuel alcohol - Dry mill,"1,000 bushels",2025-05,408390.0
consumed,Fuel alcohol,Fuel alcohol - Dry mill,"1,000 bushels",2025-06,411046.0
consumed,Fuel alcohol,Fuel alcohol - Dry mill,"1,000 bushels",2025-07,420655.0
consumed,Fuel alcohol,Fuel alcohol - Dry mill,"1,000 bushels",2025-08,423310.0
consumed,Fuel alcohol,Fuel alcohol - Dry mill,"1,000 bushels",2025-09,397644.0
consumed,Fuel alcohol,Fuel alcohol - Dry mill,"1,000 bushels",2025-10,439641.0
consumed,Fuel alcohol,Fuel alcohol - Dry mill,"1,000 bushels",2025-11,426847.0
consumed,Fuel alcohol,Fuel alcohol - Dry mill,"1,000 bushels",2025-12,443627.0
consumed,Fuel alcohol,Fuel alcohol - Dry mill,"1,000 bushels",2026-01,423956.0
consumed,Fuel alcohol,Fuel alcohol - Dry mill,"1,000 bushels",2026-02,397601.0
consumed,Fuel alcohol,Fuel alcohol - Dry mill,"1,000 bushels",2026-03,436473.0
consumed,Fuel alcohol,Fuel alcohol - Dry mill,"1,000 bushels",2026-04,395846.0
consumed,Fuel alcohol,Fuel alcohol - Dry mill,"1,000 bushels",2026-05,435925.0
consumed,Fuel alcohol,Fuel alcohol - Dry mill,"1,000 bushels",2026-06,429405.0
consumed,Fuel alcohol,Fuel alcohol - Dry mill,"1,000 bushels",2026-07,440991.0
consumed,Fuel alcohol,Fuel alcohol - Dry mill,"1,000 bushels",2026-08,440666.0
consumed,Fuel alcohol,Fuel alcohol - Wet mill,"1,000 bushels",2018-07,43239.0
consumed,Fuel alcohol,Fuel alcohol - Wet mill,"1,000 bushels",2018-08,42331.0
consumed,Fuel alcohol,Fuel alcohol - Wet mill,"1,000 bushels",2018-09,38322.0
consumed,Fuel alcohol,Fuel alcohol - Wet mill,"1,000 bushels",2018-10,43238.0
consumed,Fuel alcohol,Fuel alcohol - Wet mill,"1,000 bushels",2018-11,41342.0
consumed,Fuel alcohol,Fuel alcohol - Wet mill,"1,000 bushels",2018-12,43615.0
consumed,Fuel alcohol,Fuel alcohol - Wet mill,"1,000 bushels",2019-01,38562.0
consumed,Fuel alcohol,Fuel alcohol - Wet mill,"1,000 bushels",2019-02,35621.0
consumed,Fuel alcohol,Fuel alcohol - Wet mill,"1,000 bushels",2019-03,39117.0
consumed,Fuel alcohol,Fuel alcohol - Wet mill,"1,000 bushels",2019-04,40748.0
consumed,Fuel alcohol,Fuel alcohol - Wet mill,"1,000 bushels",2019-05,41205.0
consumed,Fuel alcohol,Fuel alcohol - Wet mill,"1,000 bushels",2019-06,40668.0
consumed,Fuel alcohol,Fuel alcohol - Wet mill,"1,000 bushels",2019-07,43454.0
consumed,Fuel alcohol,Fuel alcohol - Wet mill,"1,000 bushels",2019-08,43884.0
consumed,Fuel alcohol,Fuel alcohol - Wet mill,"1,000 bushels",2019-09,40172.0
consumed,Fuel alcohol,Fuel alcohol - Wet mill,"1,000 bushels",2019-10,42450.0
consumed,Fuel alcohol,Fuel alcohol - Wet mill,"1,000 bushels",2019-11,43183.0
consumed,Fuel alcohol,Fuel alcohol - Wet mill,"1,000 bushels",2019-12,47700.0
consumed,Fuel alcohol,Fuel alcohol - Wet mill,"1,000 bushels",2020-01,45388.0
consumed,Fuel alcohol,Fuel alcohol - Wet mill,"1,000 bushels",2020-02,42345.0
consumed,Fuel alcohol,Fuel alcohol - Wet mill,"1,000 bushels",2020-03,38948.0
consumed,Fuel alcohol,Fuel alcohol - Wet mill,"1,000 bushels",2020-04,30716.0
consumed,Fuel alcohol,Fuel alcohol - Wet mill,"1,000 bushels",2020-05,43540.0
consumed,Fuel alcohol,Fuel alcohol - Wet mill,"1,000 bushels",2020-06,40505.0
consumed,Fuel alcohol,Fuel alcohol - Wet mill,"1,000 bushels",2020-07,43457.0
consumed,Fuel alcohol,Fuel alcohol - Wet mill,"1,000 bushels",2020-08,38452.0
consumed,Fuel alcohol,Fuel alcohol - Wet mill,"1,000 bushels",2020-09,39054.0
consumed,Fuel alcohol,Fuel alcohol - Wet mill,"1,000 bushels",2020-10,42964.0
consumed,Fuel alcohol,Fuel alcohol - Wet mill,"1,000 bushels",2020-11,40887.0
consumed,Fuel alcohol,Fuel alcohol - Wet mill,"1,000 bushels",2020-12,43503.0
consumed,Fuel alcohol,Fuel alcohol - Wet mill,"1,000 bushels",2021-01,41270.0
consumed,Fuel alcohol,Fuel alcohol - Wet mill,"1,000 bushels",2021-02,30263.0
consumed,Fuel alcohol,Fuel alcohol - Wet mill,"1,000 bushels",2021-03,35532.0
consumed,Fuel alcohol,Fuel alcohol - Wet mill,"1,000 bushels",2021-04,36259.0
consumed,Fuel alcohol,Fuel alcohol - Wet mill,"1,000 bushels",2021-05,37305.0
consumed,Fuel alcohol,Fuel alcohol - Wet mill,"1,000 bushels",2021-06,36663.0
consumed,Fuel alcohol,Fuel alcohol - Wet mill,"1,000 bushels",2021-07,39295.0
consumed,Fuel alcohol,Fuel alcohol - Wet mill,"1,000 bushels",2021-08,31178.0
consumed,Fuel alcohol,Fuel alcohol - Wet mill,"1,000 bushels",2021-09,35924.0
consumed,Fuel alcohol,Fuel alcohol - Wet mill,"1,000 bushels",2021-10,40951.0
consumed,Fuel alcohol,Fuel alcohol - Wet mill,"1,000 bushels",2021-11,37660.0
consumed,Fuel alcohol,Fuel alcohol - Wet mill,"1,000 bushels",2021-12,38706.0
consumed,Fuel alcohol,Fuel alcohol - Wet mill,"1,000 bushels",2022-01,35708.0
consumed,Fuel alcohol,Fuel alcohol - Wet mill,"1,000 bushels",2022-02,27621.0
consumed,Fuel alcohol,Fuel alcohol - Wet mill,"1,000 bushels",2022-03,33607.0
consumed,Fuel alcohol,Fuel alcohol - Wet mill,"1,000 bushels",2022-04,28996.0
consumed,Fuel alcohol,Fuel alcohol - Wet mill,"1,000 bushels",2022-05,33873.0
consumed,Fuel alcohol,Fuel alcohol - Wet mill,"1,000 bushels",2022-06,36345.0
consumed,Fuel alcohol,Fuel alcohol - Wet mill,"1,000 bushels",2022-07,32112.0
consumed,Fuel alcohol,Fuel alcohol - Wet mill,"1,000 bushels",2022-08,28280.0
consumed,Fuel alcohol,Fuel alcohol - Wet mill,"1,000 bushels",2022-09,27979.0
consumed,Fuel alcohol,Fuel alcohol - Wet mill,"1,000 bushels",2022-10,34172.0
consumed,Fuel alcohol,Fuel alcohol - Wet mill,"1,000 bushels",2022-11,34678.0
consumed,Fuel alcohol,Fuel alcohol - Wet mill,"1,000 bushels",2022-12,33969.0
consumed,Fuel alcohol,Fuel alcohol - Wet mill,"1,000 bushels",2023-01,37070.0
consumed,Fuel alcohol,Fuel alcohol - Wet mill,"1,000 bushels",2023-02,34001.0
consumed,Fuel alcohol,Fuel alcohol - Wet mill,"1,000 bushels",2023-03,37013.0
consumed,Fuel alcohol,Fuel alcohol - Wet mill,"1,000 bushels",2023-04,33237.0
consumed,Fuel alcohol,Fuel alcohol - Wet mill,"1,000 bushels",2023-05,32557.0
consumed,Fuel alcohol,Fuel alcohol - Wet mill,"1,000 bushels",2023-06,33789.0
consumed,Fuel alcohol,Fuel alcohol - Wet mill,"1,000 bushels",2023-07,36874.0
consumed,Fuel alcohol,Fuel alcohol - Wet mill,"1,000 bushels",2023-08,35786.0
consumed,Fuel alcohol,Fuel alcohol - Wet mill,"1,000 bushels",2023-09,34269.0
consumed,Fuel alcohol,Fuel alcohol - Wet mill,"1,000 bushels",2023-10,37036.0
consumed,Fuel alcohol,Fuel alcohol - Wet mill,"1,000 bushels",2023-11,35783.0
consumed,Fuel alcohol,Fuel alcohol - Wet mill,"1,000 bushels",2023-12,39100.0
consumed,Fuel alcohol,Fuel alcohol - Wet mill,"1,000 bushels",2024-01,33112.0
consumed,Fuel alcohol,Fuel alcohol - Wet mill,"1,000 bushels",2024-02,33607.0
consumed,Fuel alcohol,Fuel alcohol - Wet mill,"1,000 bushels",2024-03,36488.0
consumed,Fuel alcohol,Fuel alcohol - Wet mill,"1,000 bushels",2024-04,32750.0
consumed,Fuel alcohol,Fuel alcohol - Wet mill,"1,000 bushels",2024-05,35296.0
consumed,Fuel alcohol,Fuel alcohol - Wet mill,"1,000 bushels",2024-06,36276.0
consumed,Fuel alcohol,Fuel alcohol - Wet mill,"1,000 bushels",2024-07,37082.0
consumed,Fuel alcohol,Fuel alcohol - Wet mill,"1,000 bushels",2024-08,38670.0
consumed,Fuel alcohol,Fuel alcohol - Wet mill,"1,000 bushels",2024-09,37331.0
consumed,Fuel alcohol,Fuel alcohol - Wet mill,"1,000 bushels",2024-10,35074.0
consumed,Fuel alcohol,Fuel alcohol - Wet mill,"1,000 bushels",2024-11,39110.0
consumed,Fuel alcohol,Fuel alcohol - Wet mill,"1,000 bushels",2024-12,38036.0
consumed,Fuel alcohol,Fuel alcohol - Wet mill,"1,000 bushels",2025-01,38934.0
consumed,Fuel alcohol,Fuel alcohol - Wet mill,"1,000 bushels",2025-02,34198.0
consumed,Fuel alcohol,Fuel alcohol - Wet mill,"1,000 bushels",2025-03,38012.0
consumed,Fuel alcohol,Fuel alcohol - Wet mill,"1,000 bushels",2025-04,36162.0
consumed,Fuel alcohol,Fuel alcohol - Wet mill,"1,000 bushels",2025-05,36030.0
consumed,Fuel alcohol,Fuel alcohol - Wet mill,"1,000 bushels",2025-06,35851.0
consumed,Fuel alcohol,Fuel alcohol - Wet mill,"1,000 bushels",2025-07,36933.0
consumed,Fuel alcohol,Fuel alcohol - Wet mill,"1,000 bushels",2025-08,36063.0
consumed,Fuel alcohol,Fuel alcohol - Wet mill,"1,000 bushels",2025-09,37717.0
consumed,Fuel alcohol,Fuel alcohol - Wet mill,"1,000 bushels",2025-10,35489.0
consumed,Fuel alcohol,Fuel alcohol - Wet mill,"1,000 bushels",2025-11,37514.0
consumed,Fuel alcohol,Fuel alcohol - Wet mill,"1,000 bushels",2025-12,38984.0
consumed,Fuel alcohol,Fuel alcohol - Wet mill,"1,000 bushels",2026-01,38021.0
consumed,Fuel alcohol,Fuel alcohol - Wet mill,"1,000 bushels",2026-02,33082.0
consumed,Fuel alcohol,Fuel alcohol - Wet mill,"1,000 bushels",2026-03,38413.0
consumed,Fuel alcohol,Fuel alcohol - Wet mill,"1,000 bushels",2026-04,34193.0
consumed,Fuel alcohol,Fuel alcohol - Wet mill,"1,000 bushels",2026-05,37812.0
consumed,Fuel alcohol,Fuel alcohol - Wet mill,"1,000 bushels",2026-06,34706.0
consumed,Fuel alcohol,Fuel alcohol - Wet mill,"1,000 bushels",2026-07,35155.0
consumed,Fuel alcohol,Fuel alcohol - Wet mill,"1,000 bushels",2026-08,37066.0
consumed,,Industrial alcohol,"1,000 bushels",2018-07,6000.0
consumed,,Industrial alcohol,"1,000 bushels",2018-08,7167.0
consumed,,Industrial alcohol,"1,000 bushels",2018-09,7068.0
consumed,,Industrial alcohol,"1,000 bushels",2018-10,6754.0
consumed,,Industrial alcohol,"1,000 bushels",2018-11,5782.0
consumed,,Industrial alcohol,"1,000 bushels",2018-12,7135.0
consumed,,Industrial alcohol,"1,000 bushels",2019-01,6787.0
consumed,,Industrial alcohol,"1,000 bushels",2019-02,6157.0
consumed,,Industrial alcohol,"1,000 bushels",2019-03,7133.0
consumed,,Industrial alcohol,"1,000 bushels",2019-04,6260.0
consumed,,Industrial alcohol,"1,000 bushels",2019-05,5924.0
consumed,,Industrial alcohol,"1,000 bushels",2019-06,5926.0
consumed,,Industrial alcohol,"1,000 bushels",2019-07,7458.0
consumed,,Industrial alcohol,"1,000 bushels",2019-08,5929.0
consumed,,Industrial alcohol,"1,000 bushels",2019-09,5327.0
consumed,,Industrial alcohol,"1,000 bushels",2019-10,6324.0
consumed,,Industrial alcohol,"1,000 bushels",2019-11,6198.0
consumed,,Industrial alcohol,"1,000 bushels",2019-12,6804.0
consumed,,Industrial alcohol,"1,000 bushels",2020-01,6776.0
consumed,,Industrial alcohol,"1,000 bushels",2020-02,6809.0
consumed,,Industrial alcohol,"1,000 bushels",2020-03,7751.0
consumed,,Industrial alcohol,"1,000 bushels",2020-04,11753.0
consumed,,Industrial alcohol,"1,000 bushels",2020-05,12281.0
consumed,,Industrial alcohol,"1,000 bushels",2020-06,9515.0
consumed,,Industrial alcohol,"1,000 bushels",2020-07,9010.0
consumed,,Industrial alcohol,"1,000 bushels",2020-08,8904.0
consumed,,Industrial alcohol,"1,000 bushels",2020-09,6405.0
consumed,,Industrial alcohol,"1,000 bushels",2020-10,7053.0
consumed,,Industrial alcohol,"1,000 bushels",2020-11,5911.0
consumed,,Industrial alcohol,"1,000 bushels",2020-12,6331.0
consumed,,Industrial alcohol,"1,000 bushels",2021-01,7331.0
consumed,,Industrial alcohol,"1,000 bushels",2021-02,6684.0
consumed,,Industrial alcohol,"1,000 bushels",2021-03,7445.0
consumed,,Industrial alcohol,"1,000 bushels",2021-04,6516.0
consumed,,Industrial alcohol,"1,000 bushels",2021-05,7011.0
consumed,,Industrial alcohol,"1,000 bushels",2021-06,6244.0
consumed,,Industrial alcohol,"1,000 bushels",2021-07,6065.0
consumed,,Industrial alcohol,"1,000 bushels",2021-08,7291.0
consumed,,Industrial alcohol,"1,000 bushels",2021-09,7014.0
consumed,,Industrial alcohol,"1,000 bushels",2021-10,6092.0
consumed,,Industrial alcohol,"1,000 bushels",2021-11,6362.0
consumed,,Industrial alcohol,"1,000 bushels",2021-12,8072.0
consumed,,Industrial alcohol,"1,000 bushels",2022-01,8238.0
consumed,,Industrial alcohol,"1,000 bushels",2022-02,7119.0
consumed,,Industrial alcohol,"1,000 bushels",2022-03,8946.0
consumed,,Industrial alcohol,"1,000 bushels",2022-04,8529.0
consumed,,Industrial alcohol,"1,000 bushels",2022-05,7587.0
consumed,,Industrial alcohol,"1,000 bushels",2022-06,5183.0
consumed,,Industrial alcohol,"1,000 bushels",2022-07,7188.0
consumed,,Industrial alcohol,"1,000 bushels",2022-08,7121.0
consumed,,Industrial alcohol,"1,000 bushels",2022-09,6411.0
consumed,,Industrial alcohol,"1,000 bushels",2022-10,6898.0
consumed,,Industrial alcohol,"1,000 bushels",2022-11,5638.0
consumed,,Industrial alcohol,"1,000 bushels",2022-12,5988.0
consumed,,Industrial alcohol,"1,000 bushels",2023-01,5582.0
consumed,,Industrial alcohol,"1,000 bushels",2023-02,4970.0
consumed,,Industrial alcohol,"1,000 bushels",2023-03,5966.0
consumed,,Industrial alcohol,"1,000 bushels",2023-04,5892.0
consumed,,Industrial alcohol,"1,000 bushels",2023-05,7520.0
consumed,,Industrial alcohol,"1,000 bushels",2023-06,6263.0
consumed,,Industrial alcohol,"1,000 bushels",2023-07,4753.0
consumed,,Industrial alcohol,"1,000 bushels",2023-08,4828.0
consumed,,Industrial alcohol,"1,000 bushels",2023-09,4255.0
consumed,,Industrial alcohol,"1,000 bushels",2023-10,4750.0
consumed,,Industrial alcohol,"1,000 bushels",2023-11,6116.0
consumed,,Industrial alcohol,"1,000 bushels",2023-12,6361.0
consumed,,Industrial alcohol,"1,000 bushels",2024-01,5228.0
consumed,,Industrial alcohol,"1,000 bushels",2024-02,7413.0
consumed,,Industrial alcohol,"1,000 bushels",2024-03,8421.0
consumed,,Industrial alcohol,"1,000 bushels",2024-04,6145.0
consumed,,Industrial alcohol,"1,000 bushels",2024-05,6709.0
consumed,,Industrial alcohol,"1,000 bushels",2024-06,6862.0
consumed,,Industrial alcohol,"1,000 bushels",2024-07,6426.0
consumed,,Industrial alcohol,"1,000 bushels",2024-08,6347.0
consumed,,Industrial alcohol,"1,000 bushels",2024-09,7121.0
consumed,,Industrial alcohol,"1,000 bushels",2024-10,6765.0
consumed,,Industrial alcohol,"1,000 bushels",2024-11,6776.0
consumed,,Industrial alcohol,"1,000 bushels",2024-12,7026.0
consumed,,Industrial alcohol,"1,000 bushels",2025-01,6456.0
consumed,,Industrial alcohol,"1,000 bushels",2025-02,6092.0
consumed,,Industrial alcohol,"1,000 bushels",2025-03,6662.0
consumed,,Industrial alcohol,"1,000 bushels",2025-04,7851.0
consumed,,Industrial alcohol,"1,000 bushels",2025-05,7796.0
consumed,,Industrial alcohol,"1,000 bushels",2025-06,7905.0
consumed,,Industrial alcohol,"1,000 bushels",2025-07,8173.0
consumed,,Industrial alcohol,"1,000 bushels",2025-08,7714.0
consumed,,Industrial alcohol,"1,000 bushels",2025-09,6490.0
consumed,,Industrial alcohol,"1,000 bushels",2025-10,7558.0
consumed,,Industrial alcohol,"1,000 bushels",2025-11,6989.0
consumed,,Industrial alcohol,"1,000 bushels",2025-12,7429.0
consumed,,Industrial alcohol,"1,000 bushels",2026-01,6578.0
consumed,,Industrial alcohol,"1,000 bushels",2026-02,6426.0
consumed,,Industrial alcohol,"1,000 bushels",2026-03,5569.0
consumed,,Industrial alcohol,"1,000 bushels",2026-04,8449.0
consumed,,Industrial alcohol,"1,000 bushels",2026-05,7428.0
consumed,,Industrial alcohol,"1,000 bushels",2026-06,8610.0
consumed,,Industrial alcohol,"1,000 bushels",2026-07,8557.0
consumed,,Industrial alcohol,"1,000 bushels",2026-08,8046.0
consumed,,Total wet mill products other than fuel,"1,000 bushels",2018-07,45253.0
consumed,,Total wet mill products other than fuel,"1,000 bushels",2018-08,44916.0
consumed,,Total wet mill products other than fuel,"1,000 bushels",2018-09,41573.0
consumed,,Total wet mill products other than fuel,"1,000 bushels",2018-10,40869.0
consumed,,Total wet mill products other than fuel,"1,000 bushels",2018-11,40248.0
consumed,,Total wet mill products other than fuel,"1,000 bushels",2018-12,40865.0
consumed,,Total wet mill products other than fuel,"1,000 bushels",2019-01,38948.0
consumed,,Total wet mill products other than fuel,"1,000 bushels",2019-02,37285.0
consumed,,Total wet mill products other than fuel,"1,000 bushels",2019-03,42605.0
consumed,,Total wet mill products other than fuel,"1,000 bushels",2019-04,42730.0
consumed,,Total wet mill products other than fuel,"1,000 bushels",2019-05,46668.0
consumed,,Total wet mill products other than fuel,"1,000 bushels",2019-06,43557.0
consumed,,Total wet mill products other than fuel,"1,000 bushels",2019-07,44229.0
consumed,,Total wet mill products other than fuel,"1,000 bushels",2019-08,43906.0
consumed,,Total wet mill products other than fuel,"1,000 bushels",2019-09,39683.0
consumed,,Total wet mill products other than fuel,"1,000 bushels",2019-10,39577.0
consumed,,Total wet mill products other than fuel,"1,000 bushels",2019-11,40433.0
consumed,,Total wet mill products other than fuel,"1,000 bushels",2019-12,40958.0
consumed,,Total wet mill products other than fuel,"1,000 bushels",2020-01,40462.0
consumed,,Total wet mill products other than fuel,"1,000 bushels",2020-02,38197.0
consumed,,Total wet mill products other than fuel,"1,000 bushels",2020-03,43008.0
consumed,,Total wet mill products other than fuel,"1,000 bushels",2020-04,38088.0
consumed,,Total wet mill products other than fuel,"1,000 bushels",2020-05,37618.0
consumed,,Total wet mill products other than fuel,"1,000 bushels",2020-06,39715.0
consumed,,Total wet mill products other than fuel,"1,000 bushels",2020-07,40689.0
consumed,,Total wet mill products other than fuel,"1,000 bushels",2020-08,38750.0
consumed,,Total wet mill products other than fuel,"1,000 bushels",2020-09,38753.0
consumed,,Total wet mill products other than fuel,"1,000 bushels",2020-10,38286.0
consumed,,Total wet mill products other than fuel,"1,000 bushels",2020-11,39121.0
consumed,,Total wet mill products other than fuel,"1,000 bushels",2020-12,37948.0
consumed,,Total wet mill products other than fuel,"1,000 bushels",2021-01,39282.0
consumed,,Total wet mill products other than fuel,"1,000 bushels",2021-02,34022.0
consumed,,Total wet mill products other than fuel,"1,000 bushels",2021-03,42159.0
consumed,,Total wet mill products other than fuel,"1,000 bushels",2021-04,43517.0
consumed,,Total wet mill products other than fuel,"1,000 bushels",2021-05,44492.0
consumed,,Total wet mill products other than fuel,"1,000 bushels",2021-06,41881.0
consumed,,Total wet mill products other than fuel,"1,000 bushels",2021-07,43370.0
consumed,,Total wet mill products other than fuel,"1,000 bushels",2021-08,43719.0
consumed,,Total wet mill products other than fuel,"1,000 bushels",2021-09,39171.0
consumed,,Total wet mill products other than fuel,"1,000 bushels",2021-10,41748.0
consumed,,Total wet mill products other than fuel,"1,000 bushels",2021-11,40792.0
consumed,,Total wet mill products other than fuel,"1,000 bushels",2021-12,40651.0
consumed,,Total wet mill products other than fuel,"1,000 bushels",2022-01,40836.0
consumed,,Total wet mill products other than fuel,"1,000 bushels",2022-02,38464.0
consumed,,Total wet mill products other than fuel,"1,000 bushels",2022-03,42968.0
consumed,,Total wet mill products other than fuel,"1,000 bushels",2022-04,44134.0
consumed,,Total wet mill products other than fuel,"1,000 bushels",2022-05,45016.0
consumed,,Total wet mill products other than fuel,"1,000 bushels",2022-06,41545.0
consumed,,Total wet mill products other than fuel,"1,000 bushels",2022-07,43481.0
consumed,,Total wet mill products other than fuel,"1,000 bushels",2022-08,41023.0
consumed,,Total wet mill products other than fuel,"1,000 bushels",2022-09,40720.0
consumed,,Total wet mill products other than fuel,"1,000 bushels",2022-10,44477.0
consumed,,Total wet mill products other than fuel,"1,000 bushels",2022-11,40160.0
consumed,,Total wet mill products other than fuel,"1,000 bushels",2022-12,38299.0
consumed,,Total wet mill products other than fuel,"1,000 bushels",2023-01,38839.0
consumed,,Total wet mill products other than fuel,"1,000 bushels",2023-02,35844.0
consumed,,Total wet mill products other than fuel,"1,000 bushels",2023-03,40557.0
consumed,,Total wet mill products other than fuel,"1,000 bushels",2023-04,39530.0
consumed,,Total wet mill products other than fuel,"1,000 bushels",2023-05,41550.0
consumed,,Total wet mill products other than fuel,"1,000 bushels",2023-06,39391.0
consumed,,Total wet mill products other than fuel,"1,000 bushels",2023-07,40202.0
consumed,,Total wet mill products other than fuel,"1,000 bushels",2023-08,37527.0
consumed,,Total wet mill products other than fuel,"1,000 bushels",2023-09,38353.0
consumed,,Total wet mill products other than fuel,"1,000 bushels",2023-10,38329.0
consumed,,Total wet mill products other than fuel,"1,000 bushels",2023-11,38331.0
consumed,,Total wet mill products other than fuel,"1,000 bushels",2023-12,37002.0
consumed,,Total wet mill products other than fuel,"1,000 bushels",2024-01,34404.0
consumed,,Total wet mill products other than fuel,"1,000 bushels",2024-02,38865.0
consumed,,Total wet mill products other than fuel,"1,000 bushels",2024-03,40072.0
consumed,,Total wet mill products other than fuel,"1,000 bushels",2024-04,38812.0
consumed,,Total wet mill products other than fuel,"1,000 bushels",2024-05,43825.0
consumed,,Total wet mill products other than fuel,"1,000 bushels",2024-06,41480.0
consumed,,Total wet mill products other than fuel,"1,000 bushels",2024-07,42897.0
consumed,,Total wet mill products other than fuel,"1,000 bushels",2024-08,42346.0
consumed,,Total wet mill products other than fuel,"1,000 bushels",2024-09,39612.0
consumed,,Total wet mill products other than fuel,"1,000 bushels",2024-10,39291.0
consumed,,Total wet mill products other than fuel,"1,000 bushels",2024-11,38243.0
consumed,,Total wet mill products other than fuel,"1,000 bushels",2024-12,37457.0
consumed,,Total wet mill products other than fuel,"1,000 bushels",2025-01,36745.0
consumed,,Total wet mill products other than fuel,"1,000 bushels",2025-02,34517.0
consumed,,Total wet mill products other than fuel,"1,000 bushels",2025-03,39138.0
consumed,,Total wet mill products other than fuel,"1,000 bushels",2025-04,39310.0
consumed,,Total wet mill products other than fuel,"1,000 bushels",2025-05,40438.0
consumed,,Total wet mill products other than fuel,"1,000 bushels",2025-06,39225.0
consumed,,Total wet mill products other than fuel,"1,000 bushels",2025-07,39227.0
consumed,,Total wet mill products other than fuel,"1,000 bushels",2025-08,36636.0
consumed,,Total wet mill products other than fuel,"1,000 bushels",2025-09,36342.0
consumed,,Total wet mill products other than fuel,"1,000 bushels",2025-10,35864.0
consumed,,Total wet mill products other than fuel,"1,000 bushels",2025-11,36276.0
consumed,,Total wet mill products other than fuel,"1,000 bushels",2025-12,35984.0
consumed,,Total wet mill products other than fuel,"1,000 bushels",2026-01,33960.0
consumed,,Total wet mill products other than fuel,"1,000 bushels",2026-02,34452.0
consumed,,Total wet mill products other than fuel,"1,000 bushels",2026-03,39237.0
consumed,,Total wet mill products other than fuel,"1,000 bushels",2026-04,37747.0
consumed,,Total wet mill products other than fuel,"1,000 bushels",2026-05,41737.0
consumed,,Total wet mill products other than fuel,"1,000 bushels",2026-06,40437.0
consumed,,Total wet mill products other than fuel,"1,000 bushels",2026-07,40577.0
consumed,,Total wet mill products other than fuel,"1,000 bushels",2026-08,39017.0
coproducts,Dry and wet mill,Carbon dioxide captured,tons,2018-07,260461.0
coproducts,Dry and wet mill,Carbon dioxide captured,tons,2018-08,282872.0
coproducts,Dry and wet mill,Carbon dioxide captured,tons,2018-09,260179.0
coproducts,Dry and wet mill,Carbon dioxide captured,tons,2018-10,252895.0
coproducts,Dry and wet mill,Carbon dioxide captured,tons,2018-11,222757.0
coproducts,Dry and wet mill,Carbon dioxide captured,tons,2018-12,228754.0
coproducts,Dry and wet mill,Carbon dioxide captured,tons,2019-01,262241.0
coproducts,Dry and wet mill,Carbon dioxide captured,tons,2019-02,221058.0
coproducts,Dry and wet mill,Carbon dioxide captured,tons,2019-03,242832.0
coproducts,Dry and wet mill,Carbon dioxide captured,tons,2019-04,223667.0
coproducts,Dry and wet mill,Carbon dioxide captured,tons,2019-05,235559.0
coproducts,Dry and wet mill,Carbon dioxide captured,tons,2019-06,260283.0
coproducts,Dry and wet mill,Carbon dioxide captured,tons,2019-07,254014.0
coproducts,Dry and wet mill,Carbon dioxide captured,tons,2019-08,266355.0
coproducts,Dry and wet mill,Carbon dioxide captured,tons,2019-09,253981.0
coproducts,Dry and wet mill,Carbon dioxide captured,tons,2019-10,241014.0
coproducts,Dry and wet mill,Carbon dioxide captured,tons,2019-11,222636.0
coproducts,Dry and wet mill,Carbon dioxide captured,tons,2019-12,220510.0
coproducts,Dry and wet mill,Carbon dioxide captured,tons,2020-01,216915.0
coproducts,Dry and wet mill,Carbon dioxide captured,tons,2020-02,211775.0
coproducts,Dry and wet mill,Carbon dioxide captured,tons,2020-03,218593.0
coproducts,Dry and wet mill,Carbon dioxide captured,tons,2020-04,162926.0
coproducts,Dry and wet mill,Carbon dioxide captured,tons,2020-05,149453.0
coproducts,Dry and wet mill,Carbon dioxide captured,tons,2020-06,184413.0
coproducts,Dry and wet mill,Carbon dioxide captured,tons,2020-07,190869.0
coproducts,Dry and wet mill,Carbon dioxide captured,tons,2020-08,194504.0
coproducts,Dry and wet mill,Carbon dioxide captured,tons,2020-09,185898.0
coproducts,Dry and wet mill,Carbon dioxide captured,tons,2020-10,197743.0
coproducts,Dry and wet mill,Carbon dioxide captured,tons,2020-11,185219.0
coproducts,Dry and wet mill,Carbon dioxide captured,tons,2020-12,185563.0
coproducts,Dry and wet mill,Carbon dioxide captured,tons,2021-01,193297.0
coproducts,Dry and wet mill,Carbon dioxide captured,tons,2021-02,182552.0
coproducts,Dry and wet mill,Carbon dioxide captured,tons,2021-03,237819.0
coproducts,Dry and wet mill,Carbon dioxide captured,tons,2021-04,225169.0
coproducts,Dry and wet mill,Carbon dioxide captured,tons,2021-05,229471.0
coproducts,Dry and wet mill,Carbon dioxide captured,tons,2021-06,227969.0
coproducts,Dry and wet mill,Carbon dioxide captured,tons,2021-07,233402.0
coproducts,Dry and wet mill,Carbon dioxide captured,tons,2021-08,229244.0
coproducts,Dry and wet mill,Carbon dioxide captured,tons,2021-09,234343.0
coproducts,Dry and wet mill,Carbon dioxide captured,tons,2021-10,236582.0
coproducts,Dry and wet mill,Carbon dioxide captured,tons,2021-11,219586.0
coproducts,Dry and wet mill,Carbon dioxide captured,tons,2021-12,251666.0
coproducts,Dry and wet mill,Carbon dioxide captured,tons,2022-01,229006.0
coproducts,Dry and wet mill,Carbon dioxide captured,tons,2022-02,227188.0
coproducts,Dry and wet mill,Carbon dioxide captured,tons,2022-03,249346.0
coproducts,Dry and wet mill,Carbon dioxide captured,tons,2022-04,220545.0
coproducts,Dry and wet mill,Carbon dioxide captured,tons,2022-05,241519.0
coproducts,Dry and wet mill,Carbon dioxide captured,tons,2022-06,241628.0
coproducts,Dry and wet mill,Carbon dioxide captured,tons,2022-07,240189.0
coproducts,Dry and wet mill,Carbon dioxide captured,tons,2022-08,247075.0
coproducts,Dry and wet mill,Carbon dioxide captured,tons,2022-09,215487.0
coproducts,Dry and wet mill,Carbon dioxide captured,tons,2022-10,220219.0
coproducts,Dry and wet mill,Carbon dioxide captured,tons,2022-11,227042.0
coproducts,Dry and wet mill,Carbon dioxide captured,tons,2022-12,213799.0
coproducts,Dry and wet mill,Carbon dioxide captured,tons,2023-01,213294.0
coproducts,Dry and wet mill,Carbon dioxide captured,tons,2023-02,195862.0
coproducts,Dry and wet mill,Carbon dioxide captured,tons,2023-03,213846.0
coproducts,Dry and wet mill,Carbon dioxide captured,tons,2023-04,198722.0
coproducts,Dry and wet mill,Carbon dioxide captured,tons,2023-05,218999.0
coproducts,Dry and wet mill,Carbon dioxide captured,tons,2023-06,225597.0
coproducts,Dry and wet mill,Carbon dioxide captured,tons,2023-07,207926.0
coproducts,Dry and wet mill,Carbon dioxide captured,tons,2023-08,233525.0
coproducts,Dry and wet mill,Carbon dioxide captured,tons,2023-09,203013.0
coproducts,Dry and wet mill,Carbon dioxide captured,tons,2023-10,223201.0
coproducts,Dry and wet mill,Carbon dioxide captured,tons,2023-11,198060.0
coproducts,Dry and wet mill,Carbon dioxide captured,tons,2023-12,205725.0
coproducts,Dry and wet mill,Carbon dioxide captured,tons,2024-01,200947.0
coproducts,Dry and wet mill,Carbon dioxide captured,tons,2024-02,206229.0
coproducts,Dry and wet mill,Carbon dioxide captured,tons,2024-03,211809.0
coproducts,Dry and wet mill,Carbon dioxide captured,tons,2024-04,203164.0
coproducts,Dry and wet mill,Carbon dioxide captured,tons,2024-05,233102.0
coproducts,Dry and wet mill,Carbon dioxide captured,tons,2024-06,218488.0
coproducts,Dry and wet mill,Carbon dioxide captured,tons,2024-07,234156.0
coproducts,Dry and wet mill,Carbon dioxide captured,tons,2024-08,271130.0
coproducts,Dry and wet mill,Carbon dioxide captured,tons,2024-09,245884.0
coproducts,Dry and wet mill,Carbon dioxide captured,tons,2024-10,263744.0
coproducts,Dry and wet mill,Carbon dioxide captured,tons,2024-11,219971.0
coproducts,Dry and wet mill,Carbon dioxide captured,tons,2024-12,238231.0
coproducts,Dry and wet mill,Carbon dioxide captured,tons,2025-01,247417.0
coproducts,Dry and wet mill,Carbon dioxide captured,tons,2025-02,217754.0
coproducts,Dry and wet mill,Carbon dioxide captured,tons,2025-03,241425.0
coproducts,Dry and wet mill,Carbon dioxide captured,tons,2025-04,242477.0
coproducts,Dry and wet mill,Carbon dioxide captured,tons,2025-05,260129.0
coproducts,Dry and wet mill,Carbon dioxide captured,tons,2025-06,250897.0
coproducts,Dry and wet mill,Carbon dioxide captured,tons,2025-07,258140.0
coproducts,Dry and wet mill,Carbon dioxide captured,tons,2025-08,268024.0
coproducts,Dry and wet mill,Carbon dioxide captured,tons,2025-09,256605.0
coproducts,Dry and wet mill,Carbon dioxide captured,tons,2025-10,254508.0
coproducts,Dry and wet mill,Carbon dioxide captured,tons,2025-11,226918.0
coproducts,Dry and wet mill,Carbon dioxide captured,tons,2025-12,238670.0
coproducts,Dry and wet mill,Carbon dioxide captured,tons,2026-01,227280.0
coproducts,Dry and wet mill,Carbon dioxide captured,tons,2026-02,228160.0
coproducts,Dry and wet mill,Carbon dioxide captured,tons,2026-03,237657.0
coproducts,Dry and wet mill,Carbon dioxide captured,tons,2026-04,242753.0
coproducts,Dry and wet mill,Carbon dioxide captured,tons,2026-05,251627.0
coproducts,Dry and wet mill,Carbon dioxide captured,tons,2026-06,261483.0
coproducts,Dry and wet mill,Carbon dioxide captured,tons,2026-07,284535.0
coproducts,Dry and wet mill,Carbon dioxide captured,tons,2026-08,292163.0
coproducts,Dry mill,Condensed distillers solubles (CDS - syrup),tons,2018-07,127335.0
coproducts,Dry mill,Condensed distillers solubles (CDS - syrup),tons,2018-08,134308.0
coproducts,Dry mill,Condensed distillers solubles (CDS - syrup),tons,2018-09,131317.0
coproducts,Dry mill,Condensed distillers solubles (CDS - syrup),tons,2018-10,124404.0
coproducts,Dry mill,Condensed distillers solubles (CDS - syrup),tons,2018-11,128805.0
coproducts,Dry mill,Condensed distillers solubles (CDS - syrup),tons,2018-12,134094.0
coproducts,Dry mill,Condensed distillers solubles (CDS - syrup),tons,2019-01,118145.0
coproducts,Dry mill,Condensed distillers solubles (CDS - syrup),tons,2019-02,109504.0
coproducts,Dry mill,Condensed distillers solubles (CDS - syrup),tons,2019-03,115583.0
coproducts,Dry mill,Condensed distillers solubles (CDS - syrup),tons,2019-04,127703.0
coproducts,Dry mill,Condensed distillers solubles (CDS - syrup),tons,2019-05,115995.0
coproducts,Dry mill,Condensed distillers solubles (CDS - syrup),tons,2019-06,97365.0
coproducts,Dry mill,Condensed distillers solubles (CDS - syrup),tons,2019-07,108366.0
coproducts,Dry mill,Condensed distillers solubles (CDS - syrup),tons,2019-08,95690.0
coproducts,Dry mill,Condensed distillers solubles (CDS - syrup),tons,2019-09,102911.0
coproducts,Dry mill,Condensed distillers solubles (CDS - syrup),tons,2019-10,93867.0
coproducts,Dry mill,Condensed distillers solubles (CDS - syrup),tons,2019-11,99399.0
coproducts,Dry mill,Condensed distillers solubles (CDS - syrup),tons,2019-12,101158.0
coproducts,Dry mill,Condensed distillers solubles (CDS - syrup),tons,2020-01,121740.0
coproducts,Dry mill,Condensed distillers solubles (CDS - syrup),tons,2020-02,102244.0
coproducts,Dry mill,Condensed distillers solubles (CDS - syrup),tons,2020-03,99381.0
coproducts,Dry mill,Condensed distillers solubles (CDS - syrup),tons,2020-04,78229.0
coproducts,Dry mill,Condensed distillers solubles (CDS - syrup),tons,2020-05,80971.0
coproducts,Dry mill,Condensed distillers solubles (CDS - syrup),tons,2020-06,84914.0
coproducts,Dry mill,Condensed distillers solubles (CDS - syrup),tons,2020-07,86911.0
coproducts,Dry mill,Condensed distillers solubles (CDS - syrup),tons,2020-08,85241.0
coproducts,Dry mill,Condensed distillers solubles (CDS - syrup),tons,2020-09,83741.0
coproducts,Dry mill,Condensed distillers solubles (CDS - syrup),tons,2020-10,87708.0
coproducts,Dry mill,Condensed distillers solubles (CDS - syrup),tons,2020-11,73803.0
coproducts,Dry mill,Condensed distillers solubles (CDS - syrup),tons,2020-12,74497.0
coproducts,Dry mill,Condensed distillers solubles (CDS - syrup),tons,2021-01,79610.0
coproducts,Dry mill,Condensed distillers solubles (CDS - syrup),tons,2021-02,92525.0
coproducts,Dry mill,Condensed distillers solubles (CDS - syrup),tons,2021-03,90530.0
coproducts,Dry mill,Condensed distillers solubles (CDS - syrup),tons,2021-04,86074.0
coproducts,Dry mill,Condensed distillers solubles (CDS - syrup),tons,2021-05,95299.0
coproducts,Dry mill,Condensed distillers solubles (CDS - syrup),tons,2021-06,102483.0
coproducts,Dry mill,Condensed distillers solubles (CDS - syrup),tons,2021-07,88506.0
coproducts,Dry mill,Condensed distillers solubles (CDS - syrup),tons,2021-08,76361.0
coproducts,Dry mill,Condensed distillers solubles (CDS - syrup),tons,2021-09,85920.0
coproducts,Dry mill,Condensed distillers solubles (CDS - syrup),tons,2021-10,95239.0
coproducts,Dry mill,Condensed distillers solubles (CDS - syrup),tons,2021-11,87051.0
coproducts,Dry mill,Condensed distillers solubles (CDS - syrup),tons,2021-12,94168.0
coproducts,Dry mill,Condensed distillers solubles (CDS - syrup),tons,2022-01,100263.0
coproducts,Dry mill,Condensed distillers solubles (CDS - syrup),tons,2022-02,103037.0
coproducts,Dry mill,Condensed distillers solubles (CDS - syrup),tons,2022-03,103439.0
coproducts,Dry mill,Condensed distillers solubles (CDS - syrup),tons,2022-04,106992.0
coproducts,Dry mill,Condensed distillers solubles (CDS - syrup),tons,2022-05,105078.0
coproducts,Dry mill,Condensed distillers solubles (CDS - syrup),tons,2022-06,109555.0
coproducts,Dry mill,Condensed distillers solubles (CDS - syrup),tons,2022-07,94830.0
coproducts,Dry mill,Condensed distillers solubles (CDS - syrup),tons,2022-08,88329.0
coproducts,Dry mill,Condensed distillers solubles (CDS - syrup),tons,2022-09,101728.0
coproducts,Dry mill,Condensed distillers solubles (CDS - syrup),tons,2022-10,102605.0
coproducts,Dry mill,Condensed distillers solubles (CDS - syrup),tons,2022-11,98182.0
coproducts,Dry mill,Condensed distillers solubles (CDS - syrup),tons,2022-12,96964.0
coproducts,Dry mill,Condensed distillers solubles (CDS - syrup),tons,2023-01,100116.0
coproducts,Dry mill,Condensed distillers solubles (CDS - syrup),tons,2023-02,77506.0
coproducts,Dry mill,Condensed distillers solubles (CDS - syrup),tons,2023-03,81415.0
coproducts,Dry mill,Condensed distillers solubles (CDS - syrup),tons,2023-04,88609.0
coproducts,Dry mill,Condensed distillers solubles (CDS - syrup),tons,2023-05,101166.0
coproducts,Dry mill,Condensed distillers solubles (CDS - syrup),tons,2023-06,117041.0
coproducts,Dry mill,Condensed distillers solubles (CDS - syrup),tons,2023-07,110547.0
coproducts,Dry mill,Condensed distillers solubles (CDS - syrup),tons,2023-08,118801.0
coproducts,Dry mill,Condensed distillers solubles (CDS - syrup),tons,2023-09,104989.0
coproducts,Dry mill,Condensed distillers solubles (CDS - syrup),tons,2023-10,114333.0
coproducts,Dry mill,Condensed distillers solubles (CDS - syrup),tons,2023-11,122984.0
coproducts,Dry mill,Condensed distillers solubles (CDS - syrup),tons,2023-12,95804.0
coproducts,Dry mill,Condensed distillers solubles (CDS - syrup),tons,2024-01,93349.0
coproducts,Dry mill,Condensed distillers solubles (CDS - syrup),tons,2024-02,78910.0
coproducts,Dry mill,Condensed distillers solubles (CDS - syrup),tons,2024-03,84812.0
coproducts,Dry mill,Condensed distillers solubles (CDS - syrup),tons,2024-04,88403.0
coproducts,Dry mill,Condensed distillers solubles (CDS - syrup),tons,2024-05,95712.0
coproducts,Dry mill,Condensed distillers solubles (CDS - syrup),tons,2024-06,106473.0
coproducts,Dry mill,Condensed distillers solubles (CDS - syrup),tons,2024-07,90835.0
coproducts,Dry mill,Condensed distillers solubles (CDS - syrup),tons,2024-08,97561.0
coproducts,Dry mill,Condensed distillers solubles (CDS - syrup),tons,2024-09,95091.0
coproducts,Dry mill,Condensed distillers solubles (CDS - syrup),tons,2024-10,112013.0
coproducts,Dry mill,Condensed distillers solubles (CDS - syrup),tons,2024-11,116335.0
coproducts,Dry mill,Condensed distillers solubles (CDS - syrup),tons,2024-12,120144.0
coproducts,Dry mill,Condensed distillers solubles (CDS - syrup),tons,2025-01,121213.0
coproducts,Dry mill,Condensed distillers solubles (CDS - syrup),tons,2025-02,101079.0
coproducts,Dry mill,Condensed distillers solubles (CDS - syrup),tons,2025-03,112630.0
coproducts,Dry mill,Condensed distillers solubles (CDS - syrup),tons,2025-04,111885.0
coproducts,Dry mill,Condensed distillers solubles (CDS - syrup),tons,2025-05,123543.0
coproducts,Dry mill,Condensed distillers solubles (CDS - syrup),tons,2025-06,107201.0
coproducts,Dry mill,Condensed distillers solubles (CDS - syrup),tons,2025-07,123979.0
coproducts,Dry mill,Condensed distillers solubles (CDS - syrup),tons,2025-08,121200.0
coproducts,Dry mill,Condensed distillers solubles (CDS - syrup),tons,2025-09,110359.0
coproducts,Dry mill,Condensed distillers solubles (CDS - syrup),tons,2025-10,108631.0
coproducts,Dry mill,Condensed distillers solubles (CDS - syrup),tons,2025-11,110140.0
coproducts,Dry mill,Condensed distillers solubles (CDS - syrup),tons,2025-12,117691.0
coproducts,Dry mill,Condensed distillers solubles (CDS - syrup),tons,2026-01,119168.0
coproducts,Dry mill,Condensed distillers solubles (CDS - syrup),tons,2026-02,111682.0
coproducts,Dry mill,Condensed distillers solubles (CDS - syrup),tons,2026-03,116098.0
coproducts,Dry mill,Condensed distillers solubles (CDS - syrup),tons,2026-04,118328.0
coproducts,Dry mill,Condensed distillers solubles (CDS - syrup),tons,2026-05,125760.0
coproducts,Dry mill,Condensed distillers solubles (CDS - syrup),tons,2026-06,130293.0
coproducts,Dry mill,Condensed distillers solubles (CDS - syrup),tons,2026-07,120964.0
coproducts,Dry mill,Condensed distillers solubles (CDS - syrup),tons,2026-08,120765.0
coproducts,Wet mill,Corn germ meal,tons,2018-07,60800.0
coproducts,Wet mill,Corn germ meal,tons,2018-08,55012.0
coproducts,Wet mill,Corn germ meal,tons,2018-09,59668.0
coproducts,Wet mill,Corn germ meal,tons,2018-10,61021.0
coproducts,Wet mill,Corn germ meal,tons,2018-11,54967.0
coproducts,Wet mill,Corn germ meal,tons,2018-12,60677.0
coproducts,Wet mill,Corn germ meal,tons,2019-01,61166.0
coproducts,Wet mill,Corn germ meal,tons,2019-02,56218.0
coproducts,Wet mill,Corn germ meal,tons,2019-03,61001.0
coproducts,Wet mill,Corn germ meal,tons,2019-04,69703.0
coproducts,Wet mill,Corn germ meal,tons,2019-05,68852.0
coproducts,Wet mill,Corn germ meal,tons,2019-06,66291.0
coproducts,Wet mill,Corn germ meal,tons,2019-07,72397.0
coproducts,Wet mill,Corn germ meal,tons,2019-08,61915.0
coproducts,Wet mill,Corn germ meal,tons,2019-09,64059.0
coproducts,Wet mill,Corn germ meal,tons,2019-10,51988.0
coproducts,Wet mill,Corn germ meal,tons,2019-11,63073.0
coproducts,Wet mill,Corn germ meal,tons,2019-12,68957.0
coproducts,Wet mill,Corn germ meal,tons,2020-01,68154.0
coproducts,Wet mill,Corn germ meal,tons,2020-02,63305.0
coproducts,Wet mill,Corn germ meal,tons,2020-03,69960.0
coproducts,Wet mill,Corn germ meal,tons,2020-04,51929.0
coproducts,Wet mill,Corn germ meal,tons,2020-05,64200.0
coproducts,Wet mill,Corn germ meal,tons,2020-06,65113.0
coproducts,Wet mill,Corn germ meal,tons,2020-07,65831.0
coproducts,Wet mill,Corn germ meal,tons,2020-08,53576.0
coproducts,Wet mill,Corn germ meal,tons,2020-09,50401.0
coproducts,Wet mill,Corn germ meal,tons,2020-10,43242.0
coproducts,Wet mill,Corn germ meal,tons,2020-11,53825.0
coproducts,Wet mill,Corn germ meal,tons,2020-12,47715.0
coproducts,Wet mill,Corn germ meal,tons,2021-01,53242.0
coproducts,Wet mill,Corn germ meal,tons,2021-02,44416.0
coproducts,Wet mill,Corn germ meal,tons,2021-03,50088.0
coproducts,Wet mill,Corn germ meal,tons,2021-04,63568.0
coproducts,Wet mill,Corn germ meal,tons,2021-05,64607.0
coproducts,Wet mill,Corn germ meal,tons,2021-06,56403.0
coproducts,Wet mill,Corn germ meal,tons,2021-07,63732.0
coproducts,Wet mill,Corn germ meal,tons,2021-08,54576.0
coproducts,Wet mill,Corn germ meal,tons,2021-09,57868.0
coproducts,Wet mill,Corn germ meal,tons,2021-10,65635.0
coproducts,Wet mill,Corn germ meal,tons,2021-11,61842.0
coproducts,Wet mill,Corn germ meal,tons,2021-12,63314.0
coproducts,Wet mill,Corn germ meal,tons,2022-01,53504.0
coproducts,Wet mill,Corn germ meal,tons,2022-02,48016.0
coproducts,Wet mill,Corn germ meal,tons,2022-03,61909.0
coproducts,Wet mill,Corn germ meal,tons,2022-04,59351.0
coproducts,Wet mill,Corn germ meal,tons,2022-05,62882.0
coproducts,Wet mill,Corn germ meal,tons,2022-06,58667.0
coproducts,Wet mill,Corn germ meal,tons,2022-07,57800.0
coproducts,Wet mill,Corn germ meal,tons,2022-08,61012.0
coproducts,Wet mill,Corn germ meal,tons,2022-09,48056.0
coproducts,Wet mill,Corn germ meal,tons,2022-10,56209.0
coproducts,Wet mill,Corn germ meal,tons,2022-11,53561.0
coproducts,Wet mill,Corn germ meal,tons,2022-12,48546.0
coproducts,Wet mill,Corn germ meal,tons,2023-01,48319.0
coproducts,Wet mill,Corn germ meal,tons,2023-02,44421.0
coproducts,Wet mill,Corn germ meal,tons,2023-03,48872.0
coproducts,Wet mill,Corn germ meal,tons,2023-04,46599.0
coproducts,Wet mill,Corn germ meal,tons,2023-05,50169.0
coproducts,Wet mill,Corn germ meal,tons,2023-06,45709.0
coproducts,Wet mill,Corn germ meal,tons,2023-07,48269.0
coproducts,Wet mill,Corn germ meal,tons,2023-08,50251.0
coproducts,Wet mill,Corn germ meal,tons,2023-09,54432.0
coproducts,Wet mill,Corn germ meal,tons,2023-10,53397.0
coproducts,Wet mill,Corn germ meal,tons,2023-11,61690.0
coproducts,Wet mill,Corn germ meal,tons,2023-12,56349.0
coproducts,Wet mill,Corn germ meal,tons,2024-01,53813.0
coproducts,Wet mill,Corn germ meal,tons,2024-02,58546.0
coproducts,Wet mill,Corn germ meal,tons,2024-03,53606.0
coproducts,Wet mill,Corn germ meal,tons,2024-04,48562.0
coproducts,Wet mill,Corn germ meal,tons,2024-05,57308.0
coproducts,Wet mill,Corn germ meal,tons,2024-06,60015.0
coproducts,Wet mill,Corn germ meal,tons,2024-07,64601.0
coproducts,Wet mill,Corn germ meal,tons,2024-08,61668.0
coproducts,Wet mill,Corn germ meal,tons,2024-09,63789.0
coproducts,Wet mill,Corn germ meal,tons,2024-10,65840.0
coproducts,Wet mill,Corn germ meal,tons,2024-11,58717.0
coproducts,Wet mill,Corn germ meal,tons,2024-12,62069.0
coproducts,Wet mill,Corn germ meal,tons,2025-01,60250.0
coproducts,Wet mill,Corn germ meal,tons,2025-02,52729.0
coproducts,Wet mill,Corn germ meal,tons,2025-03,57577.0
coproducts,Wet mill,Corn germ meal,tons,2025-04,56424.0
coproducts,Wet mill,Corn germ meal,tons,2025-05,54160.0
coproducts,Wet mill,Corn germ meal,tons,2025-06,56142.0
coproducts,Wet mill,Corn germ meal,tons,2025-07,57890.0
coproducts,Wet mill,Corn germ meal,tons,2025-08,57506.0
coproducts,Wet mill,Corn germ meal,tons,2025-09,50461.0
coproducts,Wet mill,Corn germ meal,tons,2025-10,58194.0
coproducts,Wet mill,Corn germ meal,tons,2025-11,58737.0
coproducts,Wet mill,Corn germ meal,tons,2025-12,57531.0
coproducts,Wet mill,Corn germ meal,tons,2026-01,56475.0
coproducts,Wet mill,Corn germ meal,tons,2026-02,49830.0
coproducts,Wet mill,Corn germ meal,tons,2026-03,59624.0
coproducts,Wet mill,Corn germ meal,tons,2026-04,54814.0
coproducts,Wet mill,Corn germ meal,tons,2026-05,53118.0
coproducts,Wet mill,Corn germ meal,tons,2026-06,53129.0
coproducts,Wet mill,Corn germ meal,tons,2026-07,50571.0
coproducts,Wet mill,Corn germ meal,tons,2026-08,57915.0
coproducts,Wet mill,Corn gluten feed,tons,2018-07,321447.0
coproducts,Wet mill,Corn gluten feed,tons,2018-08,325547.0
coproducts,Wet mill,Corn gluten feed,tons,2018-09,293548.0
coproducts,Wet mill,Corn gluten feed,tons,2018-10,282713.0
coproducts,Wet mill,Corn gluten feed,tons,2018-11,285362.0
coproducts,Wet mill,Corn gluten feed,tons,2018-12,290178.0
coproducts,Wet mill,Corn gluten feed,tons,2019-01,263218.0
coproducts,Wet mill,Corn gluten feed,tons,2019-02,250857.0
coproducts,Wet mill,Corn gluten feed,tons,2019-03,304047.0
coproducts,Wet mill,Corn gluten feed,tons,2019-04,296681.0
coproducts,Wet mill,Corn gluten feed,tons,2019-05,298347.0
coproducts,Wet mill,Corn gluten feed,tons,2019-06,286101.0
coproducts,Wet mill,Corn gluten feed,tons,2019-07,300572.0
coproducts,Wet mill,Corn gluten feed,tons,2019-08,306375.0
coproducts,Wet mill,Corn gluten feed,tons,2019-09,289797.0
coproducts,Wet mill,Corn gluten feed,tons,2019-10,293890.0
coproducts,Wet mill,Corn gluten feed,tons,2019-11,272089.0
coproducts,Wet mill,Corn gluten feed,tons,2019-12,306318.0
coproducts,Wet mill,Corn gluten feed,tons,2020-01,308081.0
coproducts,Wet mill,Corn gluten feed,tons,2020-02,281160.0
coproducts,Wet mill,Corn gluten feed,tons,2020-03,291861.0
coproducts,Wet mill,Corn gluten feed,tons,2020-04,231145.0
coproducts,Wet mill,Corn gluten feed,tons,2020-05,291064.0
coproducts,Wet mill,Corn gluten feed,tons,2020-06,294074.0
coproducts,Wet mill,Corn gluten feed,tons,2020-07,305196.0
coproducts,Wet mill,Corn gluten feed,tons,2020-08,260453.0
coproducts,Wet mill,Corn gluten feed,tons,2020-09,284409.0
coproducts,Wet mill,Corn gluten feed,tons,2020-10,293793.0
coproducts,Wet mill,Corn gluten feed,tons,2020-11,295358.0
coproducts,Wet mill,Corn gluten feed,tons,2020-12,309298.0
coproducts,Wet mill,Corn gluten feed,tons,2021-01,282163.0
coproducts,Wet mill,Corn gluten feed,tons,2021-02,217605.0
coproducts,Wet mill,Corn gluten feed,tons,2021-03,266308.0
coproducts,Wet mill,Corn gluten feed,tons,2021-04,291558.0
coproducts,Wet mill,Corn gluten feed,tons,2021-05,299123.0
coproducts,Wet mill,Corn gluten feed,tons,2021-06,287839.0
coproducts,Wet mill,Corn gluten feed,tons,2021-07,304527.0
coproducts,Wet mill,Corn gluten feed,tons,2021-08,274358.0
coproducts,Wet mill,Corn gluten feed,tons,2021-09,280232.0
coproducts,Wet mill,Corn gluten feed,tons,2021-10,300634.0
coproducts,Wet mill,Corn gluten feed,tons,2021-11,278434.0
coproducts,Wet mill,Corn gluten feed,tons,2021-12,285387.0
coproducts,Wet mill,Corn gluten feed,tons,2022-01,271890.0
coproducts,Wet mill,Corn gluten feed,tons,2022-02,237555.0
coproducts,Wet mill,Corn gluten feed,tons,2022-03,250258.0
coproducts,Wet mill,Corn gluten feed,tons,2022-04,260710.0
coproducts,Wet mill,Corn gluten feed,tons,2022-05,294367.0
coproducts,Wet mill,Corn gluten feed,tons,2022-06,287211.0
coproducts,Wet mill,Corn gluten feed,tons,2022-07,271334.0
coproducts,Wet mill,Corn gluten feed,tons,2022-08,248856.0
coproducts,Wet mill,Corn gluten feed,tons,2022-09,238468.0
coproducts,Wet mill,Corn gluten feed,tons,2022-10,268672.0
coproducts,Wet mill,Corn gluten feed,tons,2022-11,277379.0
coproducts,Wet mill,Corn gluten feed,tons,2022-12,252788.0
coproducts,Wet mill,Corn gluten feed,tons,2023-01,268446.0
coproducts,Wet mill,Corn gluten feed,tons,2023-02,247817.0
coproducts,Wet mill,Corn gluten feed,tons,2023-03,292483.0
coproducts,Wet mill,Corn gluten feed,tons,2023-04,269495.0
coproducts,Wet mill,Corn gluten feed,tons,2023-05,264606.0
coproducts,Wet mill,Corn gluten feed,tons,2023-06,270060.0
coproducts,Wet mill,Corn gluten feed,tons,2023-07,277997.0
coproducts,Wet mill,Corn gluten feed,tons,2023-08,257948.0
coproducts,Wet mill,Corn gluten feed,tons,2023-09,246782.0
coproducts,Wet mill,Corn gluten feed,tons,2023-10,265908.0
coproducts,Wet mill,Corn gluten feed,tons,2023-11,242462.0
coproducts,Wet mill,Corn gluten feed,tons,2023-12,245983.0
coproducts,Wet mill,Corn gluten feed,tons,2024-01,225691.0
coproducts,Wet mill,Corn gluten feed,tons,2024-02,254386.0
coproducts,Wet mill,Corn gluten feed,tons,2024-03,270230.0
coproducts,Wet mill,Corn gluten feed,tons,2024-04,238119.0
coproducts,Wet mill,Corn gluten feed,tons,2024-05,270292.0
coproducts,Wet mill,Corn gluten feed,tons,2024-06,272101.0
coproducts,Wet mill,Corn gluten feed,tons,2024-07,293887.0
coproducts,Wet mill,Corn gluten feed,tons,2024-08,291428.0
coproducts,Wet mill,Corn gluten feed,tons,2024-09,273303.0
coproducts,Wet mill,Corn gluten feed,tons,2024-10,251577.0
coproducts,Wet mill,Corn gluten feed,tons,2024-11,258388.0
coproducts,Wet mill,Corn gluten feed,tons,2024-12,256980.0
coproducts,Wet mill,Corn gluten feed,tons,2025-01,253838.0
coproducts,Wet mill,Corn gluten feed,tons,2025-02,229265.0
coproducts,Wet mill,Corn gluten feed,tons,2025-03,260584.0
coproducts,Wet mill,Corn gluten feed,tons,2025-04,242134.0
coproducts,Wet mill,Corn gluten feed,tons,2025-05,264725.0
coproducts,Wet mill,Corn gluten feed,tons,2025-06,249867.0
coproducts,Wet mill,Corn gluten feed,tons,2025-07,255752.0
coproducts,Wet mill,Corn gluten feed,tons,2025-08,251036.0
coproducts,Wet mill,Corn gluten feed,tons,2025-09,274599.0
coproducts,Wet mill,Corn gluten feed,tons,2025-10,251650.0
coproducts,Wet mill,Corn gluten feed,tons,2025-11,251463.0
coproducts,Wet mill,Corn gluten feed,tons,2025-12,265310.0
coproducts,Wet mill,Corn gluten feed,tons,2026-01,251479.0
coproducts,Wet mill,Corn gluten feed,tons,2026-02,242146.0
coproducts,Wet mill,Corn gluten feed,tons,2026-03,268470.0
coproducts,Wet mill,Corn gluten feed,tons,2026-04,242839.0
coproducts,Wet mill,Corn gluten feed,tons,2026-05,292461.0
coproducts,Wet mill,Corn gluten feed,tons,2026-06,257464.0
coproducts,Wet mill,Corn gluten feed,tons,2026-07,250692.0
coproducts,Wet mill,Corn gluten feed,tons,2026-08,278611.0
coproducts,Wet mill,Corn gluten meal,tons,2018-07,93113.0
coproducts,Wet mill,Corn gluten meal,tons,2018-08,91947.0
coproducts,Wet mill,Corn gluten meal,tons,2018-09,83262.0
coproducts,Wet mill,Corn gluten meal,tons,2018-10,90899.0
coproducts,Wet mill,Corn gluten meal,tons,2018-11,85510.0
coproducts,Wet mill,Corn gluten meal,tons,2018-12,88638.0
coproducts,Wet mill,Corn gluten meal,tons,2019-01,84214.0
coproducts,Wet mill,Corn gluten meal,tons,2019-02,77454.0
coproducts,Wet mill,Corn gluten meal,tons,2019-03,88890.0
coproducts,Wet mill,Corn gluten meal,tons,2019-04,91364.0
coproducts,Wet mill,Corn gluten meal,tons,2019-05,93185.0
coproducts,Wet mill,Corn gluten meal,tons,2019-06,92107.0
coproducts,Wet mill,Corn gluten meal,tons,2019-07,93494.0
coproducts,Wet mill,Corn gluten meal,tons,2019-08,90513.0
coproducts,Wet mill,Corn gluten meal,tons,2019-09,86423.0
coproducts,Wet mill,Corn gluten meal,tons,2019-10,87589.0
coproducts,Wet mill,Corn gluten meal,tons,2019-11,90102.0
coproducts,Wet mill,Corn gluten meal,tons,2019-12,93644.0
coproducts,Wet mill,Corn gluten meal,tons,2020-01,93097.0
coproducts,Wet mill,Corn gluten meal,tons,2020-02,88021.0
coproducts,Wet mill,Corn gluten meal,tons,2020-03,92269.0
coproducts,Wet mill,Corn gluten meal,tons,2020-04,76897.0
coproducts,Wet mill,Corn gluten meal,tons,2020-05,91013.0
coproducts,Wet mill,Corn gluten meal,tons,2020-06,90257.0
coproducts,Wet mill,Corn gluten meal,tons,2020-07,93578.0
coproducts,Wet mill,Corn gluten meal,tons,2020-08,86406.0
coproducts,Wet mill,Corn gluten meal,tons,2020-09,85348.0
coproducts,Wet mill,Corn gluten meal,tons,2020-10,108844.0
coproducts,Wet mill,Corn gluten meal,tons,2020-11,108624.0
coproducts,Wet mill,Corn gluten meal,tons,2020-12,113754.0
coproducts,Wet mill,Corn gluten meal,tons,2021-01,116178.0
coproducts,Wet mill,Corn gluten meal,tons,2021-02,97680.0
coproducts,Wet mill,Corn gluten meal,tons,2021-03,113365.0
coproducts,Wet mill,Corn gluten meal,tons,2021-04,113905.0
coproducts,Wet mill,Corn gluten meal,tons,2021-05,114135.0
coproducts,Wet mill,Corn gluten meal,tons,2021-06,112189.0
coproducts,Wet mill,Corn gluten meal,tons,2021-07,103107.0
coproducts,Wet mill,Corn gluten meal,tons,2021-08,106050.0
coproducts,Wet mill,Corn gluten meal,tons,2021-09,106657.0
coproducts,Wet mill,Corn gluten meal,tons,2021-10,108083.0
coproducts,Wet mill,Corn gluten meal,tons,2021-11,110303.0
coproducts,Wet mill,Corn gluten meal,tons,2021-12,107003.0
coproducts,Wet mill,Corn gluten meal,tons,2022-01,102711.0
coproducts,Wet mill,Corn gluten meal,tons,2022-02,78040.0
coproducts,Wet mill,Corn gluten meal,tons,2022-03,109130.0
coproducts,Wet mill,Corn gluten meal,tons,2022-04,102677.0
coproducts,Wet mill,Corn gluten meal,tons,2022-05,112099.0
coproducts,Wet mill,Corn gluten meal,tons,2022-06,91720.0
coproducts,Wet mill,Corn gluten meal,tons,2022-07,105796.0
coproducts,Wet mill,Corn gluten meal,tons,2022-08,102538.0
coproducts,Wet mill,Corn gluten meal,tons,2022-09,101787.0
coproducts,Wet mill,Corn gluten meal,tons,2022-10,116270.0
coproducts,Wet mill,Corn gluten meal,tons,2022-11,112372.0
coproducts,Wet mill,Corn gluten meal,tons,2022-12,99585.0
coproducts,Wet mill,Corn gluten meal,tons,2023-01,117945.0
coproducts,Wet mill,Corn gluten meal,tons,2023-02,108496.0
coproducts,Wet mill,Corn gluten meal,tons,2023-03,117550.0
coproducts,Wet mill,Corn gluten meal,tons,2023-04,109135.0
coproducts,Wet mill,Corn gluten meal,tons,2023-05,114453.0
coproducts,Wet mill,Corn gluten meal,tons,2023-06,110430.0
coproducts,Wet mill,Corn gluten meal,tons,2023-07,119450.0
coproducts,Wet mill,Corn gluten meal,tons,2023-08,127748.0
coproducts,Wet mill,Corn gluten meal,tons,2023-09,107988.0
coproducts,Wet mill,Corn gluten meal,tons,2023-10,116953.0
coproducts,Wet mill,Corn gluten meal,tons,2023-11,110684.0
coproducts,Wet mill,Corn gluten meal,tons,2023-12,113012.0
coproducts,Wet mill,Corn gluten meal,tons,2024-01,104117.0
coproducts,Wet mill,Corn gluten meal,tons,2024-02,112564.0
coproducts,Wet mill,Corn gluten meal,tons,2024-03,116910.0
coproducts,Wet mill,Corn gluten meal,tons,2024-04,109375.0
coproducts,Wet mill,Corn gluten meal,tons,2024-05,119711.0
coproducts,Wet mill,Corn gluten meal,tons,2024-06,113544.0
coproducts,Wet mill,Corn gluten meal,tons,2024-07,118626.0
coproducts,Wet mill,Corn gluten meal,tons,2024-08,116255.0
coproducts,Wet mill,Corn gluten meal,tons,2024-09,111744.0
coproducts,Wet mill,Corn gluten meal,tons,2024-10,104520.0
coproducts,Wet mill,Corn gluten meal,tons,2024-11,107598.0
coproducts,Wet mill,Corn gluten meal,tons,2024-12,103485.0
coproducts,Wet mill,Corn gluten meal,tons,2025-01,104688.0
coproducts,Wet mill,Corn gluten meal,tons,2025-02,98853.0
coproducts,Wet mill,Corn gluten meal,tons,2025-03,109931.0
coproducts,Wet mill,Corn gluten meal,tons,2025-04,105539.0
coproducts,Wet mill,Corn gluten meal,tons,2025-05,110597.0
coproducts,Wet mill,Corn gluten meal,tons,2025-06,105998.0
coproducts,Wet mill,Corn gluten meal,tons,2025-07,106153.0
coproducts,Wet mill,Corn gluten meal,tons,2025-08,98197.0
coproducts,Wet mill,Corn gluten meal,tons,2025-09,101176.0
coproducts,Wet mill,Corn gluten meal,tons,2025-10,103810.0
coproducts,Wet mill,Corn gluten meal,tons,2025-11,101753.0
coproducts,Wet mill,Corn gluten meal,tons,2025-12,101814.0
coproducts,Wet mill,Corn gluten meal,tons,2026-01,99421.0
coproducts,Wet mill,Corn gluten meal,tons,2026-02,90528.0
coproducts,Wet mill,Corn gluten meal,tons,2026-03,103170.0
coproducts,Wet mill,Corn gluten meal,tons,2026-04,97129.0
coproducts,Wet mill,Corn gluten meal,tons,2026-05,106960.0
coproducts,Wet mill,Corn gluten meal,tons,2026-06,101730.0
coproducts,Wet mill,Corn gluten meal,tons,2026-07,103391.0
coproducts,Wet mill,Corn gluten meal,tons,2026-08,98844.0
coproducts,Dry mill,Corn oil (Corn Distillers Oil - CDO),tons,2018-07,166181.0
coproducts,Dry mill,Corn oil (Corn Distillers Oil - CDO),tons,2018-08,166106.0
coproducts,Dry mill,Corn oil (Corn Distillers Oil - CDO),tons,2018-09,155284.0
coproducts,Dry mill,Corn oil (Corn Distillers Oil - CDO),tons,2018-10,158712.0
coproducts,Dry mill,Corn oil (Corn Distillers Oil - CDO),tons,2018-11,154778.0
coproducts,Dry mill,Corn oil (Corn Distillers Oil - CDO),tons,2018-12,152918.0
coproducts,Dry mill,Corn oil (Corn Distillers Oil - CDO),tons,2019-01,148896.0
coproducts,Dry mill,Corn oil (Corn Distillers Oil - CDO),tons,2019-02,132627.0
coproducts,Dry mill,Corn oil (Corn Distillers Oil - CDO),tons,2019-03,149168.0
coproducts,Dry mill,Corn oil (Corn Distillers Oil - CDO),tons,2019-04,150114.0
coproducts,Dry mill,Corn oil (Corn Distillers Oil - CDO),tons,2019-05,157623.0
coproducts,Dry mill,Corn oil (Corn Distillers Oil - CDO),tons,2019-06,164366.0
coproducts,Dry mill,Corn oil (Corn Distillers Oil - CDO),tons,2019-07,165477.0
coproducts,Dry mill,Corn oil (Corn Distillers Oil - CDO),tons,2019-08,163646.0
coproducts,Dry mill,Corn oil (Corn Distillers Oil - CDO),tons,2019-09,142861.0
coproducts,Dry mill,Corn oil (Corn Distillers Oil - CDO),tons,2019-10,150112.0
coproducts,Dry mill,Corn oil (Corn Distillers Oil - CDO),tons,2019-11,159852.0
coproducts,Dry mill,Corn oil (Corn Distillers Oil - CDO),tons,2019-12,165210.0
coproducts,Dry mill,Corn oil (Corn Distillers Oil - CDO),tons,2020-01,151877.0
coproducts,Dry mill,Corn oil (Corn Distillers Oil - CDO),tons,2020-02,149000.0
coproducts,Dry mill,Corn oil (Corn Distillers Oil - CDO),tons,2020-03,149066.0
coproducts,Dry mill,Corn oil (Corn Distillers Oil - CDO),tons,2020-04,89174.0
coproducts,Dry mill,Corn oil (Corn Distillers Oil - CDO),tons,2020-05,105231.0
coproducts,Dry mill,Corn oil (Corn Distillers Oil - CDO),tons,2020-06,136613.0
coproducts,Dry mill,Corn oil (Corn Distillers Oil - CDO),tons,2020-07,150668.0
coproducts,Dry mill,Corn oil (Corn Distillers Oil - CDO),tons,2020-08,146652.0
coproducts,Dry mill,Corn oil (Corn Distillers Oil - CDO),tons,2020-09,141614.0
coproducts,Dry mill,Corn oil (Corn Distillers Oil - CDO),tons,2020-10,161937.0
coproducts,Dry mill,Corn oil (Corn Distillers Oil - CDO),tons,2020-11,166596.0
coproducts,Dry mill,Corn oil (Corn Distillers Oil - CDO),tons,2020-12,160259.0
coproducts,Dry mill,Corn oil (Corn Distillers Oil - CDO),tons,2021-01,148527.0
coproducts,Dry mill,Corn oil (Corn Distillers Oil - CDO),tons,2021-02,117903.0
coproducts,Dry mill,Corn oil (Corn Distillers Oil - CDO),tons,2021-03,156903.0
coproducts,Dry mill,Corn oil (Corn Distillers Oil - CDO),tons,2021-04,149431.0
coproducts,Dry mill,Corn oil (Corn Distillers Oil - CDO),tons,2021-05,168904.0
coproducts,Dry mill,Corn oil (Corn Distillers Oil - CDO),tons,2021-06,171344.0
coproducts,Dry mill,Corn oil (Corn Distillers Oil - CDO),tons,2021-07,176712.0
coproducts,Dry mill,Corn oil (Corn Distillers Oil - CDO),tons,2021-08,168224.0
coproducts,Dry mill,Corn oil (Corn Distillers Oil - CDO),tons,2021-09,155918.0
coproducts,Dry mill,Corn oil (Corn Distillers Oil - CDO),tons,2021-10,183804.0
coproducts,Dry mill,Corn oil (Corn Distillers Oil - CDO),tons,2021-11,187291.0
coproducts,Dry mill,Corn oil (Corn Distillers Oil - CDO),tons,2021-12,194497.0
coproducts,Dry mill,Corn oil (Corn Distillers Oil - CDO),tons,2022-01,175110.0
coproducts,Dry mill,Corn oil (Corn Distillers Oil - CDO),tons,2022-02,154933.0
coproducts,Dry mill,Corn oil (Corn Distillers Oil - CDO),tons,2022-03,174657.0
coproducts,Dry mill,Corn oil (Corn Distillers Oil - CDO),tons,2022-04,163024.0
coproducts,Dry mill,Corn oil (Corn Distillers Oil - CDO),tons,2022-05,177158.0
coproducts,Dry mill,Corn oil (Corn Distillers Oil - CDO),tons,2022-06,184350.0
coproducts,Dry mill,Corn oil (Corn Distillers Oil - CDO),tons,2022-07,187853.0
coproducts,Dry mill,Corn oil (Corn Distillers Oil - CDO),tons,2022-08,180062.0
coproducts,Dry mill,Corn oil (Corn Distillers Oil - CDO),tons,2022-09,159873.0
coproducts,Dry mill,Corn oil (Corn Distillers Oil - CDO),tons,2022-10,186770.0
coproducts,Dry mill,Corn oil (Corn Distillers Oil - CDO),tons,2022-11,186644.0
coproducts,Dry mill,Corn oil (Corn Distillers Oil - CDO),tons,2022-12,174416.0
coproducts,Dry mill,Corn oil (Corn Distillers Oil - CDO),tons,2023-01,172399.0
coproducts,Dry mill,Corn oil (Corn Distillers Oil - CDO),tons,2023-02,160215.0
coproducts,Dry mill,Corn oil (Corn Distillers Oil - CDO),tons,2023-03,177019.0
coproducts,Dry mill,Corn oil (Corn Distillers Oil - CDO),tons,2023-04,167162.0
coproducts,Dry mill,Corn oil (Corn Distillers Oil - CDO),tons,2023-05,184993.0
coproducts,Dry mill,Corn oil (Corn Distillers Oil - CDO),tons,2023-06,184370.0
coproducts,Dry mill,Corn oil (Corn Distillers Oil - CDO),tons,2023-07,187808.0
coproducts,Dry mill,Corn oil (Corn Distillers Oil - CDO),tons,2023-08,183162.0
coproducts,Dry mill,Corn oil (Corn Distillers Oil - CDO),tons,2023-09,174346.0
coproducts,Dry mill,Corn oil (Corn Distillers Oil - CDO),tons,2023-10,189026.0
coproducts,Dry mill,Corn oil (Corn Distillers Oil - CDO),tons,2023-11,188008.0
coproducts,Dry mill,Corn oil (Corn Distillers Oil - CDO),tons,2023-12,184244.0
coproducts,Dry mill,Corn oil (Corn Distillers Oil - CDO),tons,2024-01,170549.0
coproducts,Dry mill,Corn oil (Corn Distillers Oil - CDO),tons,2024-02,174864.0
coproducts,Dry mill,Corn oil (Corn Distillers Oil - CDO),tons,2024-03,186501.0
coproducts,Dry mill,Corn oil (Corn Distillers Oil - CDO),tons,2024-04,178529.0
coproducts,Dry mill,Corn oil (Corn Distillers Oil - CDO),tons,2024-05,192240.0
coproducts,Dry mill,Corn oil (Corn Distillers Oil - CDO),tons,2024-06,186820.0
coproducts,Dry mill,Corn oil (Corn Distillers Oil - CDO),tons,2024-07,204818.0
coproducts,Dry mill,Corn oil (Corn Distillers Oil - CDO),tons,2024-08,196556.0
coproducts,Dry mill,Corn oil (Corn Distillers Oil - CDO),tons,2024-09,184442.0
coproducts,Dry mill,Corn oil (Corn Distillers Oil - CDO),tons,2024-10,198165.0
coproducts,Dry mill,Corn oil (Corn Distillers Oil - CDO),tons,2024-11,201882.0
coproducts,Dry mill,Corn oil (Corn Distillers Oil - CDO),tons,2024-12,203643.0
coproducts,Dry mill,Corn oil (Corn Distillers Oil - CDO),tons,2025-01,191648.0
coproducts,Dry mill,Corn oil (Corn Distillers Oil - CDO),tons,2025-02,173128.0
coproducts,Dry mill,Corn oil (Corn Distillers Oil - CDO),tons,2025-03,188359.0
coproducts,Dry mill,Corn oil (Corn Distillers Oil - CDO),tons,2025-04,176439.0
coproducts,Dry mill,Corn oil (Corn Distillers Oil - CDO),tons,2025-05,193785.0
coproducts,Dry mill,Corn oil (Corn Distillers Oil - CDO),tons,2025-06,202137.0
coproducts,Dry mill,Corn oil (Corn Distillers Oil - CDO),tons,2025-07,209664.0
coproducts,Dry mill,Corn oil (Corn Distillers Oil - CDO),tons,2025-08,197431.0
coproducts,Dry mill,Corn oil (Corn Distillers Oil - CDO),tons,2025-09,171938.0
coproducts,Dry mill,Corn oil (Corn Distillers Oil - CDO),tons,2025-10,219763.0
coproducts,Dry mill,Corn oil (Corn Distillers Oil - CDO),tons,2025-11,205952.0
coproducts,Dry mill,Corn oil (Corn Distillers Oil - CDO),tons,2025-12,201787.0
coproducts,Dry mill,Corn oil (Corn Distillers Oil - CDO),tons,2026-01,192080.0
coproducts,Dry mill,Corn oil (Corn Distillers Oil - CDO),tons,2026-02,180097.0
coproducts,Dry mill,Corn oil (Corn Distillers Oil - CDO),tons,2026-03,202439.0
coproducts,Dry mill,Corn oil (Corn Distillers Oil - CDO),tons,2026-04,189215.0
coproducts,Dry mill,Corn oil (Corn Distillers Oil - CDO),tons,2026-05,206810.0
coproducts,Dry mill,Corn oil (Corn Distillers Oil - CDO),tons,2026-06,212805.0
coproducts,Dry mill,Corn oil (Corn Distillers Oil - CDO),tons,2026-07,222100.0
coproducts,Dry mill,Corn oil (Corn Distillers Oil - CDO),tons,2026-08,221754.0
coproducts,Dry mill,Distillers dried grains (DDG),tons,2018-07,390080.0
coproducts,Dry mill,Distillers dried grains (DDG),tons,2018-08,394908.0
coproducts,Dry mill,Distillers dried grains (DDG),tons,2018-09,376510.0
coproducts,Dry mill,Distillers dried grains (DDG),tons,2018-10,378003.0
coproducts,Dry mill,Distillers dried grains (DDG),tons,2018-11,376137.0
coproducts,Dry mill,Distillers dried grains (DDG),tons,2018-12,357196.0
coproducts,Dry mill,Distillers dried grains (DDG),tons,2019-01,369647.0
coproducts,Dry mill,Distillers dried grains (DDG),tons,2019-02,336464.0
coproducts,Dry mill,Distillers dried grains (DDG),tons,2019-03,386413.0
coproducts,Dry mill,Distillers dried grains (DDG),tons,2019-04,376775.0
coproducts,Dry mill,Distillers dried grains (DDG),tons,2019-05,401171.0
coproducts,Dry mill,Distillers dried grains (DDG),tons,2019-06,369394.0
coproducts,Dry mill,Distillers dried grains (DDG),tons,2019-07,379689.0
coproducts,Dry mill,Distillers dried grains (DDG),tons,2019-08,336043.0
coproducts,Dry mill,Distillers dried grains (DDG),tons,2019-09,286849.0
coproducts,Dry mill,Distillers dried grains (DDG),tons,2019-10,348762.0
coproducts,Dry mill,Distillers dried grains (DDG),tons,2019-11,316390.0
coproducts,Dry mill,Distillers dried grains (DDG),tons,2019-12,388156.0
coproducts,Dry mill,Distillers dried grains (DDG),tons,2020-01,358478.0
coproducts,Dry mill,Distillers dried grains (DDG),tons,2020-02,328113.0
coproducts,Dry mill,Distillers dried grains (DDG),tons,2020-03,317411.0
coproducts,Dry mill,Distillers dried grains (DDG),tons,2020-04,173465.0
coproducts,Dry mill,Distillers dried grains (DDG),tons,2020-05,205750.0
coproducts,Dry mill,Distillers dried grains (DDG),tons,2020-06,268201.0
coproducts,Dry mill,Distillers dried grains (DDG),tons,2020-07,335521.0
coproducts,Dry mill,Distillers dried grains (DDG),tons,2020-08,342654.0
coproducts,Dry mill,Distillers dried grains (DDG),tons,2020-09,341156.0
coproducts,Dry mill,Distillers dried grains (DDG),tons,2020-10,377960.0
coproducts,Dry mill,Distillers dried grains (DDG),tons,2020-11,372899.0
coproducts,Dry mill,Distillers dried grains (DDG),tons,2020-12,364532.0
coproducts,Dry mill,Distillers dried grains (DDG),tons,2021-01,342557.0
coproducts,Dry mill,Distillers dried grains (DDG),tons,2021-02,262261.0
coproducts,Dry mill,Distillers dried grains (DDG),tons,2021-03,368075.0
coproducts,Dry mill,Distillers dried grains (DDG),tons,2021-04,342870.0
coproducts,Dry mill,Distillers dried grains (DDG),tons,2021-05,380620.0
coproducts,Dry mill,Distillers dried grains (DDG),tons,2021-06,370694.0
coproducts,Dry mill,Distillers dried grains (DDG),tons,2021-07,341136.0
coproducts,Dry mill,Distillers dried grains (DDG),tons,2021-08,295254.0
coproducts,Dry mill,Distillers dried grains (DDG),tons,2021-09,293344.0
coproducts,Dry mill,Distillers dried grains (DDG),tons,2021-10,383939.0
coproducts,Dry mill,Distillers dried grains (DDG),tons,2021-11,379071.0
coproducts,Dry mill,Distillers dried grains (DDG),tons,2021-12,383196.0
coproducts,Dry mill,Distillers dried grains (DDG),tons,2022-01,356957.0
coproducts,Dry mill,Distillers dried grains (DDG),tons,2022-02,303788.0
coproducts,Dry mill,Distillers dried grains (DDG),tons,2022-03,372813.0
coproducts,Dry mill,Distillers dried grains (DDG),tons,2022-04,328691.0
coproducts,Dry mill,Distillers dried grains (DDG),tons,2022-05,322855.0
coproducts,Dry mill,Distillers dried grains (DDG),tons,2022-06,346591.0
coproducts,Dry mill,Distillers dried grains (DDG),tons,2022-07,334122.0
coproducts,Dry mill,Distillers dried grains (DDG),tons,2022-08,335885.0
coproducts,Dry mill,Distillers dried grains (DDG),tons,2022-09,281984.0
coproducts,Dry mill,Distillers dried grains (DDG),tons,2022-10,388993.0
coproducts,Dry mill,Distillers dried grains (DDG),tons,2022-11,381114.0
coproducts,Dry mill,Distillers dried grains (DDG),tons,2022-12,317504.0
coproducts,Dry mill,Distillers dried grains (DDG),tons,2023-01,374753.0
coproducts,Dry mill,Distillers dried grains (DDG),tons,2023-02,338869.0
coproducts,Dry mill,Distillers dried grains (DDG),tons,2023-03,387438.0
coproducts,Dry mill,Distillers dried grains (DDG),tons,2023-04,364967.0
coproducts,Dry mill,Distillers dried grains (DDG),tons,2023-05,415669.0
coproducts,Dry mill,Distillers dried grains (DDG),tons,2023-06,390664.0
coproducts,Dry mill,Distillers dried grains (DDG),tons,2023-07,410231.0
coproducts,Dry mill,Distillers dried grains (DDG),tons,2023-08,400511.0
coproducts,Dry mill,Distillers dried grains (DDG),tons,2023-09,370584.0
coproducts,Dry mill,Distillers dried grains (DDG),tons,2023-10,402622.0
coproducts,Dry mill,Distillers dried grains (DDG),tons,2023-11,399555.0
coproducts,Dry mill,Distillers dried grains (DDG),tons,2023-12,388932.0
coproducts,Dry mill,Distillers dried grains (DDG),tons,2024-01,366738.0
coproducts,Dry mill,Distillers dried grains (DDG),tons,2024-02,371639.0
coproducts,Dry mill,Distillers dried grains (DDG),tons,2024-03,394388.0
coproducts,Dry mill,Distillers dried grains (DDG),tons,2024-04,376770.0
coproducts,Dry mill,Distillers dried grains (DDG),tons,2024-05,379570.0
coproducts,Dry mill,Distillers dried grains (DDG),tons,2024-06,353837.0
coproducts,Dry mill,Distillers dried grains (DDG),tons,2024-07,392863.0
coproducts,Dry mill,Distillers dried grains (DDG),tons,2024-08,390794.0
coproducts,Dry mill,Distillers dried grains (DDG),tons,2024-09,365238.0
coproducts,Dry mill,Distillers dried grains (DDG),tons,2024-10,390721.0
coproducts,Dry mill,Distillers dried grains (DDG),tons,2024-11,381785.0
coproducts,Dry mill,Distillers dried grains (DDG),tons,2024-12,376226.0
coproducts,Dry mill,Distillers dried grains (DDG),tons,2025-01,359299.0
coproducts,Dry mill,Distillers dried grains (DDG),tons,2025-02,344525.0
coproducts,Dry mill,Distillers dried grains (DDG),tons,2025-03,382594.0
coproducts,Dry mill,Distillers dried grains (DDG),tons,2025-04,366031.0
coproducts,Dry mill,Distillers dried grains (DDG),tons,2025-05,370515.0
coproducts,Dry mill,Distillers dried grains (DDG),tons,2025-06,363604.0
coproducts,Dry mill,Distillers dried grains (DDG),tons,2025-07,383050.0
coproducts,Dry mill,Distillers dried grains (DDG),tons,2025-08,401483.0
coproducts,Dry mill,Distillers dried grains (DDG),tons,2025-09,366687.0
coproducts,Dry mill,Distillers dried grains (DDG),tons,2025-10,390774.0
coproducts,Dry mill,Distillers dried grains (DDG),tons,2025-11,384904.0
coproducts,Dry mill,Distillers dried grains (DDG),tons,2025-12,399281.0
coproducts,Dry mill,Distillers dried grains (DDG),tons,2026-01,346951.0
coproducts,Dry mill,Distillers dried grains (DDG),tons,2026-02,334592.0
coproducts,Dry mill,Distillers dried grains (DDG),tons,2026-03,479000.0
coproducts,Dry mill,Distillers dried grains (DDG),tons,2026-04,365513.0
coproducts,Dry mill,Distillers dried grains (DDG),tons,2026-05,370492.0
coproducts,Dry mill,Distillers dried grains (DDG),tons,2026-06,381034.0
coproducts,Dry mill,Distillers dried grains (DDG),tons,2026-07,393639.0
coproducts,Dry mill,Distillers dried grains (DDG),tons,2026-08,412722.0
coproducts,Dry mill,Distillers dried grains with solubles (DDGS),tons,2018-07,2109109.0
coproducts,Dry mill,Distillers dried grains with solubles (DDGS),tons,2018-08,2185674.0
coproducts,Dry mill,Distillers dried grains with solubles (DDGS),tons,2018-09,1951327.0
coproducts,Dry mill,Distillers dried grains with solubles (DDGS),tons,2018-10,1979896.0
coproducts,Dry mill,Distillers dried grains with solubles (DDGS),tons,2018-11,1930259.0
coproducts,Dry mill,Distillers dried grains with solubles (DDGS),tons,2018-12,1924199.0
coproducts,Dry mill,Distillers dried grains with solubles (DDGS),tons,2019-01,1822623.0
coproducts,Dry mill,Distillers dried grains with solubles (DDGS),tons,2019-02,1691758.0
coproducts,Dry mill,Distillers dried grains with solubles (DDGS),tons,2019-03,1866807.0
coproducts,Dry mill,Distillers dried grains with solubles (DDGS),tons,2019-04,1858305.0
coproducts,Dry mill,Distillers dried grains with solubles (DDGS),tons,2019-05,1942792.0
coproducts,Dry mill,Distillers dried grains with solubles (DDGS),tons,2019-06,1959560.0
coproducts,Dry mill,Distillers dried grains with solubles (DDGS),tons,2019-07,1985820.0
coproducts,Dry mill,Distillers dried grains with solubles (DDGS),tons,2019-08,2014491.0
coproducts,Dry mill,Distillers dried grains with solubles (DDGS),tons,2019-09,1788730.0
coproducts,Dry mill,Distillers dried grains with solubles (DDGS),tons,2019-10,1871852.0
coproducts,Dry mill,Distillers dried grains with solubles (DDGS),tons,2019-11,1880488.0
coproducts,Dry mill,Distillers dried grains with solubles (DDGS),tons,2019-12,1908251.0
coproducts,Dry mill,Distillers dried grains with solubles (DDGS),tons,2020-01,1950153.0
coproducts,Dry mill,Distillers dried grains with solubles (DDGS),tons,2020-02,1817583.0
coproducts,Dry mill,Distillers dried grains with solubles (DDGS),tons,2020-03,1655147.0
coproducts,Dry mill,Distillers dried grains with solubles (DDGS),tons,2020-04,1013914.0
coproducts,Dry mill,Distillers dried grains with solubles (DDGS),tons,2020-05,1239579.0
coproducts,Dry mill,Distillers dried grains with solubles (DDGS),tons,2020-06,1664131.0
coproducts,Dry mill,Distillers dried grains with solubles (DDGS),tons,2020-07,1865131.0
coproducts,Dry mill,Distillers dried grains with solubles (DDGS),tons,2020-08,1806571.0
coproducts,Dry mill,Distillers dried grains with solubles (DDGS),tons,2020-09,1746328.0
coproducts,Dry mill,Distillers dried grains with solubles (DDGS),tons,2020-10,1823621.0
coproducts,Dry mill,Distillers dried grains with solubles (DDGS),tons,2020-11,1794035.0
coproducts,Dry mill,Distillers dried grains with solubles (DDGS),tons,2020-12,1787124.0
coproducts,Dry mill,Distillers dried grains with solubles (DDGS),tons,2021-01,1753401.0
coproducts,Dry mill,Distillers dried grains with solubles (DDGS),tons,2021-02,1406427.0
coproducts,Dry mill,Distillers dried grains with solubles (DDGS),tons,2021-03,1803494.0
coproducts,Dry mill,Distillers dried grains with solubles (DDGS),tons,2021-04,1768002.0
coproducts,Dry mill,Distillers dried grains with solubles (DDGS),tons,2021-05,1942762.0
coproducts,Dry mill,Distillers dried grains with solubles (DDGS),tons,2021-06,1925037.0
coproducts,Dry mill,Distillers dried grains with solubles (DDGS),tons,2021-07,1970139.0
coproducts,Dry mill,Distillers dried grains with solubles (DDGS),tons,2021-08,1827378.0
coproducts,Dry mill,Distillers dried grains with solubles (DDGS),tons,2021-09,1761034.0
coproducts,Dry mill,Distillers dried grains with solubles (DDGS),tons,2021-10,1948812.0
coproducts,Dry mill,Distillers dried grains with solubles (DDGS),tons,2021-11,1997444.0
coproducts,Dry mill,Distillers dried grains with solubles (DDGS),tons,2021-12,2073188.0
coproducts,Dry mill,Distillers dried grains with solubles (DDGS),tons,2022-01,1929115.0
coproducts,Dry mill,Distillers dried grains with solubles (DDGS),tons,2022-02,1693253.0
coproducts,Dry mill,Distillers dried grains with solubles (DDGS),tons,2022-03,1877338.0
coproducts,Dry mill,Distillers dried grains with solubles (DDGS),tons,2022-04,1704698.0
coproducts,Dry mill,Distillers dried grains with solubles (DDGS),tons,2022-05,1896665.0
coproducts,Dry mill,Distillers dried grains with solubles (DDGS),tons,2022-06,1918611.0
coproducts,Dry mill,Distillers dried grains with solubles (DDGS),tons,2022-07,1934355.0
coproducts,Dry mill,Distillers dried grains with solubles (DDGS),tons,2022-08,1867735.0
coproducts,Dry mill,Distillers dried grains with solubles (DDGS),tons,2022-09,1613088.0
coproducts,Dry mill,Distillers dried grains with solubles (DDGS),tons,2022-10,1745419.0
coproducts,Dry mill,Distillers dried grains with solubles (DDGS),tons,2022-11,1778479.0
coproducts,Dry mill,Distillers dried grains with solubles (DDGS),tons,2022-12,1679600.0
coproducts,Dry mill,Distillers dried grains with solubles (DDGS),tons,2023-01,1714389.0
coproducts,Dry mill,Distillers dried grains with solubles (DDGS),tons,2023-02,1560717.0
coproducts,Dry mill,Distillers dried grains with solubles (DDGS),tons,2023-03,1705371.0
coproducts,Dry mill,Distillers dried grains with solubles (DDGS),tons,2023-04,1619677.0
coproducts,Dry mill,Distillers dried grains with solubles (DDGS),tons,2023-05,1702061.0
coproducts,Dry mill,Distillers dried grains with solubles (DDGS),tons,2023-06,1787735.0
coproducts,Dry mill,Distillers dried grains with solubles (DDGS),tons,2023-07,1784282.0
coproducts,Dry mill,Distillers dried grains with solubles (DDGS),tons,2023-08,1808403.0
coproducts,Dry mill,Distillers dried grains with solubles (DDGS),tons,2023-09,1723588.0
coproducts,Dry mill,Distillers dried grains with solubles (DDGS),tons,2023-10,1850921.0
coproducts,Dry mill,Distillers dried grains with solubles (DDGS),tons,2023-11,1796675.0
coproducts,Dry mill,Distillers dried grains with solubles (DDGS),tons,2023-12,1949450.0
coproducts,Dry mill,Distillers dried grains with solubles (DDGS),tons,2024-01,1763387.0
coproducts,Dry mill,Distillers dried grains with solubles (DDGS),tons,2024-02,1809197.0
coproducts,Dry mill,Distillers dried grains with solubles (DDGS),tons,2024-03,1931965.0
coproducts,Dry mill,Distillers dried grains with solubles (DDGS),tons,2024-04,1756396.0
coproducts,Dry mill,Distillers dried grains with solubles (DDGS),tons,2024-05,2002984.0
coproducts,Dry mill,Distillers dried grains with solubles (DDGS),tons,2024-06,1801769.0
coproducts,Dry mill,Distillers dried grains with solubles (DDGS),tons,2024-07,1999536.0
coproducts,Dry mill,Distillers dried grains with solubles (DDGS),tons,2024-08,1997750.0
coproducts,Dry mill,Distillers dried grains with solubles (DDGS),tons,2024-09,1795303.0
coproducts,Dry mill,Distillers dried grains with solubles (DDGS),tons,2024-10,1869619.0
coproducts,Dry mill,Distillers dried grains with solubles (DDGS),tons,2024-11,1836244.0
coproducts,Dry mill,Distillers dried grains with solubles (DDGS),tons,2024-12,1875944.0
coproducts,Dry mill,Distillers dried grains with solubles (DDGS),tons,2025-01,1850778.0
coproducts,Dry mill,Distillers dried grains with solubles (DDGS),tons,2025-02,1694175.0
coproducts,Dry mill,Distillers dried grains with solubles (DDGS),tons,2025-03,1805691.0
coproducts,Dry mill,Distillers dried grains with solubles (DDGS),tons,2025-04,1629599.0
coproducts,Dry mill,Distillers dried grains with solubles (DDGS),tons,2025-05,1776391.0
coproducts,Dry mill,Distillers dried grains with solubles (DDGS),tons,2025-06,1876286.0
coproducts,Dry mill,Distillers dried grains with solubles (DDGS),tons,2025-07,1865908.0
coproducts,Dry mill,Distillers dried grains with solubles (DDGS),tons,2025-08,1873585.0
coproducts,Dry mill,Distillers dried grains with solubles (DDGS),tons,2025-09,1706310.0
coproducts,Dry mill,Distillers dried grains with solubles (DDGS),tons,2025-10,1928821.0
coproducts,Dry mill,Distillers dried grains with solubles (DDGS),tons,2025-11,1753232.0
coproducts,Dry mill,Distillers dried grains with solubles (DDGS),tons,2025-12,1938583.0
coproducts,Dry mill,Distillers dried grains with solubles (DDGS),tons,2026-01,1778261.0
coproducts,Dry mill,Distillers dried grains with solubles (DDGS),tons,2026-02,1633568.0
coproducts,Dry mill,Distillers dried grains with solubles (DDGS),tons,2026-03,1792591.0
coproducts,Dry mill,Distillers dried grains with solubles (DDGS),tons,2026-04,1594539.0
coproducts,Dry mill,Distillers dried grains with solubles (DDGS),tons,2026-05,1774842.0
coproducts,Dry mill,Distillers dried grains with solubles (DDGS),tons,2026-06,1819647.0
coproducts,Dry mill,Distillers dried grains with solubles (DDGS),tons,2026-07,1849717.0
coproducts,Dry mill,Distillers dried grains with solubles (DDGS),tons,2026-08,1845438.0
coproducts,Dry mill,Distillers wet grains (DWG) 65% or more moisture,tons,2018-07,1330483.0
coproducts,Dry mill,Distillers wet grains (DWG) 65% or more moisture,tons,2018-08,1313014.0
coproducts,Dry mill,Distillers wet grains (DWG) 65% or more moisture,tons,2018-09,1295724.0
coproducts,Dry mill,Distillers wet grains (DWG) 65% or more moisture,tons,2018-10,1347600.0
coproducts,Dry mill,Distillers wet grains (DWG) 65% or more moisture,tons,2018-11,1314662.0
coproducts,Dry mill,Distillers wet grains (DWG) 65% or more moisture,tons,2018-12,1396462.0
coproducts,Dry mill,Distillers wet grains (DWG) 65% or more moisture,tons,2019-01,1357504.0
coproducts,Dry mill,Distillers wet grains (DWG) 65% or more moisture,tons,2019-02,1213815.0
coproducts,Dry mill,Distillers wet grains (DWG) 65% or more moisture,tons,2019-03,1337382.0
coproducts,Dry mill,Distillers wet grains (DWG) 65% or more moisture,tons,2019-04,1351347.0
coproducts,Dry mill,Distillers wet grains (DWG) 65% or more moisture,tons,2019-05,1363679.0
coproducts,Dry mill,Distillers wet grains (DWG) 65% or more moisture,tons,2019-06,1294222.0
coproducts,Dry mill,Distillers wet grains (DWG) 65% or more moisture,tons,2019-07,1197747.0
coproducts,Dry mill,Distillers wet grains (DWG) 65% or more moisture,tons,2019-08,1282770.0
coproducts,Dry mill,Distillers wet grains (DWG) 65% or more moisture,tons,2019-09,1217873.0
coproducts,Dry mill,Distillers wet grains (DWG) 65% or more moisture,tons,2019-10,1296708.0
coproducts,Dry mill,Distillers wet grains (DWG) 65% or more moisture,tons,2019-11,1348281.0
coproducts,Dry mill,Distillers wet grains (DWG) 65% or more moisture,tons,2019-12,1403875.0
coproducts,Dry mill,Distillers wet grains (DWG) 65% or more moisture,tons,2020-01,1411812.0
coproducts,Dry mill,Distillers wet grains (DWG) 65% or more moisture,tons,2020-02,1277774.0
coproducts,Dry mill,Distillers wet grains (DWG) 65% or more moisture,tons,2020-03,1273180.0
coproducts,Dry mill,Distillers wet grains (DWG) 65% or more moisture,tons,2020-04,712857.0
coproducts,Dry mill,Distillers wet grains (DWG) 65% or more moisture,tons,2020-05,739106.0
coproducts,Dry mill,Distillers wet grains (DWG) 65% or more moisture,tons,2020-06,875894.0
coproducts,Dry mill,Distillers wet grains (DWG) 65% or more moisture,tons,2020-07,917181.0
coproducts,Dry mill,Distillers wet grains (DWG) 65% or more moisture,tons,2020-08,955718.0
coproducts,Dry mill,Distillers wet grains (DWG) 65% or more moisture,tons,2020-09,986698.0
coproducts,Dry mill,Distillers wet grains (DWG) 65% or more moisture,tons,2020-10,1039661.0
coproducts,Dry mill,Distillers wet grains (DWG) 65% or more moisture,tons,2020-11,1106887.0
coproducts,Dry mill,Distillers wet grains (DWG) 65% or more moisture,tons,2020-12,1094599.0
coproducts,Dry mill,Distillers wet grains (DWG) 65% or more moisture,tons,2021-01,1042660.0
coproducts,Dry mill,Distillers wet grains (DWG) 65% or more moisture,tons,2021-02,885932.0
coproducts,Dry mill,Distillers wet grains (DWG) 65% or more moisture,tons,2021-03,1114039.0
coproducts,Dry mill,Distillers wet grains (DWG) 65% or more moisture,tons,2021-04,1078944.0
coproducts,Dry mill,Distillers wet grains (DWG) 65% or more moisture,tons,2021-05,1084238.0
coproducts,Dry mill,Distillers wet grains (DWG) 65% or more moisture,tons,2021-06,1114200.0
coproducts,Dry mill,Distillers wet grains (DWG) 65% or more moisture,tons,2021-07,1122403.0
coproducts,Dry mill,Distillers wet grains (DWG) 65% or more moisture,tons,2021-08,1170789.0
coproducts,Dry mill,Distillers wet grains (DWG) 65% or more moisture,tons,2021-09,1187941.0
coproducts,Dry mill,Distillers wet grains (DWG) 65% or more moisture,tons,2021-10,1299324.0
coproducts,Dry mill,Distillers wet grains (DWG) 65% or more moisture,tons,2021-11,1328995.0
coproducts,Dry mill,Distillers wet grains (DWG) 65% or more moisture,tons,2021-12,1422171.0
coproducts,Dry mill,Distillers wet grains (DWG) 65% or more moisture,tons,2022-01,1425897.0
coproducts,Dry mill,Distillers wet grains (DWG) 65% or more moisture,tons,2022-02,1293312.0
coproducts,Dry mill,Distillers wet grains (DWG) 65% or more moisture,tons,2022-03,1382790.0
coproducts,Dry mill,Distillers wet grains (DWG) 65% or more moisture,tons,2022-04,1321275.0
coproducts,Dry mill,Distillers wet grains (DWG) 65% or more moisture,tons,2022-05,1328402.0
coproducts,Dry mill,Distillers wet grains (DWG) 65% or more moisture,tons,2022-06,1283359.0
coproducts,Dry mill,Distillers wet grains (DWG) 65% or more moisture,tons,2022-07,1279210.0
coproducts,Dry mill,Distillers wet grains (DWG) 65% or more moisture,tons,2022-08,1322744.0
coproducts,Dry mill,Distillers wet grains (DWG) 65% or more moisture,tons,2022-09,1249996.0
coproducts,Dry mill,Distillers wet grains (DWG) 65% or more moisture,tons,2022-10,1397867.0
coproducts,Dry mill,Distillers wet grains (DWG) 65% or more moisture,tons,2022-11,1461021.0
coproducts,Dry mill,Distillers wet grains (DWG) 65% or more moisture,tons,2022-12,1363421.0
coproducts,Dry mill,Distillers wet grains (DWG) 65% or more moisture,tons,2023-01,1262056.0
coproducts,Dry mill,Distillers wet grains (DWG) 65% or more moisture,tons,2023-02,1156102.0
coproducts,Dry mill,Distillers wet grains (DWG) 65% or more moisture,tons,2023-03,1298734.0
coproducts,Dry mill,Distillers wet grains (DWG) 65% or more moisture,tons,2023-04,1299150.0
coproducts,Dry mill,Distillers wet grains (DWG) 65% or more moisture,tons,2023-05,1316103.0
coproducts,Dry mill,Distillers wet grains (DWG) 65% or more moisture,tons,2023-06,1302283.0
coproducts,Dry mill,Distillers wet grains (DWG) 65% or more moisture,tons,2023-07,1310740.0
coproducts,Dry mill,Distillers wet grains (DWG) 65% or more moisture,tons,2023-08,1298780.0
coproducts,Dry mill,Distillers wet grains (DWG) 65% or more moisture,tons,2023-09,1308617.0
coproducts,Dry mill,Distillers wet grains (DWG) 65% or more moisture,tons,2023-10,1375237.0
coproducts,Dry mill,Distillers wet grains (DWG) 65% or more moisture,tons,2023-11,1367046.0
coproducts,Dry mill,Distillers wet grains (DWG) 65% or more moisture,tons,2023-12,1398380.0
coproducts,Dry mill,Distillers wet grains (DWG) 65% or more moisture,tons,2024-01,1302556.0
coproducts,Dry mill,Distillers wet grains (DWG) 65% or more moisture,tons,2024-02,1172818.0
coproducts,Dry mill,Distillers wet grains (DWG) 65% or more moisture,tons,2024-03,1223187.0
coproducts,Dry mill,Distillers wet grains (DWG) 65% or more moisture,tons,2024-04,1248017.0
coproducts,Dry mill,Distillers wet grains (DWG) 65% or more moisture,tons,2024-05,1213142.0
coproducts,Dry mill,Distillers wet grains (DWG) 65% or more moisture,tons,2024-06,1115747.0
coproducts,Dry mill,Distillers wet grains (DWG) 65% or more moisture,tons,2024-07,1222543.0
coproducts,Dry mill,Distillers wet grains (DWG) 65% or more moisture,tons,2024-08,1227027.0
coproducts,Dry mill,Distillers wet grains (DWG) 65% or more moisture,tons,2024-09,1153116.0
coproducts,Dry mill,Distillers wet grains (DWG) 65% or more moisture,tons,2024-10,1312975.0
coproducts,Dry mill,Distillers wet grains (DWG) 65% or more moisture,tons,2024-11,1251252.0
coproducts,Dry mill,Distillers wet grains (DWG) 65% or more moisture,tons,2024-12,1290734.0
coproducts,Dry mill,Distillers wet grains (DWG) 65% or more moisture,tons,2025-01,1264389.0
coproducts,Dry mill,Distillers wet grains (DWG) 65% or more moisture,tons,2025-02,1106014.0
coproducts,Dry mill,Distillers wet grains (DWG) 65% or more moisture,tons,2025-03,1228829.0
coproducts,Dry mill,Distillers wet grains (DWG) 65% or more moisture,tons,2025-04,1260566.0
coproducts,Dry mill,Distillers wet grains (DWG) 65% or more moisture,tons,2025-05,1226348.0
coproducts,Dry mill,Distillers wet grains (DWG) 65% or more moisture,tons,2025-06,1206253.0
coproducts,Dry mill,Distillers wet grains (DWG) 65% or more moisture,tons,2025-07,1186858.0
coproducts,Dry mill,Distillers wet grains (DWG) 65% or more moisture,tons,2025-08,1211796.0
coproducts,Dry mill,Distillers wet grains (DWG) 65% or more moisture,tons,2025-09,1212599.0
coproducts,Dry mill,Distillers wet grains (DWG) 65% or more moisture,tons,2025-10,1241884.0
coproducts,Dry mill,Distillers wet grains (DWG) 65% or more moisture,tons,2025-11,1262720.0
coproducts,Dry mill,Distillers wet grains (DWG) 65% or more moisture,tons,2025-12,1332822.0
coproducts,Dry mill,Distillers wet grains (DWG) 65% or more moisture,tons,2026-01,1343072.0
coproducts,Dry mill,Distillers wet grains (DWG) 65% or more moisture,tons,2026-02,1194184.0
coproducts,Dry mill,Distillers wet grains (DWG) 65% or more moisture,tons,2026-03,1331335.0
coproducts,Dry mill,Distillers wet grains (DWG) 65% or more moisture,tons,2026-04,1302187.0
coproducts,Dry mill,Distillers wet grains (DWG) 65% or more moisture,tons,2026-05,1372753.0
coproducts,Dry mill,Distillers wet grains (DWG) 65% or more moisture,tons,2026-06,1295497.0
coproducts,Dry mill,Distillers wet grains (DWG) 65% or more moisture,tons,2026-07,1293382.0
coproducts,Dry mill,Distillers wet grains (DWG) 65% or more moisture,tons,2026-08,1278164.0
coproducts,Dry mill,Modified distillers wet grains (DWG) 40% to 64% moisture,tons,2018-07,420940.0
coproducts,Dry mill,Modified distillers wet grains (DWG) 40% to 64% moisture,tons,2018-08,402346.0
coproducts,Dry mill,Modified distillers wet grains (DWG) 40% to 64% moisture,tons,2018-09,408708.0
coproducts,Dry mill,Modified distillers wet grains (DWG) 40% to 64% moisture,tons,2018-10,456672.0
coproducts,Dry mill,Modified distillers wet grains (DWG) 40% to 64% moisture,tons,2018-11,472972.0
coproducts,Dry mill,Modified distillers wet grains (DWG) 40% to 64% moisture,tons,2018-12,472469.0
coproducts,Dry mill,Modified distillers wet grains (DWG) 40% to 64% moisture,tons,2019-01,469787.0
coproducts,Dry mill,Modified distillers wet grains (DWG) 40% to 64% moisture,tons,2019-02,427761.0
coproducts,Dry mill,Modified distillers wet grains (DWG) 40% to 64% moisture,tons,2019-03,362412.0
coproducts,Dry mill,Modified distillers wet grains (DWG) 40% to 64% moisture,tons,2019-04,364589.0
coproducts,Dry mill,Modified distillers wet grains (DWG) 40% to 64% moisture,tons,2019-05,456572.0
coproducts,Dry mill,Modified distillers wet grains (DWG) 40% to 64% moisture,tons,2019-06,391650.0
coproducts,Dry mill,Modified distillers wet grains (DWG) 40% to 64% moisture,tons,2019-07,378821.0
coproducts,Dry mill,Modified distillers wet grains (DWG) 40% to 64% moisture,tons,2019-08,409285.0
coproducts,Dry mill,Modified distillers wet grains (DWG) 40% to 64% moisture,tons,2019-09,398844.0
coproducts,Dry mill,Modified distillers wet grains (DWG) 40% to 64% moisture,tons,2019-10,447475.0
coproducts,Dry mill,Modified distillers wet grains (DWG) 40% to 64% moisture,tons,2019-11,458120.0
coproducts,Dry mill,Modified distillers wet grains (DWG) 40% to 64% moisture,tons,2019-12,493170.0
coproducts,Dry mill,Modified distillers wet grains (DWG) 40% to 64% moisture,tons,2020-01,476126.0
coproducts,Dry mill,Modified distillers wet grains (DWG) 40% to 64% moisture,tons,2020-02,469444.0
coproducts,Dry mill,Modified distillers wet grains (DWG) 40% to 64% moisture,tons,2020-03,478416.0
coproducts,Dry mill,Modified distillers wet grains (DWG) 40% to 64% moisture,tons,2020-04,274285.0
coproducts,Dry mill,Modified distillers wet grains (DWG) 40% to 64% moisture,tons,2020-05,242365.0
coproducts,Dry mill,Modified distillers wet grains (DWG) 40% to 64% moisture,tons,2020-06,309981.0
coproducts,Dry mill,Modified distillers wet grains (DWG) 40% to 64% moisture,tons,2020-07,375041.0
coproducts,Dry mill,Modified distillers wet grains (DWG) 40% to 64% moisture,tons,2020-08,373733.0
coproducts,Dry mill,Modified distillers wet grains (DWG) 40% to 64% moisture,tons,2020-09,386470.0
coproducts,Dry mill,Modified distillers wet grains (DWG) 40% to 64% moisture,tons,2020-10,409030.0
coproducts,Dry mill,Modified distillers wet grains (DWG) 40% to 64% moisture,tons,2020-11,421779.0
coproducts,Dry mill,Modified distillers wet grains (DWG) 40% to 64% moisture,tons,2020-12,435648.0
coproducts,Dry mill,Modified distillers wet grains (DWG) 40% to 64% moisture,tons,2021-01,415857.0
coproducts,Dry mill,Modified distillers wet grains (DWG) 40% to 64% moisture,tons,2021-02,377688.0
coproducts,Dry mill,Modified distillers wet grains (DWG) 40% to 64% moisture,tons,2021-03,391913.0
coproducts,Dry mill,Modified distillers wet grains (DWG) 40% to 64% moisture,tons,2021-04,373090.0
coproducts,Dry mill,Modified distillers wet grains (DWG) 40% to 64% moisture,tons,2021-05,344779.0
coproducts,Dry mill,Modified distillers wet grains (DWG) 40% to 64% moisture,tons,2021-06,411900.0
coproducts,Dry mill,Modified distillers wet grains (DWG) 40% to 64% moisture,tons,2021-07,399669.0
coproducts,Dry mill,Modified distillers wet grains (DWG) 40% to 64% moisture,tons,2021-08,395054.0
coproducts,Dry mill,Modified distillers wet grains (DWG) 40% to 64% moisture,tons,2021-09,423404.0
coproducts,Dry mill,Modified distillers wet grains (DWG) 40% to 64% moisture,tons,2021-10,396748.0
coproducts,Dry mill,Modified distillers wet grains (DWG) 40% to 64% moisture,tons,2021-11,515758.0
coproducts,Dry mill,Modified distillers wet grains (DWG) 40% to 64% moisture,tons,2021-12,546625.0
coproducts,Dry mill,Modified distillers wet grains (DWG) 40% to 64% moisture,tons,2022-01,535036.0
coproducts,Dry mill,Modified distillers wet grains (DWG) 40% to 64% moisture,tons,2022-02,492839.0
coproducts,Dry mill,Modified distillers wet grains (DWG) 40% to 64% moisture,tons,2022-03,562599.0
coproducts,Dry mill,Modified distillers wet grains (DWG) 40% to 64% moisture,tons,2022-04,517270.0
coproducts,Dry mill,Modified distillers wet grains (DWG) 40% to 64% moisture,tons,2022-05,468772.0
coproducts,Dry mill,Modified distillers wet grains (DWG) 40% to 64% moisture,tons,2022-06,494792.0
coproducts,Dry mill,Modified distillers wet grains (DWG) 40% to 64% moisture,tons,2022-07,495386.0
coproducts,Dry mill,Modified distillers wet grains (DWG) 40% to 64% moisture,tons,2022-08,544168.0
coproducts,Dry mill,Modified distillers wet grains (DWG) 40% to 64% moisture,tons,2022-09,498142.0
coproducts,Dry mill,Modified distillers wet grains (DWG) 40% to 64% moisture,tons,2022-10,490060.0
coproducts,Dry mill,Modified distillers wet grains (DWG) 40% to 64% moisture,tons,2022-11,558128.0
coproducts,Dry mill,Modified distillers wet grains (DWG) 40% to 64% moisture,tons,2022-12,576406.0
coproducts,Dry mill,Modified distillers wet grains (DWG) 40% to 64% moisture,tons,2023-01,582926.0
coproducts,Dry mill,Modified distillers wet grains (DWG) 40% to 64% moisture,tons,2023-02,466269.0
coproducts,Dry mill,Modified distillers wet grains (DWG) 40% to 64% moisture,tons,2023-03,505762.0
coproducts,Dry mill,Modified distillers wet grains (DWG) 40% to 64% moisture,tons,2023-04,470528.0
coproducts,Dry mill,Modified distillers wet grains (DWG) 40% to 64% moisture,tons,2023-05,455581.0
coproducts,Dry mill,Modified distillers wet grains (DWG) 40% to 64% moisture,tons,2023-06,414953.0
coproducts,Dry mill,Modified distillers wet grains (DWG) 40% to 64% moisture,tons,2023-07,430169.0
coproducts,Dry mill,Modified distillers wet grains (DWG) 40% to 64% moisture,tons,2023-08,396043.0
coproducts,Dry mill,Modified distillers wet grains (DWG) 40% to 64% moisture,tons,2023-09,390670.0
coproducts,Dry mill,Modified distillers wet grains (DWG) 40% to 64% moisture,tons,2023-10,425030.0
coproducts,Dry mill,Modified distillers wet grains (DWG) 40% to 64% moisture,tons,2023-11,453944.0
coproducts,Dry mill,Modified distillers wet grains (DWG) 40% to 64% moisture,tons,2023-12,482524.0
coproducts,Dry mill,Modified distillers wet grains (DWG) 40% to 64% moisture,tons,2024-01,474498.0
coproducts,Dry mill,Modified distillers wet grains (DWG) 40% to 64% moisture,tons,2024-02,456737.0
coproducts,Dry mill,Modified distillers wet grains (DWG) 40% to 64% moisture,tons,2024-03,459800.0
coproducts,Dry mill,Modified distillers wet grains (DWG) 40% to 64% moisture,tons,2024-04,447377.0
coproducts,Dry mill,Modified distillers wet grains (DWG) 40% to 64% moisture,tons,2024-05,419450.0
coproducts,Dry mill,Modified distillers wet grains (DWG) 40% to 64% moisture,tons,2024-06,379426.0
coproducts,Dry mill,Modified distillers wet grains (DWG) 40% to 64% moisture,tons,2024-07,396354.0
coproducts,Dry mill,Modified distillers wet grains (DWG) 40% to 64% moisture,tons,2024-08,377207.0
coproducts,Dry mill,Modified distillers wet grains (DWG) 40% to 64% moisture,tons,2024-09,372632.0
coproducts,Dry mill,Modified distillers wet grains (DWG) 40% to 64% moisture,tons,2024-10,429103.0
coproducts,Dry mill,Modified distillers wet grains (DWG) 40% to 64% moisture,tons,2024-11,432980.0
coproducts,Dry mill,Modified distillers wet grains (DWG) 40% to 64% moisture,tons,2024-12,481524.0
coproducts,Dry mill,Modified distillers wet grains (DWG) 40% to 64% moisture,tons,2025-01,481080.0
coproducts,Dry mill,Modified distillers wet grains (DWG) 40% to 64% moisture,tons,2025-02,450916.0
coproducts,Dry mill,Modified distillers wet grains (DWG) 40% to 64% moisture,tons,2025-03,497503.0
coproducts,Dry mill,Modified distillers wet grains (DWG) 40% to 64% moisture,tons,2025-04,456525.0
coproducts,Dry mill,Modified distillers wet grains (DWG) 40% to 64% moisture,tons,2025-05,442278.0
coproducts,Dry mill,Modified distillers wet grains (DWG) 40% to 64% moisture,tons,2025-06,381861.0
coproducts,Dry mill,Modified distillers wet grains (DWG) 40% to 64% moisture,tons,2025-07,393453.0
coproducts,Dry mill,Modified distillers wet grains (DWG) 40% to 64% moisture,tons,2025-08,406314.0
coproducts,Dry mill,Modified distillers wet grains (DWG) 40% to 64% moisture,tons,2025-09,381891.0
coproducts,Dry mill,Modified distillers wet grains (DWG) 40% to 64% moisture,tons,2025-10,450151.0
coproducts,Dry mill,Modified distillers wet grains (DWG) 40% to 64% moisture,tons,2025-11,496923.0
coproducts,Dry mill,Modified distillers wet grains (DWG) 40% to 64% moisture,tons,2025-12,558253.0
coproducts,Dry mill,Modified distillers wet grains (DWG) 40% to 64% moisture,tons,2026-01,502872.0
coproducts,Dry mill,Modified distillers wet grains (DWG) 40% to 64% moisture,tons,2026-02,455493.0
coproducts,Dry mill,Modified distillers wet grains (DWG) 40% to 64% moisture,tons,2026-03,484934.0
coproducts,Dry mill,Modified distillers wet grains (DWG) 40% to 64% moisture,tons,2026-04,474339.0
coproducts,Dry mill,Modified distillers wet grains (DWG) 40% to 64% moisture,tons,2026-05,441305.0
coproducts,Dry mill,Modified distillers wet grains (DWG) 40% to 64% moisture,tons,2026-06,361161.0
coproducts,Dry mill,Modified distillers wet grains (DWG) 40% to 64% moisture,tons,2026-07,359152.0
coproducts,Dry mill,Modified distillers wet grains (DWG) 40% to 64% moisture,tons,2026-08,406854.0
coproducts,Wet mill,Wet corn gluten feed 40% to 60% moisture,tons,2018-07,263139.0
coproducts,Wet mill,Wet corn gluten feed 40% to 60% moisture,tons,2018-08,256268.0
coproducts,Wet mill,Wet corn gluten feed 40% to 60% moisture,tons,2018-09,229183.0
coproducts,Wet mill,Wet corn gluten feed 40% to 60% moisture,tons,2018-10,245681.0
coproducts,Wet mill,Wet corn gluten feed 40% to 60% moisture,tons,2018-11,257003.0
coproducts,Wet mill,Wet corn gluten feed 40% to 60% moisture,tons,2018-12,256146.0
coproducts,Wet mill,Wet corn gluten feed 40% to 60% moisture,tons,2019-01,253103.0
coproducts,Wet mill,Wet corn gluten feed 40% to 60% moisture,tons,2019-02,224333.0
coproducts,Wet mill,Wet corn gluten feed 40% to 60% moisture,tons,2019-03,224850.0
coproducts,Wet mill,Wet corn gluten feed 40% to 60% moisture,tons,2019-04,253959.0
coproducts,Wet mill,Wet corn gluten feed 40% to 60% moisture,tons,2019-05,269967.0
coproducts,Wet mill,Wet corn gluten feed 40% to 60% moisture,tons,2019-06,250826.0
coproducts,Wet mill,Wet corn gluten feed 40% to 60% moisture,tons,2019-07,252084.0
coproducts,Wet mill,Wet corn gluten feed 40% to 60% moisture,tons,2019-08,261243.0
coproducts,Wet mill,Wet corn gluten feed 40% to 60% moisture,tons,2019-09,208645.0
coproducts,Wet mill,Wet corn gluten feed 40% to 60% moisture,tons,2019-10,233348.0
coproducts,Wet mill,Wet corn gluten feed 40% to 60% moisture,tons,2019-11,262089.0
coproducts,Wet mill,Wet corn gluten feed 40% to 60% moisture,tons,2019-12,257381.0
coproducts,Wet mill,Wet corn gluten feed 40% to 60% moisture,tons,2020-01,234181.0
coproducts,Wet mill,Wet corn gluten feed 40% to 60% moisture,tons,2020-02,217691.0
coproducts,Wet mill,Wet corn gluten feed 40% to 60% moisture,tons,2020-03,220423.0
coproducts,Wet mill,Wet corn gluten feed 40% to 60% moisture,tons,2020-04,184876.0
coproducts,Wet mill,Wet corn gluten feed 40% to 60% moisture,tons,2020-05,211741.0
coproducts,Wet mill,Wet corn gluten feed 40% to 60% moisture,tons,2020-06,221935.0
coproducts,Wet mill,Wet corn gluten feed 40% to 60% moisture,tons,2020-07,234407.0
coproducts,Wet mill,Wet corn gluten feed 40% to 60% moisture,tons,2020-08,252006.0
coproducts,Wet mill,Wet corn gluten feed 40% to 60% moisture,tons,2020-09,224860.0
coproducts,Wet mill,Wet corn gluten feed 40% to 60% moisture,tons,2020-10,213798.0
coproducts,Wet mill,Wet corn gluten feed 40% to 60% moisture,tons,2020-11,200831.0
coproducts,Wet mill,Wet corn gluten feed 40% to 60% moisture,tons,2020-12,185187.0
coproducts,Wet mill,Wet corn gluten feed 40% to 60% moisture,tons,2021-01,214623.0
coproducts,Wet mill,Wet corn gluten feed 40% to 60% moisture,tons,2021-02,169005.0
coproducts,Wet mill,Wet corn gluten feed 40% to 60% moisture,tons,2021-03,206831.0
coproducts,Wet mill,Wet corn gluten feed 40% to 60% moisture,tons,2021-04,202491.0
coproducts,Wet mill,Wet corn gluten feed 40% to 60% moisture,tons,2021-05,208575.0
coproducts,Wet mill,Wet corn gluten feed 40% to 60% moisture,tons,2021-06,207751.0
coproducts,Wet mill,Wet corn gluten feed 40% to 60% moisture,tons,2021-07,209836.0
coproducts,Wet mill,Wet corn gluten feed 40% to 60% moisture,tons,2021-08,205634.0
coproducts,Wet mill,Wet corn gluten feed 40% to 60% moisture,tons,2021-09,208335.0
coproducts,Wet mill,Wet corn gluten feed 40% to 60% moisture,tons,2021-10,212455.0
coproducts,Wet mill,Wet corn gluten feed 40% to 60% moisture,tons,2021-11,211260.0
coproducts,Wet mill,Wet corn gluten feed 40% to 60% moisture,tons,2021-12,214346.0
coproducts,Wet mill,Wet corn gluten feed 40% to 60% moisture,tons,2022-01,197175.0
coproducts,Wet mill,Wet corn gluten feed 40% to 60% moisture,tons,2022-02,190577.0
coproducts,Wet mill,Wet corn gluten feed 40% to 60% moisture,tons,2022-03,226860.0
coproducts,Wet mill,Wet corn gluten feed 40% to 60% moisture,tons,2022-04,221071.0
coproducts,Wet mill,Wet corn gluten feed 40% to 60% moisture,tons,2022-05,205508.0
coproducts,Wet mill,Wet corn gluten feed 40% to 60% moisture,tons,2022-06,202951.0
coproducts,Wet mill,Wet corn gluten feed 40% to 60% moisture,tons,2022-07,221764.0
coproducts,Wet mill,Wet corn gluten feed 40% to 60% moisture,tons,2022-08,189203.0
coproducts,Wet mill,Wet corn gluten feed 40% to 60% moisture,tons,2022-09,192999.0
coproducts,Wet mill,Wet corn gluten feed 40% to 60% moisture,tons,2022-10,208273.0
coproducts,Wet mill,Wet corn gluten feed 40% to 60% moisture,tons,2022-11,203891.0
coproducts,Wet mill,Wet corn gluten feed 40% to 60% moisture,tons,2022-12,188584.0
coproducts,Wet mill,Wet corn gluten feed 40% to 60% moisture,tons,2023-01,208090.0
coproducts,Wet mill,Wet corn gluten feed 40% to 60% moisture,tons,2023-02,185051.0
coproducts,Wet mill,Wet corn gluten feed 40% to 60% moisture,tons,2023-03,187120.0
coproducts,Wet mill,Wet corn gluten feed 40% to 60% moisture,tons,2023-04,194485.0
coproducts,Wet mill,Wet corn gluten feed 40% to 60% moisture,tons,2023-05,193092.0
coproducts,Wet mill,Wet corn gluten feed 40% to 60% moisture,tons,2023-06,179905.0
coproducts,Wet mill,Wet corn gluten feed 40% to 60% moisture,tons,2023-07,224484.0
coproducts,Wet mill,Wet corn gluten feed 40% to 60% moisture,tons,2023-08,207397.0
coproducts,Wet mill,Wet corn gluten feed 40% to 60% moisture,tons,2023-09,196264.0
coproducts,Wet mill,Wet corn gluten feed 40% to 60% moisture,tons,2023-10,212424.0
coproducts,Wet mill,Wet corn gluten feed 40% to 60% moisture,tons,2023-11,202534.0
coproducts,Wet mill,Wet corn gluten feed 40% to 60% moisture,tons,2023-12,209818.0
coproducts,Wet mill,Wet corn gluten feed 40% to 60% moisture,tons,2024-01,200086.0
coproducts,Wet mill,Wet corn gluten feed 40% to 60% moisture,tons,2024-02,207421.0
coproducts,Wet mill,Wet corn gluten feed 40% to 60% moisture,tons,2024-03,214038.0
coproducts,Wet mill,Wet corn gluten feed 40% to 60% moisture,tons,2024-04,199182.0
coproducts,Wet mill,Wet corn gluten feed 40% to 60% moisture,tons,2024-05,209016.0
coproducts,Wet mill,Wet corn gluten feed 40% to 60% moisture,tons,2024-06,197847.0
coproducts,Wet mill,Wet corn gluten feed 40% to 60% moisture,tons,2024-07,210013.0
coproducts,Wet mill,Wet corn gluten feed 40% to 60% moisture,tons,2024-08,191305.0
coproducts,Wet mill,Wet corn gluten feed 40% to 60% moisture,tons,2024-09,174070.0
coproducts,Wet mill,Wet corn gluten feed 40% to 60% moisture,tons,2024-10,205988.0
coproducts,Wet mill,Wet corn gluten feed 40% to 60% moisture,tons,2024-11,219853.0
coproducts,Wet mill,Wet corn gluten feed 40% to 60% moisture,tons,2024-12,201311.0
coproducts,Wet mill,Wet corn gluten feed 40% to 60% moisture,tons,2025-01,204250.0
coproducts,Wet mill,Wet corn gluten feed 40% to 60% moisture,tons,2025-02,176276.0
coproducts,Wet mill,Wet corn gluten feed 40% to 60% moisture,tons,2025-03,197117.0
coproducts,Wet mill,Wet corn gluten feed 40% to 60% moisture,tons,2025-04,198188.0
coproducts,Wet mill,Wet corn gluten feed 40% to 60% moisture,tons,2025-05,200541.0
coproducts,Wet mill,Wet corn gluten feed 40% to 60% moisture,tons,2025-06,187424.0
coproducts,Wet mill,Wet corn gluten feed 40% to 60% moisture,tons,2025-07,191347.0
coproducts,Wet mill,Wet corn gluten feed 40% to 60% moisture,tons,2025-08,175862.0
coproducts,Wet mill,Wet corn gluten feed 40% to 60% moisture,tons,2025-09,164266.0
coproducts,Wet mill,Wet corn gluten feed 40% to 60% moisture,tons,2025-10,189128.0
coproducts,Wet mill,Wet corn gluten feed 40% to 60% moisture,tons,2025-11,186284.0
coproducts,Wet mill,Wet corn gluten feed 40% to 60% moisture,tons,2025-12,188185.0
coproducts,Wet mill,Wet corn gluten feed 40% to 60% moisture,tons,2026-01,193748.0
coproducts,Wet mill,Wet corn gluten feed 40% to 60% moisture,tons,2026-02,170163.0
coproducts,Wet mill,Wet corn gluten feed 40% to 60% moisture,tons,2026-03,191594.0
coproducts,Wet mill,Wet corn gluten feed 40% to 60% moisture,tons,2026-04,188569.0
coproducts,Wet mill,Wet corn gluten feed 40% to 60% moisture,tons,2026-05,190178.0
coproducts,Wet mill,Wet corn gluten feed 40% to 60% moisture,tons,2026-06,193976.0
coproducts,Wet mill,Wet corn gluten feed 40% to 60% moisture,tons,2026-07,210120.0
coproducts,Wet mill,Wet corn gluten feed 40% to 60% moisture,tons,2026-08,180096.0
