period,marketing_year,month,item,amount_mil_bu
1900-01,1999/00,1,Durum food exports,0.359446
1900-01,1999/00,1,Durum food use,6.85157
1900-01,1999/00,1,Durum wheat ground for semolina and durum flour,6.161997
1900-01,1999/00,1,"Flour, semolina, pasta, bulgur, and couscous imports",1.794408
1900-01,1999/00,1,Food exports,3.836656
1900-01,1999/00,1,Food use,74.068478
1900-01,1999/00,1,Nonmilled food use,2.0
1900-01,1999/00,1,"Semolina, durum flour, pasta, and couscous imports",1.04902
1900-01,1999/00,1,Wheat ground for flour,74.110725
1900-02,1999/00,2,Durum food exports,0.326168
1900-02,1999/00,2,Durum food use,7.049509
1900-02,1999/00,2,Durum wheat ground for semolina and durum flour,6.327014
1900-02,1999/00,2,"Flour, semolina, pasta, bulgur, and couscous imports",1.764161
1900-02,1999/00,2,Food exports,5.75959
1900-02,1999/00,2,Food use,71.527011
1900-02,1999/00,2,Nonmilled food use,2.0
1900-02,1999/00,2,"Semolina, durum flour, pasta, and couscous imports",1.048662
1900-02,1999/00,2,Wheat ground for flour,73.52244
1900-03,1999/00,3,Durum food exports,0.32951
1900-03,1999/00,3,Durum food use,7.238795
1900-03,1999/00,3,Durum wheat ground for semolina and durum flour,6.343989
1900-03,1999/00,3,"Flour, semolina, pasta, bulgur, and couscous imports",2.1026
1900-03,1999/00,3,Food exports,2.810504
1900-03,1999/00,3,Food use,79.295931
1900-03,1999/00,3,Nonmilled food use,2.0
1900-03,1999/00,3,"Semolina, durum flour, pasta, and couscous imports",1.224316
1900-03,1999/00,3,Wheat ground for flour,78.003835
1900-04,1999/00,4,Durum food exports,0.235221
1900-04,1999/00,4,Durum food use,5.969835
1900-04,1999/00,4,Durum wheat ground for semolina and durum flour,5.28099
1900-04,1999/00,4,"Flour, semolina, pasta, bulgur, and couscous imports",1.647838
1900-04,1999/00,4,Food exports,3.433785
1900-04,1999/00,4,Food use,75.799121
1900-04,1999/00,4,Nonmilled food use,2.0
1900-04,1999/00,4,"Semolina, durum flour, pasta, and couscous imports",0.924065
1900-04,1999/00,4,Wheat ground for flour,75.585068
1900-05,1999/00,5,Durum food exports,0.279578
1900-05,1999/00,5,Durum food use,6.351936
1900-05,1999/00,5,Durum wheat ground for semolina and durum flour,5.482781
1900-05,1999/00,5,"Flour, semolina, pasta, bulgur, and couscous imports",1.959441
1900-05,1999/00,5,Food exports,1.539132
1900-05,1999/00,5,Food use,79.703129
1900-05,1999/00,5,Nonmilled food use,2.0
1900-05,1999/00,5,"Semolina, durum flour, pasta, and couscous imports",1.148734
1900-05,1999/00,5,Wheat ground for flour,77.282821
1989-06,1989/90,6,Durum food exports,0.022828
1989-06,1989/90,6,Durum food use,0.459164
1989-06,1989/90,6,"Flour, semolina, pasta, bulgur, and couscous imports",0.684347
1989-06,1989/90,6,Food exports,0.926965
1989-06,1989/90,6,Food use,59.510382
1989-06,1989/90,6,Nonmilled food use,1.4
1989-06,1989/90,6,"Semolina, durum flour, pasta, and couscous imports",0.481992
1989-06,1989/90,6,Wheat ground for flour,58.353
1989-07,1989/90,7,Durum food exports,0.027669
1989-07,1989/90,7,Durum food use,0.444887
1989-07,1989/90,7,"Flour, semolina, pasta, bulgur, and couscous imports",0.673776
1989-07,1989/90,7,Food exports,1.826363
1989-07,1989/90,7,Food use,61.003413
1989-07,1989/90,7,Nonmilled food use,1.4
1989-07,1989/90,7,"Semolina, durum flour, pasta, and couscous imports",0.472555
1989-07,1989/90,7,Wheat ground for flour,60.756
1989-08,1989/90,8,Durum food exports,0.034637
1989-08,1989/90,8,Durum food use,0.470965
1989-08,1989/90,8,"Flour, semolina, pasta, bulgur, and couscous imports",0.725436
1989-08,1989/90,8,Food exports,5.808326
1989-08,1989/90,8,Food use,70.18811
1989-08,1989/90,8,Nonmilled food use,1.4
1989-08,1989/90,8,"Semolina, durum flour, pasta, and couscous imports",0.505602
1989-08,1989/90,8,Wheat ground for flour,73.871
1989-09,1989/90,9,Durum food exports,0.03857
1989-09,1989/90,9,Durum food use,0.354312
1989-09,1989/90,9,"Flour, semolina, pasta, bulgur, and couscous imports",0.57976
1989-09,1989/90,9,Food exports,8.977836
1989-09,1989/90,9,Food use,59.327924
1989-09,1989/90,9,Nonmilled food use,1.4
1989-09,1989/90,9,"Semolina, durum flour, pasta, and couscous imports",0.392882
1989-09,1989/90,9,Wheat ground for flour,66.326
1989-10,1989/90,10,Durum food exports,0.049724
1989-10,1989/90,10,Durum food use,0.428463
1989-10,1989/90,10,"Flour, semolina, pasta, bulgur, and couscous imports",0.675384
1989-10,1989/90,10,Food exports,3.394259
1989-10,1989/90,10,Food use,69.162126
1989-10,1989/90,10,Nonmilled food use,1.4
1989-10,1989/90,10,"Semolina, durum flour, pasta, and couscous imports",0.478187
1989-10,1989/90,10,Wheat ground for flour,70.481
1989-11,1989/90,11,Durum food exports,0.020148
1989-11,1989/90,11,Durum food use,0.440777
1989-11,1989/90,11,"Flour, semolina, pasta, bulgur, and couscous imports",0.671335
1989-11,1989/90,11,Food exports,6.824461
1989-11,1989/90,11,Food use,63.167874
1989-11,1989/90,11,Nonmilled food use,1.4
1989-11,1989/90,11,"Semolina, durum flour, pasta, and couscous imports",0.460925
1989-11,1989/90,11,Wheat ground for flour,67.921
1989-12,1989/90,12,Durum food exports,0.042349
1989-12,1989/90,12,Durum food use,0.428215
1989-12,1989/90,12,"Flour, semolina, pasta, bulgur, and couscous imports",0.673978
1989-12,1989/90,12,Food exports,3.643227
1989-12,1989/90,12,Food use,59.370751
1989-12,1989/90,12,Nonmilled food use,1.4
1989-12,1989/90,12,"Semolina, durum flour, pasta, and couscous imports",0.470564
1989-12,1989/90,12,Wheat ground for flour,60.94
1990-01,1989/90,1,Durum food exports,0.023781
1990-01,1989/90,1,Durum food use,4.55806
1990-01,1989/90,1,Durum wheat ground for semolina and durum flour,4.171
1990-01,1989/90,1,"Flour, semolina, pasta, bulgur, and couscous imports",0.589417
1990-01,1989/90,1,Food exports,4.890116
1990-01,1989/90,1,Food use,61.232302
1990-01,1989/90,1,Nonmilled food use,1.45
1990-01,1989/90,1,"Semolina, durum flour, pasta, and couscous imports",0.41084
1990-01,1989/90,1,Wheat ground for flour,64.083
1990-02,1989/90,2,Durum food exports,0.02613
1990-02,1989/90,2,Durum food use,4.627958
1990-02,1989/90,2,Durum wheat ground for semolina and durum flour,4.325
1990-02,1989/90,2,"Flour, semolina, pasta, bulgur, and couscous imports",0.473804
1990-02,1989/90,2,Food exports,3.129198
1990-02,1989/90,2,Food use,63.715607
1990-02,1989/90,2,Nonmilled food use,1.45
1990-02,1989/90,2,"Semolina, durum flour, pasta, and couscous imports",0.329088
1990-02,1989/90,2,Wheat ground for flour,64.921
1990-03,1989/90,3,Durum food exports,0.042018
1990-03,1989/90,3,Durum food use,5.356813
1990-03,1989/90,3,Durum wheat ground for semolina and durum flour,4.976
1990-03,1989/90,3,"Flour, semolina, pasta, bulgur, and couscous imports",0.59439
1990-03,1989/90,3,Food exports,4.476497
1990-03,1989/90,3,Food use,63.535893
1990-03,1989/90,3,Nonmilled food use,1.45
1990-03,1989/90,3,"Semolina, durum flour, pasta, and couscous imports",0.422831
1990-03,1989/90,3,Wheat ground for flour,65.968
1990-04,1989/90,4,Durum food exports,0.036016
1990-04,1989/90,4,Durum food use,5.084237
1990-04,1989/90,4,Durum wheat ground for semolina and durum flour,4.641
1990-04,1989/90,4,"Flour, semolina, pasta, bulgur, and couscous imports",0.688198
1990-04,1989/90,4,Food exports,6.138287
1990-04,1989/90,4,Food use,56.781911
1990-04,1989/90,4,Nonmilled food use,1.45
1990-04,1989/90,4,"Semolina, durum flour, pasta, and couscous imports",0.479253
1990-04,1989/90,4,Wheat ground for flour,60.782
1990-05,1989/90,5,Durum food exports,0.035766
1990-05,1989/90,5,Durum food use,5.305954
1990-05,1989/90,5,Durum wheat ground for semolina and durum flour,4.806
1990-05,1989/90,5,"Flour, semolina, pasta, bulgur, and couscous imports",0.791472
1990-05,1989/90,5,Food exports,3.2933
1990-05,1989/90,5,Food use,61.921172
1990-05,1989/90,5,Nonmilled food use,1.45
1990-05,1989/90,5,"Semolina, durum flour, pasta, and couscous imports",0.53572
1990-05,1989/90,5,Wheat ground for flour,62.973
1990-06,1990/91,6,Durum food exports,0.038744
1990-06,1990/91,6,Durum food use,5.116942
1990-06,1990/91,6,Durum wheat ground for semolina and durum flour,4.635
1990-06,1990/91,6,"Flour, semolina, pasta, bulgur, and couscous imports",0.735989
1990-06,1990/91,6,Food exports,1.14372
1990-06,1990/91,6,Food use,60.700269
1990-06,1990/91,6,Nonmilled food use,1.5
1990-06,1990/91,6,"Semolina, durum flour, pasta, and couscous imports",0.520686
1990-06,1990/91,6,Wheat ground for flour,59.608
1990-07,1990/91,7,Durum food exports,0.032132
1990-07,1990/91,7,Durum food use,4.788084
1990-07,1990/91,7,Durum wheat ground for semolina and durum flour,4.288
1990-07,1990/91,7,"Flour, semolina, pasta, bulgur, and couscous imports",0.746551
1990-07,1990/91,7,Food exports,2.253496
1990-07,1990/91,7,Food use,61.244055
1990-07,1990/91,7,Nonmilled food use,1.5
1990-07,1990/91,7,"Semolina, durum flour, pasta, and couscous imports",0.532216
1990-07,1990/91,7,Wheat ground for flour,61.251
1990-08,1990/91,8,Durum food exports,0.063162
1990-08,1990/91,8,Durum food use,5.942791
1990-08,1990/91,8,Durum wheat ground for semolina and durum flour,5.435
1990-08,1990/91,8,"Flour, semolina, pasta, bulgur, and couscous imports",0.798595
1990-08,1990/91,8,Food exports,2.847329
1990-08,1990/91,8,Food use,71.985265
1990-08,1990/91,8,Nonmilled food use,1.5
1990-08,1990/91,8,"Semolina, durum flour, pasta, and couscous imports",0.570953
1990-08,1990/91,8,Wheat ground for flour,72.534
1990-09,1990/91,9,Durum food exports,0.040191
1990-09,1990/91,9,Durum food use,5.636216
1990-09,1990/91,9,Durum wheat ground for semolina and durum flour,5.298
1990-09,1990/91,9,"Flour, semolina, pasta, bulgur, and couscous imports",0.532786
1990-09,1990/91,9,Food exports,2.911523
1990-09,1990/91,9,Food use,64.179263
1990-09,1990/91,9,Nonmilled food use,1.5
1990-09,1990/91,9,"Semolina, durum flour, pasta, and couscous imports",0.378406
1990-09,1990/91,9,Wheat ground for flour,65.058
1990-10,1990/91,10,Durum food exports,0.065224
1990-10,1990/91,10,Durum food use,6.279896
1990-10,1990/91,10,Durum wheat ground for semolina and durum flour,5.771
1990-10,1990/91,10,"Flour, semolina, pasta, bulgur, and couscous imports",0.782001
1990-10,1990/91,10,Food exports,3.443548
1990-10,1990/91,10,Food use,73.033453
1990-10,1990/91,10,Nonmilled food use,1.5
1990-10,1990/91,10,"Semolina, durum flour, pasta, and couscous imports",0.57412
1990-10,1990/91,10,Wheat ground for flour,74.195
1990-11,1990/91,11,Durum food exports,0.089109
1990-11,1990/91,11,Durum food use,6.054653
1990-11,1990/91,11,Durum wheat ground for semolina and durum flour,5.573
1990-11,1990/91,11,"Flour, semolina, pasta, bulgur, and couscous imports",0.760881
1990-11,1990/91,11,Food exports,3.538924
1990-11,1990/91,11,Food use,71.803957
1990-11,1990/91,11,Nonmilled food use,1.5
1990-11,1990/91,11,"Semolina, durum flour, pasta, and couscous imports",0.570762
1990-11,1990/91,11,Wheat ground for flour,73.082
1990-12,1990/91,12,Durum food exports,0.044559
1990-12,1990/91,12,Durum food use,4.881897
1990-12,1990/91,12,Durum wheat ground for semolina and durum flour,4.447
1990-12,1990/91,12,"Flour, semolina, pasta, bulgur, and couscous imports",0.666816
1990-12,1990/91,12,Food exports,4.536733
1990-12,1990/91,12,Food use,61.361083
1990-12,1990/91,12,Nonmilled food use,1.5
1990-12,1990/91,12,"Semolina, durum flour, pasta, and couscous imports",0.479457
1990-12,1990/91,12,Wheat ground for flour,63.731
1991-01,1990/91,1,Durum food exports,0.096439
1991-01,1990/91,1,Durum food use,5.261736
1991-01,1990/91,1,Durum wheat ground for semolina and durum flour,4.931
1991-01,1990/91,1,"Flour, semolina, pasta, bulgur, and couscous imports",0.602094
1991-01,1990/91,1,Food exports,2.697509
1991-01,1990/91,1,Food use,66.128584
1991-01,1990/91,1,Nonmilled food use,1.55
1991-01,1990/91,1,"Semolina, durum flour, pasta, and couscous imports",0.427175
1991-01,1990/91,1,Wheat ground for flour,66.674
1991-02,1990/91,2,Durum food exports,0.0915
1991-02,1990/91,2,Durum food use,5.945053
1991-02,1990/91,2,Durum wheat ground for semolina and durum flour,5.574
1991-02,1990/91,2,"Flour, semolina, pasta, bulgur, and couscous imports",0.629765
1991-02,1990/91,2,Food exports,3.856617
1991-02,1990/91,2,Food use,63.509147
1991-02,1990/91,2,Nonmilled food use,1.55
1991-02,1990/91,2,"Semolina, durum flour, pasta, and couscous imports",0.462553
1991-02,1990/91,2,Wheat ground for flour,65.186
1991-03,1990/91,3,Durum food exports,0.068101
1991-03,1990/91,3,Durum food use,4.736895
1991-03,1990/91,3,Durum wheat ground for semolina and durum flour,4.325
1991-03,1990/91,3,"Flour, semolina, pasta, bulgur, and couscous imports",0.746962
1991-03,1990/91,3,Food exports,6.317562
1991-03,1990/91,3,Food use,59.2274
1991-03,1990/91,3,Nonmilled food use,1.55
1991-03,1990/91,3,"Semolina, durum flour, pasta, and couscous imports",0.479996
1991-03,1990/91,3,Wheat ground for flour,63.248
1991-04,1990/91,4,Durum food exports,0.053399
1991-04,1990/91,4,Durum food use,5.060097
1991-04,1990/91,4,Durum wheat ground for semolina and durum flour,4.637
1991-04,1990/91,4,"Flour, semolina, pasta, bulgur, and couscous imports",0.889151
1991-04,1990/91,4,Food exports,3.764044
1991-04,1990/91,4,Food use,66.316107
1991-04,1990/91,4,Nonmilled food use,1.55
1991-04,1990/91,4,"Semolina, durum flour, pasta, and couscous imports",0.476496
1991-04,1990/91,4,Wheat ground for flour,67.641
1991-05,1990/91,5,Durum food exports,0.062919
1991-05,1990/91,5,Durum food use,5.035514
1991-05,1990/91,5,Durum wheat ground for semolina and durum flour,4.547
1991-05,1990/91,5,"Flour, semolina, pasta, bulgur, and couscous imports",0.762907
1991-05,1990/91,5,Food exports,3.583418
1991-05,1990/91,5,Food use,68.579489
1991-05,1990/91,5,Nonmilled food use,1.55
1991-05,1990/91,5,"Semolina, durum flour, pasta, and couscous imports",0.551433
1991-05,1990/91,5,Wheat ground for flour,69.85
1991-06,1991/92,6,Durum food exports,0.070725
1991-06,1991/92,6,Durum food use,4.718936
1991-06,1991/92,6,Durum wheat ground for semolina and durum flour,4.173
1991-06,1991/92,6,"Flour, semolina, pasta, bulgur, and couscous imports",0.837919
1991-06,1991/92,6,Food exports,9.615826
1991-06,1991/92,6,Food use,53.737092
1991-06,1991/92,6,Nonmilled food use,1.6
1991-06,1991/92,6,"Semolina, durum flour, pasta, and couscous imports",0.616661
1991-06,1991/92,6,Wheat ground for flour,60.915
1991-07,1991/92,7,Durum food exports,0.095597
1991-07,1991/92,7,Durum food use,4.888793
1991-07,1991/92,7,Durum wheat ground for semolina and durum flour,4.39
1991-07,1991/92,7,"Flour, semolina, pasta, bulgur, and couscous imports",0.816398
1991-07,1991/92,7,Food exports,5.603229
1991-07,1991/92,7,Food use,62.073169
1991-07,1991/92,7,Nonmilled food use,1.6
1991-07,1991/92,7,"Semolina, durum flour, pasta, and couscous imports",0.59439
1991-07,1991/92,7,Wheat ground for flour,65.26
1991-08,1991/92,8,Durum food exports,0.097724
1991-08,1991/92,8,Durum food use,5.70173
1991-08,1991/92,8,Durum wheat ground for semolina and durum flour,5.189
1991-08,1991/92,8,"Flour, semolina, pasta, bulgur, and couscous imports",0.858294
1991-08,1991/92,8,Food exports,4.292526
1991-08,1991/92,8,Food use,69.334767
1991-08,1991/92,8,Nonmilled food use,1.6
1991-08,1991/92,8,"Semolina, durum flour, pasta, and couscous imports",0.610455
1991-08,1991/92,8,Wheat ground for flour,71.169
1991-09,1991/92,9,Durum food exports,0.099988
1991-09,1991/92,9,Durum food use,4.903628
1991-09,1991/92,9,Durum wheat ground for semolina and durum flour,4.525
1991-09,1991/92,9,"Flour, semolina, pasta, bulgur, and couscous imports",0.662109
1991-09,1991/92,9,Food exports,4.038701
1991-09,1991/92,9,Food use,65.926408
1991-09,1991/92,9,Nonmilled food use,1.6
1991-09,1991/92,9,"Semolina, durum flour, pasta, and couscous imports",0.478616
1991-09,1991/92,9,Wheat ground for flour,67.703
1991-10,1991/92,10,Durum food exports,0.109407
1991-10,1991/92,10,Durum food use,6.463371
1991-10,1991/92,10,Durum wheat ground for semolina and durum flour,5.979
1991-10,1991/92,10,"Flour, semolina, pasta, bulgur, and couscous imports",0.833389
1991-10,1991/92,10,Food exports,1.266836
1991-10,1991/92,10,Food use,73.385553
1991-10,1991/92,10,Nonmilled food use,1.6
1991-10,1991/92,10,"Semolina, durum flour, pasta, and couscous imports",0.593777
1991-10,1991/92,10,Wheat ground for flour,72.219
1991-11,1991/92,11,Durum food exports,0.095823
1991-11,1991/92,11,Durum food use,6.240883
1991-11,1991/92,11,Durum wheat ground for semolina and durum flour,5.822
1991-11,1991/92,11,"Flour, semolina, pasta, bulgur, and couscous imports",0.718115
1991-11,1991/92,11,Food exports,2.316559
1991-11,1991/92,11,Food use,73.446556
1991-11,1991/92,11,Nonmilled food use,1.6
1991-11,1991/92,11,"Semolina, durum flour, pasta, and couscous imports",0.514707
1991-11,1991/92,11,Wheat ground for flour,73.445
1991-12,1991/92,12,Durum food exports,0.124993
1991-12,1991/92,12,Durum food use,5.335022
1991-12,1991/92,12,Durum wheat ground for semolina and durum flour,4.877
1991-12,1991/92,12,"Flour, semolina, pasta, bulgur, and couscous imports",0.810163
1991-12,1991/92,12,Food exports,3.394313
1991-12,1991/92,12,Food use,64.67185
1991-12,1991/92,12,Nonmilled food use,1.6
1991-12,1991/92,12,"Semolina, durum flour, pasta, and couscous imports",0.583015
1991-12,1991/92,12,Wheat ground for flour,65.656
1992-01,1991/92,1,Durum food exports,0.110621
1992-01,1991/92,1,Durum food use,6.035355
1992-01,1991/92,1,Durum wheat ground for semolina and durum flour,5.729
1992-01,1991/92,1,"Flour, semolina, pasta, bulgur, and couscous imports",0.620506
1992-01,1991/92,1,Food exports,2.655018
1992-01,1991/92,1,Food use,65.388488
1992-01,1991/92,1,Nonmilled food use,1.65
1992-01,1991/92,1,"Semolina, durum flour, pasta, and couscous imports",0.416977
1992-01,1991/92,1,Wheat ground for flour,65.773
1992-02,1991/92,2,Durum food exports,0.154218
1992-02,1991/92,2,Durum food use,6.125357
1992-02,1991/92,2,Durum wheat ground for semolina and durum flour,5.839
1992-02,1991/92,2,"Flour, semolina, pasta, bulgur, and couscous imports",0.63635
1992-02,1991/92,2,Food exports,5.594343
1992-02,1991/92,2,Food use,62.670008
1992-02,1991/92,2,Nonmilled food use,1.65
1992-02,1991/92,2,"Semolina, durum flour, pasta, and couscous imports",0.440575
1992-02,1991/92,2,Wheat ground for flour,65.978
1992-03,1991/92,3,Durum food exports,0.159334
1992-03,1991/92,3,Durum food use,6.308817
1992-03,1991/92,3,Durum wheat ground for semolina and durum flour,5.86
1992-03,1991/92,3,"Flour, semolina, pasta, bulgur, and couscous imports",0.862808
1992-03,1991/92,3,Food exports,4.703879
1992-03,1991/92,3,Food use,63.414929
1992-03,1991/92,3,Nonmilled food use,1.65
1992-03,1991/92,3,"Semolina, durum flour, pasta, and couscous imports",0.608151
1992-03,1991/92,3,Wheat ground for flour,65.606
1992-04,1991/92,4,Durum food exports,0.099294
1992-04,1991/92,4,Durum food use,5.873269
1992-04,1991/92,4,Durum wheat ground for semolina and durum flour,5.368
1992-04,1991/92,4,"Flour, semolina, pasta, bulgur, and couscous imports",0.899106
1992-04,1991/92,4,Food exports,3.804179
1992-04,1991/92,4,Food use,66.036927
1992-04,1991/92,4,Nonmilled food use,1.65
1992-04,1991/92,4,"Semolina, durum flour, pasta, and couscous imports",0.604562
1992-04,1991/92,4,Wheat ground for flour,67.292
1992-05,1991/92,5,Durum food exports,0.150966
1992-05,1991/92,5,Durum food use,6.71526
1992-05,1991/92,5,Durum wheat ground for semolina and durum flour,6.321
1992-05,1991/92,5,"Flour, semolina, pasta, bulgur, and couscous imports",0.788768
1992-05,1991/92,5,Food exports,4.688052
1992-05,1991/92,5,Food use,64.782716
1992-05,1991/92,5,Nonmilled food use,1.65
1992-05,1991/92,5,"Semolina, durum flour, pasta, and couscous imports",0.545225
1992-05,1991/92,5,Wheat ground for flour,67.032
1992-06,1992/93,6,Durum food exports,0.116858
1992-06,1992/93,6,Durum food use,5.597326
1992-06,1992/93,6,Durum wheat ground for semolina and durum flour,5.084
1992-06,1992/93,6,"Flour, semolina, pasta, bulgur, and couscous imports",0.95004
1992-06,1992/93,6,Food exports,3.35088
1992-06,1992/93,6,Food use,66.46016
1992-06,1992/93,6,Nonmilled food use,1.7
1992-06,1992/93,6,"Semolina, durum flour, pasta, and couscous imports",0.630184
1992-06,1992/93,6,Wheat ground for flour,67.161
1992-07,1992/93,7,Durum food exports,0.091969
1992-07,1992/93,7,Durum food use,5.467067
1992-07,1992/93,7,Durum wheat ground for semolina and durum flour,4.835
1992-07,1992/93,7,"Flour, semolina, pasta, bulgur, and couscous imports",1.055713
1992-07,1992/93,7,Food exports,5.358882
1992-07,1992/93,7,Food use,67.409831
1992-07,1992/93,7,Nonmilled food use,1.7
1992-07,1992/93,7,"Semolina, durum flour, pasta, and couscous imports",0.724036
1992-07,1992/93,7,Wheat ground for flour,70.013
1992-08,1992/93,8,Durum food exports,0.146483
1992-08,1992/93,8,Durum food use,6.534048
1992-08,1992/93,8,Durum wheat ground for semolina and durum flour,6.028
1992-08,1992/93,8,"Flour, semolina, pasta, bulgur, and couscous imports",1.5578
1992-08,1992/93,8,Food exports,2.970074
1992-08,1992/93,8,Food use,77.596726
1992-08,1992/93,8,Nonmilled food use,1.7
1992-08,1992/93,8,"Semolina, durum flour, pasta, and couscous imports",0.652531
1992-08,1992/93,8,Wheat ground for flour,77.309
1992-09,1992/93,9,Durum food exports,0.129278
1992-09,1992/93,9,Durum food use,5.721149
1992-09,1992/93,9,Durum wheat ground for semolina and durum flour,5.307
1992-09,1992/93,9,"Flour, semolina, pasta, bulgur, and couscous imports",0.857385
1992-09,1992/93,9,Food exports,2.393256
1992-09,1992/93,9,Food use,72.036129
1992-09,1992/93,9,Nonmilled food use,1.7
1992-09,1992/93,9,"Semolina, durum flour, pasta, and couscous imports",0.543427
1992-09,1992/93,9,Wheat ground for flour,71.872
1992-10,1992/93,10,Durum food exports,0.158436
1992-10,1992/93,10,Durum food use,6.890609
1992-10,1992/93,10,Durum wheat ground for semolina and durum flour,6.431
1992-10,1992/93,10,"Flour, semolina, pasta, bulgur, and couscous imports",1.043511
1992-10,1992/93,10,Food exports,3.912609
1992-10,1992/93,10,Food use,76.738902
1992-10,1992/93,10,Nonmilled food use,1.7
1992-10,1992/93,10,"Semolina, durum flour, pasta, and couscous imports",0.618046
1992-10,1992/93,10,Wheat ground for flour,77.908
1992-11,1992/93,11,Durum food exports,0.152057
1992-11,1992/93,11,Durum food use,6.48879
1992-11,1992/93,11,Durum wheat ground for semolina and durum flour,6.007
1992-11,1992/93,11,"Flour, semolina, pasta, bulgur, and couscous imports",1.048236
1992-11,1992/93,11,Food exports,4.608784
1992-11,1992/93,11,Food use,70.039452
1992-11,1992/93,11,Nonmilled food use,1.7
1992-11,1992/93,11,"Semolina, durum flour, pasta, and couscous imports",0.633847
1992-11,1992/93,11,Wheat ground for flour,71.9
1992-12,1992/93,12,Durum food exports,0.137879
1992-12,1992/93,12,Durum food use,5.71692
1992-12,1992/93,12,Durum wheat ground for semolina and durum flour,5.19
1992-12,1992/93,12,"Flour, semolina, pasta, bulgur, and couscous imports",1.024597
1992-12,1992/93,12,Food exports,4.002644
1992-12,1992/93,12,Food use,64.216953
1992-12,1992/93,12,Nonmilled food use,1.7
1992-12,1992/93,12,"Semolina, durum flour, pasta, and couscous imports",0.664799
1992-12,1992/93,12,Wheat ground for flour,65.495
1993-01,1992/93,1,Durum food exports,0.144343
1993-01,1992/93,1,Durum food use,6.184547
1993-01,1992/93,1,Durum wheat ground for semolina and durum flour,5.771
1993-01,1992/93,1,"Flour, semolina, pasta, bulgur, and couscous imports",0.89869
1993-01,1992/93,1,Food exports,2.447258
1993-01,1992/93,1,Food use,68.267432
1993-01,1992/93,1,Nonmilled food use,1.75
1993-01,1992/93,1,"Semolina, durum flour, pasta, and couscous imports",0.557891
1993-01,1992/93,1,Wheat ground for flour,68.066
1993-02,1992/93,2,Durum food exports,0.134335
1993-02,1992/93,2,Durum food use,6.407199
1993-02,1992/93,2,Durum wheat ground for semolina and durum flour,6.1
1993-02,1992/93,2,"Flour, semolina, pasta, bulgur, and couscous imports",0.680712
1993-02,1992/93,2,Food exports,7.833845
1993-02,1992/93,2,Food use,64.552867
1993-02,1992/93,2,Nonmilled food use,1.75
1993-02,1992/93,2,"Semolina, durum flour, pasta, and couscous imports",0.441534
1993-02,1992/93,2,Wheat ground for flour,69.956
1993-03,1992/93,3,Durum food exports,0.13201
1993-03,1992/93,3,Durum food use,6.875889
1993-03,1992/93,3,Durum wheat ground for semolina and durum flour,6.302
1993-03,1992/93,3,"Flour, semolina, pasta, bulgur, and couscous imports",1.075064
1993-03,1992/93,3,Food exports,5.953374
1993-03,1992/93,3,Food use,73.11169
1993-03,1992/93,3,Nonmilled food use,1.75
1993-03,1992/93,3,"Semolina, durum flour, pasta, and couscous imports",0.705899
1993-03,1992/93,3,Wheat ground for flour,76.24
1993-04,1992/93,4,Durum food exports,0.091803
1993-04,1992/93,4,Durum food use,6.228704
1993-04,1992/93,4,Durum wheat ground for semolina and durum flour,5.612
1993-04,1992/93,4,"Flour, semolina, pasta, bulgur, and couscous imports",1.129293
1993-04,1992/93,4,Food exports,7.53931
1993-04,1992/93,4,Food use,67.303983
1993-04,1992/93,4,Nonmilled food use,1.75
1993-04,1992/93,4,"Semolina, durum flour, pasta, and couscous imports",0.708507
1993-04,1992/93,4,Wheat ground for flour,71.964
1993-05,1992/93,5,Durum food exports,0.120595
1993-05,1992/93,5,Durum food use,5.823744
1993-05,1992/93,5,Durum wheat ground for semolina and durum flour,5.271
1993-05,1992/93,5,"Flour, semolina, pasta, bulgur, and couscous imports",1.135275
1993-05,1992/93,5,Food exports,5.362521
1993-05,1992/93,5,Food use,67.118754
1993-05,1992/93,5,Nonmilled food use,1.75
1993-05,1992/93,5,"Semolina, durum flour, pasta, and couscous imports",0.673339
1993-05,1992/93,5,Wheat ground for flour,69.596
1993-06,1993/94,6,Durum food exports,0.13213
1993-06,1993/94,6,Durum food use,6.002844
1993-06,1993/94,6,Durum wheat ground for semolina and durum flour,5.398
1993-06,1993/94,6,"Flour, semolina, pasta, bulgur, and couscous imports",1.230733
1993-06,1993/94,6,Food exports,4.485553
1993-06,1993/94,6,Food use,66.41718
1993-06,1993/94,6,Nonmilled food use,1.8
1993-06,1993/94,6,"Semolina, durum flour, pasta, and couscous imports",0.736975
1993-06,1993/94,6,Wheat ground for flour,67.872
1993-07,1993/94,7,Durum food exports,0.104126
1993-07,1993/94,7,Durum food use,5.744028
1993-07,1993/94,7,Durum wheat ground for semolina and durum flour,5.141
1993-07,1993/94,7,"Flour, semolina, pasta, bulgur, and couscous imports",1.22674
1993-07,1993/94,7,Food exports,3.867221
1993-07,1993/94,7,Food use,68.376519
1993-07,1993/94,7,Nonmilled food use,1.8
1993-07,1993/94,7,"Semolina, durum flour, pasta, and couscous imports",0.707155
1993-07,1993/94,7,Wheat ground for flour,69.217
1993-08,1993/94,8,Durum food exports,0.124448
1993-08,1993/94,8,Durum food use,6.429645
1993-08,1993/94,8,Durum wheat ground for semolina and durum flour,5.879
1993-08,1993/94,8,"Flour, semolina, pasta, bulgur, and couscous imports",1.304035
1993-08,1993/94,8,Food exports,1.849367
1993-08,1993/94,8,Food use,76.485668
1993-08,1993/94,8,Nonmilled food use,1.8
1993-08,1993/94,8,"Semolina, durum flour, pasta, and couscous imports",0.675093
1993-08,1993/94,8,Wheat ground for flour,75.231
1993-09,1993/94,9,Durum food exports,0.10674
1993-09,1993/94,9,Durum food use,6.391049
1993-09,1993/94,9,Durum wheat ground for semolina and durum flour,5.901
1993-09,1993/94,9,"Flour, semolina, pasta, bulgur, and couscous imports",1.243583
1993-09,1993/94,9,Food exports,3.690859
1993-09,1993/94,9,Food use,73.494724
1993-09,1993/94,9,Nonmilled food use,1.8
1993-09,1993/94,9,"Semolina, durum flour, pasta, and couscous imports",0.596789
1993-09,1993/94,9,Wheat ground for flour,74.142
1993-10,1993/94,10,Durum food exports,0.107085
1993-10,1993/94,10,Durum food use,7.102826
1993-10,1993/94,10,Durum wheat ground for semolina and durum flour,6.477
1993-10,1993/94,10,"Flour, semolina, pasta, bulgur, and couscous imports",1.43109
1993-10,1993/94,10,Food exports,3.861619
1993-10,1993/94,10,Food use,75.159471
1993-10,1993/94,10,Nonmilled food use,1.8
1993-10,1993/94,10,"Semolina, durum flour, pasta, and couscous imports",0.732911
1993-10,1993/94,10,Wheat ground for flour,75.79
1993-11,1993/94,11,Durum food exports,0.1016
1993-11,1993/94,11,Durum food use,6.864518
1993-11,1993/94,11,Durum wheat ground for semolina and durum flour,6.197
1993-11,1993/94,11,"Flour, semolina, pasta, bulgur, and couscous imports",1.282081
1993-11,1993/94,11,Food exports,3.4177
1993-11,1993/94,11,Food use,76.651381
1993-11,1993/94,11,Nonmilled food use,1.8
1993-11,1993/94,11,"Semolina, durum flour, pasta, and couscous imports",0.769118
1993-11,1993/94,11,Wheat ground for flour,76.987
1993-12,1993/94,12,Durum food exports,0.102775
1993-12,1993/94,12,Durum food use,7.199628
1993-12,1993/94,12,Durum wheat ground for semolina and durum flour,6.526
1993-12,1993/94,12,"Flour, semolina, pasta, bulgur, and couscous imports",1.401202
1993-12,1993/94,12,Food exports,3.261802
1993-12,1993/94,12,Food use,76.2864
1993-12,1993/94,12,Nonmilled food use,1.8
1993-12,1993/94,12,"Semolina, durum flour, pasta, and couscous imports",0.776403
1993-12,1993/94,12,Wheat ground for flour,76.347
1994-01,1993/94,1,Durum food exports,0.136044
1994-01,1993/94,1,Durum food use,7.223531
1994-01,1993/94,1,Durum wheat ground for semolina and durum flour,6.588
1994-01,1993/94,1,"Flour, semolina, pasta, bulgur, and couscous imports",1.484385
1994-01,1993/94,1,Food exports,5.953465
1994-01,1993/94,1,Food use,67.42792
1994-01,1993/94,1,Nonmilled food use,1.85
1994-01,1993/94,1,"Semolina, durum flour, pasta, and couscous imports",0.771576
1994-01,1993/94,1,Wheat ground for flour,70.047
1994-02,1993/94,2,Durum food exports,0.12987
1994-02,1993/94,2,Durum food use,6.625561
1994-02,1993/94,2,Durum wheat ground for semolina and durum flour,6.071
1994-02,1993/94,2,"Flour, semolina, pasta, bulgur, and couscous imports",1.538836
1994-02,1993/94,2,Food exports,4.422938
1994-02,1993/94,2,Food use,67.292898
1994-02,1993/94,2,Nonmilled food use,1.85
1994-02,1993/94,2,"Semolina, durum flour, pasta, and couscous imports",0.684431
1994-02,1993/94,2,Wheat ground for flour,68.327
1994-03,1993/94,3,Durum food exports,0.178485
1994-03,1993/94,3,Durum food use,7.422619
1994-03,1993/94,3,Durum wheat ground for semolina and durum flour,6.738
1994-03,1993/94,3,"Flour, semolina, pasta, bulgur, and couscous imports",1.802253
1994-03,1993/94,3,Food exports,6.179781
1994-03,1993/94,3,Food use,78.568472
1994-03,1993/94,3,Nonmilled food use,1.85
1994-03,1993/94,3,"Semolina, durum flour, pasta, and couscous imports",0.863103
1994-03,1993/94,3,Wheat ground for flour,81.096
1994-04,1993/94,4,Durum food exports,0.148998
1994-04,1993/94,4,Durum food use,6.586751
1994-04,1993/94,4,Durum wheat ground for semolina and durum flour,5.879
1994-04,1993/94,4,"Flour, semolina, pasta, bulgur, and couscous imports",1.651419
1994-04,1993/94,4,Food exports,4.347176
1994-04,1993/94,4,Food use,72.156243
1994-04,1993/94,4,Nonmilled food use,1.85
1994-04,1993/94,4,"Semolina, durum flour, pasta, and couscous imports",0.85675
1994-04,1993/94,4,Wheat ground for flour,73.002
1994-05,1993/94,5,Durum food exports,0.171824
1994-05,1993/94,5,Durum food use,7.07599
1994-05,1993/94,5,Durum wheat ground for semolina and durum flour,6.348
1994-05,1993/94,5,"Flour, semolina, pasta, bulgur, and couscous imports",1.960541
1994-05,1993/94,5,Food exports,3.498085
1994-05,1993/94,5,Food use,73.347456
1994-05,1993/94,5,Nonmilled food use,1.85
1994-05,1993/94,5,"Semolina, durum flour, pasta, and couscous imports",0.899814
1994-05,1993/94,5,Wheat ground for flour,73.035
1994-06,1994/95,6,Durum food exports,0.155149
1994-06,1994/95,6,Durum food use,6.614354
1994-06,1994/95,6,Durum wheat ground for semolina and durum flour,5.846
1994-06,1994/95,6,"Flour, semolina, pasta, bulgur, and couscous imports",1.824881
1994-06,1994/95,6,Food exports,3.001263
1994-06,1994/95,6,Food use,71.278618
1994-06,1994/95,6,Nonmilled food use,1.9
1994-06,1994/95,6,"Semolina, durum flour, pasta, and couscous imports",0.923504
1994-06,1994/95,6,Wheat ground for flour,70.555
1994-07,1994/95,7,Durum food exports,0.077043
1994-07,1994/95,7,Durum food use,5.767201
1994-07,1994/95,7,Durum wheat ground for semolina and durum flour,4.968
1994-07,1994/95,7,"Flour, semolina, pasta, bulgur, and couscous imports",1.55529
1994-07,1994/95,7,Food exports,6.933247
1994-07,1994/95,7,Food use,65.407043
1994-07,1994/95,7,Nonmilled food use,1.9
1994-07,1994/95,7,"Semolina, durum flour, pasta, and couscous imports",0.876244
1994-07,1994/95,7,Wheat ground for flour,68.885
1994-08,1994/95,8,Durum food exports,0.120237
1994-08,1994/95,8,Durum food use,7.039328
1994-08,1994/95,8,Durum wheat ground for semolina and durum flour,6.197
1994-08,1994/95,8,"Flour, semolina, pasta, bulgur, and couscous imports",1.722528
1994-08,1994/95,8,Food exports,5.772851
1994-08,1994/95,8,Food use,76.502677
1994-08,1994/95,8,Nonmilled food use,1.9
1994-08,1994/95,8,"Semolina, durum flour, pasta, and couscous imports",0.962565
1994-08,1994/95,8,Wheat ground for flour,78.653
1994-09,1994/95,9,Durum food exports,0.090115
1994-09,1994/95,9,Durum food use,6.591211
1994-09,1994/95,9,Durum wheat ground for semolina and durum flour,6.013
1994-09,1994/95,9,"Flour, semolina, pasta, bulgur, and couscous imports",1.365817
1994-09,1994/95,9,Food exports,3.38732
1994-09,1994/95,9,Food use,76.174497
1994-09,1994/95,9,Nonmilled food use,1.9
1994-09,1994/95,9,"Semolina, durum flour, pasta, and couscous imports",0.668326
1994-09,1994/95,9,Wheat ground for flour,76.296
1994-10,1994/95,10,Durum food exports,0.130258
1994-10,1994/95,10,Durum food use,7.272791
1994-10,1994/95,10,Durum wheat ground for semolina and durum flour,6.536
1994-10,1994/95,10,"Flour, semolina, pasta, bulgur, and couscous imports",1.670735
1994-10,1994/95,10,Food exports,3.248995
1994-10,1994/95,10,Food use,78.17174
1994-10,1994/95,10,Nonmilled food use,1.9
1994-10,1994/95,10,"Semolina, durum flour, pasta, and couscous imports",0.867049
1994-10,1994/95,10,Wheat ground for flour,77.85
1994-11,1994/95,11,Durum food exports,0.142899
1994-11,1994/95,11,Durum food use,6.542136
1994-11,1994/95,11,Durum wheat ground for semolina and durum flour,5.693
1994-11,1994/95,11,"Flour, semolina, pasta, bulgur, and couscous imports",1.866997
1994-11,1994/95,11,Food exports,4.675904
1994-11,1994/95,11,Food use,74.951093
1994-11,1994/95,11,Nonmilled food use,1.9
1994-11,1994/95,11,"Semolina, durum flour, pasta, and couscous imports",0.992035
1994-11,1994/95,11,Wheat ground for flour,75.86
1994-12,1994/95,12,Durum food exports,0.124533
1994-12,1994/95,12,Durum food use,6.137087
1994-12,1994/95,12,Durum wheat ground for semolina and durum flour,5.264
1994-12,1994/95,12,"Flour, semolina, pasta, bulgur, and couscous imports",1.935229
1994-12,1994/95,12,Food exports,4.865918
1994-12,1994/95,12,Food use,70.070311
1994-12,1994/95,12,Nonmilled food use,1.9
1994-12,1994/95,12,"Semolina, durum flour, pasta, and couscous imports",0.997621
1994-12,1994/95,12,Wheat ground for flour,71.101
1995-01,1994/95,1,Durum food exports,0.222338
1995-01,1994/95,1,Durum food use,6.251808
1995-01,1994/95,1,Durum wheat ground for semolina and durum flour,5.581
1995-01,1994/95,1,"Flour, semolina, pasta, bulgur, and couscous imports",1.787946
1995-01,1994/95,1,Food exports,2.835487
1995-01,1994/95,1,Food use,69.888459
1995-01,1994/95,1,Nonmilled food use,1.95
1995-01,1994/95,1,"Semolina, durum flour, pasta, and couscous imports",0.893145
1995-01,1994/95,1,Wheat ground for flour,68.986
1995-02,1994/95,2,Durum food exports,0.160683
1995-02,1994/95,2,Durum food use,5.942391
1995-02,1994/95,2,Durum wheat ground for semolina and durum flour,5.319
1995-02,1994/95,2,"Flour, semolina, pasta, bulgur, and couscous imports",1.693733
1995-02,1994/95,2,Food exports,7.213301
1995-02,1994/95,2,Food use,61.679432
1995-02,1994/95,2,Nonmilled food use,1.95
1995-02,1994/95,2,"Semolina, durum flour, pasta, and couscous imports",0.784074
1995-02,1994/95,2,Wheat ground for flour,65.249
1995-03,1994/95,3,Durum food exports,0.144404
1995-03,1994/95,3,Durum food use,7.047775
1995-03,1994/95,3,Durum wheat ground for semolina and durum flour,6.222
1995-03,1994/95,3,"Flour, semolina, pasta, bulgur, and couscous imports",2.04292
1995-03,1994/95,3,Food exports,7.68242
1995-03,1994/95,3,Food use,73.2485
1995-03,1994/95,3,Nonmilled food use,1.95
1995-03,1994/95,3,"Semolina, durum flour, pasta, and couscous imports",0.970178
1995-03,1994/95,3,Wheat ground for flour,76.938
1995-04,1994/95,4,Durum food exports,0.105174
1995-04,1994/95,4,Durum food use,5.896347
1995-04,1994/95,4,Durum wheat ground for semolina and durum flour,5.08
1995-04,1994/95,4,"Flour, semolina, pasta, bulgur, and couscous imports",1.709543
1995-04,1994/95,4,Food exports,7.042678
1995-04,1994/95,4,Food use,63.207865
1995-04,1994/95,4,Nonmilled food use,1.95
1995-04,1994/95,4,"Semolina, durum flour, pasta, and couscous imports",0.921521
1995-04,1994/95,4,Wheat ground for flour,66.591
1995-05,1994/95,5,Durum food exports,0.09903
1995-05,1994/95,5,Durum food use,6.294901
1995-05,1994/95,5,Durum wheat ground for semolina and durum flour,5.544
1995-05,1994/95,5,"Flour, semolina, pasta, bulgur, and couscous imports",1.736655
1995-05,1994/95,5,Food exports,5.995195
1995-05,1994/95,5,Food use,72.40046
1995-05,1994/95,5,Nonmilled food use,1.95
1995-05,1994/95,5,"Semolina, durum flour, pasta, and couscous imports",0.849931
1995-05,1994/95,5,Wheat ground for flour,74.709
1995-06,1995/96,6,Durum food exports,0.118621
1995-06,1995/96,6,Durum food use,5.685496
1995-06,1995/96,6,Durum wheat ground for semolina and durum flour,4.876
1995-06,1995/96,6,"Flour, semolina, pasta, bulgur, and couscous imports",1.807439
1995-06,1995/96,6,Food exports,2.925367
1995-06,1995/96,6,Food use,72.831071
1995-06,1995/96,6,Nonmilled food use,2.0
1995-06,1995/96,6,"Semolina, durum flour, pasta, and couscous imports",0.928117
1995-06,1995/96,6,Wheat ground for flour,71.949
1995-07,1995/96,7,Durum food exports,0.090293
1995-07,1995/96,7,Durum food use,5.844284
1995-07,1995/96,7,Durum wheat ground for semolina and durum flour,4.919
1995-07,1995/96,7,"Flour, semolina, pasta, bulgur, and couscous imports",1.865894
1995-07,1995/96,7,Food exports,5.114574
1995-07,1995/96,7,Food use,68.54532
1995-07,1995/96,7,Nonmilled food use,2.0
1995-07,1995/96,7,"Semolina, durum flour, pasta, and couscous imports",1.015577
1995-07,1995/96,7,Wheat ground for flour,69.794
1995-08,1995/96,8,Durum food exports,0.142324
1995-08,1995/96,8,Durum food use,6.626836
1995-08,1995/96,8,Durum wheat ground for semolina and durum flour,5.827
1995-08,1995/96,8,"Flour, semolina, pasta, bulgur, and couscous imports",1.690144
1995-08,1995/96,8,Food exports,7.554894
1995-08,1995/96,8,Food use,73.919249
1995-08,1995/96,8,Nonmilled food use,2.0
1995-08,1995/96,8,"Semolina, durum flour, pasta, and couscous imports",0.94216
1995-08,1995/96,8,Wheat ground for flour,77.784
1995-09,1995/96,9,Durum food exports,0.185313
1995-09,1995/96,9,Durum food use,6.401617
1995-09,1995/96,9,Durum wheat ground for semolina and durum flour,5.92
1995-09,1995/96,9,"Flour, semolina, pasta, bulgur, and couscous imports",1.403208
1995-09,1995/96,9,Food exports,2.421118
1995-09,1995/96,9,Food use,75.138091
1995-09,1995/96,9,Nonmilled food use,2.0
1995-09,1995/96,9,"Semolina, durum flour, pasta, and couscous imports",0.66693
1995-09,1995/96,9,Wheat ground for flour,74.156
1995-10,1995/96,10,Durum food exports,0.183865
1995-10,1995/96,10,Durum food use,7.449853
1995-10,1995/96,10,Durum wheat ground for semolina and durum flour,6.662
1995-10,1995/96,10,"Flour, semolina, pasta, bulgur, and couscous imports",1.749107
1995-10,1995/96,10,Food exports,2.247667
1995-10,1995/96,10,Food use,79.87744
1995-10,1995/96,10,Nonmilled food use,2.0
1995-10,1995/96,10,"Semolina, durum flour, pasta, and couscous imports",0.971718
1995-10,1995/96,10,Wheat ground for flour,78.376
1995-11,1995/96,11,Durum food exports,0.167979
1995-11,1995/96,11,Durum food use,6.854758
1995-11,1995/96,11,Durum wheat ground for semolina and durum flour,6.014
1995-11,1995/96,11,"Flour, semolina, pasta, bulgur, and couscous imports",1.774924
1995-11,1995/96,11,Food exports,1.389242
1995-11,1995/96,11,Food use,77.135682
1995-11,1995/96,11,Nonmilled food use,2.0
1995-11,1995/96,11,"Semolina, durum flour, pasta, and couscous imports",1.008737
1995-11,1995/96,11,Wheat ground for flour,74.75
1995-12,1995/96,12,Durum food exports,0.152577
1995-12,1995/96,12,Durum food use,6.494209
1995-12,1995/96,12,Durum wheat ground for semolina and durum flour,5.663
1995-12,1995/96,12,"Flour, semolina, pasta, bulgur, and couscous imports",1.697392
1995-12,1995/96,12,Food exports,3.575065
1995-12,1995/96,12,Food use,70.136327
1995-12,1995/96,12,Nonmilled food use,2.0
1995-12,1995/96,12,"Semolina, durum flour, pasta, and couscous imports",0.983786
1995-12,1995/96,12,Wheat ground for flour,70.014
1996-01,1995/96,1,Durum food exports,0.184771
1996-01,1995/96,1,Durum food use,6.312178
1996-01,1995/96,1,Durum wheat ground for semolina and durum flour,5.755
1996-01,1995/96,1,"Flour, semolina, pasta, bulgur, and couscous imports",1.394269
1996-01,1995/96,1,Food exports,0.972097
1996-01,1995/96,1,Food use,72.530172
1996-01,1995/96,1,Nonmilled food use,2.0
1996-01,1995/96,1,"Semolina, durum flour, pasta, and couscous imports",0.741949
1996-01,1995/96,1,Wheat ground for flour,70.108
1996-02,1995/96,2,Durum food exports,0.237352
1996-02,1995/96,2,Durum food use,7.086935
1996-02,1995/96,2,Durum wheat ground for semolina and durum flour,6.513
1996-02,1995/96,2,"Flour, semolina, pasta, bulgur, and couscous imports",1.447008
1996-02,1995/96,2,Food exports,2.640541
1996-02,1995/96,2,Food use,73.179466
1996-02,1995/96,2,Nonmilled food use,2.0
1996-02,1995/96,2,"Semolina, durum flour, pasta, and couscous imports",0.811287
1996-02,1995/96,2,Wheat ground for flour,72.373
1996-03,1995/96,3,Durum food exports,0.154242
1996-03,1995/96,3,Durum food use,7.174193
1996-03,1995/96,3,Durum wheat ground for semolina and durum flour,6.448
1996-03,1995/96,3,"Flour, semolina, pasta, bulgur, and couscous imports",1.545616
1996-03,1995/96,3,Food exports,1.38981
1996-03,1995/96,3,Food use,74.279807
1996-03,1995/96,3,Nonmilled food use,2.0
1996-03,1995/96,3,"Semolina, durum flour, pasta, and couscous imports",0.880435
1996-03,1995/96,3,Wheat ground for flour,72.124
1996-04,1995/96,4,Durum food exports,0.108002
1996-04,1995/96,4,Durum food use,6.538361
1996-04,1995/96,4,Durum wheat ground for semolina and durum flour,5.503
1996-04,1995/96,4,"Flour, semolina, pasta, bulgur, and couscous imports",1.970244
1996-04,1995/96,4,Food exports,2.534732
1996-04,1995/96,4,Food use,70.826512
1996-04,1995/96,4,Nonmilled food use,2.0
1996-04,1995/96,4,"Semolina, durum flour, pasta, and couscous imports",1.143363
1996-04,1995/96,4,Wheat ground for flour,69.391
1996-05,1995/96,5,Durum food exports,0.140971
1996-05,1995/96,5,Durum food use,6.762491
1996-05,1995/96,5,Durum wheat ground for semolina and durum flour,5.976
1996-05,1995/96,5,"Flour, semolina, pasta, bulgur, and couscous imports",1.801947
1996-05,1995/96,5,Food exports,1.930504
1996-05,1995/96,5,Food use,74.476444
1996-05,1995/96,5,Nonmilled food use,2.0
1996-05,1995/96,5,"Semolina, durum flour, pasta, and couscous imports",0.927462
1996-05,1995/96,5,Wheat ground for flour,72.605
1996-06,1996/97,6,Durum food exports,0.114656
1996-06,1996/97,6,Durum food use,6.145924
1996-06,1996/97,6,Durum wheat ground for semolina and durum flour,5.473
1996-06,1996/97,6,"Flour, semolina, pasta, bulgur, and couscous imports",1.603304
1996-06,1996/97,6,Food exports,2.114426
1996-06,1996/97,6,Food use,69.143878
1996-06,1996/97,6,Nonmilled food use,2.0
1996-06,1996/97,6,"Semolina, durum flour, pasta, and couscous imports",0.78758
1996-06,1996/97,6,Wheat ground for flour,67.655
1996-07,1996/97,7,Durum food exports,0.119837
1996-07,1996/97,7,Durum food use,5.961002
1996-07,1996/97,7,Durum wheat ground for semolina and durum flour,5.183
1996-07,1996/97,7,"Flour, semolina, pasta, bulgur, and couscous imports",1.704081
1996-07,1996/97,7,Food exports,2.120922
1996-07,1996/97,7,Food use,75.20216
1996-07,1996/97,7,Nonmilled food use,2.0
1996-07,1996/97,7,"Semolina, durum flour, pasta, and couscous imports",0.897839
1996-07,1996/97,7,Wheat ground for flour,73.619
1996-08,1996/97,8,Durum food exports,0.149273
1996-08,1996/97,8,Durum food use,6.53557
1996-08,1996/97,8,Durum wheat ground for semolina and durum flour,5.688
1996-08,1996/97,8,"Flour, semolina, pasta, bulgur, and couscous imports",1.73867
1996-08,1996/97,8,Food exports,1.772177
1996-08,1996/97,8,Food use,79.372493
1996-08,1996/97,8,Nonmilled food use,2.0
1996-08,1996/97,8,"Semolina, durum flour, pasta, and couscous imports",0.996843
1996-08,1996/97,8,Wheat ground for flour,77.406
1996-09,1996/97,9,Durum food exports,0.182981
1996-09,1996/97,9,Durum food use,6.328213
1996-09,1996/97,9,Durum wheat ground for semolina and durum flour,5.791
1996-09,1996/97,9,"Flour, semolina, pasta, bulgur, and couscous imports",1.384988
1996-09,1996/97,9,Food exports,3.161328
1996-09,1996/97,9,Food use,75.32266
1996-09,1996/97,9,Nonmilled food use,2.0
1996-09,1996/97,9,"Semolina, durum flour, pasta, and couscous imports",0.720194
1996-09,1996/97,9,Wheat ground for flour,75.099
1996-10,1996/97,10,Durum food exports,0.169447
1996-10,1996/97,10,Durum food use,7.401816
1996-10,1996/97,10,Durum wheat ground for semolina and durum flour,6.599
1996-10,1996/97,10,"Flour, semolina, pasta, bulgur, and couscous imports",1.830492
1996-10,1996/97,10,Food exports,2.647829
1996-10,1996/97,10,Food use,83.852664
1996-10,1996/97,10,Nonmilled food use,2.0
1996-10,1996/97,10,"Semolina, durum flour, pasta, and couscous imports",0.972262
1996-10,1996/97,10,Wheat ground for flour,82.67
1996-11,1996/97,11,Durum food exports,0.163723
1996-11,1996/97,11,Durum food use,6.490175
1996-11,1996/97,11,Durum wheat ground for semolina and durum flour,5.689
1996-11,1996/97,11,"Flour, semolina, pasta, bulgur, and couscous imports",1.789336
1996-11,1996/97,11,Food exports,2.845921
1996-11,1996/97,11,Food use,74.637415
1996-11,1996/97,11,Nonmilled food use,2.0
1996-11,1996/97,11,"Semolina, durum flour, pasta, and couscous imports",0.964898
1996-11,1996/97,11,Wheat ground for flour,73.694
1996-12,1996/97,12,Durum food exports,0.116334
1996-12,1996/97,12,Durum food use,6.412019
1996-12,1996/97,12,Durum wheat ground for semolina and durum flour,5.451
1996-12,1996/97,12,"Flour, semolina, pasta, bulgur, and couscous imports",1.95682
1996-12,1996/97,12,Food exports,2.335825
1996-12,1996/97,12,Food use,72.946995
1996-12,1996/97,12,Nonmilled food use,2.0
1996-12,1996/97,12,"Semolina, durum flour, pasta, and couscous imports",1.077353
1996-12,1996/97,12,Wheat ground for flour,71.326
1997-01,1996/97,1,Durum food exports,0.151853
1997-01,1996/97,1,Durum food use,6.513099
1997-01,1996/97,1,Durum wheat ground for semolina and durum flour,5.761
1997-01,1996/97,1,"Flour, semolina, pasta, bulgur, and couscous imports",1.56957
1997-01,1996/97,1,Food exports,1.454397
1997-01,1996/97,1,Food use,71.467173
1997-01,1996/97,1,Nonmilled food use,2.0
1997-01,1996/97,1,"Semolina, durum flour, pasta, and couscous imports",0.903953
1997-01,1996/97,1,Wheat ground for flour,69.352
1997-02,1996/97,2,Durum food exports,0.148519
1997-02,1996/97,2,Durum food use,6.561132
1997-02,1996/97,2,Durum wheat ground for semolina and durum flour,5.732
1997-02,1996/97,2,"Flour, semolina, pasta, bulgur, and couscous imports",1.525775
1997-02,1996/97,2,Food exports,2.047816
1997-02,1996/97,2,Food use,68.265958
1997-02,1996/97,2,Nonmilled food use,2.0
1997-02,1996/97,2,"Semolina, durum flour, pasta, and couscous imports",0.977651
1997-02,1996/97,2,Wheat ground for flour,66.788
1997-03,1996/97,3,Durum food exports,0.167474
1997-03,1996/97,3,Durum food use,5.621007
1997-03,1996/97,3,Durum wheat ground for semolina and durum flour,4.724
1997-03,1996/97,3,"Flour, semolina, pasta, bulgur, and couscous imports",1.646371
1997-03,1996/97,3,Food exports,2.651345
1997-03,1996/97,3,Food use,71.393027
1997-03,1996/97,3,Nonmilled food use,2.0
1997-03,1996/97,3,"Semolina, durum flour, pasta, and couscous imports",1.064481
1997-03,1996/97,3,Wheat ground for flour,70.398
1997-04,1996/97,4,Durum food exports,0.175332
1997-04,1996/97,4,Durum food use,6.252226
1997-04,1996/97,4,Durum wheat ground for semolina and durum flour,5.441
1997-04,1996/97,4,"Flour, semolina, pasta, bulgur, and couscous imports",1.629886
1997-04,1996/97,4,Food exports,1.416258
1997-04,1996/97,4,Food use,75.291628
1997-04,1996/97,4,Nonmilled food use,2.0
1997-04,1996/97,4,"Semolina, durum flour, pasta, and couscous imports",0.986559
1997-04,1996/97,4,Wheat ground for flour,73.078
1997-05,1996/97,5,Durum food exports,0.204172
1997-05,1996/97,5,Durum food use,5.883442
1997-05,1996/97,5,Durum wheat ground for semolina and durum flour,4.959
1997-05,1996/97,5,"Flour, semolina, pasta, bulgur, and couscous imports",1.806887
1997-05,1996/97,5,Food exports,2.273239
1997-05,1996/97,5,Food use,73.822648
1997-05,1996/97,5,Nonmilled food use,2.0
1997-05,1996/97,5,"Semolina, durum flour, pasta, and couscous imports",1.128615
1997-05,1996/97,5,Wheat ground for flour,72.289
1997-06,1997/98,6,Durum food exports,0.205466
1997-06,1997/98,6,Durum food use,5.882279
1997-06,1997/98,6,Durum wheat ground for semolina and durum flour,5.177
1997-06,1997/98,6,"Flour, semolina, pasta, bulgur, and couscous imports",1.552892
1997-06,1997/98,6,Food exports,1.929987
1997-06,1997/98,6,Food use,73.684905
1997-06,1997/98,6,Nonmilled food use,2.0
1997-06,1997/98,6,"Semolina, durum flour, pasta, and couscous imports",0.910744
1997-06,1997/98,6,Wheat ground for flour,72.062
1997-07,1997/98,7,Durum food exports,0.189516
1997-07,1997/98,7,Durum food use,5.876753
1997-07,1997/98,7,Durum wheat ground for semolina and durum flour,5.155
1997-07,1997/98,7,"Flour, semolina, pasta, bulgur, and couscous imports",1.602485
1997-07,1997/98,7,Food exports,3.028293
1997-07,1997/98,7,Food use,76.714192
1997-07,1997/98,7,Nonmilled food use,2.0
1997-07,1997/98,7,"Semolina, durum flour, pasta, and couscous imports",0.911268
1997-07,1997/98,7,Wheat ground for flour,76.14
1997-08,1997/98,8,Durum food exports,0.211948
1997-08,1997/98,8,Durum food use,5.980947
1997-08,1997/98,8,Durum wheat ground for semolina and durum flour,5.156
1997-08,1997/98,8,"Flour, semolina, pasta, bulgur, and couscous imports",1.745532
1997-08,1997/98,8,Food exports,1.84134
1997-08,1997/98,8,Food use,77.495192
1997-08,1997/98,8,Nonmilled food use,2.0
1997-08,1997/98,8,"Semolina, durum flour, pasta, and couscous imports",1.036895
1997-08,1997/98,8,Wheat ground for flour,75.591
1997-09,1997/98,9,Durum food exports,0.225508
1997-09,1997/98,9,Durum food use,6.082243
1997-09,1997/98,9,Durum wheat ground for semolina and durum flour,5.445
1997-09,1997/98,9,"Flour, semolina, pasta, bulgur, and couscous imports",1.525584
1997-09,1997/98,9,Food exports,3.322233
1997-09,1997/98,9,Food use,78.280351
1997-09,1997/98,9,Nonmilled food use,2.0
1997-09,1997/98,9,"Semolina, durum flour, pasta, and couscous imports",0.862751
1997-09,1997/98,9,Wheat ground for flour,78.077
1997-10,1997/98,10,Durum food exports,0.334113
1997-10,1997/98,10,Durum food use,6.557432
1997-10,1997/98,10,Durum wheat ground for semolina and durum flour,5.763
1997-10,1997/98,10,"Flour, semolina, pasta, bulgur, and couscous imports",1.909166
1997-10,1997/98,10,Food exports,2.829358
1997-10,1997/98,10,Food use,83.471808
1997-10,1997/98,10,Nonmilled food use,2.0
1997-10,1997/98,10,"Semolina, durum flour, pasta, and couscous imports",1.128545
1997-10,1997/98,10,Wheat ground for flour,82.392
1997-11,1997/98,11,Durum food exports,0.292892
1997-11,1997/98,11,Durum food use,6.526188
1997-11,1997/98,11,Durum wheat ground for semolina and durum flour,5.742
1997-11,1997/98,11,"Flour, semolina, pasta, bulgur, and couscous imports",1.767579
1997-11,1997/98,11,Food exports,1.899324
1997-11,1997/98,11,Food use,76.926255
1997-11,1997/98,11,Nonmilled food use,2.0
1997-11,1997/98,11,"Semolina, durum flour, pasta, and couscous imports",1.07708
1997-11,1997/98,11,Wheat ground for flour,75.058
1997-12,1997/98,12,Durum food exports,0.237865
1997-12,1997/98,12,Durum food use,6.721811
1997-12,1997/98,12,Durum wheat ground for semolina and durum flour,5.608
1997-12,1997/98,12,"Flour, semolina, pasta, bulgur, and couscous imports",2.188208
1997-12,1997/98,12,Food exports,3.322901
1997-12,1997/98,12,Food use,75.483307
1997-12,1997/98,12,Nonmilled food use,2.0
1997-12,1997/98,12,"Semolina, durum flour, pasta, and couscous imports",1.351676
1997-12,1997/98,12,Wheat ground for flour,74.618
1998-01,1997/98,1,Durum food exports,0.188286
1998-01,1997/98,1,Durum food use,5.804655
1998-01,1997/98,1,Durum wheat ground for semolina and durum flour,5.047255
1998-01,1997/98,1,"Flour, semolina, pasta, bulgur, and couscous imports",1.623585
1998-01,1997/98,1,Food exports,1.592539
1998-01,1997/98,1,Food use,72.807336
1998-01,1997/98,1,Nonmilled food use,2.0
1998-01,1997/98,1,"Semolina, durum flour, pasta, and couscous imports",0.945686
1998-01,1997/98,1,Wheat ground for flour,70.77629
1998-02,1997/98,2,Durum food exports,0.214583
1998-02,1997/98,2,Durum food use,5.926615
1998-02,1997/98,2,Durum wheat ground for semolina and durum flour,5.18242
1998-02,1997/98,2,"Flour, semolina, pasta, bulgur, and couscous imports",1.608298
1998-02,1997/98,2,Food exports,2.9116
1998-02,1997/98,2,Food use,70.91117
1998-02,1997/98,2,Nonmilled food use,2.0
1998-02,1997/98,2,"Semolina, durum flour, pasta, and couscous imports",0.958779
1998-02,1997/98,2,Wheat ground for flour,70.214473
1998-03,1997/98,3,Durum food exports,0.19592
1998-03,1997/98,3,Durum food use,6.197659
1998-03,1997/98,3,Durum wheat ground for semolina and durum flour,5.196324
1998-03,1997/98,3,"Flour, semolina, pasta, bulgur, and couscous imports",1.943104
1998-03,1997/98,3,Food exports,1.550908
1998-03,1997/98,3,Food use,76.886434
1998-03,1997/98,3,Nonmilled food use,2.0
1998-03,1997/98,3,"Semolina, durum flour, pasta, and couscous imports",1.197254
1998-03,1997/98,3,Wheat ground for flour,74.494238
1998-04,1997/98,4,Durum food exports,0.175678
1998-04,1997/98,4,Durum food use,5.679904
1998-04,1997/98,4,Durum wheat ground for semolina and durum flour,4.573617
1998-04,1997/98,4,"Flour, semolina, pasta, bulgur, and couscous imports",2.110576
1998-04,1997/98,4,Food exports,1.421617
1998-04,1997/98,4,Food use,74.869153
1998-04,1997/98,4,Nonmilled food use,2.0
1998-04,1997/98,4,"Semolina, durum flour, pasta, and couscous imports",1.281966
1998-04,1997/98,4,Wheat ground for flour,72.180194
1998-05,1997/98,5,Durum food exports,0.266945
1998-05,1997/98,5,Durum food use,5.589645
1998-05,1997/98,5,Durum wheat ground for semolina and durum flour,4.748378
1998-05,1997/98,5,"Flour, semolina, pasta, bulgur, and couscous imports",1.858051
1998-05,1997/98,5,Food exports,1.198301
1998-05,1997/98,5,Food use,76.461218
1998-05,1997/98,5,Nonmilled food use,2.0
1998-05,1997/98,5,"Semolina, durum flour, pasta, and couscous imports",1.108213
1998-05,1997/98,5,Wheat ground for flour,73.801468
1998-06,1998/99,6,Durum food exports,0.219816
1998-06,1998/99,6,Durum food use,5.287918
1998-06,1998/99,6,Durum wheat ground for semolina and durum flour,4.411006
1998-06,1998/99,6,"Flour, semolina, pasta, bulgur, and couscous imports",1.914142
1998-06,1998/99,6,Food exports,2.189056
1998-06,1998/99,6,Food use,72.334424
1998-06,1998/99,6,Nonmilled food use,2.0
1998-06,1998/99,6,"Semolina, durum flour, pasta, and couscous imports",1.096729
1998-06,1998/99,6,Wheat ground for flour,70.609338
1998-07,1998/99,7,Durum food exports,0.209343
1998-07,1998/99,7,Durum food use,5.215299
1998-07,1998/99,7,Durum wheat ground for semolina and durum flour,4.361851
1998-07,1998/99,7,"Flour, semolina, pasta, bulgur, and couscous imports",1.885865
1998-07,1998/99,7,Food exports,1.967594
1998-07,1998/99,7,Food use,73.395144
1998-07,1998/99,7,Nonmilled food use,2.0
1998-07,1998/99,7,"Semolina, durum flour, pasta, and couscous imports",1.062791
1998-07,1998/99,7,Wheat ground for flour,71.476873
1998-08,1998/99,8,Durum food exports,0.26876
1998-08,1998/99,8,Durum food use,6.051312
1998-08,1998/99,8,Durum wheat ground for semolina and durum flour,5.093333
1998-08,1998/99,8,"Flour, semolina, pasta, bulgur, and couscous imports",2.064172
1998-08,1998/99,8,Food exports,2.297035
1998-08,1998/99,8,Food use,79.886117
1998-08,1998/99,8,Nonmilled food use,2.0
1998-08,1998/99,8,"Semolina, durum flour, pasta, and couscous imports",1.226739
1998-08,1998/99,8,Wheat ground for flour,78.11898
1998-09,1998/99,9,Durum food exports,0.275695
1998-09,1998/99,9,Durum food use,5.549879
1998-09,1998/99,9,Durum wheat ground for semolina and durum flour,4.958816
1998-09,1998/99,9,"Flour, semolina, pasta, bulgur, and couscous imports",1.74442
1998-09,1998/99,9,Food exports,3.150588
1998-09,1998/99,9,Food use,75.710979
1998-09,1998/99,9,Nonmilled food use,2.0
1998-09,1998/99,9,"Semolina, durum flour, pasta, and couscous imports",0.866758
1998-09,1998/99,9,Wheat ground for flour,75.117147
1998-10,1998/99,10,Durum food exports,0.305122
1998-10,1998/99,10,Durum food use,6.199705
1998-10,1998/99,10,Durum wheat ground for semolina and durum flour,5.317373
1998-10,1998/99,10,"Flour, semolina, pasta, bulgur, and couscous imports",2.076271
1998-10,1998/99,10,Food exports,4.055556
1998-10,1998/99,10,Food use,83.569106
1998-10,1998/99,10,Nonmilled food use,2.0
1998-10,1998/99,10,"Semolina, durum flour, pasta, and couscous imports",1.187454
1998-10,1998/99,10,Wheat ground for flour,83.548391
1998-11,1998/99,11,Durum food exports,0.23463
1998-11,1998/99,11,Durum food use,5.844689
1998-11,1998/99,11,Durum wheat ground for semolina and durum flour,4.948785
1998-11,1998/99,11,"Flour, semolina, pasta, bulgur, and couscous imports",2.019667
1998-11,1998/99,11,Food exports,2.523535
1998-11,1998/99,11,Food use,81.464877
1998-11,1998/99,11,Nonmilled food use,2.0
1998-11,1998/99,11,"Semolina, durum flour, pasta, and couscous imports",1.130535
1998-11,1998/99,11,Wheat ground for flour,79.968744
1998-12,1998/99,12,Durum food exports,0.287617
1998-12,1998/99,12,Durum food use,5.439856
1998-12,1998/99,12,Durum wheat ground for semolina and durum flour,4.555842
1998-12,1998/99,12,"Flour, semolina, pasta, bulgur, and couscous imports",2.089584
1998-12,1998/99,12,Food exports,6.721022
1998-12,1998/99,12,Food use,72.431426
1998-12,1998/99,12,Nonmilled food use,2.0
1998-12,1998/99,12,"Semolina, durum flour, pasta, and couscous imports",1.17163
1998-12,1998/99,12,Wheat ground for flour,75.062865
1999-01,1998/99,1,Durum food exports,0.261281
1999-01,1998/99,1,Durum food use,5.5864
1999-01,1998/99,1,Durum wheat ground for semolina and durum flour,4.750166
1999-01,1998/99,1,"Flour, semolina, pasta, bulgur, and couscous imports",1.912185
1999-01,1998/99,1,Food exports,2.841183
1999-01,1998/99,1,Food use,71.207798
1999-01,1998/99,1,Nonmilled food use,2.0
1999-01,1998/99,1,"Semolina, durum flour, pasta, and couscous imports",1.097515
1999-01,1998/99,1,Wheat ground for flour,70.136795
1999-02,1998/99,2,Durum food exports,0.251784
1999-02,1998/99,2,Durum food use,5.624185
1999-02,1998/99,2,Durum wheat ground for semolina and durum flour,4.877374
1999-02,1998/99,2,"Flour, semolina, pasta, bulgur, and couscous imports",1.745302
1999-02,1998/99,2,Food exports,3.199487
1999-02,1998/99,2,Food use,70.125869
1999-02,1998/99,2,Nonmilled food use,2.0
1999-02,1998/99,2,"Semolina, durum flour, pasta, and couscous imports",0.998595
1999-02,1998/99,2,Wheat ground for flour,69.580055
1999-03,1998/99,3,Durum food exports,0.261937
1999-03,1998/99,3,Durum food use,5.644469
1999-03,1998/99,3,Durum wheat ground for semolina and durum flour,4.89046
1999-03,1998/99,3,"Flour, semolina, pasta, bulgur, and couscous imports",1.849702
1999-03,1998/99,3,Food exports,3.487679
1999-03,1998/99,3,Food use,74.183174
1999-03,1998/99,3,Nonmilled food use,2.0
1999-03,1998/99,3,"Semolina, durum flour, pasta, and couscous imports",1.015946
1999-03,1998/99,3,Wheat ground for flour,73.82115
1999-04,1998/99,4,Durum food exports,0.220443
1999-04,1998/99,4,Durum food use,5.434219
1999-04,1998/99,4,Durum wheat ground for semolina and durum flour,4.620575
1999-04,1998/99,4,"Flour, semolina, pasta, bulgur, and couscous imports",1.833795
1999-04,1998/99,4,Food exports,3.284405
1999-04,1998/99,4,Food use,76.546695
1999-04,1998/99,4,Nonmilled food use,2.0
1999-04,1998/99,4,"Semolina, durum flour, pasta, and couscous imports",1.034087
1999-04,1998/99,4,Wheat ground for flour,75.997305
1999-05,1998/99,5,Durum food exports,0.231684
1999-05,1998/99,5,Durum food use,5.566648
1999-05,1998/99,5,Durum wheat ground for semolina and durum flour,4.79713
1999-05,1998/99,5,"Flour, semolina, pasta, bulgur, and couscous imports",1.808402
1999-05,1998/99,5,Food exports,2.119009
1999-05,1998/99,5,Food use,79.39371
1999-05,1998/99,5,Nonmilled food use,2.0
1999-05,1998/99,5,"Semolina, durum flour, pasta, and couscous imports",1.001201
1999-05,1998/99,5,Wheat ground for flour,77.704317
1999-06,1999/00,6,Durum food exports,0.24606
1999-06,1999/00,6,Durum food use,5.294975
1999-06,1999/00,6,Durum wheat ground for semolina and durum flour,4.456294
1999-06,1999/00,6,"Flour, semolina, pasta, bulgur, and couscous imports",1.932766
1999-06,1999/00,6,Food exports,4.367388
1999-06,1999/00,6,Food use,73.908756
1999-06,1999/00,6,Nonmilled food use,2.0
1999-06,1999/00,6,"Semolina, durum flour, pasta, and couscous imports",1.084741
1999-06,1999/00,6,Wheat ground for flour,74.343378
1999-07,1999/00,7,Durum food exports,0.257923
1999-07,1999/00,7,Durum food use,4.816261
1999-07,1999/00,7,Durum wheat ground for semolina and durum flour,4.127024
1999-07,1999/00,7,"Flour, semolina, pasta, bulgur, and couscous imports",1.70344
1999-07,1999/00,7,Food exports,3.879123
1999-07,1999/00,7,Food use,74.267612
1999-07,1999/00,7,Nonmilled food use,2.0
1999-07,1999/00,7,"Semolina, durum flour, pasta, and couscous imports",0.94716
1999-07,1999/00,7,Wheat ground for flour,74.443294
1999-08,1999/00,8,Durum food exports,0.329895
1999-08,1999/00,8,Durum food use,5.491869
1999-08,1999/00,8,Durum wheat ground for semolina and durum flour,4.819125
1999-08,1999/00,8,"Flour, semolina, pasta, bulgur, and couscous imports",1.771468
1999-08,1999/00,8,Food exports,3.145742
1999-08,1999/00,8,Food use,81.986786
1999-08,1999/00,8,Nonmilled food use,2.0
1999-08,1999/00,8,"Semolina, durum flour, pasta, and couscous imports",1.002639
1999-08,1999/00,8,Wheat ground for flour,81.36106
1999-09,1999/00,9,Durum food exports,0.365568
1999-09,1999/00,9,Durum food use,5.205354
1999-09,1999/00,9,Durum wheat ground for semolina and durum flour,4.691851
1999-09,1999/00,9,"Flour, semolina, pasta, bulgur, and couscous imports",1.57898
1999-09,1999/00,9,Food exports,6.661446
1999-09,1999/00,9,Food use,75.152179
1999-09,1999/00,9,Nonmilled food use,2.0
1999-09,1999/00,9,"Semolina, durum flour, pasta, and couscous imports",0.879071
1999-09,1999/00,9,Wheat ground for flour,78.234646
1999-10,1999/00,10,Durum food exports,0.351551
1999-10,1999/00,10,Durum food use,5.831832
1999-10,1999/00,10,Durum wheat ground for semolina and durum flour,5.124366
1999-10,1999/00,10,"Flour, semolina, pasta, bulgur, and couscous imports",1.817225
1999-10,1999/00,10,Food exports,5.420373
1999-10,1999/00,10,Food use,83.204176
1999-10,1999/00,10,Nonmilled food use,2.0
1999-10,1999/00,10,"Semolina, durum flour, pasta, and couscous imports",1.059016
1999-10,1999/00,10,Wheat ground for flour,84.807325
1999-11,1999/00,11,Durum food exports,0.339586
1999-11,1999/00,11,Durum food use,5.542893
1999-11,1999/00,11,Durum wheat ground for semolina and durum flour,4.769157
1999-11,1999/00,11,"Flour, semolina, pasta, bulgur, and couscous imports",1.936768
1999-11,1999/00,11,Food exports,2.324843
1999-11,1999/00,11,Food use,82.785664
1999-11,1999/00,11,Nonmilled food use,2.0
1999-11,1999/00,11,"Semolina, durum flour, pasta, and couscous imports",1.113322
1999-11,1999/00,11,Wheat ground for flour,81.173739
1999-12,1999/00,12,Durum food exports,0.238847
1999-12,1999/00,12,Durum food use,5.333351
1999-12,1999/00,12,Durum wheat ground for semolina and durum flour,4.390477
1999-12,1999/00,12,"Flour, semolina, pasta, bulgur, and couscous imports",2.065465
1999-12,1999/00,12,Food exports,3.130658
1999-12,1999/00,12,Food use,77.128744
1999-12,1999/00,12,Nonmilled food use,2.0
1999-12,1999/00,12,"Semolina, durum flour, pasta, and couscous imports",1.18172
1999-12,1999/00,12,Wheat ground for flour,76.193936
2000-06,2000/01,6,Durum food exports,0.239677
2000-06,2000/01,6,Durum food use,5.842462
2000-06,2000/01,6,Durum wheat ground for semolina and durum flour,5.093229
2000-06,2000/01,6,"Flour, semolina, pasta, bulgur, and couscous imports",1.810046
2000-06,2000/01,6,Food exports,3.790476
2000-06,2000/01,6,Food use,73.959681
2000-06,2000/01,6,Nonmilled food use,2.0
2000-06,2000/01,6,"Semolina, durum flour, pasta, and couscous imports",0.988911
2000-06,2000/01,6,Wheat ground for flour,73.940112
2000-07,2000/01,7,Durum food exports,0.247877
2000-07,2000/01,7,Durum food use,6.10669
2000-07,2000/01,7,Durum wheat ground for semolina and durum flour,5.352906
2000-07,2000/01,7,"Flour, semolina, pasta, bulgur, and couscous imports",1.844906
2000-07,2000/01,7,Food exports,4.116453
2000-07,2000/01,7,Food use,77.558034
2000-07,2000/01,7,Nonmilled food use,2.0
2000-07,2000/01,7,"Semolina, durum flour, pasta, and couscous imports",1.001661
2000-07,2000/01,7,Wheat ground for flour,77.829581
2000-08,2000/01,8,Durum food exports,0.252012
2000-08,2000/01,8,Durum food use,7.140115
2000-08,2000/01,8,Durum wheat ground for semolina and durum flour,6.250587
2000-08,2000/01,8,"Flour, semolina, pasta, bulgur, and couscous imports",2.054193
2000-08,2000/01,8,Food exports,1.8603
2000-08,2000/01,8,Food use,87.255917
2000-08,2000/01,8,Nonmilled food use,2.0
2000-08,2000/01,8,"Semolina, durum flour, pasta, and couscous imports",1.14154
2000-08,2000/01,8,Wheat ground for flour,85.062024
2000-09,2000/01,9,Durum food exports,0.317733
2000-09,2000/01,9,Durum food use,6.677404
2000-09,2000/01,9,Durum wheat ground for semolina and durum flour,6.085507
2000-09,2000/01,9,"Flour, semolina, pasta, bulgur, and couscous imports",1.753722
2000-09,2000/01,9,Food exports,4.117177
2000-09,2000/01,9,Food use,81.42994
2000-09,2000/01,9,Nonmilled food use,2.0
2000-09,2000/01,9,"Semolina, durum flour, pasta, and couscous imports",0.90963
2000-09,2000/01,9,Wheat ground for flour,81.793395
2000-10,2000/01,10,Durum food exports,0.283443
2000-10,2000/01,10,Durum food use,6.972338
2000-10,2000/01,10,Durum wheat ground for semolina and durum flour,6.209222
2000-10,2000/01,10,"Flour, semolina, pasta, bulgur, and couscous imports",1.969979
2000-10,2000/01,10,Food exports,3.828198
2000-10,2000/01,10,Food use,86.897214
2000-10,2000/01,10,Nonmilled food use,2.0
2000-10,2000/01,10,"Semolina, durum flour, pasta, and couscous imports",1.046559
2000-10,2000/01,10,Wheat ground for flour,86.755433
2000-11,2000/01,11,Durum food exports,0.24055
2000-11,2000/01,11,Durum food use,6.733544
2000-11,2000/01,11,Durum wheat ground for semolina and durum flour,5.778813
2000-11,2000/01,11,"Flour, semolina, pasta, bulgur, and couscous imports",2.128293
2000-11,2000/01,11,Food exports,2.501086
2000-11,2000/01,11,Food use,84.665588
2000-11,2000/01,11,Nonmilled food use,2.0
2000-11,2000/01,11,"Semolina, durum flour, pasta, and couscous imports",1.195281
2000-11,2000/01,11,Wheat ground for flour,83.03838
2000-12,2000/01,12,Durum food exports,0.275118
2000-12,2000/01,12,Durum food use,6.152437
2000-12,2000/01,12,Durum wheat ground for semolina and durum flour,5.319965
2000-12,2000/01,12,"Flour, semolina, pasta, bulgur, and couscous imports",2.030946
2000-12,2000/01,12,Food exports,3.030119
2000-12,2000/01,12,Food use,78.945013
2000-12,2000/01,12,Nonmilled food use,2.0
2000-12,2000/01,12,"Semolina, durum flour, pasta, and couscous imports",1.10759
2000-12,2000/01,12,Wheat ground for flour,77.944186
2001-01,2000/01,1,Durum food exports,0.306572
2001-01,2000/01,1,Durum food use,7.145772
2001-01,2000/01,1,Durum wheat ground for semolina and durum flour,6.352749
2001-01,2000/01,1,"Flour, semolina, pasta, bulgur, and couscous imports",2.02128
2001-01,2000/01,1,Food exports,2.524795
2001-01,2000/01,1,Food use,74.999576
2001-01,2000/01,1,Nonmilled food use,2.0
2001-01,2000/01,1,"Semolina, durum flour, pasta, and couscous imports",1.099595
2001-01,2000/01,1,Wheat ground for flour,73.503091
2001-02,2000/01,2,Durum food exports,0.285044
2001-02,2000/01,2,Durum food use,7.176209
2001-02,2000/01,2,Durum wheat ground for semolina and durum flour,6.522875
2001-02,2000/01,2,"Flour, semolina, pasta, bulgur, and couscous imports",1.731439
2001-02,2000/01,2,Food exports,2.445112
2001-02,2000/01,2,Food use,74.205956
2001-02,2000/01,2,Nonmilled food use,2.0
2001-02,2000/01,2,"Semolina, durum flour, pasta, and couscous imports",0.938377
2001-02,2000/01,2,Wheat ground for flour,72.919629
2001-03,2000/01,3,Durum food exports,0.313635
2001-03,2000/01,3,Durum food use,7.447534
2001-03,2000/01,3,Durum wheat ground for semolina and durum flour,6.540375
2001-03,2000/01,3,"Flour, semolina, pasta, bulgur, and couscous imports",2.122308
2001-03,2000/01,3,Food exports,2.487755
2001-03,2000/01,3,Food use,78.998834
2001-03,2000/01,3,Nonmilled food use,2.0
2001-03,2000/01,3,"Semolina, durum flour, pasta, and couscous imports",1.220793
2001-03,2000/01,3,Wheat ground for flour,77.364281
2001-04,2000/01,4,Durum food exports,0.27882
2001-04,2000/01,4,Durum food use,6.492262
2001-04,2000/01,4,Durum wheat ground for semolina and durum flour,5.646
2001-04,2000/01,4,"Flour, semolina, pasta, bulgur, and couscous imports",2.00188
2001-04,2000/01,4,Food exports,4.138374
2001-04,2000/01,4,Food use,73.618333
2001-04,2000/01,4,Nonmilled food use,2.0
2001-04,2000/01,4,"Semolina, durum flour, pasta, and couscous imports",1.125082
2001-04,2000/01,4,Wheat ground for flour,73.754827
2001-05,2000/01,5,Durum food exports,0.28766
2001-05,2000/01,5,Durum food use,6.719837
2001-05,2000/01,5,Durum wheat ground for semolina and durum flour,5.861738
2001-05,2000/01,5,"Flour, semolina, pasta, bulgur, and couscous imports",2.012064
2001-05,2000/01,5,Food exports,2.36341
2001-05,2000/01,5,Food use,77.060124
2001-05,2000/01,5,Nonmilled food use,2.0
2001-05,2000/01,5,"Semolina, durum flour, pasta, and couscous imports",1.145759
2001-05,2000/01,5,Wheat ground for flour,75.41147
2001-06,2001/02,6,Durum food exports,0.299131
2001-06,2001/02,6,Durum food use,6.334126
2001-06,2001/02,6,Durum wheat ground for semolina and durum flour,5.445262
2001-06,2001/02,6,"Flour, semolina, pasta, bulgur, and couscous imports",2.047998
2001-06,2001/02,6,Food exports,1.678874
2001-06,2001/02,6,Food use,74.518826
2001-06,2001/02,6,Nonmilled food use,2.0
2001-06,2001/02,6,"Semolina, durum flour, pasta, and couscous imports",1.187995
2001-06,2001/02,6,Wheat ground for flour,72.149703
2001-07,2001/02,7,Durum food exports,0.241564
2001-07,2001/02,7,Durum food use,6.477717
2001-07,2001/02,7,Durum wheat ground for semolina and durum flour,5.507238
2001-07,2001/02,7,"Flour, semolina, pasta, bulgur, and couscous imports",2.063586
2001-07,2001/02,7,Food exports,0.932961
2001-07,2001/02,7,Food use,76.36553
2001-07,2001/02,7,Nonmilled food use,2.0
2001-07,2001/02,7,"Semolina, durum flour, pasta, and couscous imports",1.212043
2001-07,2001/02,7,Wheat ground for flour,73.234905
2001-08,2001/02,8,Durum food exports,0.255046
2001-08,2001/02,8,Durum food use,7.433072
2001-08,2001/02,8,Durum wheat ground for semolina and durum flour,6.430801
2001-08,2001/02,8,"Flour, semolina, pasta, bulgur, and couscous imports",2.180675
2001-08,2001/02,8,Food exports,1.291575
2001-08,2001/02,8,Food use,82.92948
2001-08,2001/02,8,Nonmilled food use,2.0
2001-08,2001/02,8,"Semolina, durum flour, pasta, and couscous imports",1.257317
2001-08,2001/02,8,Wheat ground for flour,80.04038
2001-09,2001/02,9,Durum food exports,0.294032
2001-09,2001/02,9,Durum food use,6.821598
2001-09,2001/02,9,Durum wheat ground for semolina and durum flour,6.260961
2001-09,2001/02,9,"Flour, semolina, pasta, bulgur, and couscous imports",1.558526
2001-09,2001/02,9,Food exports,1.180437
2001-09,2001/02,9,Food use,79.342803
2001-09,2001/02,9,Nonmilled food use,2.0
2001-09,2001/02,9,"Semolina, durum flour, pasta, and couscous imports",0.854669
2001-09,2001/02,9,Wheat ground for flour,76.964715
2001-10,2001/02,10,Durum food exports,0.341056
2001-10,2001/02,10,Durum food use,7.665435
2001-10,2001/02,10,Durum wheat ground for semolina and durum flour,6.768511
2001-10,2001/02,10,"Flour, semolina, pasta, bulgur, and couscous imports",2.15647
2001-10,2001/02,10,Food exports,3.295589
2001-10,2001/02,10,Food use,84.448844
2001-10,2001/02,10,Nonmilled food use,2.0
2001-10,2001/02,10,"Semolina, durum flour, pasta, and couscous imports",1.23798
2001-10,2001/02,10,Wheat ground for flour,83.587962
2001-11,2001/02,11,Durum food exports,0.358057
2001-11,2001/02,11,Durum food use,7.215526
2001-11,2001/02,11,Durum wheat ground for semolina and durum flour,6.299333
2001-11,2001/02,11,"Flour, semolina, pasta, bulgur, and couscous imports",2.171705
2001-11,2001/02,11,Food exports,2.882468
2001-11,2001/02,11,Food use,81.295858
2001-11,2001/02,11,Nonmilled food use,2.0
2001-11,2001/02,11,"Semolina, durum flour, pasta, and couscous imports",1.27425
2001-11,2001/02,11,Wheat ground for flour,80.00662
2001-12,2001/02,12,Durum food exports,0.300225
2001-12,2001/02,12,Durum food use,6.645459
2001-12,2001/02,12,Durum wheat ground for semolina and durum flour,5.799155
2001-12,2001/02,12,"Flour, semolina, pasta, bulgur, and couscous imports",2.012053
2001-12,2001/02,12,Food exports,2.848067
2001-12,2001/02,12,Food use,76.262403
2001-12,2001/02,12,Nonmilled food use,2.0
2001-12,2001/02,12,"Semolina, durum flour, pasta, and couscous imports",1.146529
2001-12,2001/02,12,Wheat ground for flour,75.098417
2002-01,2001/02,1,Durum food exports,0.306577
2002-01,2001/02,1,Durum food use,6.811284
2002-01,2001/02,1,Durum wheat ground for semolina and durum flour,5.910059
2002-01,2001/02,1,"Flour, semolina, pasta, bulgur, and couscous imports",2.092466
2002-01,2001/02,1,Food exports,2.27195
2002-01,2001/02,1,Food use,73.100978
2002-01,2001/02,1,Nonmilled food use,2.0
2002-01,2001/02,1,"Semolina, durum flour, pasta, and couscous imports",1.207801
2002-01,2001/02,1,Wheat ground for flour,71.280462
2002-02,2001/02,2,Durum food exports,0.231217
2002-02,2001/02,2,Durum food use,6.936777
2002-02,2001/02,2,Durum wheat ground for semolina and durum flour,6.06833
2002-02,2001/02,2,"Flour, semolina, pasta, bulgur, and couscous imports",1.953375
2002-02,2001/02,2,Food exports,2.903977
2002-02,2001/02,2,Food use,71.764041
2002-02,2001/02,2,Nonmilled food use,2.0
2002-02,2001/02,2,"Semolina, durum flour, pasta, and couscous imports",1.099664
2002-02,2001/02,2,Wheat ground for flour,70.714643
2002-03,2001/02,3,Durum food exports,0.278453
2002-03,2001/02,3,Durum food use,7.048736
2002-03,2001/02,3,Durum wheat ground for semolina and durum flour,6.084611
2002-03,2001/02,3,"Flour, semolina, pasta, bulgur, and couscous imports",2.202889
2002-03,2001/02,3,Food exports,2.558405
2002-03,2001/02,3,Food use,76.66938
2002-03,2001/02,3,Nonmilled food use,2.0
2002-03,2001/02,3,"Semolina, durum flour, pasta, and couscous imports",1.242578
2002-03,2001/02,3,Wheat ground for flour,75.024895
2002-04,2001/02,4,Durum food exports,0.245353
2002-04,2001/02,4,Durum food use,6.582661
2002-04,2001/02,4,Durum wheat ground for semolina and durum flour,5.628682
2002-04,2001/02,4,"Flour, semolina, pasta, bulgur, and couscous imports",2.23221
2002-04,2001/02,4,Food exports,2.720675
2002-04,2001/02,4,Food use,74.036649
2002-04,2001/02,4,Nonmilled food use,2.0
2002-04,2001/02,4,"Semolina, durum flour, pasta, and couscous imports",1.199331
2002-04,2001/02,4,Wheat ground for flour,72.525113
2002-05,2001/02,5,Durum food exports,0.234402
2002-05,2001/02,5,Durum food use,6.747028
2002-05,2001/02,5,Durum wheat ground for semolina and durum flour,5.843758
2002-05,2001/02,5,"Flour, semolina, pasta, bulgur, and couscous imports",2.215414
2002-05,2001/02,5,Food exports,2.71363
2002-05,2001/02,5,Food use,75.655919
2002-05,2001/02,5,Nonmilled food use,2.0
2002-05,2001/02,5,"Semolina, durum flour, pasta, and couscous imports",1.137672
2002-05,2001/02,5,Wheat ground for flour,74.154135
2002-06,2002/03,6,Durum food exports,0.23875
2002-06,2002/03,6,Durum food use,6.346926
2002-06,2002/03,6,Durum wheat ground for semolina and durum flour,5.428559
2002-06,2002/03,6,"Flour, semolina, pasta, bulgur, and couscous imports",1.974463
2002-06,2002/03,6,Food exports,1.511126
2002-06,2002/03,6,Food use,73.410088
2002-06,2002/03,6,Nonmilled food use,2.0
2002-06,2002/03,6,"Semolina, durum flour, pasta, and couscous imports",1.157117
2002-06,2002/03,6,Wheat ground for flour,70.946751
2002-07,2002/03,7,Durum food exports,0.264872
2002-07,2002/03,7,Durum food use,6.574866
2002-07,2002/03,7,Durum wheat ground for semolina and durum flour,5.445202
2002-07,2002/03,7,"Flour, semolina, pasta, bulgur, and couscous imports",2.476706
2002-07,2002/03,7,Food exports,1.391948
2002-07,2002/03,7,Food use,76.347336
2002-07,2002/03,7,Nonmilled food use,2.0
2002-07,2002/03,7,"Semolina, durum flour, pasta, and couscous imports",1.394535
2002-07,2002/03,7,Wheat ground for flour,73.262578
2002-08,2002/03,8,Durum food exports,0.328174
2002-08,2002/03,8,Durum food use,7.389552
2002-08,2002/03,8,Durum wheat ground for semolina and durum flour,6.358362
2002-08,2002/03,8,"Flour, semolina, pasta, bulgur, and couscous imports",2.445376
2002-08,2002/03,8,Food exports,1.098014
2002-08,2002/03,8,Food use,83.417987
2002-08,2002/03,8,Nonmilled food use,2.0
2002-08,2002/03,8,"Semolina, durum flour, pasta, and couscous imports",1.359364
2002-08,2002/03,8,Wheat ground for flour,80.070625
2002-09,2002/03,9,Durum food exports,0.324279
2002-09,2002/03,9,Durum food use,6.877347
2002-09,2002/03,9,Durum wheat ground for semolina and durum flour,6.190436
2002-09,2002/03,9,"Flour, semolina, pasta, bulgur, and couscous imports",2.05579
2002-09,2002/03,9,Food exports,1.46664
2002-09,2002/03,9,Food use,79.582946
2002-09,2002/03,9,Nonmilled food use,2.0
2002-09,2002/03,9,"Semolina, durum flour, pasta, and couscous imports",1.01119
2002-09,2002/03,9,Wheat ground for flour,76.993797
2002-10,2002/03,10,Durum food exports,0.299931
2002-10,2002/03,10,Durum food use,7.510654
2002-10,2002/03,10,Durum wheat ground for semolina and durum flour,6.695686
2002-10,2002/03,10,"Flour, semolina, pasta, bulgur, and couscous imports",2.2476
2002-10,2002/03,10,Food exports,2.114659
2002-10,2002/03,10,Food use,80.729991
2002-10,2002/03,10,Nonmilled food use,2.0
2002-10,2002/03,10,"Semolina, durum flour, pasta, and couscous imports",1.1149
2002-10,2002/03,10,Wheat ground for flour,78.597051
2002-11,2002/03,11,Durum food exports,0.304873
2002-11,2002/03,11,Durum food use,7.149133
2002-11,2002/03,11,Durum wheat ground for semolina and durum flour,6.231555
2002-11,2002/03,11,"Flour, semolina, pasta, bulgur, and couscous imports",2.450352
2002-11,2002/03,11,Food exports,2.239153
2002-11,2002/03,11,Food use,77.440745
2002-11,2002/03,11,Nonmilled food use,2.0
2002-11,2002/03,11,"Semolina, durum flour, pasta, and couscous imports",1.22245
2002-11,2002/03,11,Wheat ground for flour,75.229545
2002-12,2002/03,12,Durum food exports,0.233245
2002-12,2002/03,12,Durum food use,6.841742
2002-12,2002/03,12,Durum wheat ground for semolina and durum flour,5.736759
2002-12,2002/03,12,"Flour, semolina, pasta, bulgur, and couscous imports",2.474249
2002-12,2002/03,12,Food exports,3.782443
2002-12,2002/03,12,Food use,71.30621
2002-12,2002/03,12,Nonmilled food use,2.0
2002-12,2002/03,12,"Semolina, durum flour, pasta, and couscous imports",1.338228
2002-12,2002/03,12,Wheat ground for flour,70.614404
2003-01,2002/03,1,Durum food exports,0.274565
2003-01,2002/03,1,Durum food use,6.689314
2003-01,2002/03,1,Durum wheat ground for semolina and durum flour,5.669246
2003-01,2002/03,1,"Flour, semolina, pasta, bulgur, and couscous imports",2.344928
2003-01,2002/03,1,Food exports,1.874969
2003-01,2002/03,1,Food use,73.353653
2003-01,2002/03,1,Nonmilled food use,2.0
2003-01,2002/03,1,"Semolina, durum flour, pasta, and couscous imports",1.294632
2003-01,2002/03,1,Wheat ground for flour,70.883693
2003-02,2002/03,2,Durum food exports,0.25055
2003-02,2002/03,2,Durum food use,6.65125
2003-02,2002/03,2,Durum wheat ground for semolina and durum flour,5.821068
2003-02,2002/03,2,"Flour, semolina, pasta, bulgur, and couscous imports",1.935196
2003-02,2002/03,2,Food exports,1.52614
2003-02,2002/03,2,Food use,72.73008
2003-02,2002/03,2,Nonmilled food use,2.0
2003-02,2002/03,2,"Semolina, durum flour, pasta, and couscous imports",1.080733
2003-02,2002/03,2,Wheat ground for flour,70.321024
2003-03,2002/03,3,Durum food exports,0.228715
2003-03,2002/03,3,Durum food use,6.950536
2003-03,2002/03,3,Durum wheat ground for semolina and durum flour,5.836685
2003-03,2002/03,3,"Flour, semolina, pasta, bulgur, and couscous imports",2.372097
2003-03,2002/03,3,Food exports,1.255558
2003-03,2002/03,3,Food use,77.723822
2003-03,2002/03,3,Nonmilled food use,2.0
2003-03,2002/03,3,"Semolina, durum flour, pasta, and couscous imports",1.342566
2003-03,2002/03,3,Wheat ground for flour,74.607283
2003-04,2002/03,4,Durum food exports,0.221727
2003-04,2002/03,4,Durum food use,6.160576
2003-04,2002/03,4,Durum wheat ground for semolina and durum flour,5.042868
2003-04,2002/03,4,"Flour, semolina, pasta, bulgur, and couscous imports",2.363205
2003-04,2002/03,4,Food exports,1.813483
2003-04,2002/03,4,Food use,74.989855
2003-04,2002/03,4,Nonmilled food use,2.0
2003-04,2002/03,4,"Semolina, durum flour, pasta, and couscous imports",1.339435
2003-04,2002/03,4,Wheat ground for flour,72.440133
2003-05,2002/03,5,Durum food exports,0.261493
2003-05,2002/03,5,Durum food use,6.344396
2003-05,2002/03,5,Durum wheat ground for semolina and durum flour,5.235559
2003-05,2002/03,5,"Flour, semolina, pasta, bulgur, and couscous imports",2.416624
2003-05,2002/03,5,Food exports,0.901639
2003-05,2002/03,5,Food use,77.582232
2003-05,2002/03,5,Nonmilled food use,2.0
2003-05,2002/03,5,"Semolina, durum flour, pasta, and couscous imports",1.370329
2003-05,2002/03,5,Wheat ground for flour,74.067246
2003-06,2003/04,6,Durum food exports,0.206879
2003-06,2003/04,6,Durum food use,5.752822
2003-06,2003/04,6,Durum wheat ground for semolina and durum flour,4.863573
2003-06,2003/04,6,"Flour, semolina, pasta, bulgur, and couscous imports",2.051773
2003-06,2003/04,6,Food exports,1.208985
2003-06,2003/04,6,Food use,73.706408
2003-06,2003/04,6,Nonmilled food use,2.0
2003-06,2003/04,6,"Semolina, durum flour, pasta, and couscous imports",1.096128
2003-06,2003/04,6,Wheat ground for flour,70.86362
2003-07,2003/04,7,Durum food exports,0.233418
2003-07,2003/04,7,Durum food use,6.214282
2003-07,2003/04,7,Durum wheat ground for semolina and durum flour,5.181627
2003-07,2003/04,7,"Flour, semolina, pasta, bulgur, and couscous imports",2.287004
2003-07,2003/04,7,Food exports,1.407662
2003-07,2003/04,7,Food use,76.616496
2003-07,2003/04,7,Nonmilled food use,2.0
2003-07,2003/04,7,"Semolina, durum flour, pasta, and couscous imports",1.266072
2003-07,2003/04,7,Wheat ground for flour,73.737155
2003-08,2003/04,8,Durum food exports,0.231037
2003-08,2003/04,8,Durum food use,7.00364
2003-08,2003/04,8,Durum wheat ground for semolina and durum flour,6.050585
2003-08,2003/04,8,"Flour, semolina, pasta, bulgur, and couscous imports",2.160324
2003-08,2003/04,8,Food exports,4.550184
2003-08,2003/04,8,Food use,80.199442
2003-08,2003/04,8,Nonmilled food use,2.0
2003-08,2003/04,8,"Semolina, durum flour, pasta, and couscous imports",1.184092
2003-08,2003/04,8,Wheat ground for flour,80.589302
2003-09,2003/04,9,Durum food exports,0.288601
2003-09,2003/04,9,Durum food use,6.604455
2003-09,2003/04,9,Durum wheat ground for semolina and durum flour,5.890788
2003-09,2003/04,9,"Flour, semolina, pasta, bulgur, and couscous imports",2.013615
2003-09,2003/04,9,Food exports,1.557814
2003-09,2003/04,9,Food use,79.948345
2003-09,2003/04,9,Nonmilled food use,2.0
2003-09,2003/04,9,"Semolina, durum flour, pasta, and couscous imports",1.002268
2003-09,2003/04,9,Wheat ground for flour,77.492543
2003-10,2003/04,10,Durum food exports,0.312262
2003-10,2003/04,10,Durum food use,6.185296
2003-10,2003/04,10,Durum wheat ground for semolina and durum flour,5.274323
2003-10,2003/04,10,"Flour, semolina, pasta, bulgur, and couscous imports",2.224679
2003-10,2003/04,10,Food exports,1.249896
2003-10,2003/04,10,Food use,81.482535
2003-10,2003/04,10,Nonmilled food use,2.0
2003-10,2003/04,10,"Semolina, durum flour, pasta, and couscous imports",1.223235
2003-10,2003/04,10,Wheat ground for flour,78.507752
2003-11,2003/04,11,Durum food exports,0.30816
2003-11,2003/04,11,Durum food use,5.777078
2003-11,2003/04,11,Durum wheat ground for semolina and durum flour,4.908719
2003-11,2003/04,11,"Flour, semolina, pasta, bulgur, and couscous imports",2.170241
2003-11,2003/04,11,Food exports,1.152854
2003-11,2003/04,11,Food use,78.16146
2003-11,2003/04,11,Nonmilled food use,2.0
2003-11,2003/04,11,"Semolina, durum flour, pasta, and couscous imports",1.176519
2003-11,2003/04,11,Wheat ground for flour,75.144073
2003-12,2003/04,12,Durum food exports,0.306014
2003-12,2003/04,12,Durum food use,5.404124
2003-12,2003/04,12,Durum wheat ground for semolina and durum flour,4.518958
2003-12,2003/04,12,"Flour, semolina, pasta, bulgur, and couscous imports",2.254099
2003-12,2003/04,12,Food exports,2.540274
2003-12,2003/04,12,Food use,72.247999
2003-12,2003/04,12,Nonmilled food use,2.0
2003-12,2003/04,12,"Semolina, durum flour, pasta, and couscous imports",1.19118
2003-12,2003/04,12,Wheat ground for flour,70.534175
2004-01,2003/04,1,Durum food exports,0.252771
2004-01,2003/04,1,Durum food use,6.068505
2004-01,2003/04,1,Durum wheat ground for semolina and durum flour,5.14803
2004-01,2003/04,1,"Flour, semolina, pasta, bulgur, and couscous imports",2.117203
2004-01,2003/04,1,Food exports,3.22416
2004-01,2003/04,1,Food use,71.399018
2004-01,2003/04,1,Nonmilled food use,2.0
2004-01,2003/04,1,"Semolina, durum flour, pasta, and couscous imports",1.173246
2004-01,2003/04,1,Wheat ground for flour,70.505974
2004-02,2003/04,2,Durum food exports,0.294906
2004-02,2003/04,2,Durum food use,6.059631
2004-02,2003/04,2,Durum wheat ground for semolina and durum flour,5.285894
2004-02,2003/04,2,"Flour, semolina, pasta, bulgur, and couscous imports",1.965494
2004-02,2003/04,2,Food exports,1.852228
2004-02,2003/04,2,Food use,72.059569
2004-02,2003/04,2,Nonmilled food use,2.0
2004-02,2003/04,2,"Semolina, durum flour, pasta, and couscous imports",1.068643
2004-02,2003/04,2,Wheat ground for flour,69.946303
2004-03,2003/04,3,Durum food exports,0.283299
2004-03,2003/04,3,Durum food use,6.264166
2004-03,2003/04,3,Durum wheat ground for semolina and durum flour,5.300076
2004-03,2003/04,3,"Flour, semolina, pasta, bulgur, and couscous imports",2.319743
2004-03,2003/04,3,Food exports,1.852257
2004-03,2003/04,3,Food use,76.677208
2004-03,2003/04,3,Nonmilled food use,2.0
2004-03,2003/04,3,"Semolina, durum flour, pasta, and couscous imports",1.247389
2004-03,2003/04,3,Wheat ground for flour,74.209723
2004-04,2003/04,4,Durum food exports,0.204458
2004-04,2003/04,4,Durum food use,5.747891
2004-04,2003/04,4,Durum wheat ground for semolina and durum flour,4.7428
2004-04,2003/04,4,"Flour, semolina, pasta, bulgur, and couscous imports",2.095971
2004-04,2003/04,4,Food exports,1.117542
2004-04,2003/04,4,Food use,74.466784
2004-04,2003/04,4,Nonmilled food use,2.0
2004-04,2003/04,4,"Semolina, durum flour, pasta, and couscous imports",1.209548
2004-04,2003/04,4,Wheat ground for flour,71.488355
2004-05,2003/04,5,Durum food exports,0.353915
2004-05,2003/04,5,Durum food use,5.596901
2004-05,2003/04,5,Durum wheat ground for semolina and durum flour,4.924026
2004-05,2003/04,5,"Flour, semolina, pasta, bulgur, and couscous imports",1.950218
2004-05,2003/04,5,Food exports,2.250463
2004-05,2003/04,5,Food use,74.793844
2004-05,2003/04,5,Nonmilled food use,2.0
2004-05,2003/04,5,"Semolina, durum flour, pasta, and couscous imports",1.02679
2004-05,2003/04,5,Wheat ground for flour,73.09409
2004-06,2004/05,6,Durum food exports,0.369373
2004-06,2004/05,6,Durum food use,5.356626
2004-06,2004/05,6,Durum wheat ground for semolina and durum flour,4.574174
2004-06,2004/05,6,"Flour, semolina, pasta, bulgur, and couscous imports",2.099229
2004-06,2004/05,6,Food exports,1.213345
2004-06,2004/05,6,Food use,72.81844
2004-06,2004/05,6,Nonmilled food use,2.0
2004-06,2004/05,6,"Semolina, durum flour, pasta, and couscous imports",1.151825
2004-06,2004/05,6,Wheat ground for flour,69.932556
2004-07,2004/05,7,Durum food exports,0.283992
2004-07,2004/05,7,Durum food use,5.230482
2004-07,2004/05,7,Durum wheat ground for semolina and durum flour,4.350654
2004-07,2004/05,7,"Flour, semolina, pasta, bulgur, and couscous imports",2.14121
2004-07,2004/05,7,Food exports,2.072711
2004-07,2004/05,7,Food use,73.572409
2004-07,2004/05,7,Nonmilled food use,2.0
2004-07,2004/05,7,"Semolina, durum flour, pasta, and couscous imports",1.163819
2004-07,2004/05,7,Wheat ground for flour,71.50391
2004-08,2004/05,8,Durum food exports,0.35095
2004-08,2004/05,8,Durum food use,5.834825
2004-08,2004/05,8,Durum wheat ground for semolina and durum flour,5.080258
2004-08,2004/05,8,"Flour, semolina, pasta, bulgur, and couscous imports",2.119241
2004-08,2004/05,8,Food exports,1.16936
2004-08,2004/05,8,Food use,81.09841
2004-08,2004/05,8,Nonmilled food use,2.0
2004-08,2004/05,8,"Semolina, durum flour, pasta, and couscous imports",1.105517
2004-08,2004/05,8,Wheat ground for flour,78.148529
2004-09,2004/05,9,Durum food exports,0.328502
2004-09,2004/05,9,Durum food use,5.709471
2004-09,2004/05,9,Durum wheat ground for semolina and durum flour,4.946087
2004-09,2004/05,9,"Flour, semolina, pasta, bulgur, and couscous imports",2.082569
2004-09,2004/05,9,Food exports,1.386392
2004-09,2004/05,9,Food use,77.841738
2004-09,2004/05,9,Nonmilled food use,2.0
2004-09,2004/05,9,"Semolina, durum flour, pasta, and couscous imports",1.091886
2004-09,2004/05,9,Wheat ground for flour,75.145561
2004-10,2004/05,10,Durum food exports,0.328119
2004-10,2004/05,10,Durum food use,6.539724
2004-10,2004/05,10,Durum wheat ground for semolina and durum flour,5.746436
2004-10,2004/05,10,"Flour, semolina, pasta, bulgur, and couscous imports",2.121496
2004-10,2004/05,10,Food exports,1.2904
2004-10,2004/05,10,Food use,80.598546
2004-10,2004/05,10,Nonmilled food use,2.0
2004-10,2004/05,10,"Semolina, durum flour, pasta, and couscous imports",1.121407
2004-10,2004/05,10,Wheat ground for flour,77.76745
2004-11,2004/05,11,Durum food exports,0.389786
2004-11,2004/05,11,Durum food use,6.110522
2004-11,2004/05,11,Durum wheat ground for semolina and durum flour,5.348106
2004-11,2004/05,11,"Flour, semolina, pasta, bulgur, and couscous imports",2.206098
2004-11,2004/05,11,Food exports,1.499993
2004-11,2004/05,11,Food use,77.141593
2004-11,2004/05,11,Nonmilled food use,2.0
2004-11,2004/05,11,"Semolina, durum flour, pasta, and couscous imports",1.152201
2004-11,2004/05,11,Wheat ground for flour,74.435489
2004-12,2004/05,12,Durum food exports,0.372998
2004-12,2004/05,12,Durum food use,5.832163
2004-12,2004/05,12,Durum wheat ground for semolina and durum flour,4.923457
2004-12,2004/05,12,"Flour, semolina, pasta, bulgur, and couscous imports",2.365288
2004-12,2004/05,12,Food exports,2.077167
2004-12,2004/05,12,Food use,72.157181
2004-12,2004/05,12,Nonmilled food use,2.0
2004-12,2004/05,12,"Semolina, durum flour, pasta, and couscous imports",1.281704
2004-12,2004/05,12,Wheat ground for flour,69.869061
2005-01,2004/05,1,Durum food exports,0.347911
2005-01,2004/05,1,Durum food use,6.709856
2005-01,2004/05,1,Durum wheat ground for semolina and durum flour,5.881921
2005-01,2004/05,1,"Flour, semolina, pasta, bulgur, and couscous imports",2.144822
2005-01,2004/05,1,Food exports,1.637268
2005-01,2004/05,1,Food use,73.097284
2005-01,2004/05,1,Nonmilled food use,2.0
2005-01,2004/05,1,"Semolina, durum flour, pasta, and couscous imports",1.175846
2005-01,2004/05,1,Wheat ground for flour,70.589729
2005-02,2004/05,2,Durum food exports,0.378305
2005-02,2004/05,2,Durum food use,6.631409
2005-02,2004/05,2,Durum wheat ground for semolina and durum flour,6.039438
2005-02,2004/05,2,"Flour, semolina, pasta, bulgur, and couscous imports",1.86005
2005-02,2004/05,2,Food exports,1.362162
2005-02,2004/05,2,Food use,72.527281
2005-02,2004/05,2,Nonmilled food use,2.0
2005-02,2004/05,2,"Semolina, durum flour, pasta, and couscous imports",0.970276
2005-02,2004/05,2,Wheat ground for flour,70.029393
2005-03,2004/05,3,Durum food exports,0.309058
2005-03,2004/05,3,Durum food use,7.094616
2005-03,2004/05,3,Durum wheat ground for semolina and durum flour,6.055641
2005-03,2004/05,3,"Flour, semolina, pasta, bulgur, and couscous imports",2.426962
2005-03,2004/05,3,Food exports,1.015573
2005-03,2004/05,3,Food use,77.709266
2005-03,2004/05,3,Nonmilled food use,2.0
2005-03,2004/05,3,"Semolina, durum flour, pasta, and couscous imports",1.348033
2005-03,2004/05,3,Wheat ground for flour,74.297877
2005-04,2004/05,4,Durum food exports,0.295472
2005-04,2004/05,4,Durum food use,6.23806
2005-04,2004/05,4,Durum wheat ground for semolina and durum flour,5.343935
2005-04,2004/05,4,"Flour, semolina, pasta, bulgur, and couscous imports",2.179804
2005-04,2004/05,4,Food exports,1.887121
2005-04,2004/05,4,Food use,74.440884
2005-04,2004/05,4,Nonmilled food use,2.0
2005-04,2004/05,4,"Semolina, durum flour, pasta, and couscous imports",1.189597
2005-04,2004/05,4,Wheat ground for flour,72.148201
2005-05,2004/05,5,Durum food exports,0.362812
2005-05,2004/05,5,Durum food use,6.410191
2005-05,2004/05,5,Durum wheat ground for semolina and durum flour,5.54813
2005-05,2004/05,5,"Flour, semolina, pasta, bulgur, and couscous imports",2.233151
2005-05,2004/05,5,Food exports,1.453683
2005-05,2004/05,5,Food use,76.548225
2005-05,2004/05,5,Nonmilled food use,2.0
2005-05,2004/05,5,"Semolina, durum flour, pasta, and couscous imports",1.224873
2005-05,2004/05,5,Wheat ground for flour,73.768757
2005-06,2005/06,6,Durum food exports,0.323351
2005-06,2005/06,6,Durum food use,6.074207
2005-06,2005/06,6,Durum wheat ground for semolina and durum flour,5.153935
2005-06,2005/06,6,"Flour, semolina, pasta, bulgur, and couscous imports",2.278206
2005-06,2005/06,6,Food exports,1.552565
2005-06,2005/06,6,Food use,73.303683
2005-06,2005/06,6,Nonmilled food use,2.0
2005-06,2005/06,6,"Semolina, durum flour, pasta, and couscous imports",1.243623
2005-06,2005/06,6,Wheat ground for flour,70.578042
2005-07,2005/06,7,Durum food exports,0.403807
2005-07,2005/06,7,Durum food use,5.855326
2005-07,2005/06,7,Durum wheat ground for semolina and durum flour,5.077831
2005-07,2005/06,7,"Flour, semolina, pasta, bulgur, and couscous imports",2.136059
2005-07,2005/06,7,Food exports,1.106389
2005-07,2005/06,7,Food use,75.971305
2005-07,2005/06,7,Nonmilled food use,2.0
2005-07,2005/06,7,"Semolina, durum flour, pasta, and couscous imports",1.181301
2005-07,2005/06,7,Wheat ground for flour,72.941635
2005-08,2005/06,8,Durum food exports,0.364359
2005-08,2005/06,8,Durum food use,6.834215
2005-08,2005/06,8,Durum wheat ground for semolina and durum flour,5.929383
2005-08,2005/06,8,"Flour, semolina, pasta, bulgur, and couscous imports",2.319547
2005-08,2005/06,8,Food exports,2.130472
2005-08,2005/06,8,Food use,81.908933
2005-08,2005/06,8,Nonmilled food use,2.0
2005-08,2005/06,8,"Semolina, durum flour, pasta, and couscous imports",1.269191
2005-08,2005/06,8,Wheat ground for flour,79.719857
2005-09,2005/06,9,Durum food exports,0.380168
2005-09,2005/06,9,Durum food use,6.516112
2005-09,2005/06,9,Durum wheat ground for semolina and durum flour,5.772786
2005-09,2005/06,9,"Flour, semolina, pasta, bulgur, and couscous imports",2.152582
2005-09,2005/06,9,Food exports,1.368021
2005-09,2005/06,9,Food use,79.441068
2005-09,2005/06,9,Nonmilled food use,2.0
2005-09,2005/06,9,"Semolina, durum flour, pasta, and couscous imports",1.123494
2005-09,2005/06,9,Wheat ground for flour,76.656508
2005-10,2005/06,10,Durum food exports,0.424046
2005-10,2005/06,10,Durum food use,7.009549
2005-10,2005/06,10,Durum wheat ground for semolina and durum flour,6.100163
2005-10,2005/06,10,"Flour, semolina, pasta, bulgur, and couscous imports",2.420999
2005-10,2005/06,10,Food exports,1.567171
2005-10,2005/06,10,Food use,81.076176
2005-10,2005/06,10,Nonmilled food use,2.0
2005-10,2005/06,10,"Semolina, durum flour, pasta, and couscous imports",1.333432
2005-10,2005/06,10,Wheat ground for flour,78.222347
2005-11,2005/06,11,Durum food exports,0.441542
2005-11,2005/06,11,Durum food use,6.556202
2005-11,2005/06,11,Durum wheat ground for semolina and durum flour,5.677313
2005-11,2005/06,11,"Flour, semolina, pasta, bulgur, and couscous imports",2.396873
2005-11,2005/06,11,Food exports,1.38411
2005-11,2005/06,11,Food use,77.883659
2005-11,2005/06,11,Nonmilled food use,2.0
2005-11,2005/06,11,"Semolina, durum flour, pasta, and couscous imports",1.320431
2005-11,2005/06,11,Wheat ground for flour,74.870896
2005-12,2005/06,12,Durum food exports,0.397855
2005-12,2005/06,12,Durum food use,6.093201
2005-12,2005/06,12,Durum wheat ground for semolina and durum flour,5.226524
2005-12,2005/06,12,"Flour, semolina, pasta, bulgur, and couscous imports",2.241215
2005-12,2005/06,12,Food exports,1.628172
2005-12,2005/06,12,Food use,72.890799
2005-12,2005/06,12,Nonmilled food use,2.0
2005-12,2005/06,12,"Semolina, durum flour, pasta, and couscous imports",1.264531
2005-12,2005/06,12,Wheat ground for flour,70.277756
2006-01,2005/06,1,Durum food exports,0.405028
2006-01,2005/06,1,Durum food use,6.774205
2006-01,2005/06,1,Durum wheat ground for semolina and durum flour,5.971244
2006-01,2005/06,1,"Flour, semolina, pasta, bulgur, and couscous imports",2.141059
2006-01,2005/06,1,Food exports,1.649056
2006-01,2005/06,1,Food use,73.473574
2006-01,2005/06,1,Nonmilled food use,2.0
2006-01,2005/06,1,"Semolina, durum flour, pasta, and couscous imports",1.207989
2006-01,2005/06,1,Wheat ground for flour,70.981572
2006-02,2005/06,2,Durum food exports,0.353903
2006-02,2005/06,2,Durum food use,6.868956
2006-02,2005/06,2,Durum wheat ground for semolina and durum flour,6.131153
2006-02,2005/06,2,"Flour, semolina, pasta, bulgur, and couscous imports",1.960147
2006-02,2005/06,2,Food exports,1.384115
2006-02,2005/06,2,Food use,72.994157
2006-02,2005/06,2,Nonmilled food use,2.0
2006-02,2005/06,2,"Semolina, durum flour, pasta, and couscous imports",1.091705
2006-02,2005/06,2,Wheat ground for flour,70.418125
2006-03,2005/06,3,Durum food exports,0.442138
2006-03,2005/06,3,Durum food use,7.039435
2006-03,2005/06,3,Durum wheat ground for semolina and durum flour,6.147603
2006-03,2005/06,3,"Flour, semolina, pasta, bulgur, and couscous imports",2.334685
2006-03,2005/06,3,Food exports,1.528882
2006-03,2005/06,3,Food use,77.516106
2006-03,2005/06,3,Nonmilled food use,2.0
2006-03,2005/06,3,"Semolina, durum flour, pasta, and couscous imports",1.333971
2006-03,2005/06,3,Wheat ground for flour,74.710303
2006-04,2005/06,4,Durum food exports,0.339682
2006-04,2005/06,4,Durum food use,6.913254
2006-04,2005/06,4,Durum wheat ground for semolina and durum flour,5.944736
2006-04,2005/06,4,"Flour, semolina, pasta, bulgur, and couscous imports",2.317088
2006-04,2005/06,4,Food exports,2.151917
2006-04,2005/06,4,Food use,74.519324
2006-04,2005/06,4,Nonmilled food use,2.0
2006-04,2005/06,4,"Semolina, durum flour, pasta, and couscous imports",1.308199
2006-04,2005/06,4,Wheat ground for flour,72.354153
2006-05,2005/06,5,Durum food exports,0.287126
2006-05,2005/06,5,Durum food use,7.250063
2006-05,2005/06,5,Durum wheat ground for semolina and durum flour,6.171888
2006-05,2005/06,5,"Flour, semolina, pasta, bulgur, and couscous imports",2.522434
2006-05,2005/06,5,Food exports,2.361872
2006-05,2005/06,5,Food use,76.139897
2006-05,2005/06,5,Nonmilled food use,2.0
2006-05,2005/06,5,"Semolina, durum flour, pasta, and couscous imports",1.365301
2006-05,2005/06,5,Wheat ground for flour,73.979335
2006-06,2006/07,6,Durum food exports,0.279388
2006-06,2006/07,6,Durum food use,6.766239
2006-06,2006/07,6,Durum wheat ground for semolina and durum flour,5.733376
2006-06,2006/07,6,"Flour, semolina, pasta, bulgur, and couscous imports",2.375924
2006-06,2006/07,6,Food exports,1.181166
2006-06,2006/07,6,Food use,73.97427
2006-06,2006/07,6,Nonmilled food use,2.0
2006-06,2006/07,6,"Semolina, durum flour, pasta, and couscous imports",1.312251
2006-06,2006/07,6,Wheat ground for flour,70.779512
2006-07,2006/07,7,Durum food exports,0.274741
2006-07,2006/07,7,Durum food use,6.62895
2006-07,2006/07,7,Durum wheat ground for semolina and durum flour,5.625559
2006-07,2006/07,7,"Flour, semolina, pasta, bulgur, and couscous imports",2.28125
2006-07,2006/07,7,Food exports,1.19761
2006-07,2006/07,7,Food use,77.304277
2006-07,2006/07,7,Nonmilled food use,2.0
2006-07,2006/07,7,"Semolina, durum flour, pasta, and couscous imports",1.278132
2006-07,2006/07,7,Wheat ground for flour,74.220638
2006-08,2006/07,8,Durum food exports,0.376612
2006-08,2006/07,8,Durum food use,7.482327
2006-08,2006/07,8,Durum wheat ground for semolina and durum flour,6.568964
2006-08,2006/07,8,"Flour, semolina, pasta, bulgur, and couscous imports",2.346553
2006-08,2006/07,8,Food exports,1.776269
2006-08,2006/07,8,Food use,83.687997
2006-08,2006/07,8,Nonmilled food use,2.0
2006-08,2006/07,8,"Semolina, durum flour, pasta, and couscous imports",1.289975
2006-08,2006/07,8,Wheat ground for flour,81.117713
2006-09,2006/07,9,Durum food exports,0.369245
2006-09,2006/07,9,Durum food use,7.042459
2006-09,2006/07,9,Durum wheat ground for semolina and durum flour,6.395476
2006-09,2006/07,9,"Flour, semolina, pasta, bulgur, and couscous imports",1.961086
2006-09,2006/07,9,Food exports,1.009307
2006-09,2006/07,9,Food use,80.952428
2006-09,2006/07,9,Nonmilled food use,2.0
2006-09,2006/07,9,"Semolina, durum flour, pasta, and couscous imports",1.016227
2006-09,2006/07,9,Wheat ground for flour,78.00065
2006-10,2006/07,10,Durum food exports,0.317121
2006-10,2006/07,10,Durum food use,7.896834
2006-10,2006/07,10,Durum wheat ground for semolina and durum flour,6.785731
2006-10,2006/07,10,"Flour, semolina, pasta, bulgur, and couscous imports",2.617093
2006-10,2006/07,10,Food exports,1.703933
2006-10,2006/07,10,Food use,82.744281
2006-10,2006/07,10,Nonmilled food use,2.0
2006-10,2006/07,10,"Semolina, durum flour, pasta, and couscous imports",1.428223
2006-10,2006/07,10,Wheat ground for flour,79.831121
2006-11,2006/07,11,Durum food exports,0.366612
2006-11,2006/07,11,Durum food use,7.352465
2006-11,2006/07,11,Durum wheat ground for semolina and durum flour,6.31536
2006-11,2006/07,11,"Flour, semolina, pasta, bulgur, and couscous imports",2.640323
2006-11,2006/07,11,Food exports,1.503578
2006-11,2006/07,11,Food use,79.547487
2006-11,2006/07,11,Nonmilled food use,2.0
2006-11,2006/07,11,"Semolina, durum flour, pasta, and couscous imports",1.403718
2006-11,2006/07,11,Wheat ground for flour,76.410742
2006-12,2006/07,12,Durum food exports,0.32914
2006-12,2006/07,12,Durum food use,6.81676
2006-12,2006/07,12,Durum wheat ground for semolina and durum flour,5.813909
2006-12,2006/07,12,"Flour, semolina, pasta, bulgur, and couscous imports",2.465661
2006-12,2006/07,12,Food exports,1.764122
2006-12,2006/07,12,Food use,74.424675
2006-12,2006/07,12,Nonmilled food use,2.0
2006-12,2006/07,12,"Semolina, durum flour, pasta, and couscous imports",1.331991
2006-12,2006/07,12,Wheat ground for flour,71.723137
2007-01,2006/07,1,Durum food exports,0.375729
2007-01,2006/07,1,Durum food use,7.318314
2007-01,2006/07,1,Durum wheat ground for semolina and durum flour,6.19079
2007-01,2006/07,1,"Flour, semolina, pasta, bulgur, and couscous imports",2.663002
2007-01,2006/07,1,Food exports,1.30673
2007-01,2006/07,1,Food use,76.27472
2007-01,2006/07,1,Nonmilled food use,2.0
2007-01,2006/07,1,"Semolina, durum flour, pasta, and couscous imports",1.503253
2007-01,2006/07,1,Wheat ground for flour,72.918448
2007-02,2006/07,2,Durum food exports,0.343484
2007-02,2006/07,2,Durum food use,7.178596
2007-02,2006/07,2,Durum wheat ground for semolina and durum flour,6.356578
2007-02,2006/07,2,"Flour, semolina, pasta, bulgur, and couscous imports",2.130454
2007-02,2006/07,2,Food exports,1.842867
2007-02,2006/07,2,Food use,74.627214
2007-02,2006/07,2,Nonmilled food use,2.0
2007-02,2006/07,2,"Semolina, durum flour, pasta, and couscous imports",1.165502
2007-02,2006/07,2,Wheat ground for flour,72.339627
2007-03,2006/07,3,Durum food exports,0.436149
2007-03,2006/07,3,Durum food use,7.493889
2007-03,2006/07,3,Durum wheat ground for semolina and durum flour,6.373632
2007-03,2006/07,3,"Flour, semolina, pasta, bulgur, and couscous imports",2.651023
2007-03,2006/07,3,Food exports,1.663515
2007-03,2006/07,3,Food use,79.736434
2007-03,2006/07,3,Nonmilled food use,2.0
2007-03,2006/07,3,"Semolina, durum flour, pasta, and couscous imports",1.556405
2007-03,2006/07,3,Wheat ground for flour,76.748926
2007-04,2006/07,4,Durum food exports,0.366587
2007-04,2006/07,4,Durum food use,7.109892
2007-04,2006/07,4,Durum wheat ground for semolina and durum flour,6.053973
2007-04,2006/07,4,"Flour, semolina, pasta, bulgur, and couscous imports",2.387006
2007-04,2006/07,4,Food exports,2.11231
2007-04,2006/07,4,Food use,77.640148
2007-04,2006/07,4,Nonmilled food use,2.0
2007-04,2006/07,4,"Semolina, durum flour, pasta, and couscous imports",1.422506
2007-04,2006/07,4,Wheat ground for flour,75.365452
2007-05,2006/07,5,Durum food exports,0.502293
2007-05,2006/07,5,Durum food use,7.028793
2007-05,2006/07,5,Durum wheat ground for semolina and durum flour,6.285299
2007-05,2006/07,5,"Flour, semolina, pasta, bulgur, and couscous imports",2.114268
2007-05,2006/07,5,Food exports,4.175067
2007-05,2006/07,5,Food use,76.997473
2007-05,2006/07,5,Nonmilled food use,2.0
2007-05,2006/07,5,"Semolina, durum flour, pasta, and couscous imports",1.245788
2007-05,2006/07,5,Wheat ground for flour,77.058272
2007-06,2007/08,6,Durum food exports,0.332383
2007-06,2007/08,6,Durum food use,6.756377
2007-06,2007/08,6,Durum wheat ground for semolina and durum flour,5.838729
2007-06,2007/08,6,"Flour, semolina, pasta, bulgur, and couscous imports",2.261905
2007-06,2007/08,6,Food exports,2.376316
2007-06,2007/08,6,Food use,75.610864
2007-06,2007/08,6,Nonmilled food use,2.0
2007-06,2007/08,6,"Semolina, durum flour, pasta, and couscous imports",1.250031
2007-06,2007/08,6,Wheat ground for flour,73.725276
2007-07,2007/08,7,Durum food exports,0.466716
2007-07,2007/08,7,Durum food use,6.501914
2007-07,2007/08,7,Durum wheat ground for semolina and durum flour,5.730566
2007-07,2007/08,7,"Flour, semolina, pasta, bulgur, and couscous imports",2.248878
2007-07,2007/08,7,Food exports,1.619748
2007-07,2007/08,7,Food use,78.750617
2007-07,2007/08,7,Nonmilled food use,2.0
2007-07,2007/08,7,"Semolina, durum flour, pasta, and couscous imports",1.238065
2007-07,2007/08,7,Wheat ground for flour,76.121488
2007-08,2007/08,8,Durum food exports,0.395037
2007-08,2007/08,8,Durum food use,7.622787
2007-08,2007/08,8,Durum wheat ground for semolina and durum flour,6.69158
2007-08,2007/08,8,"Flour, semolina, pasta, bulgur, and couscous imports",2.160899
2007-08,2007/08,8,Food exports,1.868
2007-08,2007/08,8,Food use,85.488102
2007-08,2007/08,8,Nonmilled food use,2.0
2007-08,2007/08,8,"Semolina, durum flour, pasta, and couscous imports",1.326244
2007-08,2007/08,8,Wheat ground for flour,83.195203
2007-09,2007/08,9,Durum food exports,0.470047
2007-09,2007/08,9,Durum food use,7.196194
2007-09,2007/08,9,Durum wheat ground for semolina and durum flour,6.514854
2007-09,2007/08,9,"Flour, semolina, pasta, bulgur, and couscous imports",1.957356
2007-09,2007/08,9,Food exports,2.508349
2007-09,2007/08,9,Food use,81.447316
2007-09,2007/08,9,Nonmilled food use,2.0
2007-09,2007/08,9,"Semolina, durum flour, pasta, and couscous imports",1.151387
2007-09,2007/08,9,Wheat ground for flour,79.998309
2007-10,2007/08,10,Durum food exports,0.571486
2007-10,2007/08,10,Durum food use,7.700615
2007-10,2007/08,10,Durum wheat ground for semolina and durum flour,6.844566
2007-10,2007/08,10,"Flour, semolina, pasta, bulgur, and couscous imports",2.382511
2007-10,2007/08,10,Food exports,2.958769
2007-10,2007/08,10,Food use,84.168447
2007-10,2007/08,10,Nonmilled food use,2.0
2007-10,2007/08,10,"Semolina, durum flour, pasta, and couscous imports",1.427534
2007-10,2007/08,10,Wheat ground for flour,82.744704
2007-11,2007/08,11,Durum food exports,0.610536
2007-11,2007/08,11,Durum food use,7.161271
2007-11,2007/08,11,Durum wheat ground for semolina and durum flour,6.370116
2007-11,2007/08,11,"Flour, semolina, pasta, bulgur, and couscous imports",2.288521
2007-11,2007/08,11,Food exports,4.077568
2007-11,2007/08,11,Food use,79.410445
2007-11,2007/08,11,Nonmilled food use,2.0
2007-11,2007/08,11,"Semolina, durum flour, pasta, and couscous imports",1.401691
2007-11,2007/08,11,Wheat ground for flour,79.199492
2007-12,2007/08,12,Durum food exports,0.50557
2007-12,2007/08,12,Durum food use,6.742249
2007-12,2007/08,12,Durum wheat ground for semolina and durum flour,5.864318
2007-12,2007/08,12,"Flour, semolina, pasta, bulgur, and couscous imports",2.216234
2007-12,2007/08,12,Food exports,1.72577
2007-12,2007/08,12,Food use,76.831267
2007-12,2007/08,12,Nonmilled food use,2.0
2007-12,2007/08,12,"Semolina, durum flour, pasta, and couscous imports",1.383502
2007-12,2007/08,12,Wheat ground for flour,74.340804
2008-01,2007/08,1,Durum food exports,0.725072
2008-01,2007/08,1,Durum food use,6.403964
2008-01,2007/08,1,Durum wheat ground for semolina and durum flour,5.754971
2008-01,2007/08,1,"Flour, semolina, pasta, bulgur, and couscous imports",2.259838
2008-01,2007/08,1,Food exports,1.724543
2008-01,2007/08,1,Food use,75.839016
2008-01,2007/08,1,Nonmilled food use,2.0
2008-01,2007/08,1,"Semolina, durum flour, pasta, and couscous imports",1.374066
2008-01,2007/08,1,Wheat ground for flour,73.303721
2008-02,2007/08,2,Durum food exports,0.570867
2008-02,2007/08,2,Durum food use,6.583979
2008-02,2007/08,2,Durum wheat ground for semolina and durum flour,5.909088
2008-02,2007/08,2,"Flour, semolina, pasta, bulgur, and couscous imports",2.070793
2008-02,2007/08,2,Food exports,2.014465
2008-02,2007/08,2,Food use,74.77817
2008-02,2007/08,2,Nonmilled food use,2.0
2008-02,2007/08,2,"Semolina, durum flour, pasta, and couscous imports",1.245759
2008-02,2007/08,2,Wheat ground for flour,72.721841
2008-03,2007/08,3,Durum food exports,0.51322
2008-03,2007/08,3,Durum food use,6.778571
2008-03,2007/08,3,Durum wheat ground for semolina and durum flour,5.924941
2008-03,2007/08,3,"Flour, semolina, pasta, bulgur, and couscous imports",2.185659
2008-03,2007/08,3,Food exports,2.030146
2008-03,2007/08,3,Food use,79.30995
2008-03,2007/08,3,Nonmilled food use,2.0
2008-03,2007/08,3,"Semolina, durum flour, pasta, and couscous imports",1.366849
2008-03,2007/08,3,Wheat ground for flour,77.154438
2008-04,2007/08,4,Durum food exports,0.514576
2008-04,2007/08,4,Durum food use,6.550483
2008-04,2007/08,4,Durum wheat ground for semolina and durum flour,5.585388
2008-04,2007/08,4,"Flour, semolina, pasta, bulgur, and couscous imports",2.416046
2008-04,2007/08,4,Food exports,1.61888
2008-04,2007/08,4,Food use,77.547762
2008-04,2007/08,4,Nonmilled food use,2.0
2008-04,2007/08,4,"Semolina, durum flour, pasta, and couscous imports",1.479671
2008-04,2007/08,4,Wheat ground for flour,74.750595
2008-05,2007/08,5,Durum food exports,0.479113
2008-05,2007/08,5,Durum food use,6.658587
2008-05,2007/08,5,Durum wheat ground for semolina and durum flour,5.798809
2008-05,2007/08,5,"Flour, semolina, pasta, bulgur, and couscous imports",2.244937
2008-05,2007/08,5,Food exports,1.991386
2008-05,2007/08,5,Food use,78.683155
2008-05,2007/08,5,Nonmilled food use,2.0
2008-05,2007/08,5,"Semolina, durum flour, pasta, and couscous imports",1.338891
2008-05,2007/08,5,Wheat ground for flour,76.429605
2008-06,2008/09,6,Durum food exports,0.452255
2008-06,2008/09,6,Durum food use,6.37712
2008-06,2008/09,6,Durum wheat ground for semolina and durum flour,5.386804
2008-06,2008/09,6,"Flour, semolina, pasta, bulgur, and couscous imports",2.435635
2008-06,2008/09,6,Food exports,1.954146
2008-06,2008/09,6,Food use,75.605289
2008-06,2008/09,6,Nonmilled food use,2.0
2008-06,2008/09,6,"Semolina, durum flour, pasta, and couscous imports",1.442571
2008-06,2008/09,6,Wheat ground for flour,73.1238
2008-07,2008/09,7,Durum food exports,0.471228
2008-07,2008/09,7,Durum food use,5.871315
2008-07,2008/09,7,Durum wheat ground for semolina and durum flour,5.021243
2008-07,2008/09,7,"Flour, semolina, pasta, bulgur, and couscous imports",2.311065
2008-07,2008/09,7,Food exports,1.995221
2008-07,2008/09,7,Food use,77.127158
2008-07,2008/09,7,Nonmilled food use,2.0
2008-07,2008/09,7,"Semolina, durum flour, pasta, and couscous imports",1.3213
2008-07,2008/09,7,Wheat ground for flour,74.811313
2008-08,2008/09,8,Durum food exports,0.684594
2008-08,2008/09,8,Durum food use,6.444448
2008-08,2008/09,8,Durum wheat ground for semolina and durum flour,5.863304
2008-08,2008/09,8,"Flour, semolina, pasta, bulgur, and couscous imports",2.106439
2008-08,2008/09,8,Food exports,2.40286
2008-08,2008/09,8,Food use,83.466857
2008-08,2008/09,8,Nonmilled food use,2.0
2008-08,2008/09,8,"Semolina, durum flour, pasta, and couscous imports",1.265738
2008-08,2008/09,8,Wheat ground for flour,81.763278
2008-09,2008/09,9,Durum food exports,0.591674
2008-09,2008/09,9,Durum food use,6.267451
2008-09,2008/09,9,Durum wheat ground for semolina and durum flour,5.708453
2008-09,2008/09,9,"Flour, semolina, pasta, bulgur, and couscous imports",1.847661
2008-09,2008/09,9,Food exports,2.500161
2008-09,2008/09,9,Food use,79.968908
2008-09,2008/09,9,Nonmilled food use,2.0
2008-09,2008/09,9,"Semolina, durum flour, pasta, and couscous imports",1.150673
2008-09,2008/09,9,Wheat ground for flour,78.621408
2008-10,2008/09,10,Durum food exports,0.495126
2008-10,2008/09,10,Durum food use,6.795261
2008-10,2008/09,10,Durum wheat ground for semolina and durum flour,6.212092
2008-10,2008/09,10,"Flour, semolina, pasta, bulgur, and couscous imports",1.943215
2008-10,2008/09,10,Food exports,2.401763
2008-10,2008/09,10,Food use,80.438966
2008-10,2008/09,10,Nonmilled food use,2.0
2008-10,2008/09,10,"Semolina, durum flour, pasta, and couscous imports",1.078295
2008-10,2008/09,10,Wheat ground for flour,78.897514
2008-11,2008/09,11,Durum food exports,0.443804
2008-11,2008/09,11,Durum food use,6.525125
2008-11,2008/09,11,Durum wheat ground for semolina and durum flour,5.781484
2008-11,2008/09,11,"Flour, semolina, pasta, bulgur, and couscous imports",2.129138
2008-11,2008/09,11,Food exports,1.634222
2008-11,2008/09,11,Food use,78.012051
2008-11,2008/09,11,Nonmilled food use,2.0
2008-11,2008/09,11,"Semolina, durum flour, pasta, and couscous imports",1.187444
2008-11,2008/09,11,Wheat ground for flour,75.517135
2008-12,2008/09,12,Durum food exports,0.46699
2008-12,2008/09,12,Durum food use,6.07842
2008-12,2008/09,12,Durum wheat ground for semolina and durum flour,5.322424
2008-12,2008/09,12,"Flour, semolina, pasta, bulgur, and couscous imports",1.998852
2008-12,2008/09,12,Food exports,1.742781
2008-12,2008/09,12,Food use,73.140421
2008-12,2008/09,12,Nonmilled food use,2.0
2008-12,2008/09,12,"Semolina, durum flour, pasta, and couscous imports",1.222986
2008-12,2008/09,12,Wheat ground for flour,70.88435
2009-01,2008/09,1,Durum food exports,0.438462
2009-01,2008/09,1,Durum food use,6.570165
2009-01,2008/09,1,Durum wheat ground for semolina and durum flour,5.883884
2009-01,2008/09,1,"Flour, semolina, pasta, bulgur, and couscous imports",1.901173
2009-01,2008/09,1,Food exports,1.864863
2009-01,2008/09,1,Food use,73.509573
2009-01,2008/09,1,Nonmilled food use,2.0
2009-01,2008/09,1,"Semolina, durum flour, pasta, and couscous imports",1.124742
2009-01,2008/09,1,Wheat ground for flour,71.473263
2009-02,2008/09,2,Durum food exports,0.441887
2009-02,2008/09,2,Durum food use,6.643157
2009-02,2008/09,2,Durum wheat ground for semolina and durum flour,6.041454
2009-02,2008/09,2,"Flour, semolina, pasta, bulgur, and couscous imports",1.754347
2009-02,2008/09,2,Food exports,1.864764
2009-02,2008/09,2,Food use,72.795497
2009-02,2008/09,2,Nonmilled food use,2.0
2009-02,2008/09,2,"Semolina, durum flour, pasta, and couscous imports",1.043591
2009-02,2008/09,2,Wheat ground for flour,70.905913
2009-03,2008/09,3,Durum food exports,0.48458
2009-03,2008/09,3,Durum food use,6.883385
2009-03,2008/09,3,Durum wheat ground for semolina and durum flour,6.057662
2009-03,2008/09,3,"Flour, semolina, pasta, bulgur, and couscous imports",2.120326
2009-03,2008/09,3,Food exports,1.193787
2009-03,2008/09,3,Food use,78.154363
2009-03,2008/09,3,Nonmilled food use,2.0
2009-03,2008/09,3,"Semolina, durum flour, pasta, and couscous imports",1.310304
2009-03,2008/09,3,Wheat ground for flour,75.227824
2009-04,2008/09,4,Durum food exports,0.505567
2009-04,2008/09,4,Durum food use,6.69016
2009-04,2008/09,4,Durum wheat ground for semolina and durum flour,5.911765
2009-04,2008/09,4,"Flour, semolina, pasta, bulgur, and couscous imports",2.081692
2009-04,2008/09,4,Food exports,1.25726
2009-04,2008/09,4,Food use,76.532603
2009-04,2008/09,4,Nonmilled food use,2.0
2009-04,2008/09,4,"Semolina, durum flour, pasta, and couscous imports",1.283962
2009-04,2008/09,4,Wheat ground for flour,73.708171
2009-05,2008/09,5,Durum food exports,0.492289
2009-05,2008/09,5,Durum food use,6.918517
2009-05,2008/09,5,Durum wheat ground for semolina and durum flour,6.137658
2009-05,2008/09,5,"Flour, semolina, pasta, bulgur, and couscous imports",2.061869
2009-05,2008/09,5,Food exports,1.408256
2009-05,2008/09,5,Food use,78.017379
2009-05,2008/09,5,Nonmilled food use,2.0
2009-05,2008/09,5,"Semolina, durum flour, pasta, and couscous imports",1.273148
2009-05,2008/09,5,Wheat ground for flour,75.363766
2009-06,2009/10,6,Durum food exports,0.442355
2009-06,2009/10,6,Durum food use,6.490464
2009-06,2009/10,6,Durum wheat ground for semolina and durum flour,5.701577
2009-06,2009/10,6,"Flour, semolina, pasta, bulgur, and couscous imports",2.007487
2009-06,2009/10,6,Food exports,2.511349
2009-06,2009/10,6,Food use,73.6002
2009-06,2009/10,6,Nonmilled food use,2.0
2009-06,2009/10,6,"Semolina, durum flour, pasta, and couscous imports",1.231241
2009-06,2009/10,6,Wheat ground for flour,72.104062
2009-07,2009/10,7,Durum food exports,0.386121
2009-07,2009/10,7,Durum food use,6.172791
2009-07,2009/10,7,Durum wheat ground for semolina and durum flour,5.33717
2009-07,2009/10,7,"Flour, semolina, pasta, bulgur, and couscous imports",1.985422
2009-07,2009/10,7,Food exports,2.038451
2009-07,2009/10,7,Food use,75.970399
2009-07,2009/10,7,Nonmilled food use,2.0
2009-07,2009/10,7,"Semolina, durum flour, pasta, and couscous imports",1.221742
2009-07,2009/10,7,Wheat ground for flour,74.023427
2009-08,2009/10,8,Durum food exports,0.482453
2009-08,2009/10,8,Durum food use,7.05163
2009-08,2009/10,8,Durum wheat ground for semolina and durum flour,6.232212
2009-08,2009/10,8,"Flour, semolina, pasta, bulgur, and couscous imports",2.163356
2009-08,2009/10,8,Food exports,3.419592
2009-08,2009/10,8,Food use,81.645941
2009-08,2009/10,8,Nonmilled food use,2.0
2009-08,2009/10,8,"Semolina, durum flour, pasta, and couscous imports",1.30187
2009-08,2009/10,8,Wheat ground for flour,80.902177
2009-09,2009/10,9,Durum food exports,0.427185
2009-09,2009/10,9,Durum food use,6.779146
2009-09,2009/10,9,Durum wheat ground for semolina and durum flour,6.067618
2009-09,2009/10,9,"Flour, semolina, pasta, bulgur, and couscous imports",1.959359
2009-09,2009/10,9,Food exports,1.926429
2009-09,2009/10,9,Food use,79.826326
2009-09,2009/10,9,Nonmilled food use,2.0
2009-09,2009/10,9,"Semolina, durum flour, pasta, and couscous imports",1.138713
2009-09,2009/10,9,Wheat ground for flour,77.793396
2009-10,2009/10,10,Durum food exports,0.465558
2009-10,2009/10,10,Durum food use,7.035385
2009-10,2009/10,10,Durum wheat ground for semolina and durum flour,6.18698
2009-10,2009/10,10,"Flour, semolina, pasta, bulgur, and couscous imports",2.301706
2009-10,2009/10,10,Food exports,2.825086
2009-10,2009/10,10,Food use,80.114644
2009-10,2009/10,10,Nonmilled food use,2.0
2009-10,2009/10,10,"Semolina, durum flour, pasta, and couscous imports",1.313963
2009-10,2009/10,10,Wheat ground for flour,78.638023
2009-11,2009/10,11,Durum food exports,0.370158
2009-11,2009/10,11,Durum food use,6.685021
2009-11,2009/10,11,Durum wheat ground for semolina and durum flour,5.758112
2009-11,2009/10,11,"Flour, semolina, pasta, bulgur, and couscous imports",2.186726
2009-11,2009/10,11,Food exports,2.450553
2009-11,2009/10,11,Food use,77.004935
2009-11,2009/10,11,Nonmilled food use,2.0
2009-11,2009/10,11,"Semolina, durum flour, pasta, and couscous imports",1.297066
2009-11,2009/10,11,Wheat ground for flour,75.268762
2009-12,2009/10,12,Durum food exports,0.39135
2009-12,2009/10,12,Durum food use,6.148568
2009-12,2009/10,12,Durum wheat ground for semolina and durum flour,5.300908
2009-12,2009/10,12,"Flour, semolina, pasta, bulgur, and couscous imports",2.111935
2009-12,2009/10,12,Food exports,1.592488
2009-12,2009/10,12,Food use,73.170661
2009-12,2009/10,12,Nonmilled food use,2.0
2009-12,2009/10,12,"Semolina, durum flour, pasta, and couscous imports",1.23901
2009-12,2009/10,12,Wheat ground for flour,70.651215
2010-01,2009/10,1,Durum food exports,0.375876
2010-01,2009/10,1,Durum food use,6.831191
2010-01,2009/10,1,Durum wheat ground for semolina and durum flour,5.980078
2010-01,2009/10,1,"Flour, semolina, pasta, bulgur, and couscous imports",2.037004
2010-01,2009/10,1,Food exports,1.884977
2010-01,2009/10,1,Food use,74.792933
2010-01,2009/10,1,Nonmilled food use,2.0
2010-01,2009/10,1,"Semolina, durum flour, pasta, and couscous imports",1.226988
2010-01,2009/10,1,Wheat ground for flour,72.640907
2010-02,2009/10,2,Durum food exports,0.402955
2010-02,2009/10,2,Durum food use,6.828684
2010-02,2009/10,2,Durum wheat ground for semolina and durum flour,6.140224
2010-02,2009/10,2,"Flour, semolina, pasta, bulgur, and couscous imports",1.847093
2010-02,2009/10,2,Food exports,2.231815
2010-02,2009/10,2,Food use,73.679566
2010-02,2009/10,2,Nonmilled food use,2.0
2010-02,2009/10,2,"Semolina, durum flour, pasta, and couscous imports",1.091415
2010-02,2009/10,2,Wheat ground for flour,72.064288
2010-03,2009/10,3,Durum food exports,0.436109
2010-03,2009/10,3,Durum food use,7.280552
2010-03,2009/10,3,Durum wheat ground for semolina and durum flour,6.156698
2010-03,2009/10,3,"Flour, semolina, pasta, bulgur, and couscous imports",2.502747
2010-03,2009/10,3,Food exports,2.932387
2010-03,2009/10,3,Food use,78.027165
2010-03,2009/10,3,Nonmilled food use,2.0
2010-03,2009/10,3,"Semolina, durum flour, pasta, and couscous imports",1.559963
2010-03,2009/10,3,Wheat ground for flour,76.456805
2010-04,2009/10,4,Durum food exports,0.448273
2010-04,2009/10,4,Durum food use,6.409027
2010-04,2009/10,4,Durum wheat ground for semolina and durum flour,5.538762
2010-04,2009/10,4,"Flour, semolina, pasta, bulgur, and couscous imports",2.184727
2010-04,2009/10,4,Food exports,2.231242
2010-04,2009/10,4,Food use,75.000144
2010-04,2009/10,4,Nonmilled food use,2.0
2010-04,2009/10,4,"Semolina, durum flour, pasta, and couscous imports",1.318538
2010-04,2009/10,4,Wheat ground for flour,73.046659
2010-05,2009/10,5,Durum food exports,0.417492
2010-05,2009/10,5,Durum food use,6.695684
2010-05,2009/10,5,Durum wheat ground for semolina and durum flour,5.750402
2010-05,2009/10,5,"Flour, semolina, pasta, bulgur, and couscous imports",2.161983
2010-05,2009/10,5,Food exports,2.76268
2010-05,2009/10,5,Food use,76.086698
2010-05,2009/10,5,Nonmilled food use,2.0
2010-05,2009/10,5,"Semolina, durum flour, pasta, and couscous imports",1.362774
2010-05,2009/10,5,Wheat ground for flour,74.687395
2010-06,2010/11,6,Durum food exports,0.491037
2010-06,2010/11,6,Durum food use,6.117969
2010-06,2010/11,6,Durum wheat ground for semolina and durum flour,5.341836
2010-06,2010/11,6,"Flour, semolina, pasta, bulgur, and couscous imports",2.131339
2010-06,2010/11,6,Food exports,2.042057
2010-06,2010/11,6,Food use,73.546228
2010-06,2010/11,6,Nonmilled food use,2.0
2010-06,2010/11,6,"Semolina, durum flour, pasta, and couscous imports",1.26717
2010-06,2010/11,6,Wheat ground for flour,71.456946
2010-07,2010/11,7,Durum food exports,0.379913
2010-07,2010/11,7,Durum food use,6.589377
2010-07,2010/11,7,Durum wheat ground for semolina and durum flour,5.689108
2010-07,2010/11,7,"Flour, semolina, pasta, bulgur, and couscous imports",2.121959
2010-07,2010/11,7,Food exports,1.483421
2010-07,2010/11,7,Food use,77.267591
2010-07,2010/11,7,Nonmilled food use,2.0
2010-07,2010/11,7,"Semolina, durum flour, pasta, and couscous imports",1.280182
2010-07,2010/11,7,Wheat ground for flour,74.629053
2010-08,2010/11,8,Durum food exports,0.451586
2010-08,2010/11,8,Durum food use,7.530702
2010-08,2010/11,8,Durum wheat ground for semolina and durum flour,6.64317
2010-08,2010/11,8,"Flour, semolina, pasta, bulgur, and couscous imports",2.278287
2010-08,2010/11,8,Food exports,1.890419
2010-08,2010/11,8,Food use,83.951949
2010-08,2010/11,8,Nonmilled food use,2.0
2010-08,2010/11,8,"Semolina, durum flour, pasta, and couscous imports",1.339118
2010-08,2010/11,8,Wheat ground for flour,81.564081
2010-09,2010/11,9,Durum food exports,0.498405
2010-09,2010/11,9,Durum food use,7.251699
2010-09,2010/11,9,Durum wheat ground for semolina and durum flour,6.467722
2010-09,2010/11,9,"Flour, semolina, pasta, bulgur, and couscous imports",2.25905
2010-09,2010/11,9,Food exports,1.622453
2010-09,2010/11,9,Food use,81.066463
2010-09,2010/11,9,Nonmilled food use,2.0
2010-09,2010/11,9,"Semolina, durum flour, pasta, and couscous imports",1.282382
2010-09,2010/11,9,Wheat ground for flour,78.429866
2010-10,2010/11,10,Durum food exports,0.419663
2010-10,2010/11,10,Durum food use,7.498074
2010-10,2010/11,10,Durum wheat ground for semolina and durum flour,6.625012
2010-10,2010/11,10,"Flour, semolina, pasta, bulgur, and couscous imports",2.356706
2010-10,2010/11,10,Food exports,2.133421
2010-10,2010/11,10,Food use,81.669898
2010-10,2010/11,10,Nonmilled food use,2.0
2010-10,2010/11,10,"Semolina, durum flour, pasta, and couscous imports",1.292725
2010-10,2010/11,10,Wheat ground for flour,79.446612
2010-11,2010/11,11,Durum food exports,0.48944
2010-11,2010/11,11,Durum food use,7.005855
2010-11,2010/11,11,Durum wheat ground for semolina and durum flour,6.165781
2010-11,2010/11,11,"Flour, semolina, pasta, bulgur, and couscous imports",2.372846
2010-11,2010/11,11,Food exports,1.387191
2010-11,2010/11,11,Food use,79.028363
2010-11,2010/11,11,Nonmilled food use,2.0
2010-11,2010/11,11,"Semolina, durum flour, pasta, and couscous imports",1.329514
2010-11,2010/11,11,Wheat ground for flour,76.042707
2010-12,2010/11,12,Durum food exports,0.474594
2010-12,2010/11,12,Durum food use,6.649909
2010-12,2010/11,12,Durum wheat ground for semolina and durum flour,5.676207
2010-12,2010/11,12,"Flour, semolina, pasta, bulgur, and couscous imports",2.474282
2010-12,2010/11,12,Food exports,1.775487
2010-12,2010/11,12,Food use,74.076475
2010-12,2010/11,12,Nonmilled food use,2.0
2010-12,2010/11,12,"Semolina, durum flour, pasta, and couscous imports",1.448296
2010-12,2010/11,12,Wheat ground for flour,71.37768
2011-01,2010/11,1,Durum food exports,0.441545
2011-01,2010/11,1,Durum food use,7.08636
2011-01,2010/11,1,Durum wheat ground for semolina and durum flour,6.207804
2011-01,2010/11,1,"Flour, semolina, pasta, bulgur, and couscous imports",2.260595
2011-01,2010/11,1,Food exports,2.034172
2011-01,2010/11,1,Food use,73.902012
2011-01,2010/11,1,Nonmilled food use,2.0
2011-01,2010/11,1,"Semolina, durum flour, pasta, and couscous imports",1.320102
2011-01,2010/11,1,Wheat ground for flour,71.675589
2011-02,2010/11,2,Durum food exports,0.422475
2011-02,2010/11,2,Durum food use,7.079332
2011-02,2010/11,2,Durum wheat ground for semolina and durum flour,6.374048
2011-02,2010/11,2,"Flour, semolina, pasta, bulgur, and couscous imports",1.966777
2011-02,2010/11,2,Food exports,2.160057
2011-02,2010/11,2,Food use,72.913352
2011-02,2010/11,2,Nonmilled food use,2.0
2011-02,2010/11,2,"Semolina, durum flour, pasta, and couscous imports",1.127758
2011-02,2010/11,2,Wheat ground for flour,71.106633
2011-03,2010/11,3,Durum food exports,0.537303
2011-03,2010/11,3,Durum food use,7.324841
2011-03,2010/11,3,Durum wheat ground for semolina and durum flour,6.391149
2011-03,2010/11,3,"Flour, semolina, pasta, bulgur, and couscous imports",2.65911
2011-03,2010/11,3,Food exports,1.799074
2011-03,2010/11,3,Food use,78.300814
2011-03,2010/11,3,Nonmilled food use,2.0
2011-03,2010/11,3,"Semolina, durum flour, pasta, and couscous imports",1.470995
2011-03,2010/11,3,Wheat ground for flour,75.440778
2011-04,2010/11,4,Durum food exports,0.492207
2011-04,2010/11,4,Durum food use,6.868909
2011-04,2010/11,4,Durum wheat ground for semolina and durum flour,5.835166
2011-04,2010/11,4,"Flour, semolina, pasta, bulgur, and couscous imports",2.43369
2011-04,2010/11,4,Food exports,2.509588
2011-04,2010/11,4,Food use,74.04731
2011-04,2010/11,4,Nonmilled food use,2.0
2011-04,2010/11,4,"Semolina, durum flour, pasta, and couscous imports",1.52595
2011-04,2010/11,4,Wheat ground for flour,72.123207
2011-05,2010/11,5,Durum food exports,0.498704
2011-05,2010/11,5,Durum food use,7.061336
2011-05,2010/11,5,Durum wheat ground for semolina and durum flour,6.058132
2011-05,2010/11,5,"Flour, semolina, pasta, bulgur, and couscous imports",2.377641
2011-05,2010/11,5,Food exports,2.230298
2011-05,2010/11,5,Food use,75.890544
2011-05,2010/11,5,Nonmilled food use,2.0
2011-05,2010/11,5,"Semolina, durum flour, pasta, and couscous imports",1.501908
2011-05,2010/11,5,Wheat ground for flour,73.743201
2011-06,2011/12,6,Durum food exports,0.530104
2011-06,2011/12,6,Durum food use,6.486541
2011-06,2011/12,6,Durum wheat ground for semolina and durum flour,5.627702
2011-06,2011/12,6,"Flour, semolina, pasta, bulgur, and couscous imports",2.236584
2011-06,2011/12,6,Food exports,1.777504
2011-06,2011/12,6,Food use,73.012672
2011-06,2011/12,6,Nonmilled food use,2.0
2011-06,2011/12,6,"Semolina, durum flour, pasta, and couscous imports",1.388944
2011-06,2011/12,6,Wheat ground for flour,70.553591
2011-07,2011/12,7,Durum food exports,0.469134
2011-07,2011/12,7,Durum food use,0.81549
2011-07,2011/12,7,"Flour, semolina, pasta, bulgur, and couscous imports",2.097537
2011-07,2011/12,7,Food exports,1.326514
2011-07,2011/12,7,Food use,75.34432
2011-07,2011/12,7,Nonmilled food use,2.0
2011-07,2011/12,7,"Semolina, durum flour, pasta, and couscous imports",1.284624
2011-07,2011/12,7,Wheat ground for flour,72.573297
2011-08,2011/12,8,Durum food exports,0.555888
2011-08,2011/12,8,Durum food use,0.881628
2011-08,2011/12,8,"Flour, semolina, pasta, bulgur, and couscous imports",2.308059
2011-08,2011/12,8,Food exports,2.389929
2011-08,2011/12,8,Food use,81.235422
2011-08,2011/12,8,Nonmilled food use,2.0
2011-08,2011/12,8,"Semolina, durum flour, pasta, and couscous imports",1.437516
2011-08,2011/12,8,Wheat ground for flour,79.317291
2011-09,2011/12,9,Durum food exports,0.566171
2011-09,2011/12,9,Durum food use,0.749379
2011-09,2011/12,9,"Flour, semolina, pasta, bulgur, and couscous imports",2.245482
2011-09,2011/12,9,Food exports,1.651113
2011-09,2011/12,9,Food use,78.86378
2011-09,2011/12,9,Nonmilled food use,2.0
2011-09,2011/12,9,"Semolina, durum flour, pasta, and couscous imports",1.31555
2011-09,2011/12,9,Wheat ground for flour,76.269411
2011-10,2011/12,10,Durum food exports,0.404218
2011-10,2011/12,10,Durum food use,0.839367
2011-10,2011/12,10,"Flour, semolina, pasta, bulgur, and couscous imports",2.246597
2011-10,2011/12,10,Food exports,1.486857
2011-10,2011/12,10,Food use,84.162165
2011-10,2011/12,10,Nonmilled food use,2.0
2011-10,2011/12,10,"Semolina, durum flour, pasta, and couscous imports",1.243585
2011-10,2011/12,10,Wheat ground for flour,81.402425
2011-11,2011/12,11,Durum food exports,0.508783
2011-11,2011/12,11,Durum food use,1.047419
2011-11,2011/12,11,"Flour, semolina, pasta, bulgur, and couscous imports",2.568132
2011-11,2011/12,11,Food exports,1.762515
2011-11,2011/12,11,Food use,80.720339
2011-11,2011/12,11,Nonmilled food use,2.0
2011-11,2011/12,11,"Semolina, durum flour, pasta, and couscous imports",1.556202
2011-11,2011/12,11,Wheat ground for flour,77.914723
2011-12,2011/12,12,Durum food exports,0.447066
2011-12,2011/12,12,Durum food use,1.04523
2011-12,2011/12,12,"Flour, semolina, pasta, bulgur, and couscous imports",2.463805
2011-12,2011/12,12,Food exports,1.290559
2011-12,2011/12,12,Food use,76.308098
2011-12,2011/12,12,Nonmilled food use,2.0
2011-12,2011/12,12,"Semolina, durum flour, pasta, and couscous imports",1.492296
2011-12,2011/12,12,Wheat ground for flour,73.134852
2012-01,2011/12,1,Durum food exports,0.528281
2012-01,2011/12,1,Durum food use,0.978473
2012-01,2011/12,1,"Flour, semolina, pasta, bulgur, and couscous imports",2.578734
2012-01,2011/12,1,Food exports,1.232969
2012-01,2011/12,1,Food use,77.868039
2012-01,2011/12,1,Nonmilled food use,2.0
2012-01,2011/12,1,"Semolina, durum flour, pasta, and couscous imports",1.506754
2012-01,2011/12,1,Wheat ground for flour,74.522275
2012-02,2011/12,2,Durum food exports,0.495812
2012-02,2011/12,2,Durum food use,0.738922
2012-02,2011/12,2,"Flour, semolina, pasta, bulgur, and couscous imports",2.056829
2012-02,2011/12,2,Food exports,1.329505
2012-02,2011/12,2,Food use,76.658047
2012-02,2011/12,2,Nonmilled food use,2.0
2012-02,2011/12,2,"Semolina, durum flour, pasta, and couscous imports",1.234735
2012-02,2011/12,2,Wheat ground for flour,73.930722
2012-03,2011/12,3,Durum food exports,0.614673
2012-03,2011/12,3,Durum food use,0.942719
2012-03,2011/12,3,"Flour, semolina, pasta, bulgur, and couscous imports",2.555252
2012-03,2011/12,3,Food exports,1.84288
2012-03,2011/12,3,Food use,81.149374
2012-03,2011/12,3,Nonmilled food use,2.0
2012-03,2011/12,3,"Semolina, durum flour, pasta, and couscous imports",1.557392
2012-03,2011/12,3,Wheat ground for flour,78.437003
2012-04,2011/12,4,Durum food exports,0.481465
2012-04,2011/12,4,Durum food use,1.048575
2012-04,2011/12,4,"Flour, semolina, pasta, bulgur, and couscous imports",2.621866
2012-04,2011/12,4,Food exports,1.51321
2012-04,2011/12,4,Food use,77.605977
2012-04,2011/12,4,Nonmilled food use,2.0
2012-04,2011/12,4,"Semolina, durum flour, pasta, and couscous imports",1.53004
2012-04,2011/12,4,Wheat ground for flour,74.497321
2012-05,2011/12,5,Durum food exports,0.493983
2012-05,2011/12,5,Durum food use,1.053974
2012-05,2011/12,5,"Flour, semolina, pasta, bulgur, and couscous imports",2.529594
2012-05,2011/12,5,Food exports,2.309868
2012-05,2011/12,5,Food use,78.390367
2012-05,2011/12,5,Nonmilled food use,2.0
2012-05,2011/12,5,"Semolina, durum flour, pasta, and couscous imports",1.547957
2012-05,2011/12,5,Wheat ground for flour,76.170642
2012-06,2012/13,6,Durum food exports,0.488695
2012-06,2012/13,6,Durum food use,0.862613
2012-06,2012/13,6,"Flour, semolina, pasta, bulgur, and couscous imports",2.173204
2012-06,2012/13,6,Food exports,1.759597
2012-06,2012/13,6,Food use,75.289645
2012-06,2012/13,6,Nonmilled food use,2.0
2012-06,2012/13,6,"Semolina, durum flour, pasta, and couscous imports",1.351308
2012-06,2012/13,6,Wheat ground for flour,72.876038
2012-07,2012/13,7,Durum food exports,0.411877
2012-07,2012/13,7,Durum food use,1.0384
2012-07,2012/13,7,"Flour, semolina, pasta, bulgur, and couscous imports",2.296428
2012-07,2012/13,7,Food exports,2.912177
2012-07,2012/13,7,Food use,77.24523
2012-07,2012/13,7,Nonmilled food use,2.0
2012-07,2012/13,7,"Semolina, durum flour, pasta, and couscous imports",1.450277
2012-07,2012/13,7,Wheat ground for flour,75.86098
2012-08,2012/13,8,Durum food exports,0.597044
2012-08,2012/13,8,Durum food use,0.812903
2012-08,2012/13,8,"Flour, semolina, pasta, bulgur, and couscous imports",2.345197
2012-08,2012/13,8,Food exports,2.193396
2012-08,2012/13,8,Food use,85.062288
2012-08,2012/13,8,Nonmilled food use,2.0
2012-08,2012/13,8,"Semolina, durum flour, pasta, and couscous imports",1.409947
2012-08,2012/13,8,Wheat ground for flour,82.910487
2012-09,2012/13,9,Durum food exports,0.578704
2012-09,2012/13,9,Durum food use,0.645957
2012-09,2012/13,9,"Flour, semolina, pasta, bulgur, and couscous imports",2.069293
2012-09,2012/13,9,Food exports,2.282691
2012-09,2012/13,9,Food use,81.511136
2012-09,2012/13,9,Nonmilled food use,2.0
2012-09,2012/13,9,"Semolina, durum flour, pasta, and couscous imports",1.224662
2012-09,2012/13,9,Wheat ground for flour,79.724533
2012-10,2012/13,10,Durum food exports,0.587117
2012-10,2012/13,10,Durum food use,0.882606
2012-10,2012/13,10,"Flour, semolina, pasta, bulgur, and couscous imports",2.461552
2012-10,2012/13,10,Food exports,1.839967
2012-10,2012/13,10,Food use,84.188949
2012-10,2012/13,10,Nonmilled food use,2.0
2012-10,2012/13,10,"Semolina, durum flour, pasta, and couscous imports",1.469723
2012-10,2012/13,10,Wheat ground for flour,81.567365
2012-11,2012/13,11,Durum food exports,0.487512
2012-11,2012/13,11,Durum food use,1.000098
2012-11,2012/13,11,"Flour, semolina, pasta, bulgur, and couscous imports",2.438452
2012-11,2012/13,11,Food exports,1.613263
2012-11,2012/13,11,Food use,80.897785
2012-11,2012/13,11,Nonmilled food use,2.0
2012-11,2012/13,11,"Semolina, durum flour, pasta, and couscous imports",1.487609
2012-11,2012/13,11,Wheat ground for flour,78.072596
2012-12,2012/13,12,Durum food exports,0.495934
2012-12,2012/13,12,Durum food use,0.958718
2012-12,2012/13,12,"Flour, semolina, pasta, bulgur, and couscous imports",2.368651
2012-12,2012/13,12,Food exports,1.441618
2012-12,2012/13,12,Food use,76.210073
2012-12,2012/13,12,Nonmilled food use,2.0
2012-12,2012/13,12,"Semolina, durum flour, pasta, and couscous imports",1.454653
2012-12,2012/13,12,Wheat ground for flour,73.28304
2013-01,2012/13,1,Durum food exports,0.494952
2013-01,2012/13,1,Durum food use,0.814544
2013-01,2012/13,1,"Flour, semolina, pasta, bulgur, and couscous imports",2.19234
2013-01,2012/13,1,Food exports,1.583002
2013-01,2012/13,1,Food use,76.749952
2013-01,2012/13,1,Nonmilled food use,2.0
2013-01,2012/13,1,"Semolina, durum flour, pasta, and couscous imports",1.309496
2013-01,2012/13,1,Wheat ground for flour,74.140614
2013-02,2012/13,2,Durum food exports,0.480552
2013-02,2012/13,2,Durum food use,0.737836
2013-02,2012/13,2,"Flour, semolina, pasta, bulgur, and couscous imports",2.111066
2013-02,2012/13,2,Food exports,1.654314
2013-02,2012/13,2,Food use,76.008843
2013-02,2012/13,2,Nonmilled food use,2.0
2013-02,2012/13,2,"Semolina, durum flour, pasta, and couscous imports",1.218388
2013-02,2012/13,2,Wheat ground for flour,73.552092
2013-03,2012/13,3,Durum food exports,0.611281
2013-03,2012/13,3,Durum food use,0.865147
2013-03,2012/13,3,"Flour, semolina, pasta, bulgur, and couscous imports",2.390542
2013-03,2012/13,3,Food exports,1.748706
2013-03,2012/13,3,Food use,80.677129
2013-03,2012/13,3,Nonmilled food use,2.0
2013-03,2012/13,3,"Semolina, durum flour, pasta, and couscous imports",1.476428
2013-03,2012/13,3,Wheat ground for flour,78.035294
2013-04,2012/13,4,Durum food exports,0.616755
2013-04,2012/13,4,Durum food use,0.929494
2013-04,2012/13,4,"Flour, semolina, pasta, bulgur, and couscous imports",2.574418
2013-04,2012/13,4,Food exports,1.427921
2013-04,2012/13,4,Food use,77.981073
2013-04,2012/13,4,Nonmilled food use,2.0
2013-04,2012/13,4,"Semolina, durum flour, pasta, and couscous imports",1.546249
2013-04,2012/13,4,Wheat ground for flour,74.834576
2013-05,2012/13,5,Durum food exports,0.604436
2013-05,2012/13,5,Durum food use,0.882595
2013-05,2012/13,5,"Flour, semolina, pasta, bulgur, and couscous imports",2.532794
2013-05,2012/13,5,Food exports,2.055448
2013-05,2012/13,5,Food use,78.992817
2013-05,2012/13,5,Nonmilled food use,2.0
2013-05,2012/13,5,"Semolina, durum flour, pasta, and couscous imports",1.487031
2013-05,2012/13,5,Wheat ground for flour,76.515472
2013-06,2013/14,6,Durum food exports,0.495599
2013-06,2013/14,6,Durum food use,0.848387
2013-06,2013/14,6,"Flour, semolina, pasta, bulgur, and couscous imports",2.279595
2013-06,2013/14,6,Food exports,2.433245
2013-06,2013/14,6,Food use,75.052303
2013-06,2013/14,6,Nonmilled food use,2.0
2013-06,2013/14,6,"Semolina, durum flour, pasta, and couscous imports",1.343986
2013-06,2013/14,6,Wheat ground for flour,73.205953
2013-07,2013/14,7,Durum food exports,0.512067
2013-07,2013/14,7,Durum food use,1.036823
2013-07,2013/14,7,"Flour, semolina, pasta, bulgur, and couscous imports",2.523936
2013-07,2013/14,7,Food exports,1.464757
2013-07,2013/14,7,Food use,76.45058
2013-07,2013/14,7,Nonmilled food use,2.0
2013-07,2013/14,7,"Semolina, durum flour, pasta, and couscous imports",1.54889
2013-07,2013/14,7,Wheat ground for flour,73.391401
2013-08,2013/14,8,Durum food exports,0.545039
2013-08,2013/14,8,Durum food use,0.950024
2013-08,2013/14,8,"Flour, semolina, pasta, bulgur, and couscous imports",2.548502
2013-08,2013/14,8,Food exports,1.439929
2013-08,2013/14,8,Food use,83.319991
2013-08,2013/14,8,Nonmilled food use,2.0
2013-08,2013/14,8,"Semolina, durum flour, pasta, and couscous imports",1.495062
2013-08,2013/14,8,Wheat ground for flour,80.211418
2013-09,2013/14,9,Durum food exports,0.56182
2013-09,2013/14,9,Durum food use,0.779151
2013-09,2013/14,9,"Flour, semolina, pasta, bulgur, and couscous imports",2.270008
2013-09,2013/14,9,Food exports,1.477495
2013-09,2013/14,9,Food use,79.921693
2013-09,2013/14,9,Nonmilled food use,2.0
2013-09,2013/14,9,"Semolina, durum flour, pasta, and couscous imports",1.34097
2013-09,2013/14,9,Wheat ground for flour,77.129181
2013-10,2013/14,10,Durum food exports,0.560124
2013-10,2013/14,10,Durum food use,1.028893
2013-10,2013/14,10,"Flour, semolina, pasta, bulgur, and couscous imports",2.702805
2013-10,2013/14,10,Food exports,1.853608
2013-10,2013/14,10,Food use,86.479533
2013-10,2013/14,10,Nonmilled food use,2.0
2013-10,2013/14,10,"Semolina, durum flour, pasta, and couscous imports",1.589018
2013-10,2013/14,10,Wheat ground for flour,83.630335
2013-11,2013/14,11,Durum food exports,0.631365
2013-11,2013/14,11,Durum food use,0.845815
2013-11,2013/14,11,"Flour, semolina, pasta, bulgur, and couscous imports",2.463794
2013-11,2013/14,11,Food exports,1.61183
2013-11,2013/14,11,Food use,82.899142
2013-11,2013/14,11,Nonmilled food use,2.0
2013-11,2013/14,11,"Semolina, durum flour, pasta, and couscous imports",1.47718
2013-11,2013/14,11,Wheat ground for flour,80.047178
2013-12,2013/14,12,Durum food exports,0.441588
2013-12,2013/14,12,Durum food use,1.067334
2013-12,2013/14,12,"Flour, semolina, pasta, bulgur, and couscous imports",2.572467
2013-12,2013/14,12,Food exports,1.744924
2013-12,2013/14,12,Food use,77.96403
2013-12,2013/14,12,Nonmilled food use,2.0
2013-12,2013/14,12,"Semolina, durum flour, pasta, and couscous imports",1.508922
2013-12,2013/14,12,Wheat ground for flour,75.136487
2014-01,2013/14,1,Durum food exports,0.524609
2014-01,2013/14,1,Durum food use,1.019556
2014-01,2013/14,1,"Flour, semolina, pasta, bulgur, and couscous imports",2.59085
2014-01,2013/14,1,Food exports,1.490246
2014-01,2013/14,1,Food use,76.91244
2014-01,2013/14,1,Nonmilled food use,2.0
2014-01,2013/14,1,"Semolina, durum flour, pasta, and couscous imports",1.544165
2014-01,2013/14,1,Wheat ground for flour,73.811835
2014-02,2013/14,2,Durum food exports,0.553233
2014-02,2013/14,2,Durum food use,0.78903
2014-02,2013/14,2,"Flour, semolina, pasta, bulgur, and couscous imports",2.290392
2014-02,2013/14,2,Food exports,1.31724
2014-02,2013/14,2,Food use,76.199074
2014-02,2013/14,2,Nonmilled food use,2.0
2014-02,2013/14,2,"Semolina, durum flour, pasta, and couscous imports",1.342263
2014-02,2013/14,2,Wheat ground for flour,73.225922
2014-03,2013/14,3,Durum food exports,0.624306
2014-03,2013/14,3,Durum food use,1.008369
2014-03,2013/14,3,"Flour, semolina, pasta, bulgur, and couscous imports",2.737523
2014-03,2013/14,3,Food exports,1.656588
2014-03,2013/14,3,Food use,80.770178
2014-03,2013/14,3,Nonmilled food use,2.0
2014-03,2013/14,3,"Semolina, durum flour, pasta, and couscous imports",1.632675
2014-03,2013/14,3,Wheat ground for flour,77.689243
2014-04,2013/14,4,Durum food exports,0.663459
2014-04,2013/14,4,Durum food use,0.930995
2014-04,2013/14,4,"Flour, semolina, pasta, bulgur, and couscous imports",2.797409
2014-04,2013/14,4,Food exports,1.840836
2014-04,2013/14,4,Food use,78.673943
2014-04,2013/14,4,Nonmilled food use,2.0
2014-04,2013/14,4,"Semolina, durum flour, pasta, and couscous imports",1.594454
2014-04,2013/14,4,Wheat ground for flour,75.71737
2014-05,2013/14,5,Durum food exports,0.617789
2014-05,2013/14,5,Durum food use,1.033147
2014-05,2013/14,5,"Flour, semolina, pasta, bulgur, and couscous imports",2.786227
2014-05,2013/14,5,Food exports,1.744418
2014-05,2013/14,5,Food use,80.459904
2014-05,2013/14,5,Nonmilled food use,2.0
2014-05,2013/14,5,"Semolina, durum flour, pasta, and couscous imports",1.650936
2014-05,2013/14,5,Wheat ground for flour,77.418095
2014-06,2014/15,6,Durum food exports,0.584141
2014-06,2014/15,6,Durum food use,1.052601
2014-06,2014/15,6,"Flour, semolina, pasta, bulgur, and couscous imports",2.739761
2014-06,2014/15,6,Food exports,1.759982
2014-06,2014/15,6,Food use,77.049314
2014-06,2014/15,6,Nonmilled food use,2.0
2014-06,2014/15,6,"Semolina, durum flour, pasta, and couscous imports",1.636742
2014-06,2014/15,6,Wheat ground for flour,74.069535
2014-07,2014/15,7,Durum food exports,0.572283
2014-07,2014/15,7,Durum food use,6.191517
2014-07,2014/15,7,Durum wheat ground for semolina and durum flour,4.980996
2014-07,2014/15,7,"Flour, semolina, pasta, bulgur, and couscous imports",3.035331
2014-07,2014/15,7,Food exports,1.865918
2014-07,2014/15,7,Food use,77.412952
2014-07,2014/15,7,Nonmilled food use,2.0
2014-07,2014/15,7,"Semolina, durum flour, pasta, and couscous imports",1.782804
2014-07,2014/15,7,Wheat ground for flour,74.243539
2014-08,2014/15,8,Durum food exports,0.551703
2014-08,2014/15,8,Durum food use,6.87517
2014-08,2014/15,8,Durum wheat ground for semolina and durum flour,5.816307
2014-08,2014/15,8,"Flour, semolina, pasta, bulgur, and couscous imports",2.853245
2014-08,2014/15,8,Food exports,1.540726
2014-08,2014/15,8,Food use,84.455262
2014-08,2014/15,8,Nonmilled food use,2.0
2014-08,2014/15,8,"Semolina, durum flour, pasta, and couscous imports",1.610566
2014-08,2014/15,8,Wheat ground for flour,81.142743
2014-09,2014/15,9,Durum food exports,0.547124
2014-09,2014/15,9,Durum food use,6.475904
2014-09,2014/15,9,Durum wheat ground for semolina and durum flour,5.662697
2014-09,2014/15,9,"Flour, semolina, pasta, bulgur, and couscous imports",2.507171
2014-09,2014/15,9,Food exports,1.811716
2014-09,2014/15,9,Food use,80.720173
2014-09,2014/15,9,Nonmilled food use,2.0
2014-09,2014/15,9,"Semolina, durum flour, pasta, and couscous imports",1.360331
2014-09,2014/15,9,Wheat ground for flour,78.024718
2014-10,2014/15,10,Durum food exports,0.650984
2014-10,2014/15,10,Durum food use,7.026957
2014-10,2014/15,10,Durum wheat ground for semolina and durum flour,6.060342
2014-10,2014/15,10,"Flour, semolina, pasta, bulgur, and couscous imports",2.940551
2014-10,2014/15,10,Food exports,1.825129
2014-10,2014/15,10,Food use,85.732657
2014-10,2014/15,10,Nonmilled food use,2.0
2014-10,2014/15,10,"Semolina, durum flour, pasta, and couscous imports",1.617599
2014-10,2014/15,10,Wheat ground for flour,82.617235
2014-11,2014/15,11,Durum food exports,0.631023
2014-11,2014/15,11,Durum food use,6.564307
2014-11,2014/15,11,Durum wheat ground for semolina and durum flour,5.640252
2014-11,2014/15,11,"Flour, semolina, pasta, bulgur, and couscous imports",2.731281
2014-11,2014/15,11,Food exports,2.074524
2014-11,2014/15,11,Food use,81.734241
2014-11,2014/15,11,Nonmilled food use,2.0
2014-11,2014/15,11,"Semolina, durum flour, pasta, and couscous imports",1.555077
2014-11,2014/15,11,Wheat ground for flour,79.077484
2014-12,2014/15,12,Durum food exports,0.542118
2014-12,2014/15,12,Durum food use,6.30097
2014-12,2014/15,12,Durum wheat ground for semolina and durum flour,5.192406
2014-12,2014/15,12,"Flour, semolina, pasta, bulgur, and couscous imports",2.907549
2014-12,2014/15,12,Food exports,1.624637
2014-12,2014/15,12,Food use,77.509192
2014-12,2014/15,12,Nonmilled food use,2.0
2014-12,2014/15,12,"Semolina, durum flour, pasta, and couscous imports",1.650682
2014-12,2014/15,12,Wheat ground for flour,74.226281
2015-01,2014/15,1,Durum food exports,0.650597
2015-01,2014/15,1,Durum food use,6.242105
2015-01,2014/15,1,Durum wheat ground for semolina and durum flour,5.336493
2015-01,2014/15,1,"Flour, semolina, pasta, bulgur, and couscous imports",2.791757
2015-01,2014/15,1,Food exports,1.661206
2015-01,2014/15,1,Food use,77.126975
2015-01,2014/15,1,Nonmilled food use,2.0
2015-01,2014/15,1,"Semolina, durum flour, pasta, and couscous imports",1.556209
2015-01,2014/15,1,Wheat ground for flour,73.996424
2015-02,2014/15,2,Durum food exports,0.562565
2015-02,2014/15,2,Durum food use,6.323777
2015-02,2014/15,2,Durum wheat ground for semolina and durum flour,5.479403
2015-02,2014/15,2,"Flour, semolina, pasta, bulgur, and couscous imports",2.629324
2015-02,2014/15,2,Food exports,1.824297
2015-02,2014/15,2,Food use,76.214073
2015-02,2014/15,2,Nonmilled food use,2.0
2015-02,2014/15,2,"Semolina, durum flour, pasta, and couscous imports",1.406939
2015-02,2014/15,2,Wheat ground for flour,73.409046
2015-03,2014/15,3,Durum food exports,0.694403
2015-03,2014/15,3,Durum food use,6.470232
2015-03,2014/15,3,Durum wheat ground for semolina and durum flour,5.494104
2015-03,2014/15,3,"Flour, semolina, pasta, bulgur, and couscous imports",3.020644
2015-03,2014/15,3,Food exports,2.182631
2015-03,2014/15,3,Food use,80.721543
2015-03,2014/15,3,Nonmilled food use,2.0
2015-03,2014/15,3,"Semolina, durum flour, pasta, and couscous imports",1.670532
2015-03,2014/15,3,Wheat ground for flour,77.883529
2015-04,2014/15,4,Durum food exports,0.597024
2015-04,2014/15,4,Durum food use,6.056815
2015-04,2014/15,4,Durum wheat ground for semolina and durum flour,5.05952
2015-04,2014/15,4,"Flour, semolina, pasta, bulgur, and couscous imports",2.890697
2015-04,2014/15,4,Food exports,1.683184
2015-04,2014/15,4,Food use,79.007198
2015-04,2014/15,4,Nonmilled food use,2.0
2015-04,2014/15,4,"Semolina, durum flour, pasta, and couscous imports",1.594319
2015-04,2014/15,4,Wheat ground for flour,75.799684
2015-05,2014/15,5,Durum food exports,0.616668
2015-05,2014/15,5,Durum food use,6.263815
2015-05,2014/15,5,Durum wheat ground for semolina and durum flour,5.252847
2015-05,2014/15,5,"Flour, semolina, pasta, bulgur, and couscous imports",2.936997
2015-05,2014/15,5,Food exports,1.8478
2015-05,2014/15,5,Food use,80.591455
2015-05,2014/15,5,Nonmilled food use,2.0
2015-05,2014/15,5,"Semolina, durum flour, pasta, and couscous imports",1.627635
2015-05,2014/15,5,Wheat ground for flour,77.502258
2015-06,2015/16,6,Durum food exports,0.562355
2015-06,2015/16,6,Durum food use,6.16666
2015-06,2015/16,6,Durum wheat ground for semolina and durum flour,4.879633
2015-06,2015/16,6,"Flour, semolina, pasta, bulgur, and couscous imports",3.368603
2015-06,2015/16,6,Food exports,1.759662
2015-06,2015/16,6,Food use,77.758999
2015-06,2015/16,6,Nonmilled food use,2.0
2015-06,2015/16,6,"Semolina, durum flour, pasta, and couscous imports",1.849382
2015-06,2015/16,6,Wheat ground for flour,74.150058
2015-07,2015/16,7,Durum food exports,0.554977
2015-07,2015/16,7,Durum food use,5.913099
2015-07,2015/16,7,Durum wheat ground for semolina and durum flour,4.869937
2015-07,2015/16,7,"Flour, semolina, pasta, bulgur, and couscous imports",2.991424
2015-07,2015/16,7,Food exports,1.850068
2015-07,2015/16,7,Food use,77.890644
2015-07,2015/16,7,Nonmilled food use,2.0
2015-07,2015/16,7,"Semolina, durum flour, pasta, and couscous imports",1.59814
2015-07,2015/16,7,Wheat ground for flour,74.749288
2015-08,2015/16,8,Durum food exports,0.642169
2015-08,2015/16,8,Durum food use,6.580658
2015-08,2015/16,8,Durum wheat ground for semolina and durum flour,5.686624
2015-08,2015/16,8,"Flour, semolina, pasta, bulgur, and couscous imports",2.784003
2015-08,2015/16,8,Food exports,1.889458
2015-08,2015/16,8,Food use,84.590034
2015-08,2015/16,8,Nonmilled food use,2.0
2015-08,2015/16,8,"Semolina, durum flour, pasta, and couscous imports",1.536203
2015-08,2015/16,8,Wheat ground for flour,81.695489
2015-09,2015/16,9,Durum food exports,0.559076
2015-09,2015/16,9,Durum food use,6.452478
2015-09,2015/16,9,Durum wheat ground for semolina and durum flour,5.536439
2015-09,2015/16,9,"Flour, semolina, pasta, bulgur, and couscous imports",2.777855
2015-09,2015/16,9,Food exports,1.928285
2015-09,2015/16,9,Food use,81.405793
2015-09,2015/16,9,Nonmilled food use,2.0
2015-09,2015/16,9,"Semolina, durum flour, pasta, and couscous imports",1.475116
2015-09,2015/16,9,Wheat ground for flour,78.556224
2015-10,2015/16,10,Durum food exports,0.593661
2015-10,2015/16,10,Durum food use,7.218595
2015-10,2015/16,10,Durum wheat ground for semolina and durum flour,6.256936
2015-10,2015/16,10,"Flour, semolina, pasta, bulgur, and couscous imports",2.863922
2015-10,2015/16,10,Food exports,2.11922
2015-10,2015/16,10,Food use,85.348979
2015-10,2015/16,10,Nonmilled food use,2.0
2015-10,2015/16,10,"Semolina, durum flour, pasta, and couscous imports",1.555319
2015-10,2015/16,10,Wheat ground for flour,82.604278
2015-11,2015/16,11,Durum food exports,0.588084
2015-11,2015/16,11,Durum food use,6.875985
2015-11,2015/16,11,Durum wheat ground for semolina and durum flour,5.823219
2015-11,2015/16,11,"Flour, semolina, pasta, bulgur, and couscous imports",2.99766
2015-11,2015/16,11,Food exports,2.049805
2015-11,2015/16,11,Food use,82.012938
2015-11,2015/16,11,Nonmilled food use,2.0
2015-11,2015/16,11,"Semolina, durum flour, pasta, and couscous imports",1.64085
2015-11,2015/16,11,Wheat ground for flour,79.065082
2015-12,2015/16,12,Durum food exports,0.582638
2015-12,2015/16,12,Durum food use,6.317502
2015-12,2015/16,12,Durum wheat ground for semolina and durum flour,5.360845
2015-12,2015/16,12,"Flour, semolina, pasta, bulgur, and couscous imports",2.874413
2015-12,2015/16,12,Food exports,2.117869
2015-12,2015/16,12,Food use,76.971183
2015-12,2015/16,12,Nonmilled food use,2.0
2015-12,2015/16,12,"Semolina, durum flour, pasta, and couscous imports",1.539294
2015-12,2015/16,12,Wheat ground for flour,74.21464
2016-01,2015/16,1,Durum food exports,0.627985
2016-01,2015/16,1,Durum food use,6.365262
2016-01,2015/16,1,Durum wheat ground for semolina and durum flour,5.462789
2016-01,2015/16,1,"Flour, semolina, pasta, bulgur, and couscous imports",2.768238
2016-01,2015/16,1,Food exports,2.032886
2016-01,2015/16,1,Food use,76.380661
2016-01,2015/16,1,Nonmilled food use,2.0
2016-01,2015/16,1,"Semolina, durum flour, pasta, and couscous imports",1.530458
2016-01,2015/16,1,Wheat ground for flour,73.64531
2016-02,2015/16,2,Durum food exports,0.649868
2016-02,2015/16,2,Durum food use,6.471843
2016-02,2015/16,2,Durum wheat ground for semolina and durum flour,5.609081
2016-02,2015/16,2,"Flour, semolina, pasta, bulgur, and couscous imports",2.75307
2016-02,2015/16,2,Food exports,1.623939
2016-02,2015/16,2,Food use,76.18985
2016-02,2015/16,2,Nonmilled food use,2.0
2016-02,2015/16,2,"Semolina, durum flour, pasta, and couscous imports",1.51263
2016-02,2015/16,2,Wheat ground for flour,73.060719
2016-03,2015/16,3,Durum food exports,0.550283
2016-03,2015/16,3,Durum food use,6.597387
2016-03,2015/16,3,Durum wheat ground for semolina and durum flour,5.62413
2016-03,2015/16,3,"Flour, semolina, pasta, bulgur, and couscous imports",2.84164
2016-03,2015/16,3,Food exports,2.221432
2016-03,2015/16,3,Food use,80.134178
2016-03,2015/16,3,Nonmilled food use,2.0
2016-03,2015/16,3,"Semolina, durum flour, pasta, and couscous imports",1.52354
2016-03,2015/16,3,Wheat ground for flour,77.513971
2016-04,2015/16,4,Durum food exports,0.464964
2016-04,2015/16,4,Durum food use,7.62239
2016-04,2015/16,4,Durum wheat ground for semolina and durum flour,5.150439
2016-04,2015/16,4,"Flour, semolina, pasta, bulgur, and couscous imports",4.198446
2016-04,2015/16,4,Food exports,1.765206
2016-04,2015/16,4,Food use,79.20983
2016-04,2015/16,4,Nonmilled food use,2.0
2016-04,2015/16,4,"Semolina, durum flour, pasta, and couscous imports",2.936914
2016-04,2015/16,4,Wheat ground for flour,74.776589
2016-05,2015/16,5,Durum food exports,0.532452
2016-05,2015/16,5,Durum food use,6.332324
2016-05,2015/16,5,Durum wheat ground for semolina and durum flour,5.347241
2016-05,2015/16,5,"Flour, semolina, pasta, bulgur, and couscous imports",2.831512
2016-05,2015/16,5,Food exports,2.02629
2016-05,2015/16,5,Food use,79.261405
2016-05,2015/16,5,Nonmilled food use,2.0
2016-05,2015/16,5,"Semolina, durum flour, pasta, and couscous imports",1.517534
2016-05,2015/16,5,Wheat ground for flour,76.456183
2016-06,2016/17,6,Durum food exports,0.480573
2016-06,2016/17,6,Durum food use,6.000021
2016-06,2016/17,6,Durum wheat ground for semolina and durum flour,4.96732
2016-06,2016/17,6,"Flour, semolina, pasta, bulgur, and couscous imports",2.932486
2016-06,2016/17,6,Food exports,2.149911
2016-06,2016/17,6,Food use,75.931803
2016-06,2016/17,6,Nonmilled food use,2.0
2016-06,2016/17,6,"Semolina, durum flour, pasta, and couscous imports",1.513275
2016-06,2016/17,6,Wheat ground for flour,73.149228
2016-07,2016/17,7,Durum food exports,0.413591
2016-07,2016/17,7,Durum food use,5.949642
2016-07,2016/17,7,Durum wheat ground for semolina and durum flour,4.935301
2016-07,2016/17,7,"Flour, semolina, pasta, bulgur, and couscous imports",2.639353
2016-07,2016/17,7,Food exports,1.665974
2016-07,2016/17,7,Food use,77.210556
2016-07,2016/17,7,Nonmilled food use,2.0
2016-07,2016/17,7,"Semolina, durum flour, pasta, and couscous imports",1.427932
2016-07,2016/17,7,Wheat ground for flour,74.237178
2016-08,2016/17,8,Durum food exports,0.485984
2016-08,2016/17,8,Durum food use,6.953812
2016-08,2016/17,8,Durum wheat ground for semolina and durum flour,5.76295
2016-08,2016/17,8,"Flour, semolina, pasta, bulgur, and couscous imports",3.197779
2016-08,2016/17,8,Food exports,1.854588
2016-08,2016/17,8,Food use,84.478981
2016-08,2016/17,8,Nonmilled food use,2.0
2016-08,2016/17,8,"Semolina, durum flour, pasta, and couscous imports",1.676846
2016-08,2016/17,8,Wheat ground for flour,81.13579
2016-09,2016/17,9,Durum food exports,0.498982
2016-09,2016/17,9,Durum food use,6.368877
2016-09,2016/17,9,Durum wheat ground for semolina and durum flour,5.610749
2016-09,2016/17,9,"Flour, semolina, pasta, bulgur, and couscous imports",2.53227
2016-09,2016/17,9,Food exports,2.142094
2016-09,2016/17,9,Food use,80.408208
2016-09,2016/17,9,Nonmilled food use,2.0
2016-09,2016/17,9,"Semolina, durum flour, pasta, and couscous imports",1.25711
2016-09,2016/17,9,Wheat ground for flour,78.018032
2016-10,2016/17,10,Durum food exports,0.500402
2016-10,2016/17,10,Durum food use,7.622746
2016-10,2016/17,10,Durum wheat ground for semolina and durum flour,6.556132
2016-10,2016/17,10,"Flour, semolina, pasta, bulgur, and couscous imports",2.965738
2016-10,2016/17,10,Food exports,2.325388
2016-10,2016/17,10,Food use,84.109311
2016-10,2016/17,10,Nonmilled food use,2.0
2016-10,2016/17,10,"Semolina, durum flour, pasta, and couscous imports",1.567016
2016-10,2016/17,10,Wheat ground for flour,81.468961
2016-11,2016/17,11,Durum food exports,0.474157
2016-11,2016/17,11,Durum food use,7.316371
2016-11,2016/17,11,Durum wheat ground for semolina and durum flour,6.101676
2016-11,2016/17,11,"Flour, semolina, pasta, bulgur, and couscous imports",3.18945
2016-11,2016/17,11,Food exports,2.200814
2016-11,2016/17,11,Food use,80.967043
2016-11,2016/17,11,Nonmilled food use,2.0
2016-11,2016/17,11,"Semolina, durum flour, pasta, and couscous imports",1.688853
2016-11,2016/17,11,Wheat ground for flour,77.978408
2016-12,2016/17,12,Durum food exports,0.494812
2016-12,2016/17,12,Durum food use,6.594526
2016-12,2016/17,12,Durum wheat ground for semolina and durum flour,5.617192
2016-12,2016/17,12,"Flour, semolina, pasta, bulgur, and couscous imports",2.859613
2016-12,2016/17,12,Food exports,1.862298
2016-12,2016/17,12,Food use,76.191946
2016-12,2016/17,12,Nonmilled food use,2.0
2016-12,2016/17,12,"Semolina, durum flour, pasta, and couscous imports",1.472146
2016-12,2016/17,12,Wheat ground for flour,73.194631
2017-01,2016/17,1,Durum food exports,0.434316
2017-01,2016/17,1,Durum food use,6.561121
2017-01,2016/17,1,Durum wheat ground for semolina and durum flour,5.489291
2017-01,2016/17,1,"Flour, semolina, pasta, bulgur, and couscous imports",2.857854
2017-01,2016/17,1,Food exports,2.026193
2017-01,2016/17,1,Food use,76.392887
2017-01,2016/17,1,Nonmilled food use,2.0
2017-01,2016/17,1,"Semolina, durum flour, pasta, and couscous imports",1.506146
2017-01,2016/17,1,Wheat ground for flour,73.561227
2017-02,2016/17,2,Durum food exports,0.429642
2017-02,2016/17,2,Durum food use,6.340385
2017-02,2016/17,2,Durum wheat ground for semolina and durum flour,5.636294
2017-02,2016/17,2,"Flour, semolina, pasta, bulgur, and couscous imports",2.297742
2017-02,2016/17,2,Food exports,1.974384
2017-02,2016/17,2,Food use,75.300661
2017-02,2016/17,2,Nonmilled food use,2.0
2017-02,2016/17,2,"Semolina, durum flour, pasta, and couscous imports",1.133734
2017-02,2016/17,2,Wheat ground for flour,72.977303
2017-03,2016/17,3,Durum food exports,0.49293
2017-03,2016/17,3,Durum food use,6.61222
2017-03,2016/17,3,Durum wheat ground for semolina and durum flour,5.651415
2017-03,2016/17,3,"Flour, semolina, pasta, bulgur, and couscous imports",2.828869
2017-03,2016/17,3,Food exports,1.802659
2017-03,2016/17,3,Food use,80.45168
2017-03,2016/17,3,Nonmilled food use,2.0
2017-03,2016/17,3,"Semolina, durum flour, pasta, and couscous imports",1.453735
2017-03,2016/17,3,Wheat ground for flour,77.42547
2017-04,2016/17,4,Durum food exports,0.406495
2017-04,2016/17,4,Durum food use,6.356454
2017-04,2016/17,4,Durum wheat ground for semolina and durum flour,5.327616
2017-04,2016/17,4,"Flour, semolina, pasta, bulgur, and couscous imports",2.81765
2017-04,2016/17,4,Food exports,1.548396
2017-04,2016/17,4,Food use,78.080835
2017-04,2016/17,4,Nonmilled food use,2.0
2017-04,2016/17,4,"Semolina, durum flour, pasta, and couscous imports",1.435333
2017-04,2016/17,4,Wheat ground for flour,74.811581
2017-05,2016/17,5,Durum food exports,0.450747
2017-05,2016/17,5,Durum food use,6.504386
2017-05,2016/17,5,Durum wheat ground for semolina and durum flour,5.531188
2017-05,2016/17,5,"Flour, semolina, pasta, bulgur, and couscous imports",2.804569
2017-05,2016/17,5,Food exports,1.972712
2017-05,2016/17,5,Food use,79.323817
2017-05,2016/17,5,Nonmilled food use,2.0
2017-05,2016/17,5,"Semolina, durum flour, pasta, and couscous imports",1.423945
2017-05,2016/17,5,Wheat ground for flour,76.49196
2017-06,2017/18,6,Durum food exports,0.351368
2017-06,2017/18,6,Durum food use,6.377209
2017-06,2017/18,6,Durum wheat ground for semolina and durum flour,5.138197
2017-06,2017/18,6,"Flour, semolina, pasta, bulgur, and couscous imports",3.230764
2017-06,2017/18,6,Food exports,1.848539
2017-06,2017/18,6,Food use,76.565684
2017-06,2017/18,6,Nonmilled food use,2.0
2017-06,2017/18,6,"Semolina, durum flour, pasta, and couscous imports",1.590381
2017-06,2017/18,6,Wheat ground for flour,73.183458
2017-07,2017/18,7,Durum food exports,0.326848
2017-07,2017/18,7,Durum food use,6.069223
2017-07,2017/18,7,Durum wheat ground for semolina and durum flour,4.895961
2017-07,2017/18,7,"Flour, semolina, pasta, bulgur, and couscous imports",2.958681
2017-07,2017/18,7,Food exports,1.79486
2017-07,2017/18,7,Food use,77.683454
2017-07,2017/18,7,Nonmilled food use,2.0
2017-07,2017/18,7,"Semolina, durum flour, pasta, and couscous imports",1.500109
2017-07,2017/18,7,Wheat ground for flour,74.519633
2017-08,2017/18,8,Durum food exports,0.455819
2017-08,2017/18,8,Durum food use,6.847136
2017-08,2017/18,8,Durum wheat ground for semolina and durum flour,5.717013
2017-08,2017/18,8,"Flour, semolina, pasta, bulgur, and couscous imports",3.147127
2017-08,2017/18,8,Food exports,2.090189
2017-08,2017/18,8,Food use,84.501431
2017-08,2017/18,8,Nonmilled food use,2.0
2017-08,2017/18,8,"Semolina, durum flour, pasta, and couscous imports",1.585942
2017-08,2017/18,8,Wheat ground for flour,81.444494
2017-09,2017/18,9,Durum food exports,0.414134
2017-09,2017/18,9,Durum food use,6.447312
2017-09,2017/18,9,Durum wheat ground for semolina and durum flour,5.566025
2017-09,2017/18,9,"Flour, semolina, pasta, bulgur, and couscous imports",2.616257
2017-09,2017/18,9,Food exports,1.47212
2017-09,2017/18,9,Food use,81.45901
2017-09,2017/18,9,Nonmilled food use,2.0
2017-09,2017/18,9,"Semolina, durum flour, pasta, and couscous imports",1.295421
2017-09,2017/18,9,Wheat ground for flour,78.314873
2017-10,2017/18,10,Durum food exports,0.538644
2017-10,2017/18,10,Durum food use,7.295915
2017-10,2017/18,10,Durum wheat ground for semolina and durum flour,6.249761
2017-10,2017/18,10,"Flour, semolina, pasta, bulgur, and couscous imports",3.233851
2017-10,2017/18,10,Food exports,1.171064
2017-10,2017/18,10,Food use,86.387613
2017-10,2017/18,10,Nonmilled food use,2.0
2017-10,2017/18,10,"Semolina, durum flour, pasta, and couscous imports",1.584799
2017-10,2017/18,10,Wheat ground for flour,82.324826
2017-11,2017/18,11,Durum food exports,0.51913
2017-11,2017/18,11,Durum food use,6.874742
2017-11,2017/18,11,Durum wheat ground for semolina and durum flour,5.816541
2017-11,2017/18,11,"Flour, semolina, pasta, bulgur, and couscous imports",3.210413
2017-11,2017/18,11,Food exports,1.303244
2017-11,2017/18,11,Food use,82.704773
2017-11,2017/18,11,Nonmilled food use,2.0
2017-11,2017/18,11,"Semolina, durum flour, pasta, and couscous imports",1.577331
2017-11,2017/18,11,Wheat ground for flour,78.797604
2017-12,2017/18,12,Durum food exports,0.446054
2017-12,2017/18,12,Durum food use,6.419212
2017-12,2017/18,12,Durum wheat ground for semolina and durum flour,5.354698
2017-12,2017/18,12,"Flour, semolina, pasta, bulgur, and couscous imports",2.927742
2017-12,2017/18,12,Food exports,1.5756
2017-12,2017/18,12,Food use,77.315712
2017-12,2017/18,12,Nonmilled food use,2.0
2017-12,2017/18,12,"Semolina, durum flour, pasta, and couscous imports",1.510568
2017-12,2017/18,12,Wheat ground for flour,73.96357
2018-01,2017/18,1,Durum food exports,0.493886
2018-01,2017/18,1,Durum food use,6.656694
2018-01,2017/18,1,Durum wheat ground for semolina and durum flour,5.599555
2018-01,2017/18,1,"Flour, semolina, pasta, bulgur, and couscous imports",3.058068
2018-01,2017/18,1,Food exports,1.428233
2018-01,2017/18,1,Food use,78.236522
2018-01,2017/18,1,Nonmilled food use,2.0
2018-01,2017/18,1,"Semolina, durum flour, pasta, and couscous imports",1.551025
2018-01,2017/18,1,Wheat ground for flour,74.606687
2018-02,2017/18,2,Durum food exports,0.49834
2018-02,2017/18,2,Durum food use,6.715896
2018-02,2017/18,2,Durum wheat ground for semolina and durum flour,5.74951
2018-02,2017/18,2,"Flour, semolina, pasta, bulgur, and couscous imports",2.936826
2018-02,2017/18,2,Food exports,1.649864
2018-02,2017/18,2,Food use,77.301427
2018-02,2017/18,2,Nonmilled food use,2.0
2018-02,2017/18,2,"Semolina, durum flour, pasta, and couscous imports",1.464726
2018-02,2017/18,2,Wheat ground for flour,74.014464
2018-03,2017/18,3,Durum food exports,0.505958
2018-03,2017/18,3,Durum food use,6.762377
2018-03,2017/18,3,Durum wheat ground for semolina and durum flour,5.764935
2018-03,2017/18,3,"Flour, semolina, pasta, bulgur, and couscous imports",3.192575
2018-03,2017/18,3,Food exports,1.604983
2018-03,2017/18,3,Food use,82.113441
2018-03,2017/18,3,Nonmilled food use,2.0
2018-03,2017/18,3,"Semolina, durum flour, pasta, and couscous imports",1.503399
2018-03,2017/18,3,Wheat ground for flour,78.525849
2018-04,2017/18,4,Durum food exports,0.468252
2018-04,2017/18,4,Durum food use,6.486625
2018-04,2017/18,4,Durum wheat ground for semolina and durum flour,5.247687
2018-04,2017/18,4,"Flour, semolina, pasta, bulgur, and couscous imports",3.255183
2018-04,2017/18,4,Food exports,1.460459
2018-04,2017/18,4,Food use,79.319473
2018-04,2017/18,4,Nonmilled food use,2.0
2018-04,2017/18,4,"Semolina, durum flour, pasta, and couscous imports",1.707191
2018-04,2017/18,4,Wheat ground for flour,75.524748
2018-05,2017/18,5,Durum food exports,0.497608
2018-05,2017/18,5,Durum food use,6.53147
2018-05,2017/18,5,Durum wheat ground for semolina and durum flour,5.448204
2018-05,2017/18,5,"Flour, semolina, pasta, bulgur, and couscous imports",3.083591
2018-05,2017/18,5,Food exports,1.768366
2018-05,2017/18,5,Food use,80.536371
2018-05,2017/18,5,Nonmilled food use,2.0
2018-05,2017/18,5,"Semolina, durum flour, pasta, and couscous imports",1.580873
2018-05,2017/18,5,Wheat ground for flour,77.221146
2018-06,2018/19,6,Durum food exports,0.38163
2018-06,2018/19,6,Durum food use,6.170495
2018-06,2018/19,6,Durum wheat ground for semolina and durum flour,5.061109
2018-06,2018/19,6,"Flour, semolina, pasta, bulgur, and couscous imports",2.918315
2018-06,2018/19,6,Food exports,1.701695
2018-06,2018/19,6,Food use,77.097725
2018-06,2018/19,6,Nonmilled food use,2.0
2018-06,2018/19,6,"Semolina, durum flour, pasta, and couscous imports",1.491015
2018-06,2018/19,6,Wheat ground for flour,73.881105
2018-07,2018/19,7,Durum food exports,0.440527
2018-07,2018/19,7,Durum food use,6.052557
2018-07,2018/19,7,Durum wheat ground for semolina and durum flour,5.046662
2018-07,2018/19,7,"Flour, semolina, pasta, bulgur, and couscous imports",2.964005
2018-07,2018/19,7,Food exports,1.36882
2018-07,2018/19,7,Food use,77.688272
2018-07,2018/19,7,Nonmilled food use,2.0
2018-07,2018/19,7,"Semolina, durum flour, pasta, and couscous imports",1.446422
2018-07,2018/19,7,Wheat ground for flour,74.093087
2018-08,2018/19,8,Durum food exports,0.531045
2018-08,2018/19,8,Durum food use,6.932443
2018-08,2018/19,8,Durum wheat ground for semolina and durum flour,5.892987
2018-08,2018/19,8,"Flour, semolina, pasta, bulgur, and couscous imports",3.09853
2018-08,2018/19,8,Food exports,1.621148
2018-08,2018/19,8,Food use,84.455692
2018-08,2018/19,8,Nonmilled food use,2.0
2018-08,2018/19,8,"Semolina, durum flour, pasta, and couscous imports",1.570501
2018-08,2018/19,8,Wheat ground for flour,80.97831
2018-09,2018/19,9,Durum food exports,0.428381
2018-09,2018/19,9,Durum food use,6.507723
2018-09,2018/19,9,Durum wheat ground for semolina and durum flour,5.737351
2018-09,2018/19,9,"Flour, semolina, pasta, bulgur, and couscous imports",2.616182
2018-09,2018/19,9,Food exports,1.433109
2018-09,2018/19,9,Food use,81.049676
2018-09,2018/19,9,Nonmilled food use,2.0
2018-09,2018/19,9,"Semolina, durum flour, pasta, and couscous imports",1.198753
2018-09,2018/19,9,Wheat ground for flour,77.866603
2018-10,2018/19,10,Durum food exports,0.512274
2018-10,2018/19,10,Durum food use,7.422252
2018-10,2018/19,10,Durum wheat ground for semolina and durum flour,6.291734
2018-10,2018/19,10,"Flour, semolina, pasta, bulgur, and couscous imports",3.356689
2018-10,2018/19,10,Food exports,2.054181
2018-10,2018/19,10,Food use,84.427932
2018-10,2018/19,10,Nonmilled food use,2.0
2018-10,2018/19,10,"Semolina, durum flour, pasta, and couscous imports",1.642792
2018-10,2018/19,10,Wheat ground for flour,81.125425
2018-11,2018/19,11,Durum food exports,0.461879
2018-11,2018/19,11,Durum food use,6.928404
2018-11,2018/19,11,Durum wheat ground for semolina and durum flour,5.855605
2018-11,2018/19,11,"Flour, semolina, pasta, bulgur, and couscous imports",3.046391
2018-11,2018/19,11,Food exports,1.640749
2018-11,2018/19,11,Food use,81.055233
2018-11,2018/19,11,Nonmilled food use,2.0
2018-11,2018/19,11,"Semolina, durum flour, pasta, and couscous imports",1.534678
2018-11,2018/19,11,Wheat ground for flour,77.64959
2018-12,2018/19,12,Durum food exports,0.43792
2018-12,2018/19,12,Durum food use,6.688454
2018-12,2018/19,12,Durum wheat ground for semolina and durum flour,5.39066
2018-12,2018/19,12,"Flour, semolina, pasta, bulgur, and couscous imports",3.18714
2018-12,2018/19,12,Food exports,1.693061
2018-12,2018/19,12,Food use,76.380064
2018-12,2018/19,12,Nonmilled food use,2.0
2018-12,2018/19,12,"Semolina, durum flour, pasta, and couscous imports",1.735714
2018-12,2018/19,12,Wheat ground for flour,72.885985
2019-01,2018/19,1,Durum food exports,0.465091
2019-01,2018/19,1,Durum food use,6.575497
2019-01,2018/19,1,Durum wheat ground for semolina and durum flour,5.388843
2019-01,2018/19,1,"Flour, semolina, pasta, bulgur, and couscous imports",3.298558
2019-01,2018/19,1,Food exports,1.703009
2019-01,2018/19,1,Food use,76.955107
2019-01,2018/19,1,Nonmilled food use,2.0
2019-01,2018/19,1,"Semolina, durum flour, pasta, and couscous imports",1.651744
2019-01,2018/19,1,Wheat ground for flour,73.359558
2019-02,2018/19,2,Durum food exports,0.42539
2019-02,2018/19,2,Durum food use,6.516321
2019-02,2018/19,2,Durum wheat ground for semolina and durum flour,5.533156
2019-02,2018/19,2,"Flour, semolina, pasta, bulgur, and couscous imports",2.69362
2019-02,2018/19,2,Food exports,1.663922
2019-02,2018/19,2,Food use,75.806933
2019-02,2018/19,2,Nonmilled food use,2.0
2019-02,2018/19,2,"Semolina, durum flour, pasta, and couscous imports",1.408556
2019-02,2018/19,2,Wheat ground for flour,72.777235
2019-03,2018/19,3,Durum food exports,0.514216
2019-03,2018/19,3,Durum food use,6.813063
2019-03,2018/19,3,Durum wheat ground for semolina and durum flour,5.548001
2019-03,2018/19,3,"Flour, semolina, pasta, bulgur, and couscous imports",3.299164
2019-03,2018/19,3,Food exports,1.666709
2019-03,2018/19,3,Food use,80.845662
2019-03,2018/19,3,Nonmilled food use,2.0
2019-03,2018/19,3,"Semolina, durum flour, pasta, and couscous imports",1.779278
2019-03,2018/19,3,Wheat ground for flour,77.213207
2019-04,2018/19,4,Durum food exports,0.400806
2019-04,2018/19,4,Durum food use,6.541181
2019-04,2018/19,4,Durum wheat ground for semolina and durum flour,5.334277
2019-04,2018/19,4,"Flour, semolina, pasta, bulgur, and couscous imports",2.989646
2019-04,2018/19,4,Food exports,1.551779
2019-04,2018/19,4,Food use,78.43907
2019-04,2018/19,4,Nonmilled food use,2.0
2019-04,2018/19,4,"Semolina, durum flour, pasta, and couscous imports",1.60771
2019-04,2018/19,4,Wheat ground for flour,75.001204
2019-05,2018/19,5,Durum food exports,0.385203
2019-05,2018/19,5,Durum food use,6.771115
2019-05,2018/19,5,Durum wheat ground for semolina and durum flour,5.538103
2019-05,2018/19,5,"Flour, semolina, pasta, bulgur, and couscous imports",3.052792
2019-05,2018/19,5,Food exports,1.506402
2019-05,2018/19,5,Food use,80.232232
2019-05,2018/19,5,Nonmilled food use,2.0
2019-05,2018/19,5,"Semolina, durum flour, pasta, and couscous imports",1.618215
2019-05,2018/19,5,Wheat ground for flour,76.685842
2019-06,2019/20,6,Durum food exports,0.375144
2019-06,2019/20,6,Durum food use,6.266774
2019-06,2019/20,6,Durum wheat ground for semolina and durum flour,5.144621
2019-06,2019/20,6,"Flour, semolina, pasta, bulgur, and couscous imports",2.827367
2019-06,2019/20,6,Food exports,1.45273
2019-06,2019/20,6,Food use,76.743591
2019-06,2019/20,6,Nonmilled food use,2.0
2019-06,2019/20,6,"Semolina, durum flour, pasta, and couscous imports",1.497297
2019-06,2019/20,6,Wheat ground for flour,73.368954
2019-07,2019/20,7,Durum food exports,0.393372
2019-07,2019/20,7,Durum food use,6.194438
2019-07,2019/20,7,Durum wheat ground for semolina and durum flour,4.820006
2019-07,2019/20,7,"Flour, semolina, pasta, bulgur, and couscous imports",3.267757
2019-07,2019/20,7,Food exports,1.580199
2019-07,2019/20,7,Food use,77.410717
2019-07,2019/20,7,Nonmilled food use,2.0
2019-07,2019/20,7,"Semolina, durum flour, pasta, and couscous imports",1.767804
2019-07,2019/20,7,Wheat ground for flour,73.723159
2019-08,2019/20,8,Durum food exports,0.456825
2019-08,2019/20,8,Durum food use,6.917345
2019-08,2019/20,8,Durum wheat ground for semolina and durum flour,5.62832
2019-08,2019/20,8,"Flour, semolina, pasta, bulgur, and couscous imports",3.240375
2019-08,2019/20,8,Food exports,1.721445
2019-08,2019/20,8,Food use,84.092936
2019-08,2019/20,8,Nonmilled food use,2.0
2019-08,2019/20,8,"Semolina, durum flour, pasta, and couscous imports",1.745851
2019-08,2019/20,8,Wheat ground for flour,80.574006
2019-09,2019/20,9,Durum food exports,0.442415
2019-09,2019/20,9,Durum food use,6.613747
2019-09,2019/20,9,Durum wheat ground for semolina and durum flour,5.479674
2019-09,2019/20,9,"Flour, semolina, pasta, bulgur, and couscous imports",3.071987
2019-09,2019/20,9,Food exports,1.635341
2019-09,2019/20,9,Food use,80.914481
2019-09,2019/20,9,Nonmilled food use,2.0
2019-09,2019/20,9,"Semolina, durum flour, pasta, and couscous imports",1.576488
2019-09,2019/20,9,Wheat ground for flour,77.477835
2019-10,2019/20,10,Durum food exports,0.536291
2019-10,2019/20,10,Durum food use,7.697886
2019-10,2019/20,10,Durum wheat ground for semolina and durum flour,6.470033
2019-10,2019/20,10,"Flour, semolina, pasta, bulgur, and couscous imports",3.343602
2019-10,2019/20,10,Food exports,1.88122
2019-10,2019/20,10,Food use,84.856402
2019-10,2019/20,10,Nonmilled food use,2.0
2019-10,2019/20,10,"Semolina, durum flour, pasta, and couscous imports",1.764145
2019-10,2019/20,10,Wheat ground for flour,81.394021
2019-11,2019/20,11,Durum food exports,0.463536
2019-11,2019/20,11,Durum food use,7.143304
2019-11,2019/20,11,Durum wheat ground for semolina and durum flour,6.021544
2019-11,2019/20,11,"Flour, semolina, pasta, bulgur, and couscous imports",2.94423
2019-11,2019/20,11,Food exports,1.661241
2019-11,2019/20,11,Food use,81.189668
2019-11,2019/20,11,Nonmilled food use,2.0
2019-11,2019/20,11,"Semolina, durum flour, pasta, and couscous imports",1.585296
2019-11,2019/20,11,Wheat ground for flour,77.906678
2019-12,2019/20,12,Durum food exports,0.47548
2019-12,2019/20,12,Durum food use,6.806189
2019-12,2019/20,12,Durum wheat ground for semolina and durum flour,5.543423
2019-12,2019/20,12,"Flour, semolina, pasta, bulgur, and couscous imports",3.192945
2019-12,2019/20,12,Food exports,1.461118
2019-12,2019/20,12,Food use,76.859128
2019-12,2019/20,12,Nonmilled food use,2.0
2019-12,2019/20,12,"Semolina, durum flour, pasta, and couscous imports",1.738246
2019-12,2019/20,12,Wheat ground for flour,73.127301
2020-01,2019/20,1,Durum food exports,0.56368
2020-01,2019/20,1,Durum food use,6.79748
2020-01,2019/20,1,Durum wheat ground for semolina and durum flour,5.665647
2020-01,2019/20,1,"Flour, semolina, pasta, bulgur, and couscous imports",3.133631
2020-01,2019/20,1,Food exports,1.634381
2020-01,2019/20,1,Food use,80.031645
2020-01,2019/20,1,Nonmilled food use,2.0
2020-01,2019/20,1,"Semolina, durum flour, pasta, and couscous imports",1.695513
2020-01,2019/20,1,Wheat ground for flour,76.532395
2020-02,2019/20,2,Durum food exports,0.460267
2020-02,2019/20,2,Durum food use,6.863864
2020-02,2019/20,2,Durum wheat ground for semolina and durum flour,5.817373
2020-02,2019/20,2,"Flour, semolina, pasta, bulgur, and couscous imports",2.889667
2020-02,2019/20,2,Food exports,1.632142
2020-02,2019/20,2,Food use,79.182412
2020-02,2019/20,2,Nonmilled food use,2.0
2020-02,2019/20,2,"Semolina, durum flour, pasta, and couscous imports",1.506758
2020-02,2019/20,2,Wheat ground for flour,75.924887
2020-03,2019/20,3,Durum food exports,0.528148
2020-03,2019/20,3,Durum food use,7.262908
2020-03,2019/20,3,Durum wheat ground for semolina and durum flour,5.83298
2020-03,2019/20,3,"Flour, semolina, pasta, bulgur, and couscous imports",3.542711
2020-03,2019/20,3,Food exports,1.79091
2020-03,2019/20,3,Food use,84.304518
2020-03,2019/20,3,Nonmilled food use,2.0
2020-03,2019/20,3,"Semolina, durum flour, pasta, and couscous imports",1.958076
2020-03,2019/20,3,Wheat ground for flour,80.552718
2020-04,2019/20,4,Durum food exports,0.552308
2020-04,2019/20,4,Durum food use,8.239964
2020-04,2019/20,4,Durum wheat ground for semolina and durum flour,6.472935
2020-04,2019/20,4,"Flour, semolina, pasta, bulgur, and couscous imports",3.804327
2020-04,2019/20,4,Food exports,1.834599
2020-04,2019/20,4,Food use,77.053378
2020-04,2019/20,4,Nonmilled food use,2.0
2020-04,2019/20,4,"Semolina, durum flour, pasta, and couscous imports",2.319337
2020-04,2019/20,4,Wheat ground for flour,73.08365
2020-05,2019/20,5,Durum food exports,0.519489
2020-05,2019/20,5,Durum food use,8.613763
2020-05,2019/20,5,Durum wheat ground for semolina and durum flour,6.72027
2020-05,2019/20,5,"Flour, semolina, pasta, bulgur, and couscous imports",3.988918
2020-05,2019/20,5,Food exports,1.731755
2020-05,2019/20,5,Food use,78.982381
2020-05,2019/20,5,Nonmilled food use,2.0
2020-05,2019/20,5,"Semolina, durum flour, pasta, and couscous imports",2.412983
2020-05,2019/20,5,Wheat ground for flour,74.725218
2020-06,2020/21,6,Durum food exports,0.512343
2020-06,2020/21,6,Durum food use,8.173106
2020-06,2020/21,6,Durum wheat ground for semolina and durum flour,6.242795
2020-06,2020/21,6,"Flour, semolina, pasta, bulgur, and couscous imports",4.130712
2020-06,2020/21,6,Food exports,1.771334
2020-06,2020/21,6,Food use,75.852511
2020-06,2020/21,6,Nonmilled food use,2.0
2020-06,2020/21,6,"Semolina, durum flour, pasta, and couscous imports",2.442653
2020-06,2020/21,6,Wheat ground for flour,71.493132
2020-07,2020/21,7,Durum food exports,0.529987
2020-07,2020/21,7,Durum food use,7.319306
2020-07,2020/21,7,Durum wheat ground for semolina and durum flour,5.298436
2020-07,2020/21,7,"Flour, semolina, pasta, bulgur, and couscous imports",4.299099
2020-07,2020/21,7,Food exports,1.695224
2020-07,2020/21,7,Food use,79.095199
2020-07,2020/21,7,Nonmilled food use,2.0
2020-07,2020/21,7,"Semolina, durum flour, pasta, and couscous imports",2.550857
2020-07,2020/21,7,Wheat ground for flour,74.491324
2020-08,2020/21,8,Durum food exports,0.510046
2020-08,2020/21,8,Durum food use,8.173225
2020-08,2020/21,8,Durum wheat ground for semolina and durum flour,6.186982
2020-08,2020/21,8,"Flour, semolina, pasta, bulgur, and couscous imports",4.287898
2020-08,2020/21,8,Food exports,1.794777
2020-08,2020/21,8,Food use,85.906674
2020-08,2020/21,8,Nonmilled food use,2.0
2020-08,2020/21,8,"Semolina, durum flour, pasta, and couscous imports",2.496289
2020-08,2020/21,8,Wheat ground for flour,81.413554
2020-09,2020/21,9,Durum food exports,0.484962
2020-09,2020/21,9,Durum food use,7.723048
2020-09,2020/21,9,Durum wheat ground for semolina and durum flour,6.023582
2020-09,2020/21,9,"Flour, semolina, pasta, bulgur, and couscous imports",3.831256
2020-09,2020/21,9,Food exports,1.575404
2020-09,2020/21,9,Food use,82.540975
2020-09,2020/21,9,Nonmilled food use,2.0
2020-09,2020/21,9,"Semolina, durum flour, pasta, and couscous imports",2.184428
2020-09,2020/21,9,Wheat ground for flour,78.285122
2020-10,2020/21,10,Durum food exports,0.697666
2020-10,2020/21,10,Durum food use,7.637931
2020-10,2020/21,10,Durum wheat ground for semolina and durum flour,6.206352
2020-10,2020/21,10,"Flour, semolina, pasta, bulgur, and couscous imports",3.827681
2020-10,2020/21,10,Food exports,1.758969
2020-10,2020/21,10,Food use,85.129351
2020-10,2020/21,10,Nonmilled food use,2.0
2020-10,2020/21,10,"Semolina, durum flour, pasta, and couscous imports",2.129245
2020-10,2020/21,10,Wheat ground for flour,81.060639
2020-11,2020/21,11,Durum food exports,0.580855
2020-11,2020/21,11,Durum food use,7.303997
2020-11,2020/21,11,Durum wheat ground for semolina and durum flour,5.776142
2020-11,2020/21,11,"Flour, semolina, pasta, bulgur, and couscous imports",3.783711
2020-11,2020/21,11,Food exports,1.789471
2020-11,2020/21,11,Food use,81.581821
2020-11,2020/21,11,Nonmilled food use,2.0
2020-11,2020/21,11,"Semolina, durum flour, pasta, and couscous imports",2.108711
2020-11,2020/21,11,Wheat ground for flour,77.587581
2020-12,2020/21,12,Durum food exports,0.559388
2020-12,2020/21,12,Durum food use,6.956588
2020-12,2020/21,12,Durum wheat ground for semolina and durum flour,5.317506
2020-12,2020/21,12,"Flour, semolina, pasta, bulgur, and couscous imports",3.79752
2020-12,2020/21,12,Food exports,1.637092
2020-12,2020/21,12,Food use,76.988208
2020-12,2020/21,12,Nonmilled food use,2.0
2020-12,2020/21,12,"Semolina, durum flour, pasta, and couscous imports",2.198469
2020-12,2020/21,12,Wheat ground for flour,72.82778
2021-01,2020/21,1,Durum food exports,0.527816
2021-01,2020/21,1,Durum food use,7.165769
2021-01,2020/21,1,Durum wheat ground for semolina and durum flour,5.640454
2021-01,2020/21,1,"Flour, semolina, pasta, bulgur, and couscous imports",3.486704
2021-01,2020/21,1,Food exports,1.483211
2021-01,2020/21,1,Food use,77.748324
2021-01,2020/21,1,Nonmilled food use,2.0
2021-01,2020/21,1,"Semolina, durum flour, pasta, and couscous imports",2.053131
2021-01,2020/21,1,Wheat ground for flour,73.744831
2021-02,2020/21,2,Durum food exports,0.49412
2021-02,2020/21,2,Durum food use,7.127888
2021-02,2020/21,2,Durum wheat ground for semolina and durum flour,5.791504
2021-02,2020/21,2,"Flour, semolina, pasta, bulgur, and couscous imports",3.086795
2021-02,2020/21,2,Food exports,1.376245
2021-02,2020/21,2,Food use,76.87
2021-02,2020/21,2,Nonmilled food use,2.0
2021-02,2020/21,2,"Semolina, durum flour, pasta, and couscous imports",1.830504
2021-02,2020/21,2,Wheat ground for flour,73.15945
2021-03,2020/21,3,Durum food exports,0.50547
2021-03,2020/21,3,Durum food use,7.100787
2021-03,2020/21,3,Durum wheat ground for semolina and durum flour,5.807042
2021-03,2020/21,3,"Flour, semolina, pasta, bulgur, and couscous imports",3.212283
2021-03,2020/21,3,Food exports,1.77064
2021-03,2020/21,3,Food use,81.060362
2021-03,2020/21,3,Nonmilled food use,2.0
2021-03,2020/21,3,"Semolina, durum flour, pasta, and couscous imports",1.799215
2021-03,2020/21,3,Wheat ground for flour,77.618719
2021-04,2020/21,4,Durum food exports,0.567846
2021-04,2020/21,4,Durum food use,6.43094
2021-04,2020/21,4,Durum wheat ground for semolina and durum flour,5.098818
2021-04,2020/21,4,"Flour, semolina, pasta, bulgur, and couscous imports",3.422387
2021-04,2020/21,4,Food exports,1.806079
2021-04,2020/21,4,Food use,78.028649
2021-04,2020/21,4,Nonmilled food use,2.0
2021-04,2020/21,4,"Semolina, durum flour, pasta, and couscous imports",1.899967
2021-04,2020/21,4,Wheat ground for flour,74.412341
2021-05,2020/21,5,Durum food exports,0.441133
2021-05,2020/21,5,Durum food use,6.577639
2021-05,2020/21,5,Durum wheat ground for semolina and durum flour,5.293648
2021-05,2020/21,5,"Flour, semolina, pasta, bulgur, and couscous imports",3.198134
2021-05,2020/21,5,Food exports,1.559414
2021-05,2020/21,5,Food use,79.722472
2021-05,2020/21,5,Nonmilled food use,2.0
2021-05,2020/21,5,"Semolina, durum flour, pasta, and couscous imports",1.725124
2021-05,2020/21,5,Wheat ground for flour,76.083753
2021-06,2021/22,6,Durum food exports,0.509495
2021-06,2021/22,6,Durum food use,6.22593
2021-06,2021/22,6,Durum wheat ground for semolina and durum flour,4.917534
2021-06,2021/22,6,"Flour, semolina, pasta, bulgur, and couscous imports",3.306818
2021-06,2021/22,6,Food exports,1.545157
2021-06,2021/22,6,Food use,76.554568
2021-06,2021/22,6,Nonmilled food use,2.0
2021-06,2021/22,6,"Semolina, durum flour, pasta, and couscous imports",1.817891
2021-06,2021/22,6,Wheat ground for flour,72.792907
2021-07,2021/22,7,Durum food exports,0.492596
2021-07,2021/22,7,Durum food use,5.823859
2021-07,2021/22,7,Durum wheat ground for semolina and durum flour,4.739208
2021-07,2021/22,7,"Flour, semolina, pasta, bulgur, and couscous imports",2.920633
2021-07,2021/22,7,Food exports,1.505477
2021-07,2021/22,7,Food use,76.830413
2021-07,2021/22,7,Nonmilled food use,2.0
2021-07,2021/22,7,"Semolina, durum flour, pasta, and couscous imports",1.577246
2021-07,2021/22,7,Wheat ground for flour,73.415257
2021-08,2021/22,8,Durum food exports,0.577804
2021-08,2021/22,8,Durum food use,6.695673
2021-08,2021/22,8,Durum wheat ground for semolina and durum flour,5.533973
2021-08,2021/22,8,"Flour, semolina, pasta, bulgur, and couscous imports",3.156784
2021-08,2021/22,8,Food exports,1.640766
2021-08,2021/22,8,Food use,83.753509
2021-08,2021/22,8,Nonmilled food use,2.0
2021-08,2021/22,8,"Semolina, durum flour, pasta, and couscous imports",1.739505
2021-08,2021/22,8,Wheat ground for flour,80.237491
2021-09,2021/22,9,Durum food exports,0.508553
2021-09,2021/22,9,Durum food use,6.348327
2021-09,2021/22,9,Durum wheat ground for semolina and durum flour,5.387819
2021-09,2021/22,9,"Flour, semolina, pasta, bulgur, and couscous imports",2.880642
2021-09,2021/22,9,Food exports,1.546244
2021-09,2021/22,9,Food use,80.48865
2021-09,2021/22,9,Nonmilled food use,2.0
2021-09,2021/22,9,"Semolina, durum flour, pasta, and couscous imports",1.469061
2021-09,2021/22,9,Wheat ground for flour,77.154252
2021-10,2021/22,10,Durum food exports,0.609776
2021-10,2021/22,10,Durum food use,6.611517
2021-10,2021/22,10,Durum wheat ground for semolina and durum flour,5.707692
2021-10,2021/22,10,"Flour, semolina, pasta, bulgur, and couscous imports",3.03777
2021-10,2021/22,10,Food exports,1.511995
2021-10,2021/22,10,Food use,85.73679
2021-10,2021/22,10,Nonmilled food use,2.0
2021-10,2021/22,10,"Semolina, durum flour, pasta, and couscous imports",1.513601
2021-10,2021/22,10,Wheat ground for flour,82.211014
2021-11,2021/22,11,Durum food exports,0.535901
2021-11,2021/22,11,Durum food use,6.586714
2021-11,2021/22,11,Durum wheat ground for semolina and durum flour,5.312047
2021-11,2021/22,11,"Flour, semolina, pasta, bulgur, and couscous imports",3.34804
2021-11,2021/22,11,Food exports,1.561704
2021-11,2021/22,11,Food use,82.475004
2021-11,2021/22,11,Nonmilled food use,2.0
2021-11,2021/22,11,"Semolina, durum flour, pasta, and couscous imports",1.810568
2021-11,2021/22,11,Wheat ground for flour,78.688668
2021-12,2021/22,12,Durum food exports,0.537467
2021-12,2021/22,12,Durum food use,6.170678
2021-12,2021/22,12,Durum wheat ground for semolina and durum flour,4.890261
2021-12,2021/22,12,"Flour, semolina, pasta, bulgur, and couscous imports",3.387999
2021-12,2021/22,12,Food exports,1.495309
2021-12,2021/22,12,Food use,77.754008
2021-12,2021/22,12,Nonmilled food use,2.0
2021-12,2021/22,12,"Semolina, durum flour, pasta, and couscous imports",1.817884
2021-12,2021/22,12,Wheat ground for flour,73.861318
2022-01,2021/22,1,Durum food exports,0.390732
2022-01,2021/22,1,Durum food use,6.831107
2022-01,2021/22,1,Durum wheat ground for semolina and durum flour,5.239644
2022-01,2021/22,1,"Flour, semolina, pasta, bulgur, and couscous imports",3.513697
2022-01,2021/22,1,Food exports,1.319572
2022-01,2021/22,1,Food use,79.825908
2022-01,2021/22,1,Nonmilled food use,2.0
2022-01,2021/22,1,"Semolina, durum flour, pasta, and couscous imports",1.982195
2022-01,2021/22,1,Wheat ground for flour,75.631782
2022-02,2021/22,2,Durum food exports,0.442259
2022-02,2021/22,2,Durum food use,6.677236
2022-02,2021/22,2,Durum wheat ground for semolina and durum flour,5.379961
2022-02,2021/22,2,"Flour, semolina, pasta, bulgur, and couscous imports",3.27751
2022-02,2021/22,2,Food exports,1.335304
2022-02,2021/22,2,Food use,78.97363
2022-02,2021/22,2,Nonmilled food use,2.0
2022-02,2021/22,2,"Semolina, durum flour, pasta, and couscous imports",1.739535
2022-02,2021/22,2,Wheat ground for flour,75.031423
2022-03,2021/22,3,Durum food exports,0.599499
2022-03,2021/22,3,Durum food use,6.974919
2022-03,2021/22,3,Durum wheat ground for semolina and durum flour,5.394395
2022-03,2021/22,3,"Flour, semolina, pasta, bulgur, and couscous imports",3.893188
2022-03,2021/22,3,Food exports,1.597569
2022-03,2021/22,3,Food use,83.900413
2022-03,2021/22,3,Nonmilled food use,2.0
2022-03,2021/22,3,"Semolina, durum flour, pasta, and couscous imports",2.180022
2022-03,2021/22,3,Wheat ground for flour,79.604794
2022-04,2021/22,4,Durum food exports,0.575175
2022-04,2021/22,4,Durum food use,6.778306
2022-04,2021/22,4,Durum wheat ground for semolina and durum flour,5.122797
2022-04,2021/22,4,"Flour, semolina, pasta, bulgur, and couscous imports",3.910885
2022-04,2021/22,4,Food exports,1.608946
2022-04,2021/22,4,Food use,81.510629
2022-04,2021/22,4,Nonmilled food use,2.0
2022-04,2021/22,4,"Semolina, durum flour, pasta, and couscous imports",2.230684
2022-04,2021/22,4,Wheat ground for flour,77.20869
2022-05,2021/22,5,Durum food exports,0.483287
2022-05,2021/22,5,Durum food use,7.083974
2022-05,2021/22,5,Durum wheat ground for semolina and durum flour,5.318543
2022-05,2021/22,5,"Flour, semolina, pasta, bulgur, and couscous imports",4.109214
2022-05,2021/22,5,Food exports,1.430096
2022-05,2021/22,5,Food use,83.62203
2022-05,2021/22,5,Nonmilled food use,2.0
2022-05,2021/22,5,"Semolina, durum flour, pasta, and couscous imports",2.248719
2022-05,2021/22,5,Wheat ground for flour,78.942912
2022-06,2022/23,6,Durum food exports,0.498987
2022-06,2022/23,6,Durum food use,6.68696
2022-06,2022/23,6,Durum wheat ground for semolina and durum flour,4.94066
2022-06,2022/23,6,"Flour, semolina, pasta, bulgur, and couscous imports",4.01874
2022-06,2022/23,6,Food exports,1.46434
2022-06,2022/23,6,Food use,80.082799
2022-06,2022/23,6,Nonmilled food use,2.0
2022-06,2022/23,6,"Semolina, durum flour, pasta, and couscous imports",2.245286
2022-06,2022/23,6,Wheat ground for flour,75.528399
2022-07,2022/23,7,Durum food exports,0.51432
2022-07,2022/23,7,Durum food use,6.500642
2022-07,2022/23,7,Durum wheat ground for semolina and durum flour,4.753431
2022-07,2022/23,7,"Flour, semolina, pasta, bulgur, and couscous imports",3.999062
2022-07,2022/23,7,Food exports,1.540463
2022-07,2022/23,7,Food use,79.908619
2022-07,2022/23,7,Nonmilled food use,2.0
2022-07,2022/23,7,"Semolina, durum flour, pasta, and couscous imports",2.26153
2022-07,2022/23,7,Wheat ground for flour,75.450019
2022-08,2022/23,8,Durum food exports,0.544294
2022-08,2022/23,8,Durum food use,7.369807
2022-08,2022/23,8,Durum wheat ground for semolina and durum flour,5.550581
2022-08,2022/23,8,"Flour, semolina, pasta, bulgur, and couscous imports",4.065749
2022-08,2022/23,8,Food exports,1.635314
2022-08,2022/23,8,Food use,86.891773
2022-08,2022/23,8,Nonmilled food use,2.0
2022-08,2022/23,8,"Semolina, durum flour, pasta, and couscous imports",2.363521
2022-08,2022/23,8,Wheat ground for flour,82.461337
2022-09,2022/23,9,Durum food exports,0.535306
2022-09,2022/23,9,Durum food use,6.778431
2022-09,2022/23,9,Durum wheat ground for semolina and durum flour,5.403988
2022-09,2022/23,9,"Flour, semolina, pasta, bulgur, and couscous imports",3.319033
2022-09,2022/23,9,Food exports,1.437965
2022-09,2022/23,9,Food use,83.173712
2022-09,2022/23,9,Nonmilled food use,2.0
2022-09,2022/23,9,"Semolina, durum flour, pasta, and couscous imports",1.909748
2022-09,2022/23,9,Wheat ground for flour,79.292643
2022-10,2022/23,10,Durum food exports,0.488287
2022-10,2022/23,10,Durum food use,7.791762
2022-10,2022/23,10,Durum wheat ground for semolina and durum flour,5.926887
2022-10,2022/23,10,"Flour, semolina, pasta, bulgur, and couscous imports",4.016606
2022-10,2022/23,10,Food exports,1.417324
2022-10,2022/23,10,Food use,84.954989
2022-10,2022/23,10,Nonmilled food use,2.0
2022-10,2022/23,10,"Semolina, durum flour, pasta, and couscous imports",2.353162
2022-10,2022/23,10,Wheat ground for flour,80.355706
2022-11,2022/23,11,Durum food exports,0.508462
2022-11,2022/23,11,Durum food use,7.266119
2022-11,2022/23,11,Durum wheat ground for semolina and durum flour,5.516048
2022-11,2022/23,11,"Flour, semolina, pasta, bulgur, and couscous imports",3.834802
2022-11,2022/23,11,Food exports,1.248914
2022-11,2022/23,11,Food use,81.498739
2022-11,2022/23,11,Nonmilled food use,2.0
2022-11,2022/23,11,"Semolina, durum flour, pasta, and couscous imports",2.258533
2022-11,2022/23,11,Wheat ground for flour,76.912851
2022-12,2022/23,12,Durum food exports,0.486339
2022-12,2022/23,12,Durum food use,6.921762
2022-12,2022/23,12,Durum wheat ground for semolina and durum flour,5.078064
2022-12,2022/23,12,"Flour, semolina, pasta, bulgur, and couscous imports",3.913831
2022-12,2022/23,12,Food exports,1.18827
2022-12,2022/23,12,Food use,76.920004
2022-12,2022/23,12,Nonmilled food use,2.0
2022-12,2022/23,12,"Semolina, durum flour, pasta, and couscous imports",2.330036
2022-12,2022/23,12,Wheat ground for flour,72.194443
2023-01,2022/23,1,Durum food exports,0.438195
2023-01,2022/23,1,Durum food use,7.552067
2023-01,2022/23,1,Durum wheat ground for semolina and durum flour,5.636854
2023-01,2022/23,1,"Flour, semolina, pasta, bulgur, and couscous imports",4.144692
2023-01,2022/23,1,Food exports,1.044519
2023-01,2022/23,1,Food use,79.11959
2023-01,2022/23,1,Nonmilled food use,2.0
2023-01,2022/23,1,"Semolina, durum flour, pasta, and couscous imports",2.353407
2023-01,2022/23,1,Wheat ground for flour,74.019416
2023-02,2022/23,2,Durum food exports,0.489708
2023-02,2022/23,2,Durum food use,7.121481
2023-02,2022/23,2,Durum wheat ground for semolina and durum flour,5.787809
2023-02,2022/23,2,"Flour, semolina, pasta, bulgur, and couscous imports",3.336094
2023-02,2022/23,2,Food exports,1.137305
2023-02,2022/23,2,Food use,77.630645
2023-02,2022/23,2,Nonmilled food use,2.0
2023-02,2022/23,2,"Semolina, durum flour, pasta, and couscous imports",1.82338
2023-02,2022/23,2,Wheat ground for flour,73.431855
2023-03,2022/23,3,Durum food exports,0.593704
2023-03,2022/23,3,Durum food use,7.529092
2023-03,2022/23,3,Durum wheat ground for semolina and durum flour,5.803337
2023-03,2022/23,3,"Flour, semolina, pasta, bulgur, and couscous imports",4.034257
2023-03,2022/23,3,Food exports,1.357227
2023-03,2022/23,3,Food use,82.584758
2023-03,2022/23,3,Nonmilled food use,2.0
2023-03,2022/23,3,"Semolina, durum flour, pasta, and couscous imports",2.319459
2023-03,2022/23,3,Wheat ground for flour,77.907729
2023-04,2022/23,4,Durum food exports,0.474457
2023-04,2022/23,4,Durum food use,6.529329
2023-04,2022/23,4,Durum wheat ground for semolina and durum flour,4.833054
2023-04,2022/23,4,"Flour, semolina, pasta, bulgur, and couscous imports",3.90358
2023-04,2022/23,4,Food exports,1.167695
2023-04,2022/23,4,Food use,78.702329
2023-04,2022/23,4,Nonmilled food use,2.0
2023-04,2022/23,4,"Semolina, durum flour, pasta, and couscous imports",2.170733
2023-04,2022/23,4,Wheat ground for flour,73.966445
2023-05,2022/23,5,Durum food exports,0.44152
2023-05,2022/23,5,Durum food use,6.613913
2023-05,2022/23,5,Durum wheat ground for semolina and durum flour,5.017728
2023-05,2022/23,5,"Flour, semolina, pasta, bulgur, and couscous imports",3.708036
2023-05,2022/23,5,Food exports,1.127025
2023-05,2022/23,5,Food use,80.208851
2023-05,2022/23,5,Nonmilled food use,2.0
2023-05,2022/23,5,"Semolina, durum flour, pasta, and couscous imports",2.037705
2023-05,2022/23,5,Wheat ground for flour,75.627841
2023-06,2023/24,6,Durum food exports,0.545648
2023-06,2023/24,6,Durum food use,6.199295
2023-06,2023/24,6,Durum wheat ground for semolina and durum flour,4.661218
2023-06,2023/24,6,"Flour, semolina, pasta, bulgur, and couscous imports",3.68026
2023-06,2023/24,6,Food exports,1.299884
2023-06,2023/24,6,Food use,76.737091
2023-06,2023/24,6,Nonmilled food use,2.0
2023-06,2023/24,6,"Semolina, durum flour, pasta, and couscous imports",2.083724
2023-06,2023/24,6,Wheat ground for flour,72.356715
2023-07,2023/24,7,Durum food exports,0.481027
2023-07,2023/24,7,Durum food use,6.3723
2023-07,2023/24,7,Durum wheat ground for semolina and durum flour,4.866608
2023-07,2023/24,7,"Flour, semolina, pasta, bulgur, and couscous imports",3.475784
2023-07,2023/24,7,Food exports,1.060661
2023-07,2023/24,7,Food use,77.733365
2023-07,2023/24,7,Nonmilled food use,2.0
2023-07,2023/24,7,"Semolina, durum flour, pasta, and couscous imports",1.98672
2023-07,2023/24,7,Wheat ground for flour,73.318242
2023-08,2023/24,8,Durum food exports,0.527443
2023-08,2023/24,8,Durum food use,7.075922
2023-08,2023/24,8,Durum wheat ground for semolina and durum flour,5.682737
2023-08,2023/24,8,"Flour, semolina, pasta, bulgur, and couscous imports",3.494966
2023-08,2023/24,8,Food exports,1.252524
2023-08,2023/24,8,Food use,84.373903
2023-08,2023/24,8,Nonmilled food use,2.0
2023-08,2023/24,8,"Semolina, durum flour, pasta, and couscous imports",1.920628
2023-08,2023/24,8,Wheat ground for flour,80.131461
2023-09,2023/24,9,Durum food exports,0.514539
2023-09,2023/24,9,Durum food use,6.68759
2023-09,2023/24,9,Durum wheat ground for semolina and durum flour,5.532655
2023-09,2023/24,9,"Flour, semolina, pasta, bulgur, and couscous imports",3.114489
2023-09,2023/24,9,Food exports,1.480464
2023-09,2023/24,9,Food use,80.686321
2023-09,2023/24,9,Nonmilled food use,2.0
2023-09,2023/24,9,"Semolina, durum flour, pasta, and couscous imports",1.669474
2023-09,2023/24,9,Wheat ground for flour,77.052296
2023-10,2023/24,10,Durum food exports,0.658782
2023-10,2023/24,10,Durum food use,7.35837
2023-10,2023/24,10,Durum wheat ground for semolina and durum flour,6.09801
2023-10,2023/24,10,"Flour, semolina, pasta, bulgur, and couscous imports",3.691599
2023-10,2023/24,10,Food exports,1.825507
2023-10,2023/24,10,Food use,83.236363
2023-10,2023/24,10,Nonmilled food use,2.0
2023-10,2023/24,10,"Semolina, durum flour, pasta, and couscous imports",1.919142
2023-10,2023/24,10,Wheat ground for flour,79.370271
2023-11,2023/24,11,Durum food exports,0.683541
2023-11,2023/24,11,Durum food use,6.911609
2023-11,2023/24,11,Durum wheat ground for semolina and durum flour,5.67531
2023-11,2023/24,11,"Flour, semolina, pasta, bulgur, and couscous imports",3.786956
2023-11,2023/24,11,Food exports,1.560183
2023-11,2023/24,11,Food use,80.196409
2023-11,2023/24,11,Nonmilled food use,2.0
2023-11,2023/24,11,"Semolina, durum flour, pasta, and couscous imports",1.919841
2023-11,2023/24,11,Wheat ground for flour,75.969637
2023-12,2023/24,12,Durum food exports,0.510179
2023-12,2023/24,12,Durum food use,6.818959
2023-12,2023/24,12,Durum wheat ground for semolina and durum flour,5.22468
2023-12,2023/24,12,"Flour, semolina, pasta, bulgur, and couscous imports",4.048575
2023-12,2023/24,12,Food exports,1.417518
2023-12,2023/24,12,Food use,75.940149
2023-12,2023/24,12,Nonmilled food use,2.0
2023-12,2023/24,12,"Semolina, durum flour, pasta, and couscous imports",2.104458
2023-12,2023/24,12,Wheat ground for flour,71.309092
2024-01,2023/24,1,Durum food exports,0.565497
2024-01,2023/24,1,Durum food use,7.133275
2024-01,2023/24,1,Durum wheat ground for semolina and durum flour,5.461153
2024-01,2023/24,1,"Flour, semolina, pasta, bulgur, and couscous imports",4.16791
2024-01,2023/24,1,Food exports,1.400325
2024-01,2023/24,1,Food use,79.176543
2024-01,2023/24,1,Nonmilled food use,2.0
2024-01,2023/24,1,"Semolina, durum flour, pasta, and couscous imports",2.23762
2024-01,2023/24,1,Wheat ground for flour,74.408959
2024-02,2023/24,2,Durum food exports,0.576166
2024-02,2023/24,2,Durum food use,7.066089
2024-02,2023/24,2,Durum wheat ground for semolina and durum flour,5.607402
2024-02,2023/24,2,"Flour, semolina, pasta, bulgur, and couscous imports",3.868335
2024-02,2023/24,2,Food exports,1.419391
2024-02,2023/24,2,Food use,78.26725
2024-02,2023/24,2,Nonmilled food use,2.0
2024-02,2023/24,2,"Semolina, durum flour, pasta, and couscous imports",2.034853
2024-02,2023/24,2,Wheat ground for flour,73.818306
2024-03,2023/24,3,Durum food exports,0.53159
2024-03,2023/24,3,Durum food use,7.411434
2024-03,2023/24,3,Durum wheat ground for semolina and durum flour,5.622446
2024-03,2023/24,3,"Flour, semolina, pasta, bulgur, and couscous imports",4.279328
2024-03,2023/24,3,Food exports,1.347254
2024-03,2023/24,3,Food use,83.249809
2024-03,2023/24,3,Nonmilled food use,2.0
2024-03,2023/24,3,"Semolina, durum flour, pasta, and couscous imports",2.320579
2024-03,2023/24,3,Wheat ground for flour,78.317735
2024-04,2023/24,4,Durum food exports,0.668015
2024-04,2023/24,4,Durum food use,6.635677
2024-04,2023/24,4,Durum wheat ground for semolina and durum flour,5.060519
2024-04,2023/24,4,"Flour, semolina, pasta, bulgur, and couscous imports",4.165725
2024-04,2023/24,4,Food exports,1.604654
2024-04,2023/24,4,Food use,79.878868
2024-04,2023/24,4,Nonmilled food use,2.0
2024-04,2023/24,4,"Semolina, durum flour, pasta, and couscous imports",2.243173
2024-04,2023/24,4,Wheat ground for flour,75.317797
2024-05,2023/24,5,Durum food exports,0.497274
2024-05,2023/24,5,Durum food use,7.113992
2024-05,2023/24,5,Durum wheat ground for semolina and durum flour,5.253885
2024-05,2023/24,5,"Flour, semolina, pasta, bulgur, and couscous imports",4.247445
2024-05,2023/24,5,Food exports,1.429738
2024-05,2023/24,5,Food use,81.827253
2024-05,2023/24,5,Nonmilled food use,2.0
2024-05,2023/24,5,"Semolina, durum flour, pasta, and couscous imports",2.357382
2024-05,2023/24,5,Wheat ground for flour,77.009546
2024-06,2024/25,6,Durum food exports,0.489654
2024-06,2024/25,6,Durum food use,6.629338
2024-06,2024/25,6,Durum wheat ground for semolina and durum flour,4.880596
2024-06,2024/25,6,"Flour, semolina, pasta, bulgur, and couscous imports",4.151418
2024-06,2024/25,6,Food exports,1.436656
2024-06,2024/25,6,Food use,78.393419
2024-06,2024/25,6,Nonmilled food use,2.0
2024-06,2024/25,6,"Semolina, durum flour, pasta, and couscous imports",2.238396
2024-06,2024/25,6,Wheat ground for flour,73.678657
2024-07,2024/25,7,Durum food exports,0.418334
2024-07,2024/25,7,Durum food use,6.736353
2024-07,2024/25,7,Durum wheat ground for semolina and durum flour,4.944379
2024-07,2024/25,7,"Flour, semolina, pasta, bulgur, and couscous imports",4.010006
2024-07,2024/25,7,Food exports,1.304189
2024-07,2024/25,7,Food use,78.624913
2024-07,2024/25,7,Nonmilled food use,2.0
2024-07,2024/25,7,"Semolina, durum flour, pasta, and couscous imports",2.210308
2024-07,2024/25,7,Wheat ground for flour,73.919097
2024-08,2024/25,8,Durum food exports,0.540207
2024-08,2024/25,8,Durum food use,7.340489
2024-08,2024/25,8,Durum wheat ground for semolina and durum flour,5.773551
2024-08,2024/25,8,"Flour, semolina, pasta, bulgur, and couscous imports",3.87138
2024-08,2024/25,8,Food exports,1.474638
2024-08,2024/25,8,Food use,85.184893
2024-08,2024/25,8,Nonmilled food use,2.0
2024-08,2024/25,8,"Semolina, durum flour, pasta, and couscous imports",2.107145
2024-08,2024/25,8,Wheat ground for flour,80.788151
2024-09,2024/25,9,Durum food exports,0.574081
2024-09,2024/25,9,Durum food use,7.026431
2024-09,2024/25,9,Durum wheat ground for semolina and durum flour,5.62107
2024-09,2024/25,9,"Flour, semolina, pasta, bulgur, and couscous imports",3.752347
2024-09,2024/25,9,Food exports,1.814287
2024-09,2024/25,9,Food use,81.621812
2024-09,2024/25,9,Nonmilled food use,2.0
2024-09,2024/25,9,"Semolina, durum flour, pasta, and couscous imports",1.979442
2024-09,2024/25,9,Wheat ground for flour,77.683752
2024-10,2024/25,10,Durum food exports,0.600543
2024-10,2024/25,10,Durum food use,7.837707
2024-10,2024/25,10,Durum wheat ground for semolina and durum flour,6.130298
2024-10,2024/25,10,"Flour, semolina, pasta, bulgur, and couscous imports",4.386746
2024-10,2024/25,10,Food exports,1.847595
2024-10,2024/25,10,Food use,85.358159
2024-10,2024/25,10,Nonmilled food use,2.0
2024-10,2024/25,10,"Semolina, durum flour, pasta, and couscous imports",2.307953
2024-10,2024/25,10,Wheat ground for flour,80.819008
2024-11,2024/25,11,Durum food exports,0.609523
2024-11,2024/25,11,Durum food use,7.265412
2024-11,2024/25,11,Durum wheat ground for semolina and durum flour,5.705359
2024-11,2024/25,11,"Flour, semolina, pasta, bulgur, and couscous imports",4.118407
2024-11,2024/25,11,Food exports,1.663861
2024-11,2024/25,11,Food use,81.810848
2024-11,2024/25,11,Nonmilled food use,2.0
2024-11,2024/25,11,"Semolina, durum flour, pasta, and couscous imports",2.169576
2024-11,2024/25,11,Wheat ground for flour,77.356302
2024-12,2024/25,12,Durum food exports,0.516184
2024-12,2024/25,12,Durum food use,7.210901
2024-12,2024/25,12,Durum wheat ground for semolina and durum flour,5.252343
2024-12,2024/25,12,"Flour, semolina, pasta, bulgur, and couscous imports",4.61293
2024-12,2024/25,12,Food exports,1.489155
2024-12,2024/25,12,Food use,77.734464
2024-12,2024/25,12,Nonmilled food use,2.0
2024-12,2024/25,12,"Semolina, durum flour, pasta, and couscous imports",2.474742
2024-12,2024/25,12,Wheat ground for flour,72.610689
2025-01,2024/25,1,Durum food exports,0.542363
2025-01,2024/25,1,Durum food use,7.433033
2025-01,2024/25,1,Durum wheat ground for semolina and durum flour,5.622785
2025-01,2024/25,1,"Flour, semolina, pasta, bulgur, and couscous imports",4.390186
2025-01,2024/25,1,Food exports,1.563873
2025-01,2024/25,1,Food use,79.262206
2025-01,2024/25,1,Nonmilled food use,2.0
2025-01,2024/25,1,"Semolina, durum flour, pasta, and couscous imports",2.352611
2025-01,2024/25,1,Wheat ground for flour,74.435892
2025-02,2024/25,2,Durum food exports,0.483616
2025-02,2024/25,2,Durum food use,7.484142
2025-02,2024/25,2,Durum wheat ground for semolina and durum flour,5.773363
2025-02,2024/25,2,"Flour, semolina, pasta, bulgur, and couscous imports",3.916673
2025-02,2024/25,2,Food exports,1.632419
2025-02,2024/25,2,Food use,78.129279
2025-02,2024/25,2,Nonmilled food use,2.0
2025-02,2024/25,2,"Semolina, durum flour, pasta, and couscous imports",2.194395
2025-02,2024/25,2,Wheat ground for flour,73.845025
2025-03,2024/25,3,Durum food exports,0.468198
2025-03,2024/25,3,Durum food use,7.772775
2025-03,2024/25,3,Durum wheat ground for semolina and durum flour,5.788852
2025-03,2024/25,3,"Flour, semolina, pasta, bulgur, and couscous imports",4.429876
2025-03,2024/25,3,Food exports,1.556826
2025-03,2024/25,3,Food use,83.219133
2025-03,2024/25,3,Nonmilled food use,2.0
2025-03,2024/25,3,"Semolina, durum flour, pasta, and couscous imports",2.452121
2025-03,2024/25,3,Wheat ground for flour,78.346083
2025-04,2024/25,4,Durum food exports,0.427029
2025-04,2024/25,4,Durum food use,7.449406
2025-04,2024/25,4,Durum wheat ground for semolina and durum flour,5.47715
2025-04,2024/25,4,"Flour, semolina, pasta, bulgur, and couscous imports",4.364965
2025-04,2024/25,4,Food exports,1.317725
2025-04,2024/25,4,Food use,79.342941
2025-04,2024/25,4,Nonmilled food use,2.0
2025-04,2024/25,4,"Semolina, durum flour, pasta, and couscous imports",2.399285
2025-04,2024/25,4,Wheat ground for flour,74.295701
2025-05,2024/25,5,Durum food exports,0.435672
2025-05,2024/25,5,Durum food use,7.449873
2025-05,2024/25,5,Durum wheat ground for semolina and durum flour,5.686436
2025-05,2024/25,5,"Flour, semolina, pasta, bulgur, and couscous imports",3.852029
2025-05,2024/25,5,Food exports,1.25632
2025-05,2024/25,5,Food use,80.560202
2025-05,2024/25,5,Nonmilled food use,2.0
2025-05,2024/25,5,"Semolina, durum flour, pasta, and couscous imports",2.19911
2025-05,2024/25,5,Wheat ground for flour,75.964493
2025-06,2025/26,6,Durum food exports,0.454598
2025-06,2025/26,6,Durum food use,7.06235
2025-06,2025/26,6,Durum wheat ground for semolina and durum flour,5.282414
2025-06,2025/26,6,"Flour, semolina, pasta, bulgur, and couscous imports",3.992092
2025-06,2025/26,6,Food exports,1.537845
2025-06,2025/26,6,Food use,77.133052
2025-06,2025/26,6,Nonmilled food use,2.0
2025-06,2025/26,6,"Semolina, durum flour, pasta, and couscous imports",2.234533
2025-06,2025/26,6,Wheat ground for flour,72.678806
2025-07,2025/26,7,Durum food exports,0.430805
2025-07,2025/26,7,Durum food use,7.302171
2025-07,2025/26,7,Durum wheat ground for semolina and durum flour,4.931065
2025-07,2025/26,7,"Flour, semolina, pasta, bulgur, and couscous imports",4.73967
2025-07,2025/26,7,Food exports,1.442287
2025-07,2025/26,7,Food use,78.901898
2025-07,2025/26,7,Nonmilled food use,2.0
2025-07,2025/26,7,"Semolina, durum flour, pasta, and couscous imports",2.801912
2025-07,2025/26,7,Wheat ground for flour,73.604515
2025-08,2025/26,8,Durum food exports,0.508214
2025-08,2025/26,8,Durum food use,7.228414
2025-08,2025/26,8,Durum wheat ground for semolina and durum flour,5.758003
2025-08,2025/26,8,"Flour, semolina, pasta, bulgur, and couscous imports",3.761018
2025-08,2025/26,8,Food exports,1.361792
2025-08,2025/26,8,Food use,84.843562
2025-08,2025/26,8,Nonmilled food use,2.0
2025-08,2025/26,8,"Semolina, durum flour, pasta, and couscous imports",1.978626
2025-08,2025/26,8,Wheat ground for flour,80.444336
2025-09,2025/26,9,Durum food exports,0.400079
2025-09,2025/26,9,Durum food use,7.168776
2025-09,2025/26,9,Durum wheat ground for semolina and durum flour,5.605933
2025-09,2025/26,9,"Flour, semolina, pasta, bulgur, and couscous imports",3.690861
2025-09,2025/26,9,Food exports,1.374227
2025-09,2025/26,9,Food use,81.669783
2025-09,2025/26,9,Nonmilled food use,2.0
2025-09,2025/26,9,"Semolina, durum flour, pasta, and couscous imports",1.962923
2025-09,2025/26,9,Wheat ground for flour,77.353148
2025-10,2025/26,10,Durum food exports,0.529643
2025-10,2025/26,10,Durum food use,7.40076
2025-10,2025/26,10,Durum wheat ground for semolina and durum flour,5.817469
2025-10,2025/26,10,"Flour, semolina, pasta, bulgur, and couscous imports",3.905238
2025-10,2025/26,10,Food exports,1.739361
2025-10,2025/26,10,Food use,83.39257
2025-10,2025/26,10,Nonmilled food use,2.0
2025-10,2025/26,10,"Semolina, durum flour, pasta, and couscous imports",2.112934
2025-10,2025/26,10,Wheat ground for flour,79.226693
2025-11,2025/26,11,Durum food exports,0.445308
2025-11,2025/26,11,Durum food use,7.246225
2025-11,2025/26,11,Durum wheat ground for semolina and durum flour,5.414215
2025-11,2025/26,11,"Flour, semolina, pasta, bulgur, and couscous imports",4.216
2025-11,2025/26,11,Food exports,1.533207
2025-11,2025/26,11,Food use,80.515003
2025-11,2025/26,11,Nonmilled food use,2.0
2025-11,2025/26,11,"Semolina, durum flour, pasta, and couscous imports",2.277318
2025-11,2025/26,11,Wheat ground for flour,75.83221
2025-12,2025/26,12,Durum food exports,0.416647
2025-12,2025/26,12,Durum food use,6.958489
2025-12,2025/26,12,Durum wheat ground for semolina and durum flour,4.984317
2025-12,2025/26,12,"Flour, semolina, pasta, bulgur, and couscous imports",4.43654
2025-12,2025/26,12,Food exports,1.170222
2025-12,2025/26,12,Food use,76.446415
2025-12,2025/26,12,Nonmilled food use,2.0
2025-12,2025/26,12,"Semolina, durum flour, pasta, and couscous imports",2.39082
2025-12,2025/26,12,Wheat ground for flour,71.180097
2026-01,2025/26,1,Durum food exports,0.422482
2026-01,2025/26,1,Durum food use,6.896104
2026-01,2025/26,1,Durum wheat ground for semolina and durum flour,5.398332
2026-01,2025/26,1,"Flour, semolina, pasta, bulgur, and couscous imports",3.760925
2026-01,2025/26,1,Food exports,1.197893
2026-01,2025/26,1,Food use,77.37966
2026-01,2025/26,1,Nonmilled food use,2.0
2026-01,2025/26,1,"Semolina, durum flour, pasta, and couscous imports",1.920254
2026-01,2025/26,1,Wheat ground for flour,72.816628
2026-02,2025/26,2,Durum food exports,0.38399
2026-02,2025/26,2,Durum food use,7.07311
2026-02,2025/26,2,Durum wheat ground for semolina and durum flour,5.542899
2026-02,2025/26,2,"Flour, semolina, pasta, bulgur, and couscous imports",3.542786
2026-02,2025/26,2,Food exports,1.09397
2026-02,2025/26,2,Food use,76.687431
2026-02,2025/26,2,Nonmilled food use,2.0
2026-02,2025/26,2,"Semolina, durum flour, pasta, and couscous imports",1.914202
2026-02,2025/26,2,Wheat ground for flour,72.238615
2026-03,2025/26,3,Durum food exports,0.334384
2026-03,2025/26,3,Durum food use,7.798033
2026-03,2025/26,3,Durum wheat ground for semolina and durum flour,5.55777
2026-03,2025/26,3,"Flour, semolina, pasta, bulgur, and couscous imports",4.623361
2026-03,2025/26,3,Food exports,1.15042
2026-03,2025/26,3,Food use,82.114698
2026-03,2025/26,3,Nonmilled food use,2.0
2026-03,2025/26,3,"Semolina, durum flour, pasta, and couscous imports",2.574647
2026-03,2025/26,3,Wheat ground for flour,76.641757
2026-04,2025/26,4,Durum food exports,0.290983
2026-04,2025/26,4,Durum food use,7.274203
2026-04,2025/26,4,Durum wheat ground for semolina and durum flour,5.358921
2026-04,2025/26,4,"Flour, semolina, pasta, bulgur, and couscous imports",4.108804
2026-04,2025/26,4,Food exports,1.121054
2026-04,2025/26,4,Food use,79.065169
2026-04,2025/26,4,Nonmilled food use,2.0
2026-04,2025/26,4,"Semolina, durum flour, pasta, and couscous imports",2.206265
2026-04,2025/26,4,Wheat ground for flour,74.077419
2026-05,2025/26,5,Durum food exports,0.362399
2026-05,2025/26,5,Durum food use,7.571474
2026-05,2025/26,5,Durum wheat ground for semolina and durum flour,5.563689
2026-05,2025/26,5,"Flour, semolina, pasta, bulgur, and couscous imports",4.461608
2026-05,2025/26,5,Food exports,1.230446
2026-05,2025/26,5,Food use,80.972469
2026-05,2025/26,5,Nonmilled food use,2.0
2026-05,2025/26,5,"Semolina, durum flour, pasta, and couscous imports",2.370183
2026-05,2025/26,5,Wheat ground for flour,75.741308
2026-06,2026/27,6,Durum food exports,0.352489
2026-06,2026/27,6,Durum food use,7.075611
2026-06,2026/27,6,Durum wheat ground for semolina and durum flour,5.168389
2026-06,2026/27,6,"Flour, semolina, pasta, bulgur, and couscous imports",4.227411
2026-06,2026/27,6,Food exports,1.276434
2026-06,2026/27,6,Food use,77.416251
2026-06,2026/27,6,Nonmilled food use,2.0
2026-06,2026/27,6,"Semolina, durum flour, pasta, and couscous imports",2.25971
2026-06,2026/27,6,Wheat ground for flour,72.465274
2026-07,2026/27,7,Durum food exports,0.320659
2026-07,2026/27,7,Durum food use,1.891624
2026-07,2026/27,7,"Flour, semolina, pasta, bulgur, and couscous imports",4.165239
2026-07,2026/27,7,Food exports,1.283706
2026-07,2026/27,7,Food use,2.881534
2026-07,2026/27,7,"Semolina, durum flour, pasta, and couscous imports",2.212283
