period,marketing_year,calendar_year,month,wheat_class,flow,amount_mil_bu,amount_mt
1900-01,1999/00,1900,1,All Wheat,Import,5.071204,138015.57
1900-01,1999/00,1900,1,Durum,Import,1.322548,35993.86
1900-01,1999/00,1900,1,Hard Red Spring,Import,2.865805,77994.44
1900-01,1999/00,1900,1,Hard Red Winter,Import,0.04055,1103.59
1900-01,1999/00,1900,1,Soft Red Winter,Import,0.413473,11252.89
1900-01,1999/00,1900,1,White,Import,0.428828,11670.8
1900-02,1999/00,1900,2,All Wheat,Import,7.594585,206690.74
1900-02,1999/00,1900,2,Durum,Import,1.574566,42852.66
1900-02,1999/00,1900,2,Hard Red Spring,Import,5.289686,143961.66
1900-02,1999/00,1900,2,Hard Red Winter,Import,0.005585,151.99
1900-02,1999/00,1900,2,Soft Red Winter,Import,0.310412,8448.03
1900-02,1999/00,1900,2,White,Import,0.414337,11276.4
1900-03,1999/00,1900,3,All Wheat,Import,8.65518,235555.41
1900-03,1999/00,1900,3,Durum,Import,1.84146,50116.32
1900-03,1999/00,1900,3,Hard Red Spring,Import,5.991795,163069.94
1900-03,1999/00,1900,3,Hard Red Winter,Import,0.005275,143.55
1900-03,1999/00,1900,3,Soft Red Winter,Import,0.226398,6161.56
1900-03,1999/00,1900,3,White,Import,0.590253,16064.04
1900-04,1999/00,1900,4,All Wheat,Import,8.271372,225109.86
1900-04,1999/00,1900,4,Durum,Import,1.808595,49221.89
1900-04,1999/00,1900,4,Hard Red Spring,Import,5.633522,153319.34
1900-04,1999/00,1900,4,Hard Red Winter,Import,0.003049,82.98
1900-04,1999/00,1900,4,Soft Red Winter,Import,0.381257,10376.12
1900-04,1999/00,1900,4,White,Import,0.444949,12109.53
1900-05,1999/00,1900,5,All Wheat,Import,8.094751,220303.05
1900-05,1999/00,1900,5,Durum,Import,2.089813,56875.4
1900-05,1999/00,1900,5,Hard Red Spring,Import,5.082936,138334.85
1900-05,1999/00,1900,5,Hard Red Winter,Import,0.002315,63.0
1900-05,1999/00,1900,5,Soft Red Winter,Import,0.270203,7353.72
1900-05,1999/00,1900,5,White,Import,0.649485,17676.08
1989-06,1989/90,1989,6,All Wheat,Import,1.679193,45700.14
1989-06,1989/90,1989,6,Durum,Import,0.905832,24652.7
1989-06,1989/90,1989,6,Hard Red Spring,Import,0.570861,15536.3
1989-06,1989/90,1989,6,Hard Red Winter,Import,0.036195,985.08
1989-06,1989/90,1989,6,White,Import,0.166304,4526.06
1989-07,1989/90,1989,7,All Wheat,Import,1.586909,43188.6
1989-07,1989/90,1989,7,Durum,Import,1.108957,30180.86
1989-07,1989/90,1989,7,Hard Red Spring,Import,0.276732,7531.42
1989-07,1989/90,1989,7,Hard Red Winter,Import,0.040139,1092.41
1989-07,1989/90,1989,7,White,Import,0.161081,4383.91
1989-08,1989/90,1989,8,All Wheat,Import,2.602067,70816.67
1989-08,1989/90,1989,8,Durum,Import,1.19434,32504.62
1989-08,1989/90,1989,8,Hard Red Spring,Import,1.187893,32329.14
1989-08,1989/90,1989,8,Hard Red Winter,Import,0.036196,985.1
1989-08,1989/90,1989,8,White,Import,0.183638,4997.8
1989-09,1989/90,1989,9,All Wheat,Import,1.648096,44853.82
1989-09,1989/90,1989,9,Durum,Import,0.990452,26955.68
1989-09,1989/90,1989,9,Hard Red Spring,Import,0.466997,12709.56
1989-09,1989/90,1989,9,Hard Red Winter,Import,0.037167,1011.52
1989-09,1989/90,1989,9,White,Import,0.15348,4177.05
1989-10,1989/90,1989,10,All Wheat,Import,2.001639,54475.7
1989-10,1989/90,1989,10,Durum,Import,1.060394,28859.19
1989-10,1989/90,1989,10,Hard Red Spring,Import,0.744048,20249.67
1989-10,1989/90,1989,10,Hard Red Winter,Import,0.040981,1115.32
1989-10,1989/90,1989,10,White,Import,0.156216,4251.52
1989-11,1989/90,1989,11,All Wheat,Import,3.456736,94076.95
1989-11,1989/90,1989,11,Durum,Import,1.784902,48577.09
1989-11,1989/90,1989,11,Hard Red Spring,Import,1.461424,39773.46
1989-11,1989/90,1989,11,Hard Red Winter,Import,0.031337,852.87
1989-11,1989/90,1989,11,White,Import,0.179072,4873.54
1989-12,1989/90,1989,12,All Wheat,Import,1.872628,50964.58
1989-12,1989/90,1989,12,Durum,Import,1.422725,38720.24
1989-12,1989/90,1989,12,Hard Red Spring,Import,0.246489,6708.32
1989-12,1989/90,1989,12,Hard Red Winter,Import,0.039781,1082.65
1989-12,1989/90,1989,12,White,Import,0.163633,4453.36
1990-01,1989/90,1990,1,All Wheat,Import,1.576082,42893.93
1990-01,1989/90,1990,1,Durum,Import,0.729542,19854.89
1990-01,1989/90,1990,1,Hard Red Spring,Import,0.696214,18947.83
1990-01,1989/90,1990,1,Hard Red Winter,Import,9.2e-05,2.5
1990-01,1989/90,1990,1,White,Import,0.150234,4088.7
1990-02,1989/90,1990,2,All Wheat,Import,1.202929,32738.37
1990-02,1989/90,1990,2,Durum,Import,0.594316,16174.63
1990-02,1989/90,1990,2,Hard Red Spring,Import,0.488953,13307.12
1990-02,1989/90,1990,2,Hard Red Winter,Import,0.000271,7.38
1990-02,1989/90,1990,2,White,Import,0.119389,3249.24
1990-03,1989/90,1990,3,All Wheat,Import,1.007727,27425.84
1990-03,1989/90,1990,3,Durum,Import,0.642574,17488.0
1990-03,1989/90,1990,3,Hard Red Spring,Import,0.22242,6053.27
1990-03,1989/90,1990,3,White,Import,0.142733,3884.56
1990-04,1989/90,1990,4,All Wheat,Import,1.552842,42261.44
1990-04,1989/90,1990,4,Durum,Import,1.237734,33685.6
1990-04,1989/90,1990,4,Hard Red Spring,Import,0.138325,3764.6
1990-04,1989/90,1990,4,Hard Red Winter,Import,0.000874,23.8
1990-04,1989/90,1990,4,White,Import,0.175909,4787.45
1990-05,1989/90,1990,5,All Wheat,Import,3.24447,88300.01
1990-05,1989/90,1990,5,Durum,Import,1.37509,37423.81
1990-05,1989/90,1990,5,Hard Red Spring,Import,1.637547,44566.74
1990-05,1989/90,1990,5,Hard Red Winter,Import,0.000169,4.6
1990-05,1989/90,1990,5,White,Import,0.231664,6304.86
1990-06,1990/91,1990,6,All Wheat,Import,1.845853,50235.88
1990-06,1990/91,1990,6,Durum,Import,1.448181,39413.04
1990-06,1990/91,1990,6,Hard Red Spring,Import,0.206736,5626.42
1990-06,1990/91,1990,6,Hard Red Winter,Import,0.000207,5.62
1990-06,1990/91,1990,6,White,Import,0.190729,5190.8
1990-07,1990/91,1990,7,All Wheat,Import,2.234357,60809.23
1990-07,1990/91,1990,7,Durum,Import,1.330972,36223.12
1990-07,1990/91,1990,7,Hard Red Spring,Import,0.715625,19476.12
1990-07,1990/91,1990,7,White,Import,0.18776,5109.99
1990-08,1990/91,1990,8,All Wheat,Import,3.917756,106623.85
1990-08,1990/91,1990,8,Durum,Import,1.16631,31741.77
1990-08,1990/91,1990,8,Hard Red Spring,Import,2.546561,69306.04
1990-08,1990/91,1990,8,Hard Red Winter,Import,0.001736,47.24
1990-08,1990/91,1990,8,White,Import,0.203149,5528.81
1990-09,1990/91,1990,9,All Wheat,Import,4.802933,130714.43
1990-09,1990/91,1990,9,Durum,Import,1.113071,30292.83
1990-09,1990/91,1990,9,Hard Red Spring,Import,3.567069,97079.72
1990-09,1990/91,1990,9,Hard Red Winter,Import,0.000714,19.44
1990-09,1990/91,1990,9,White,Import,0.122079,3322.44
1990-10,1990/91,1990,10,All Wheat,Import,4.559641,124093.09
1990-10,1990/91,1990,10,Durum,Import,2.041201,55552.39
1990-10,1990/91,1990,10,Hard Red Spring,Import,2.33878,63651.16
1990-10,1990/91,1990,10,Hard Red Winter,Import,0.000184,5.0
1990-10,1990/91,1990,10,White,Import,0.179476,4884.54
1990-11,1990/91,1990,11,All Wheat,Import,4.026508,109583.59
1990-11,1990/91,1990,11,Durum,Import,2.053969,55899.88
1990-11,1990/91,1990,11,Hard Red Spring,Import,1.801461,49027.74
1990-11,1990/91,1990,11,White,Import,0.171078,4655.97
1990-12,1990/91,1990,12,All Wheat,Import,3.964778,107903.59
1990-12,1990/91,1990,12,Durum,Import,2.099693,57144.29
1990-12,1990/91,1990,12,Hard Red Spring,Import,1.716984,46728.65
1990-12,1990/91,1990,12,White,Import,0.148101,4030.65
1991-01,1990/91,1991,1,All Wheat,Import,1.433844,39022.83
1991-01,1990/91,1991,1,Durum,Import,1.027344,27959.72
1991-01,1990/91,1991,1,Hard Red Spring,Import,0.264257,7191.89
1991-01,1990/91,1991,1,White,Import,0.142243,3871.21
1991-02,1990/91,1991,2,All Wheat,Import,2.354129,64068.91
1991-02,1990/91,1991,2,Durum,Import,1.458792,39701.82
1991-02,1990/91,1991,2,Hard Red Spring,Import,0.75212,20469.36
1991-02,1990/91,1991,2,Hard Red Winter,Import,0.006643,180.8
1991-02,1990/91,1991,2,White,Import,0.136574,3716.92
1991-03,1990/91,1991,3,All Wheat,Import,2.07563,56489.4
1991-03,1990/91,1991,3,Durum,Import,1.673824,45554.03
1991-03,1990/91,1991,3,Hard Red Spring,Import,0.242737,6606.22
1991-03,1990/91,1991,3,Hard Red Winter,Import,0.000202,5.5
1991-03,1990/91,1991,3,White,Import,0.158867,4323.66
1991-04,1990/91,1991,4,All Wheat,Import,3.293727,89640.55
1991-04,1990/91,1991,4,Durum,Import,2.044531,55643.02
1991-04,1990/91,1991,4,Hard Red Spring,Import,0.875019,23814.11
1991-04,1990/91,1991,4,Hard Red Winter,Import,0.000201,5.48
1991-04,1990/91,1991,4,White,Import,0.373975,10177.94
1991-05,1990/91,1991,5,All Wheat,Import,1.865546,50771.85
1991-05,1990/91,1991,5,Durum,Import,1.503915,40929.88
1991-05,1990/91,1991,5,Hard Red Spring,Import,0.184902,5032.22
1991-05,1990/91,1991,5,Hard Red Winter,Import,0.000188,5.1
1991-05,1990/91,1991,5,White,Import,0.176541,4804.65
1991-06,1991/92,1991,6,All Wheat,Import,2.136927,58157.61
1991-06,1991/92,1991,6,Durum,Import,1.871143,50924.16
1991-06,1991/92,1991,6,Hard Red Spring,Import,0.075532,2055.63
1991-06,1991/92,1991,6,White,Import,0.190252,5177.82
1991-07,1991/92,1991,7,All Wheat,Import,2.234299,60807.66
1991-07,1991/92,1991,7,Durum,Import,1.43332,39008.58
1991-07,1991/92,1991,7,Hard Red Spring,Import,0.613232,16689.43
1991-07,1991/92,1991,7,White,Import,0.187747,5109.65
1991-08,1991/92,1991,8,All Wheat,Import,3.424266,93193.24
1991-08,1991/92,1991,8,Durum,Import,1.43789,39132.96
1991-08,1991/92,1991,8,Hard Red Spring,Import,1.009746,27480.79
1991-08,1991/92,1991,8,White,Import,0.976629,26579.49
1991-09,1991/92,1991,9,All Wheat,Import,1.118734,30446.94
1991-09,1991/92,1991,9,Durum,Import,0.737021,20058.43
1991-09,1991/92,1991,9,Hard Red Spring,Import,0.146064,3975.21
1991-09,1991/92,1991,9,Hard Red Winter,Import,0.000209,5.67
1991-09,1991/92,1991,9,White,Import,0.23544,6407.63
1991-10,1991/92,1991,10,All Wheat,Import,3.581204,97464.42
1991-10,1991/92,1991,10,Durum,Import,1.739323,47336.61
1991-10,1991/92,1991,10,Hard Red Spring,Import,1.513074,41179.12
1991-10,1991/92,1991,10,Hard Red Winter,Import,0.003719,101.22
1991-10,1991/92,1991,10,White,Import,0.325089,8847.46
1991-11,1991/92,1991,11,All Wheat,Import,2.528796,68822.55
1991-11,1991/92,1991,11,Durum,Import,1.170784,31863.53
1991-11,1991/92,1991,11,Hard Red Spring,Import,1.051418,28614.91
1991-11,1991/92,1991,11,White,Import,0.306594,8344.11
1991-12,1991/92,1991,12,All Wheat,Import,4.338837,118083.81
1991-12,1991/92,1991,12,Durum,Import,2.167645,58993.63
1991-12,1991/92,1991,12,Hard Red Spring,Import,1.777228,48368.21
1991-12,1991/92,1991,12,Hard Red Winter,Import,0.000634,17.25
1991-12,1991/92,1991,12,White,Import,0.393331,10704.71
1992-01,1991/92,1992,1,All Wheat,Import,2.996943,81563.43
1992-01,1991/92,1992,1,Durum,Import,1.25741,34221.1
1992-01,1991/92,1992,1,Hard Red Spring,Import,1.494113,40663.11
1992-01,1991/92,1992,1,Hard Red Winter,Import,0.000468,12.74
1992-01,1991/92,1992,1,White,Import,0.244951,6666.48
1992-02,1991/92,1992,2,All Wheat,Import,3.485886,94870.29
1992-02,1991/92,1992,2,Durum,Import,1.280805,34857.79
1992-02,1991/92,1992,2,Hard Red Spring,Import,1.860366,50630.87
1992-02,1991/92,1992,2,Hard Red Winter,Import,0.01691,460.21
1992-02,1991/92,1992,2,White,Import,0.327806,8921.42
1992-03,1991/92,1992,3,All Wheat,Import,3.996117,108756.5
1992-03,1991/92,1992,3,Durum,Import,1.807023,49179.12
1992-03,1991/92,1992,3,Hard Red Spring,Import,1.845047,50213.94
1992-03,1991/92,1992,3,Hard Red Winter,Import,0.006771,184.28
1992-03,1991/92,1992,3,White,Import,0.337277,9179.16
1992-04,1991/92,1992,4,All Wheat,Import,4.926065,134065.53
1992-04,1991/92,1992,4,Durum,Import,1.884747,51294.42
1992-04,1991/92,1992,4,Hard Red Spring,Import,2.089781,56874.52
1992-04,1991/92,1992,4,Hard Red Winter,Import,0.005242,142.67
1992-04,1991/92,1992,4,White,Import,0.946294,25753.91
1992-05,1991/92,1992,5,All Wheat,Import,6.501112,176931.29
1992-05,1991/92,1992,5,Durum,Import,3.338441,90857.48
1992-05,1991/92,1992,5,Hard Red Spring,Import,2.538147,69077.05
1992-05,1991/92,1992,5,Hard Red Winter,Import,0.018671,508.15
1992-05,1991/92,1992,5,White,Import,0.605853,16488.61
1992-06,1992/93,1992,6,All Wheat,Import,5.43368,147880.55
1992-06,1992/93,1992,6,Durum,Import,2.113747,57526.76
1992-06,1992/93,1992,6,Hard Red Spring,Import,2.779148,75636.03
1992-06,1992/93,1992,6,Hard Red Winter,Import,0.010956,298.17
1992-06,1992/93,1992,6,White,Import,0.529829,14419.58
1992-07,1992/93,1992,7,All Wheat,Import,5.747187,156412.8
1992-07,1992/93,1992,7,Durum,Import,2.198779,59840.95
1992-07,1992/93,1992,7,Hard Red Spring,Import,2.645224,71991.22
1992-07,1992/93,1992,7,Hard Red Winter,Import,0.0013,35.38
1992-07,1992/93,1992,7,White,Import,0.901884,24545.25
1992-08,1992/93,1992,8,All Wheat,Import,8.538241,232372.87
1992-08,1992/93,1992,8,Durum,Import,2.162376,58850.24
1992-08,1992/93,1992,8,Hard Red Spring,Import,3.13288,85263.03
1992-08,1992/93,1992,8,Hard Red Winter,Import,0.001332,36.26
1992-08,1992/93,1992,8,White,Import,3.241653,88223.34
1992-09,1992/93,1992,9,All Wheat,Import,6.589698,179342.21
1992-09,1992/93,1992,9,Durum,Import,2.885467,78529.56
1992-09,1992/93,1992,9,Hard Red Spring,Import,2.655684,72275.88
1992-09,1992/93,1992,9,Hard Red Winter,Import,0.005554,151.15
1992-09,1992/93,1992,9,White,Import,1.042993,28385.63
1992-10,1992/93,1992,10,All Wheat,Import,5.750044,156490.56
1992-10,1992/93,1992,10,Durum,Import,2.108873,57394.12
1992-10,1992/93,1992,10,Hard Red Spring,Import,2.620742,71324.91
1992-10,1992/93,1992,10,Hard Red Winter,Import,0.000316,8.59
1992-10,1992/93,1992,10,White,Import,1.020113,27762.94
1992-11,1992/93,1992,11,All Wheat,Import,4.50765,122678.15
1992-11,1992/93,1992,11,Durum,Import,2.34736,63884.68
1992-11,1992/93,1992,11,Hard Red Spring,Import,1.629927,44359.36
1992-11,1992/93,1992,11,Hard Red Winter,Import,0.046855,1275.17
1992-11,1992/93,1992,11,White,Import,0.483508,13158.94
1992-12,1992/93,1992,12,All Wheat,Import,7.324041,199327.75
1992-12,1992/93,1992,12,Durum,Import,2.741364,74607.72
1992-12,1992/93,1992,12,Hard Red Spring,Import,4.150113,112947.57
1992-12,1992/93,1992,12,Hard Red Winter,Import,0.014524,395.27
1992-12,1992/93,1992,12,White,Import,0.41804,11377.2
1993-01,1992/93,1993,1,All Wheat,Import,4.616877,125650.82
1993-01,1992/93,1993,1,Durum,Import,1.369973,37284.56
1993-01,1992/93,1993,1,Hard Red Spring,Import,2.799856,76199.6
1993-01,1992/93,1993,1,Hard Red Winter,Import,0.061579,1675.91
1993-01,1992/93,1993,1,White,Import,0.385469,10490.74
1993-02,1992/93,1993,2,All Wheat,Import,5.412708,147309.77
1993-02,1992/93,1993,2,Durum,Import,1.912036,52037.1
1993-02,1992/93,1993,2,Hard Red Spring,Import,3.011857,81969.31
1993-02,1992/93,1993,2,Hard Red Winter,Import,0.042957,1169.11
1993-02,1992/93,1993,2,White,Import,0.445857,12134.25
1993-03,1992/93,1993,3,All Wheat,Import,6.076673,165379.94
1993-03,1992/93,1993,3,Durum,Import,2.274464,61900.78
1993-03,1992/93,1993,3,Hard Red Spring,Import,3.146276,85627.6
1993-03,1992/93,1993,3,Hard Red Winter,Import,0.009773,265.97
1993-03,1992/93,1993,3,White,Import,0.64616,17585.58
1993-04,1992/93,1993,4,All Wheat,Import,5.406271,147134.59
1993-04,1992/93,1993,4,Durum,Import,2.038499,55478.85
1993-04,1992/93,1993,4,Hard Red Spring,Import,2.380134,64776.65
1993-04,1992/93,1993,4,Hard Red Winter,Import,0.002069,56.3
1993-04,1992/93,1993,4,White,Import,0.985569,26822.79
1993-05,1992/93,1993,5,All Wheat,Import,4.593921,125026.04
1993-05,1992/93,1993,5,Durum,Import,2.107127,57346.61
1993-05,1992/93,1993,5,Hard Red Spring,Import,1.821293,49567.47
1993-05,1992/93,1993,5,Hard Red Winter,Import,0.159179,4332.14
1993-05,1992/93,1993,5,White,Import,0.506322,13779.82
1993-06,1993/94,1993,6,All Wheat,Import,3.810179,103696.09
1993-06,1993/94,1993,6,Durum,Import,1.68978,45988.27
1993-06,1993/94,1993,6,Hard Red Spring,Import,1.467069,39927.07
1993-06,1993/94,1993,6,Hard Red Winter,Import,0.197155,5365.68
1993-06,1993/94,1993,6,White,Import,0.456176,12415.07
1993-07,1993/94,1993,7,All Wheat,Import,3.27522,89136.88
1993-07,1993/94,1993,7,Durum,Import,1.862364,50685.24
1993-07,1993/94,1993,7,Hard Red Spring,Import,1.106852,30123.57
1993-07,1993/94,1993,7,Hard Red Winter,Import,0.009981,271.65
1993-07,1993/94,1993,7,White,Import,0.296023,8056.42
1993-08,1993/94,1993,8,All Wheat,Import,7.509556,204376.64
1993-08,1993/94,1993,8,Durum,Import,2.136879,58156.31
1993-08,1993/94,1993,8,Hard Red Spring,Import,3.726149,101409.17
1993-08,1993/94,1993,8,Hard Red Winter,Import,0.246689,6713.77
1993-08,1993/94,1993,8,White,Import,1.39984,38097.39
1993-09,1993/94,1993,9,All Wheat,Import,8.332535,226774.44
1993-09,1993/94,1993,9,Durum,Import,2.232124,60748.47
1993-09,1993/94,1993,9,Hard Red Spring,Import,4.131235,112433.81
1993-09,1993/94,1993,9,Hard Red Winter,Import,0.196234,5340.61
1993-09,1993/94,1993,9,White,Import,1.772941,48251.56
1993-10,1993/94,1993,10,All Wheat,Import,10.975742,298710.76
1993-10,1993/94,1993,10,Durum,Import,2.713015,73836.18
1993-10,1993/94,1993,10,Hard Red Spring,Import,7.435912,202372.38
1993-10,1993/94,1993,10,Hard Red Winter,Import,0.017701,481.75
1993-10,1993/94,1993,10,White,Import,0.809113,22020.46
1993-11,1993/94,1993,11,All Wheat,Import,10.812486,294267.68
1993-11,1993/94,1993,11,Durum,Import,3.486024,94874.03
1993-11,1993/94,1993,11,Hard Red Spring,Import,6.923267,188420.46
1993-11,1993/94,1993,11,Hard Red Winter,Import,0.012325,335.43
1993-11,1993/94,1993,11,White,Import,0.390871,10637.77
1993-12,1993/94,1993,12,All Wheat,Import,9.676063,263339.31
1993-12,1993/94,1993,12,Durum,Import,3.096945,84285.03
1993-12,1993/94,1993,12,Hard Red Spring,Import,6.036475,164285.95
1993-12,1993/94,1993,12,Hard Red Winter,Import,0.119517,3252.71
1993-12,1993/94,1993,12,White,Import,0.423127,11515.62
1994-01,1993/94,1994,1,All Wheat,Import,7.898103,214951.15
1994-01,1993/94,1994,1,Durum,Import,1.98917,54136.34
1994-01,1993/94,1994,1,Hard Red Spring,Import,5.234042,142447.3
1994-01,1993/94,1994,1,Hard Red Winter,Import,0.258955,7047.59
1994-01,1993/94,1994,1,White,Import,0.415936,11319.92
1994-02,1993/94,1994,2,All Wheat,Import,9.325585,253800.84
1994-02,1993/94,1994,2,Durum,Import,1.907578,51915.77
1994-02,1993/94,1994,2,Hard Red Spring,Import,5.001509,136118.78
1994-02,1993/94,1994,2,Hard Red Winter,Import,1.516985,41285.57
1994-02,1993/94,1994,2,White,Import,0.899512,24480.71
1994-03,1993/94,1994,3,All Wheat,Import,10.047573,273450.15
1994-03,1993/94,1994,3,Durum,Import,2.843225,77379.9
1994-03,1993/94,1994,3,Hard Red Spring,Import,6.042999,164463.49
1994-03,1993/94,1994,3,Hard Red Winter,Import,0.486537,13241.37
1994-03,1993/94,1994,3,White,Import,0.674813,18365.4
1994-04,1993/94,1994,4,All Wheat,Import,12.214094,332413.18
1994-04,1993/94,1994,4,Durum,Import,3.632768,98867.76
1994-04,1993/94,1994,4,Hard Red Spring,Import,7.744299,210765.31
1994-04,1993/94,1994,4,Hard Red Winter,Import,0.329165,8958.4
1994-04,1993/94,1994,4,White,Import,0.507861,13821.71
1994-05,1993/94,1994,5,All Wheat,Import,14.982389,407753.84
1994-05,1993/94,1994,5,Durum,Import,3.01613,82085.6
1994-05,1993/94,1994,5,Hard Red Spring,Import,10.907683,296858.5
1994-05,1993/94,1994,5,Hard Red Winter,Import,0.136374,3711.48
1994-05,1993/94,1994,5,White,Import,0.922203,25098.26
1994-06,1994/95,1994,6,All Wheat,Import,12.837348,349375.4
1994-06,1994/95,1994,6,Durum,Import,1.722646,46882.76
1994-06,1994/95,1994,6,Hard Red Spring,Import,9.825791,267414.23
1994-06,1994/95,1994,6,Hard Red Winter,Import,0.520304,14160.35
1994-06,1994/95,1994,6,White,Import,0.768607,20918.07
1994-07,1994/95,1994,7,All Wheat,Import,10.488982,285463.34
1994-07,1994/95,1994,7,Durum,Import,1.407118,38295.47
1994-07,1994/95,1994,7,Hard Red Spring,Import,8.390576,228354.06
1994-07,1994/95,1994,7,Hard Red Winter,Import,0.230119,6262.82
1994-07,1994/95,1994,7,White,Import,0.46117,12550.98
1994-08,1994/95,1994,8,All Wheat,Import,7.395401,201269.85
1994-08,1994/95,1994,8,Durum,Import,1.430398,38929.07
1994-08,1994/95,1994,8,Hard Red Spring,Import,4.509637,122732.22
1994-08,1994/95,1994,8,Hard Red Winter,Import,0.182363,4963.11
1994-08,1994/95,1994,8,White,Import,1.273003,34645.45
1994-09,1994/95,1994,9,All Wheat,Import,6.62079,180188.39
1994-09,1994/95,1994,9,Durum,Import,1.593831,43376.97
1994-09,1994/95,1994,9,Hard Red Spring,Import,3.070254,83558.62
1994-09,1994/95,1994,9,Hard Red Winter,Import,0.01291,351.36
1994-09,1994/95,1994,9,White,Import,1.943795,52901.44
1994-10,1994/95,1994,10,All Wheat,Import,7.473321,203390.49
1994-10,1994/95,1994,10,Durum,Import,2.158237,58737.58
1994-10,1994/95,1994,10,Hard Red Spring,Import,3.225889,87794.32
1994-10,1994/95,1994,10,Hard Red Winter,Import,0.12814,3487.41
1994-10,1994/95,1994,10,White,Import,1.961055,53371.18
1994-11,1994/95,1994,11,All Wheat,Import,7.329259,199469.77
1994-11,1994/95,1994,11,Durum,Import,1.104111,30048.98
1994-11,1994/95,1994,11,Hard Red Spring,Import,4.036145,109845.88
1994-11,1994/95,1994,11,Hard Red Winter,Import,0.022938,624.28
1994-11,1994/95,1994,11,White,Import,2.166065,58950.63
1994-12,1994/95,1994,12,All Wheat,Import,6.709431,182600.81
1994-12,1994/95,1994,12,Durum,Import,1.375872,37445.09
1994-12,1994/95,1994,12,Hard Red Spring,Import,2.482092,67551.47
1994-12,1994/95,1994,12,Hard Red Winter,Import,0.909563,24754.24
1994-12,1994/95,1994,12,White,Import,1.941906,52850.01
1995-01,1994/95,1995,1,All Wheat,Import,5.89916,160548.85
1995-01,1994/95,1995,1,Durum,Import,2.490855,67789.97
1995-01,1994/95,1995,1,Hard Red Spring,Import,1.931215,52559.05
1995-01,1994/95,1995,1,Hard Red Winter,Import,0.908968,24738.06
1995-01,1994/95,1995,1,White,Import,0.568122,15461.76
1995-02,1994/95,1995,2,All Wheat,Import,5.043226,137254.14
1995-02,1994/95,1995,2,Durum,Import,1.591609,43316.51
1995-02,1994/95,1995,2,Hard Red Spring,Import,2.916499,79374.09
1995-02,1994/95,1995,2,Hard Red Winter,Import,0.014422,392.5
1995-02,1994/95,1995,2,White,Import,0.520697,14171.04
1995-03,1994/95,1995,3,All Wheat,Import,6.53094,177743.07
1995-03,1994/95,1995,3,Durum,Import,2.374579,64625.44
1995-03,1994/95,1995,3,Hard Red Spring,Import,3.325001,90491.72
1995-03,1994/95,1995,3,Hard Red Winter,Import,0.032036,871.87
1995-03,1994/95,1995,3,White,Import,0.799324,21754.03
1995-04,1994/95,1995,4,All Wheat,Import,7.483854,203677.16
1995-04,1994/95,1995,4,Durum,Import,2.960697,80576.98
1995-04,1994/95,1995,4,Hard Red Spring,Import,3.614294,98364.96
1995-04,1994/95,1995,4,Hard Red Winter,Import,0.314068,8547.54
1995-04,1994/95,1995,4,White,Import,0.594795,16187.68
1995-05,1994/95,1995,5,All Wheat,Import,8.134967,221397.54
1995-05,1994/95,1995,5,Durum,Import,2.078064,56555.63
1995-05,1994/95,1995,5,Hard Red Spring,Import,4.051425,110261.73
1995-05,1994/95,1995,5,Hard Red Winter,Import,0.1014,2759.66
1995-05,1994/95,1995,5,White,Import,1.904078,51820.52
1995-06,1995/96,1995,6,All Wheat,Import,8.436384,229600.76
1995-06,1995/96,1995,6,Durum,Import,1.847172,50271.78
1995-06,1995/96,1995,6,Hard Red Spring,Import,4.292717,116828.63
1995-06,1995/96,1995,6,Hard Red Winter,Import,0.002467,67.15
1995-06,1995/96,1995,6,White,Import,2.294028,62433.2
1995-07,1995/96,1995,7,All Wheat,Import,7.762303,211255.29
1995-07,1995/96,1995,7,Durum,Import,1.944708,52926.29
1995-07,1995/96,1995,7,Hard Red Spring,Import,3.383569,92085.67
1995-07,1995/96,1995,7,White,Import,2.434026,66243.33
1995-08,1995/96,1995,8,All Wheat,Import,6.523867,177550.58
1995-08,1995/96,1995,8,Durum,Import,1.232408,33540.66
1995-08,1995/96,1995,8,Hard Red Spring,Import,1.942741,52872.76
1995-08,1995/96,1995,8,Hard Red Winter,Import,0.018539,504.54
1995-08,1995/96,1995,8,White,Import,3.330179,90632.62
1995-09,1995/96,1995,9,All Wheat,Import,5.899302,160552.7
1995-09,1995/96,1995,9,Durum,Import,0.864585,23530.16
1995-09,1995/96,1995,9,Hard Red Spring,Import,2.662483,72460.91
1995-09,1995/96,1995,9,Hard Red Winter,Import,0.010232,278.47
1995-09,1995/96,1995,9,White,Import,2.362002,64283.16
1995-10,1995/96,1995,10,All Wheat,Import,5.228326,142291.73
1995-10,1995/96,1995,10,Durum,Import,1.8007,49007.04
1995-10,1995/96,1995,10,Hard Red Spring,Import,2.3972,65241.09
1995-10,1995/96,1995,10,Hard Red Winter,Import,0.000496,13.49
1995-10,1995/96,1995,10,White,Import,1.02993,28030.1
1995-11,1995/96,1995,11,All Wheat,Import,5.124232,139458.75
1995-11,1995/96,1995,11,Durum,Import,2.057678,56000.81
1995-11,1995/96,1995,11,Hard Red Spring,Import,2.321897,63191.69
1995-11,1995/96,1995,11,Hard Red Winter,Import,0.003048,82.96
1995-11,1995/96,1995,11,White,Import,0.741609,20183.29
1995-12,1995/96,1995,12,All Wheat,Import,4.757412,129475.55
1995-12,1995/96,1995,12,Durum,Import,1.175816,32000.47
1995-12,1995/96,1995,12,Hard Red Spring,Import,2.041415,55558.21
1995-12,1995/96,1995,12,Hard Red Winter,Import,0.054468,1482.38
1995-12,1995/96,1995,12,White,Import,1.485713,40434.5
1996-01,1995/96,1996,1,All Wheat,Import,3.728388,101470.09
1996-01,1995/96,1996,1,Durum,Import,0.972594,26469.68
1996-01,1995/96,1996,1,Hard Red Spring,Import,1.656833,45091.6
1996-01,1995/96,1996,1,Hard Red Winter,Import,0.013533,368.3
1996-01,1995/96,1996,1,White,Import,1.085428,29540.52
1996-02,1995/96,1996,2,All Wheat,Import,3.272695,89068.16
1996-02,1995/96,1996,2,Durum,Import,1.074129,29233.0
1996-02,1995/96,1996,2,Hard Red Spring,Import,1.502221,40883.76
1996-02,1995/96,1996,2,Hard Red Winter,Import,0.022243,605.36
1996-02,1995/96,1996,2,White,Import,0.674102,18346.04
1996-03,1995/96,1996,3,All Wheat,Import,5.415134,147375.82
1996-03,1995/96,1996,3,Durum,Import,1.480246,40285.71
1996-03,1995/96,1996,3,Hard Red Spring,Import,2.600062,70762.11
1996-03,1995/96,1996,3,Hard Red Winter,Import,0.039145,1065.36
1996-03,1995/96,1996,3,White,Import,1.29568,35262.64
1996-04,1995/96,1996,4,All Wheat,Import,6.284367,171032.44
1996-04,1995/96,1996,4,Durum,Import,2.112037,57480.23
1996-04,1995/96,1996,4,Hard Red Spring,Import,2.64128,71883.87
1996-04,1995/96,1996,4,Hard Red Winter,Import,0.063531,1729.02
1996-04,1995/96,1996,4,White,Import,1.467519,39939.32
1996-05,1995/96,1996,5,All Wheat,Import,5.500508,149699.31
1996-05,1995/96,1996,5,Durum,Import,1.788855,48684.65
1996-05,1995/96,1996,5,Hard Red Spring,Import,2.537882,69069.85
1996-05,1995/96,1996,5,Hard Red Winter,Import,0.058268,1585.79
1996-05,1995/96,1996,5,White,Import,1.115503,30359.02
1996-06,1996/97,1996,6,All Wheat,Import,5.134015,139725.0
1996-06,1996/97,1996,6,Durum,Import,1.379219,37536.18
1996-06,1996/97,1996,6,Hard Red Spring,Import,2.716763,73938.17
1996-06,1996/97,1996,6,Hard Red Winter,Import,0.008688,236.45
1996-06,1996/97,1996,6,White,Import,1.029346,28014.2
1996-07,1996/97,1996,7,All Wheat,Import,4.582676,124720.0
1996-07,1996/97,1996,7,Durum,Import,1.71961,46800.12
1996-07,1996/97,1996,7,Hard Red Spring,Import,2.46368,67050.38
1996-07,1996/97,1996,7,Hard Red Winter,Import,0.000141,3.85
1996-07,1996/97,1996,7,White,Import,0.399245,10865.66
1996-08,1996/97,1996,8,All Wheat,Import,5.134504,139738.32
1996-08,1996/97,1996,8,Durum,Import,2.377907,64716.01
1996-08,1996/97,1996,8,Hard Red Spring,Import,1.763483,47994.14
1996-08,1996/97,1996,8,Hard Red Winter,Import,0.001684,45.84
1996-08,1996/97,1996,8,White,Import,0.991431,26982.33
1996-09,1996/97,1996,9,All Wheat,Import,4.385936,119365.62
1996-09,1996/97,1996,9,Durum,Import,1.100343,29946.44
1996-09,1996/97,1996,9,Hard Red Spring,Import,2.012075,54759.72
1996-09,1996/97,1996,9,Hard Red Winter,Import,0.025442,692.41
1996-09,1996/97,1996,9,White,Import,1.248075,33967.04
1996-10,1996/97,1996,10,All Wheat,Import,7.330933,199515.31
1996-10,1996/97,1996,10,Durum,Import,1.346761,36652.83
1996-10,1996/97,1996,10,Hard Red Spring,Import,4.413255,120109.13
1996-10,1996/97,1996,10,Hard Red Winter,Import,0.005101,138.82
1996-10,1996/97,1996,10,White,Import,1.565816,42614.53
1996-11,1996/97,1996,11,All Wheat,Import,8.950152,243583.24
1996-11,1996/97,1996,11,Durum,Import,2.367335,64428.31
1996-11,1996/97,1996,11,Hard Red Spring,Import,4.788522,130322.23
1996-11,1996/97,1996,11,Hard Red Winter,Import,0.001586,43.16
1996-11,1996/97,1996,11,White,Import,1.792709,48789.54
1996-12,1996/97,1996,12,All Wheat,Import,8.740014,237864.22
1996-12,1996/97,1996,12,Durum,Import,2.375196,64642.23
1996-12,1996/97,1996,12,Hard Red Spring,Import,4.453846,121213.84
1996-12,1996/97,1996,12,Hard Red Winter,Import,0.044618,1214.3
1996-12,1996/97,1996,12,White,Import,1.866354,50793.85
1997-01,1996/97,1997,1,All Wheat,Import,7.282457,198196.01
1997-01,1996/97,1997,1,Durum,Import,1.694854,46126.37
1997-01,1996/97,1997,1,Hard Red Spring,Import,4.275992,116373.45
1997-01,1996/97,1997,1,Hard Red Winter,Import,0.022862,622.19
1997-01,1996/97,1997,1,White,Import,1.288749,35074.0
1997-02,1996/97,1997,2,All Wheat,Import,11.060758,301024.51
1997-02,1996/97,1997,2,Durum,Import,2.495492,67916.17
1997-02,1996/97,1997,2,Hard Red Spring,Import,6.970139,189696.1
1997-02,1996/97,1997,2,Hard Red Winter,Import,0.029852,812.44
1997-02,1996/97,1997,2,White,Import,1.565275,42599.8
1997-03,1996/97,1997,3,All Wheat,Import,10.34975,281674.07
1997-03,1996/97,1997,3,Durum,Import,1.637618,44568.66
1997-03,1996/97,1997,3,Hard Red Spring,Import,7.544843,205337.0
1997-03,1996/97,1997,3,Hard Red Winter,Import,0.043548,1185.18
1997-03,1996/97,1997,3,White,Import,1.123742,30583.24
1997-04,1996/97,1997,4,All Wheat,Import,8.609896,234322.98
1997-04,1996/97,1997,4,Durum,Import,1.788549,48676.32
1997-04,1996/97,1997,4,Hard Red Spring,Import,5.586069,152027.9
1997-04,1996/97,1997,4,Hard Red Winter,Import,0.052981,1441.9
1997-04,1996/97,1997,4,White,Import,1.182297,32176.86
1997-05,1996/97,1997,5,All Wheat,Import,10.77165,293156.28
1997-05,1996/97,1997,5,Durum,Import,3.466196,94334.4
1997-05,1996/97,1997,5,Hard Red Spring,Import,6.027801,164049.87
1997-05,1996/97,1997,5,Hard Red Winter,Import,0.041336,1124.98
1997-05,1996/97,1997,5,White,Import,1.236317,33647.03
1997-06,1997/98,1997,6,All Wheat,Import,8.179047,222597.21
1997-06,1997/98,1997,6,Durum,Import,2.572463,70010.98
1997-06,1997/98,1997,6,Hard Red Spring,Import,4.745331,129146.74
1997-06,1997/98,1997,6,Hard Red Winter,Import,0.023993,652.99
1997-06,1997/98,1997,6,White,Import,0.83726,22786.5
1997-07,1997/98,1997,7,All Wheat,Import,6.896676,187696.78
1997-07,1997/98,1997,7,Durum,Import,2.300744,62615.98
1997-07,1997/98,1997,7,Hard Red Spring,Import,3.785834,103033.52
1997-07,1997/98,1997,7,Hard Red Winter,Import,0.040914,1113.48
1997-07,1997/98,1997,7,White,Import,0.769185,20933.79
1997-08,1997/98,1997,8,All Wheat,Import,7.633437,207748.13
1997-08,1997/98,1997,8,Durum,Import,2.06949,56322.29
1997-08,1997/98,1997,8,Hard Red Spring,Import,5.101371,138836.58
1997-08,1997/98,1997,8,Hard Red Winter,Import,0.04089,1112.85
1997-08,1997/98,1997,8,White,Import,0.421686,11476.4
1997-09,1997/98,1997,9,All Wheat,Import,5.859044,159457.05
1997-09,1997/98,1997,9,Durum,Import,1.857863,50562.75
1997-09,1997/98,1997,9,Hard Red Spring,Import,3.233811,88009.91
1997-09,1997/98,1997,9,Hard Red Winter,Import,0.080848,2200.33
1997-09,1997/98,1997,9,White,Import,0.686521,18684.05
1997-10,1997/98,1997,10,All Wheat,Import,8.256816,224713.72
1997-10,1997/98,1997,10,Durum,Import,2.456084,66843.65
1997-10,1997/98,1997,10,Hard Red Spring,Import,4.904716,133484.5
1997-10,1997/98,1997,10,Hard Red Winter,Import,0.028027,762.76
1997-10,1997/98,1997,10,White,Import,0.867989,23622.8
1997-11,1997/98,1997,11,All Wheat,Import,8.660847,235709.66
1997-11,1997/98,1997,11,Durum,Import,3.537586,96277.31
1997-11,1997/98,1997,11,Hard Red Spring,Import,4.476834,121839.46
1997-11,1997/98,1997,11,Hard Red Winter,Import,0.001435,39.05
1997-11,1997/98,1997,11,White,Import,0.644993,17553.83
1997-12,1997/98,1997,12,All Wheat,Import,8.85384,240962.05
1997-12,1997/98,1997,12,Durum,Import,2.360499,64242.25
1997-12,1997/98,1997,12,Hard Red Spring,Import,5.731397,155983.06
1997-12,1997/98,1997,12,Hard Red Winter,Import,0.015456,420.64
1997-12,1997/98,1997,12,White,Import,0.746489,20316.09
1998-01,1997/98,1998,1,All Wheat,Import,6.768778,184215.96
1998-01,1997/98,1998,1,Durum,Import,1.732497,47150.83
1998-01,1997/98,1998,1,Hard Red Spring,Import,4.423272,120381.75
1998-01,1997/98,1998,1,Hard Red Winter,Import,0.094793,2579.84
1998-01,1997/98,1998,1,White,Import,0.518217,14103.54
1998-02,1997/98,1998,2,All Wheat,Import,8.144193,221648.62
1998-02,1997/98,1998,2,Durum,Import,2.118766,57663.35
1998-02,1997/98,1998,2,Hard Red Spring,Import,5.452184,148384.15
1998-02,1997/98,1998,2,Hard Red Winter,Import,0.098985,2693.92
1998-02,1997/98,1998,2,White,Import,0.474258,12907.19
1998-03,1997/98,1998,3,All Wheat,Import,9.11465,248060.13
1998-03,1997/98,1998,3,Durum,Import,2.499319,68020.33
1998-03,1997/98,1998,3,Hard Red Spring,Import,5.827302,158593.17
1998-03,1997/98,1998,3,Hard Red Winter,Import,0.057847,1574.35
1998-03,1997/98,1998,3,White,Import,0.730181,19872.27
1998-04,1997/98,1998,4,All Wheat,Import,7.732193,210435.83
1998-04,1997/98,1998,4,Durum,Import,3.009659,81909.5
1998-04,1997/98,1998,4,Hard Red Spring,Import,3.843707,104608.57
1998-04,1997/98,1998,4,Hard Red Winter,Import,0.130472,3550.86
1998-04,1997/98,1998,4,White,Import,0.748356,20366.91
1998-05,1997/98,1998,5,All Wheat,Import,8.696156,236670.59
1998-05,1997/98,1998,5,Durum,Import,2.560568,69687.24
1998-05,1997/98,1998,5,Hard Red Spring,Import,5.188038,141195.27
1998-05,1997/98,1998,5,Hard Red Winter,Import,0.01538,418.59
1998-05,1997/98,1998,5,White,Import,0.93217,25369.5
1998-06,1998/99,1998,6,All Wheat,Import,7.481579,203615.24
1998-06,1998/99,1998,6,Durum,Import,2.290012,62323.93
1998-06,1998/99,1998,6,Hard Red Spring,Import,4.518191,122965.02
1998-06,1998/99,1998,6,Hard Red Winter,Import,0.001498,40.76
1998-06,1998/99,1998,6,White,Import,0.671878,18285.54
1998-07,1998/99,1998,7,All Wheat,Import,7.976474,217084.07
1998-07,1998/99,1998,7,Durum,Import,2.437792,66345.84
1998-07,1998/99,1998,7,Hard Red Spring,Import,4.992251,135866.82
1998-07,1998/99,1998,7,Hard Red Winter,Import,0.000645,17.54
1998-07,1998/99,1998,7,White,Import,0.545786,14853.86
1998-08,1998/99,1998,8,All Wheat,Import,8.837339,240512.96
1998-08,1998/99,1998,8,Durum,Import,1.832598,49875.14
1998-08,1998/99,1998,8,Hard Red Spring,Import,4.325002,117707.27
1998-08,1998/99,1998,8,Hard Red Winter,Import,0.017332,471.71
1998-08,1998/99,1998,8,White,Import,2.662406,72458.83
1998-09,1998/99,1998,9,All Wheat,Import,6.516312,177344.96
1998-09,1998/99,1998,9,Durum,Import,1.3998,38096.32
1998-09,1998/99,1998,9,Hard Red Spring,Import,4.107818,111796.5
1998-09,1998/99,1998,9,Hard Red Winter,Import,0.005584,151.98
1998-09,1998/99,1998,9,White,Import,1.003109,27300.16
1998-10,1998/99,1998,10,All Wheat,Import,9.66232,262965.28
1998-10,1998/99,1998,10,Durum,Import,3.727261,101439.42
1998-10,1998/99,1998,10,Hard Red Spring,Import,5.320343,144796.01
1998-10,1998/99,1998,10,Hard Red Winter,Import,0.024968,679.51
1998-10,1998/99,1998,10,White,Import,0.589749,16050.35
1998-11,1998/99,1998,11,All Wheat,Import,7.750238,210926.94
1998-11,1998/99,1998,11,Durum,Import,2.558637,69634.68
1998-11,1998/99,1998,11,Hard Red Spring,Import,4.630015,126008.38
1998-11,1998/99,1998,11,Hard Red Winter,Import,0.083551,2273.9
1998-11,1998/99,1998,11,White,Import,0.478035,13009.98
1998-12,1998/99,1998,12,All Wheat,Import,8.154008,221915.76
1998-12,1998/99,1998,12,Durum,Import,2.742514,74639.0
1998-12,1998/99,1998,12,Hard Red Spring,Import,4.831485,131491.48
1998-12,1998/99,1998,12,Hard Red Winter,Import,0.016922,460.55
1998-12,1998/99,1998,12,White,Import,0.563087,15324.72
1999-01,1998/99,1999,1,All Wheat,Import,9.618152,261763.22
1999-01,1998/99,1999,1,Durum,Import,3.407588,92739.36
1999-01,1998/99,1999,1,Hard Red Spring,Import,5.140397,139898.69
1999-01,1998/99,1999,1,Hard Red Winter,Import,0.183468,4993.17
1999-01,1998/99,1999,1,Soft Red Winter,Import,0.276982,7538.22
1999-01,1998/99,1999,1,White,Import,0.609717,16593.78
1999-02,1998/99,1999,2,All Wheat,Import,9.94176,270570.38
1999-02,1998/99,1999,2,Durum,Import,3.158133,85950.29
1999-02,1998/99,1999,2,Hard Red Spring,Import,5.27925,143677.66
1999-02,1998/99,1999,2,Hard Red Winter,Import,0.004808,130.85
1999-02,1998/99,1999,2,Soft Red Winter,Import,0.388305,10567.92
1999-02,1998/99,1999,2,White,Import,1.111264,30243.66
1999-03,1998/99,1999,3,All Wheat,Import,8.781502,238993.33
1999-03,1998/99,1999,3,Durum,Import,2.993952,81482.04
1999-03,1998/99,1999,3,Hard Red Spring,Import,4.004047,108972.31
1999-03,1998/99,1999,3,Hard Red Winter,Import,0.378638,10304.85
1999-03,1998/99,1999,3,Soft Red Winter,Import,0.488256,13288.14
1999-03,1998/99,1999,3,White,Import,0.916609,24946.0
1999-04,1998/99,1999,4,All Wheat,Import,7.471905,203351.94
1999-04,1998/99,1999,4,Durum,Import,3.407143,92727.25
1999-04,1998/99,1999,4,Hard Red Spring,Import,3.10511,84507.25
1999-04,1998/99,1999,4,Hard Red Winter,Import,0.008394,228.45
1999-04,1998/99,1999,4,Soft Red Winter,Import,0.33137,9018.4
1999-04,1998/99,1999,4,White,Import,0.619888,16870.6
1999-05,1998/99,1999,5,All Wheat,Import,10.718188,291701.3
1999-05,1998/99,1999,5,Durum,Import,3.426033,93241.35
1999-05,1998/99,1999,5,Hard Red Spring,Import,6.270708,170660.73
1999-05,1998/99,1999,5,Hard Red Winter,Import,0.087238,2374.24
1999-05,1998/99,1999,5,Soft Red Winter,Import,0.157302,4281.05
1999-05,1998/99,1999,5,White,Import,0.776907,21143.94
1999-06,1999/00,1999,6,All Wheat,Import,9.501342,258584.17
1999-06,1999/00,1999,6,Durum,Import,3.607586,98182.4
1999-06,1999/00,1999,6,Hard Red Spring,Import,5.291878,144021.34
1999-06,1999/00,1999,6,Hard Red Winter,Import,0.004429,120.52
1999-06,1999/00,1999,6,Soft Red Winter,Import,0.043251,1177.1
1999-06,1999/00,1999,6,White,Import,0.554198,15082.8
1999-07,1999/00,1999,7,All Wheat,Import,11.107055,302284.53
1999-07,1999/00,1999,7,Durum,Import,4.225218,114991.61
1999-07,1999/00,1999,7,Hard Red Spring,Import,6.21418,169122.27
1999-07,1999/00,1999,7,Hard Red Winter,Import,0.003528,96.03
1999-07,1999/00,1999,7,Soft Red Winter,Import,0.085267,2320.59
1999-07,1999/00,1999,7,White,Import,0.578862,15754.03
1999-08,1999/00,1999,8,All Wheat,Import,9.977441,271541.47
1999-08,1999/00,1999,8,Durum,Import,2.98422,81217.16
1999-08,1999/00,1999,8,Hard Red Spring,Import,5.675144,154452.12
1999-08,1999/00,1999,8,Hard Red Winter,Import,0.006076,165.37
1999-08,1999/00,1999,8,Soft Red Winter,Import,0.792434,21566.52
1999-08,1999/00,1999,8,White,Import,0.519567,14140.3
1999-09,1999/00,1999,9,All Wheat,Import,6.794887,184926.54
1999-09,1999/00,1999,9,Durum,Import,2.107214,57348.98
1999-09,1999/00,1999,9,Hard Red Spring,Import,3.59507,97841.79
1999-09,1999/00,1999,9,Hard Red Winter,Import,0.001368,37.23
1999-09,1999/00,1999,9,Soft Red Winter,Import,0.200174,5447.84
1999-09,1999/00,1999,9,White,Import,0.891061,24250.7
1999-10,1999/00,1999,10,All Wheat,Import,6.011229,163598.86
1999-10,1999/00,1999,10,Durum,Import,2.084367,56727.18
1999-10,1999/00,1999,10,Hard Red Spring,Import,3.112303,84703.03
1999-10,1999/00,1999,10,Hard Red Winter,Import,0.002012,54.76
1999-10,1999/00,1999,10,Soft Red Winter,Import,0.377147,10264.25
1999-10,1999/00,1999,10,White,Import,0.4354,11849.65
1999-11,1999/00,1999,11,All Wheat,Import,6.652343,181047.13
1999-11,1999/00,1999,11,Durum,Import,2.471962,67275.8
1999-11,1999/00,1999,11,Hard Red Spring,Import,3.367682,91653.3
1999-11,1999/00,1999,11,Hard Red Winter,Import,0.017007,462.85
1999-11,1999/00,1999,11,Soft Red Winter,Import,0.315133,8576.51
1999-11,1999/00,1999,11,White,Import,0.480559,13078.68
1999-12,1999/00,1999,12,All Wheat,Import,6.779057,184495.7
1999-12,1999/00,1999,12,Durum,Import,2.193574,59699.29
1999-12,1999/00,1999,12,Hard Red Spring,Import,3.801865,103469.82
1999-12,1999/00,1999,12,Hard Red Winter,Import,0.019388,527.66
1999-12,1999/00,1999,12,Soft Red Winter,Import,0.327059,8901.09
1999-12,1999/00,1999,12,White,Import,0.43717,11897.83
2000-06,2000/01,2000,6,All Wheat,Import,7.631185,207686.85
2000-06,2000/01,2000,6,Durum,Import,2.090031,56881.31
2000-06,2000/01,2000,6,Hard Red Spring,Import,5.039495,137152.6
2000-06,2000/01,2000,6,Hard Red Winter,Import,0.000834,22.69
2000-06,2000/01,2000,6,Soft Red Winter,Import,0.031225,849.81
2000-06,2000/01,2000,6,White,Import,0.469601,12780.44
2000-07,2000/01,2000,7,All Wheat,Import,7.819432,212810.08
2000-07,2000/01,2000,7,Durum,Import,1.942796,52874.25
2000-07,2000/01,2000,7,Hard Red Spring,Import,5.285795,143855.77
2000-07,2000/01,2000,7,Soft Red Winter,Import,0.079201,2155.51
2000-07,2000/01,2000,7,White,Import,0.51164,13924.55
2000-08,2000/01,2000,8,All Wheat,Import,4.938752,134410.82
2000-08,2000/01,2000,8,Durum,Import,1.584647,43127.03
2000-08,2000/01,2000,8,Hard Red Spring,Import,2.736173,74466.43
2000-08,2000/01,2000,8,Hard Red Winter,Import,0.00276,75.11
2000-08,2000/01,2000,8,Soft Red Winter,Import,0.180915,4923.69
2000-08,2000/01,2000,8,White,Import,0.434257,11818.55
2000-09,2000/01,2000,9,All Wheat,Import,6.552962,178342.42
2000-09,2000/01,2000,9,Durum,Import,2.201704,59920.58
2000-09,2000/01,2000,9,Hard Red Spring,Import,3.610707,98267.36
2000-09,2000/01,2000,9,Hard Red Winter,Import,0.002514,68.42
2000-09,2000/01,2000,9,Soft Red Winter,Import,0.326033,8873.16
2000-09,2000/01,2000,9,White,Import,0.412003,11212.89
2000-10,2000/01,2000,10,All Wheat,Import,9.130731,248497.79
2000-10,2000/01,2000,10,Durum,Import,2.804599,76328.69
2000-10,2000/01,2000,10,Hard Red Spring,Import,5.761698,156807.72
2000-10,2000/01,2000,10,Hard Red Winter,Import,0.000147,4.0
2000-10,2000/01,2000,10,Soft Red Winter,Import,0.199642,5433.37
2000-10,2000/01,2000,10,White,Import,0.364645,9924.0
2000-11,2000/01,2000,11,All Wheat,Import,9.435077,256780.74
2000-11,2000/01,2000,11,Durum,Import,2.564754,69801.16
2000-11,2000/01,2000,11,Hard Red Spring,Import,6.088276,165695.74
2000-11,2000/01,2000,11,Hard Red Winter,Import,0.012573,342.18
2000-11,2000/01,2000,11,Soft Red Winter,Import,0.334779,9111.2
2000-11,2000/01,2000,11,White,Import,0.434695,11830.45
2000-12,2000/01,2000,12,All Wheat,Import,8.131611,221306.21
2000-12,2000/01,2000,12,Durum,Import,2.017413,54905.0
2000-12,2000/01,2000,12,Hard Red Spring,Import,5.441586,148095.7
2000-12,2000/01,2000,12,Hard Red Winter,Import,0.007344,199.86
2000-12,2000/01,2000,12,Soft Red Winter,Import,0.30682,8350.27
2000-12,2000/01,2000,12,White,Import,0.358449,9755.38
2001-01,2000/01,2001,1,All Wheat,Import,6.547821,178202.49
2001-01,2000/01,2001,1,Durum,Import,2.371707,64547.28
2001-01,2000/01,2001,1,Hard Red Spring,Import,3.606908,98163.96
2001-01,2000/01,2001,1,Soft Red Winter,Import,0.191701,5217.24
2001-01,2000/01,2001,1,White,Import,0.377505,10274.0
2001-02,2000/01,2001,2,All Wheat,Import,6.720909,182913.17
2001-02,2000/01,2001,2,Durum,Import,1.415492,38523.39
2001-02,2000/01,2001,2,Hard Red Spring,Import,4.377599,119138.73
2001-02,2000/01,2001,2,Hard Red Winter,Import,0.000662,18.01
2001-02,2000/01,2001,2,Soft Red Winter,Import,0.568958,15484.49
2001-02,2000/01,2001,2,White,Import,0.358198,9748.55
2001-03,2000/01,2001,3,All Wheat,Import,8.066678,219539.02
2001-03,2000/01,2001,3,Durum,Import,2.245729,61118.73
2001-03,2000/01,2001,3,Hard Red Spring,Import,4.759049,129520.1
2001-03,2000/01,2001,3,Hard Red Winter,Import,0.005183,141.05
2001-03,2000/01,2001,3,Soft Red Winter,Import,0.550889,14992.75
2001-03,2000/01,2001,3,White,Import,0.505828,13766.39
2001-04,2000/01,2001,4,All Wheat,Import,7.178877,195377.02
2001-04,2000/01,2001,4,Durum,Import,1.989849,54154.82
2001-04,2000/01,2001,4,Hard Red Spring,Import,4.580147,124651.18
2001-04,2000/01,2001,4,Hard Red Winter,Import,0.007478,203.52
2001-04,2000/01,2001,4,Soft Red Winter,Import,0.062029,1688.16
2001-04,2000/01,2001,4,White,Import,0.539374,14679.35
2001-05,2000/01,2001,5,All Wheat,Import,7.671037,208771.43
2001-05,2000/01,2001,5,Durum,Import,2.563799,69775.17
2001-05,2000/01,2001,5,Hard Red Spring,Import,4.577947,124591.31
2001-05,2000/01,2001,5,Hard Red Winter,Import,0.009603,261.36
2001-05,2000/01,2001,5,Soft Red Winter,Import,0.063795,1736.22
2001-05,2000/01,2001,5,White,Import,0.455893,12407.37
2001-06,2001/02,2001,6,All Wheat,Import,7.591064,206594.92
2001-06,2001/02,2001,6,Durum,Import,2.663107,72477.9
2001-06,2001/02,2001,6,Hard Red Spring,Import,4.32649,117747.78
2001-06,2001/02,2001,6,Hard Red Winter,Import,0.002047,55.72
2001-06,2001/02,2001,6,Soft Red Winter,Import,0.059406,1616.76
2001-06,2001/02,2001,6,White,Import,0.540013,14696.76
2001-07,2001/02,2001,7,All Wheat,Import,9.699197,263968.92
2001-07,2001/02,2001,7,Durum,Import,3.154764,85858.61
2001-07,2001/02,2001,7,Hard Red Spring,Import,5.824633,158520.54
2001-07,2001/02,2001,7,Hard Red Winter,Import,0.002819,76.72
2001-07,2001/02,2001,7,Soft Red Winter,Import,0.212847,5792.75
2001-07,2001/02,2001,7,White,Import,0.504135,13720.3
2001-08,2001/02,2001,8,All Wheat,Import,8.422472,229222.14
2001-08,2001/02,2001,8,Durum,Import,3.082382,83888.7
2001-08,2001/02,2001,8,Hard Red Spring,Import,3.180297,86553.5
2001-08,2001/02,2001,8,Hard Red Winter,Import,0.00701,190.79
2001-08,2001/02,2001,8,Soft Red Winter,Import,1.119954,30480.15
2001-08,2001/02,2001,8,White,Import,1.032829,28109.01
2001-09,2001/02,2001,9,All Wheat,Import,8.073041,219712.18
2001-09,2001/02,2001,9,Durum,Import,2.545201,69269.03
2001-09,2001/02,2001,9,Hard Red Spring,Import,3.879723,105588.75
2001-09,2001/02,2001,9,Hard Red Winter,Import,0.169846,4622.46
2001-09,2001/02,2001,9,Soft Red Winter,Import,0.66322,18049.88
2001-09,2001/02,2001,9,White,Import,0.815051,22182.05
2001-10,2001/02,2001,10,All Wheat,Import,9.014179,245325.77
2001-10,2001/02,2001,10,Durum,Import,2.849043,77538.25
2001-10,2001/02,2001,10,Hard Red Spring,Import,4.515471,122891.0
2001-10,2001/02,2001,10,Hard Red Winter,Import,0.470308,12799.68
2001-10,2001/02,2001,10,Soft Red Winter,Import,0.211517,5756.55
2001-10,2001/02,2001,10,White,Import,0.96784,26340.29
2001-11,2001/02,2001,11,All Wheat,Import,11.953138,325311.14
2001-11,2001/02,2001,11,Durum,Import,3.013672,82018.72
2001-11,2001/02,2001,11,Hard Red Spring,Import,7.883863,214563.62
2001-11,2001/02,2001,11,Hard Red Winter,Import,0.06549,1782.35
2001-11,2001/02,2001,11,Soft Red Winter,Import,0.060865,1656.48
2001-11,2001/02,2001,11,White,Import,0.929247,25289.96
2001-12,2001/02,2001,12,All Wheat,Import,10.296089,280213.64
2001-12,2001/02,2001,12,Durum,Import,2.763912,75221.37
2001-12,2001/02,2001,12,Hard Red Spring,Import,6.946165,189043.66
2001-12,2001/02,2001,12,Hard Red Winter,Import,0.05014,1364.58
2001-12,2001/02,2001,12,Soft Red Winter,Import,0.070255,1912.02
2001-12,2001/02,2001,12,White,Import,0.465617,12672.01
2002-01,2001/02,2002,1,All Wheat,Import,8.259388,224783.72
2002-01,2001/02,2002,1,Durum,Import,3.056553,83185.74
2002-01,2001/02,2002,1,Hard Red Spring,Import,4.458206,121332.5
2002-01,2001/02,2002,1,Hard Red Winter,Import,0.033763,918.89
2002-01,2001/02,2002,1,Soft Red Winter,Import,0.042528,1157.42
2002-01,2001/02,2002,1,White,Import,0.668338,18189.17
2002-02,2001/02,2002,2,All Wheat,Import,8.992908,244746.86
2002-02,2001/02,2002,2,Durum,Import,2.523597,68681.07
2002-02,2001/02,2002,2,Hard Red Spring,Import,5.637135,153417.69
2002-02,2001/02,2002,2,Hard Red Winter,Import,8.5e-05,2.31
2002-02,2001/02,2002,2,Soft Red Winter,Import,0.046896,1276.29
2002-02,2001/02,2002,2,White,Import,0.785195,21369.51
2002-03,2001/02,2002,3,All Wheat,Import,9.671888,263225.68
2002-03,2001/02,2002,3,Durum,Import,2.608308,70986.52
2002-03,2001/02,2002,3,Hard Red Spring,Import,6.227276,169478.68
2002-03,2001/02,2002,3,Hard Red Winter,Import,0.000707,19.24
2002-03,2001/02,2002,3,Soft Red Winter,Import,0.215379,5861.65
2002-03,2001/02,2002,3,White,Import,0.620219,16879.58
2002-04,2001/02,2002,4,All Wheat,Import,8.208441,223397.17
2002-04,2001/02,2002,4,Durum,Import,3.086264,83994.36
2002-04,2001/02,2002,4,Hard Red Spring,Import,4.302066,117083.06
2002-04,2001/02,2002,4,Hard Red Winter,Import,0.00235,63.95
2002-04,2001/02,2002,4,Soft Red Winter,Import,0.202769,5518.48
2002-04,2001/02,2002,4,White,Import,0.614991,16737.32
2002-05,2001/02,2002,5,All Wheat,Import,7.366105,200472.55
2002-05,2001/02,2002,5,Durum,Import,2.920319,79478.06
2002-05,2001/02,2002,5,Hard Red Spring,Import,3.62903,98766.01
2002-05,2001/02,2002,5,Hard Red Winter,Import,0.000333,9.06
2002-05,2001/02,2002,5,Soft Red Winter,Import,0.305137,8304.47
2002-05,2001/02,2002,5,White,Import,0.511287,13914.96
2002-06,2002/03,2002,6,All Wheat,Import,8.551943,232745.76
2002-06,2002/03,2002,6,Durum,Import,3.974042,108155.72
2002-06,2002/03,2002,6,Hard Red Spring,Import,3.569559,97147.48
2002-06,2002/03,2002,6,Hard Red Winter,Import,0.000237,6.44
2002-06,2002/03,2002,6,Soft Red Winter,Import,0.498388,13563.89
2002-06,2002/03,2002,6,White,Import,0.509717,13872.22
2002-07,2002/03,2002,7,All Wheat,Import,10.340009,281408.96
2002-07,2002/03,2002,7,Durum,Import,4.071104,110797.3
2002-07,2002/03,2002,7,Hard Red Spring,Import,5.031084,136923.67
2002-07,2002/03,2002,7,Hard Red Winter,Import,0.006014,163.69
2002-07,2002/03,2002,7,Soft Red Winter,Import,0.57489,15645.93
2002-07,2002/03,2002,7,White,Import,0.656917,17878.36
2002-08,2002/03,2002,8,All Wheat,Import,7.762323,211255.83
2002-08,2002/03,2002,8,Durum,Import,3.335974,90790.35
2002-08,2002/03,2002,8,Hard Red Spring,Import,2.473548,67318.95
2002-08,2002/03,2002,8,Hard Red Winter,Import,0.006252,170.15
2002-08,2002/03,2002,8,Soft Red Winter,Import,0.861693,23451.45
2002-08,2002/03,2002,8,White,Import,1.084855,29524.93
2002-09,2002/03,2002,9,All Wheat,Import,9.297086,253025.22
2002-09,2002/03,2002,9,Durum,Import,3.045783,82892.64
2002-09,2002/03,2002,9,Hard Red Spring,Import,3.297758,89750.26
2002-09,2002/03,2002,9,Hard Red Winter,Import,0.186717,5081.62
2002-09,2002/03,2002,9,Soft Red Winter,Import,0.834527,22712.11
2002-09,2002/03,2002,9,White,Import,1.9323,52588.6
2002-10,2002/03,2002,10,All Wheat,Import,7.480209,203577.94
2002-10,2002/03,2002,10,Durum,Import,2.517939,68527.09
2002-10,2002/03,2002,10,Hard Red Spring,Import,1.961874,53393.46
2002-10,2002/03,2002,10,Hard Red Winter,Import,0.002256,61.39
2002-10,2002/03,2002,10,Soft Red Winter,Import,2.424147,65974.48
2002-10,2002/03,2002,10,White,Import,0.573993,15621.54
2002-11,2002/03,2002,11,All Wheat,Import,6.308003,171675.73
2002-11,2002/03,2002,11,Durum,Import,3.067703,83489.21
2002-11,2002/03,2002,11,Hard Red Spring,Import,1.132486,30821.21
2002-11,2002/03,2002,11,Hard Red Winter,Import,0.001222,33.25
2002-11,2002/03,2002,11,Soft Red Winter,Import,1.686013,45885.75
2002-11,2002/03,2002,11,White,Import,0.42058,11446.32
2002-12,2002/03,2002,12,All Wheat,Import,5.04141,137204.69
2002-12,2002/03,2002,12,Durum,Import,2.498381,67994.8
2002-12,2002/03,2002,12,Hard Red Spring,Import,1.150586,31313.83
2002-12,2002/03,2002,12,Hard Red Winter,Import,0.000159,4.32
2002-12,2002/03,2002,12,Soft Red Winter,Import,0.978141,26620.63
2002-12,2002/03,2002,12,White,Import,0.414143,11271.12
2003-01,2002/03,2003,1,All Wheat,Import,4.022117,109464.09
2003-01,2002/03,2003,1,Durum,Import,1.74076,47375.72
2003-01,2002/03,2003,1,Hard Red Spring,Import,0.793004,21582.02
2003-01,2002/03,2003,1,Hard Red Winter,Import,0.019599,533.39
2003-01,2002/03,2003,1,Soft Red Winter,Import,0.358294,9751.16
2003-01,2002/03,2003,1,White,Import,1.110461,30221.79
2003-02,2002/03,2003,2,All Wheat,Import,3.623556,98617.05
2003-02,2002/03,2003,2,Durum,Import,1.512873,41173.66
2003-02,2002/03,2003,2,Hard Red Spring,Import,0.676911,18422.51
2003-02,2002/03,2003,2,Hard Red Winter,Import,0.001071,29.16
2003-02,2002/03,2003,2,Soft Red Winter,Import,0.400367,10896.21
2003-02,2002/03,2003,2,White,Import,1.032333,28095.5
2003-03,2002/03,2003,3,All Wheat,Import,6.556742,178445.29
2003-03,2002/03,2003,3,Durum,Import,1.438706,39155.15
2003-03,2002/03,2003,3,Hard Red Spring,Import,1.071193,29153.09
2003-03,2002/03,2003,3,Hard Red Winter,Import,0.000404,10.98
2003-03,2002/03,2003,3,Soft Red Winter,Import,3.005036,81783.67
2003-03,2002/03,2003,3,White,Import,1.041404,28342.39
2003-04,2002/03,2003,4,All Wheat,Import,4.690929,127666.19
2003-04,2002/03,2003,4,Durum,Import,1.372689,37358.47
2003-04,2002/03,2003,4,Hard Red Spring,Import,1.351024,36768.85
2003-04,2002/03,2003,4,Hard Red Winter,Import,0.024777,674.31
2003-04,2002/03,2003,4,Soft Red Winter,Import,0.943865,25687.81
2003-04,2002/03,2003,4,White,Import,0.998574,27176.74
2003-05,2002/03,2003,5,All Wheat,Import,3.694159,100538.53
2003-05,2002/03,2003,5,Durum,Import,1.390352,37839.18
2003-05,2002/03,2003,5,Hard Red Spring,Import,0.844431,22981.63
2003-05,2002/03,2003,5,Hard Red Winter,Import,0.025795,702.03
2003-05,2002/03,2003,5,Soft Red Winter,Import,0.669735,18227.21
2003-05,2002/03,2003,5,White,Import,0.763846,20788.48
2003-06,2003/04,2003,6,All Wheat,Import,3.121025,84940.39
2003-06,2003/04,2003,6,Durum,Import,1.415442,38522.03
2003-06,2003/04,2003,6,Hard Red Spring,Import,0.661397,18000.28
2003-06,2003/04,2003,6,Hard Red Winter,Import,0.008984,244.5
2003-06,2003/04,2003,6,Soft Red Winter,Import,0.604855,16461.45
2003-06,2003/04,2003,6,White,Import,0.430347,11712.14
2003-07,2003/04,2003,7,All Wheat,Import,3.446838,93807.56
2003-07,2003/04,2003,7,Durum,Import,1.520412,41378.83
2003-07,2003/04,2003,7,Hard Red Spring,Import,0.741815,20188.9
2003-07,2003/04,2003,7,Hard Red Winter,Import,0.000575,15.65
2003-07,2003/04,2003,7,Soft Red Winter,Import,0.730187,19872.43
2003-07,2003/04,2003,7,White,Import,0.453849,12351.75
2003-08,2003/04,2003,8,All Wheat,Import,9.134584,248602.66
2003-08,2003/04,2003,8,Durum,Import,1.378833,37525.7
2003-08,2003/04,2003,8,Hard Red Spring,Import,0.840422,22872.55
2003-08,2003/04,2003,8,Hard Red Winter,Import,0.00355,96.62
2003-08,2003/04,2003,8,Soft Red Winter,Import,5.470521,148883.2
2003-08,2003/04,2003,8,White,Import,1.441257,39224.6
2003-09,2003/04,2003,9,All Wheat,Import,8.225342,223857.15
2003-09,2003/04,2003,9,Durum,Import,1.281124,34866.49
2003-09,2003/04,2003,9,Hard Red Spring,Import,1.462943,39814.79
2003-09,2003/04,2003,9,Hard Red Winter,Import,0.035078,954.66
2003-09,2003/04,2003,9,Soft Red Winter,Import,4.185418,113908.42
2003-09,2003/04,2003,9,White,Import,1.260779,34312.79
2003-10,2003/04,2003,10,All Wheat,Import,5.92662,161296.17
2003-10,2003/04,2003,10,Durum,Import,1.33966,36459.59
2003-10,2003/04,2003,10,Hard Red Spring,Import,0.67422,18349.26
2003-10,2003/04,2003,10,Hard Red Winter,Import,0.040829,1111.19
2003-10,2003/04,2003,10,Soft Red Winter,Import,2.191154,59633.45
2003-10,2003/04,2003,10,White,Import,1.680756,45742.68
2003-11,2003/04,2003,11,All Wheat,Import,3.663862,99713.99
2003-11,2003/04,2003,11,Durum,Import,1.298915,35350.67
2003-11,2003/04,2003,11,Hard Red Spring,Import,0.691605,18822.41
2003-11,2003/04,2003,11,Hard Red Winter,Import,0.078367,2132.81
2003-11,2003/04,2003,11,Soft Red Winter,Import,0.823771,22419.36
2003-11,2003/04,2003,11,White,Import,0.771204,20988.74
2003-12,2003/04,2003,12,All Wheat,Import,4.059125,110471.28
2003-12,2003/04,2003,12,Durum,Import,1.648133,44854.85
2003-12,2003/04,2003,12,Hard Red Spring,Import,0.699556,19038.8
2003-12,2003/04,2003,12,Hard Red Winter,Import,0.065821,1791.34
2003-12,2003/04,2003,12,Soft Red Winter,Import,0.935439,25458.48
2003-12,2003/04,2003,12,White,Import,0.710175,19327.8
2004-01,2003/04,2004,1,All Wheat,Export,113.272239,3082765.39
2004-01,2003/04,2004,1,All Wheat,Import,4.263094,116022.41
2004-01,2003/04,2004,1,Durum,Export,1.942358,52862.34
2004-01,2003/04,2004,1,Durum,Import,1.512344,41159.26
2004-01,2003/04,2004,1,Hard Red Spring,Import,0.640054,17419.43
2004-01,2003/04,2004,1,Hard Red Winter,Import,0.00949,258.28
2004-01,2003/04,2004,1,Soft Red Winter,Import,1.183127,32199.45
2004-01,2003/04,2004,1,White,Import,0.918078,24986.0
2004-02,2003/04,2004,2,All Wheat,Export,94.822226,2580638.29
2004-02,2003/04,2004,2,All Wheat,Import,4.40828,119973.72
2004-02,2003/04,2004,2,Durum,Export,2.930991,79768.51
2004-02,2003/04,2004,2,Durum,Import,1.681899,45773.79
2004-02,2003/04,2004,2,Hard Red Spring,Import,0.61128,16636.32
2004-02,2003/04,2004,2,Hard Red Winter,Import,0.057886,1575.39
2004-02,2003/04,2004,2,Soft Red Winter,Import,1.320377,35934.77
2004-02,2003/04,2004,2,White,Import,0.736838,20053.44
2004-03,2003/04,2004,3,All Wheat,Export,98.285087,2674881.92
2004-03,2003/04,2004,3,All Wheat,Import,5.872789,159831.13
2004-03,2003/04,2004,3,Durum,Export,4.292386,116819.62
2004-03,2003/04,2004,3,Durum,Import,2.214428,60266.86
2004-03,2003/04,2004,3,Hard Red Spring,Import,0.738876,20108.91
2004-03,2003/04,2004,3,Hard Red Winter,Import,0.044828,1220.03
2004-03,2003/04,2004,3,Soft Red Winter,Import,1.800758,49008.61
2004-03,2003/04,2004,3,White,Import,1.073898,29226.72
2004-04,2003/04,2004,4,All Wheat,Export,103.873213,2826965.81
2004-04,2003/04,2004,4,All Wheat,Import,5.369566,146135.64
2004-04,2003/04,2004,4,Durum,Export,3.401675,92578.42
2004-04,2003/04,2004,4,Durum,Import,2.751632,74887.15
2004-04,2003/04,2004,4,Hard Red Spring,Import,0.570888,15537.03
2004-04,2003/04,2004,4,Hard Red Winter,Import,0.027272,742.21
2004-04,2003/04,2004,4,Soft Red Winter,Import,1.222299,33265.54
2004-04,2003/04,2004,4,White,Import,0.797475,21703.71
2004-05,2003/04,2004,5,All Wheat,Export,94.332807,2567318.48
2004-05,2003/04,2004,5,All Wheat,Import,5.424801,147638.89
2004-05,2003/04,2004,5,Durum,Export,3.432302,93411.97
2004-05,2003/04,2004,5,Durum,Import,2.448418,66635.02
2004-05,2003/04,2004,5,Hard Red Spring,Import,0.641265,17452.38
2004-05,2003/04,2004,5,Hard Red Winter,Import,0.010326,281.03
2004-05,2003/04,2004,5,Soft Red Winter,Import,1.454903,39595.97
2004-05,2003/04,2004,5,White,Import,0.869889,23674.49
2004-06,2004/05,2004,6,All Wheat,Export,82.86251,2255148.13
2004-06,2004/05,2004,6,All Wheat,Import,4.738595,128963.43
2004-06,2004/05,2004,6,Durum,Export,3.100509,84382.04
2004-06,2004/05,2004,6,Durum,Import,2.311327,62904.03
2004-06,2004/05,2004,6,Hard Red Spring,Export,21.542603,586293.63
2004-06,2004/05,2004,6,Hard Red Spring,Import,0.657887,17904.76
2004-06,2004/05,2004,6,Hard Red Winter,Export,32.550078,885868.02
2004-06,2004/05,2004,6,Hard Red Winter,Import,0.016994,462.5
2004-06,2004/05,2004,6,Soft Red Winter,Export,13.402257,364749.69
2004-06,2004/05,2004,6,Soft Red Winter,Import,1.146229,31195.23
2004-06,2004/05,2004,6,White,Export,12.267062,333854.75
2004-06,2004/05,2004,6,White,Import,0.606158,16496.91
2004-07,2004/05,2004,7,All Wheat,Export,98.411392,2678319.41
2004-07,2004/05,2004,7,All Wheat,Import,5.367507,146079.63
2004-07,2004/05,2004,7,Durum,Export,1.4994,40806.98
2004-07,2004/05,2004,7,Durum,Import,2.854887,77697.29
2004-07,2004/05,2004,7,Hard Red Spring,Export,26.174577,712355.31
2004-07,2004/05,2004,7,Hard Red Spring,Import,0.67898,18478.8
2004-07,2004/05,2004,7,Hard Red Winter,Export,39.548819,1076342.55
2004-07,2004/05,2004,7,Hard Red Winter,Import,0.037951,1032.85
2004-07,2004/05,2004,7,Soft Red Winter,Export,16.283937,443176.18
2004-07,2004/05,2004,7,Soft Red Winter,Import,1.177715,32052.16
2004-07,2004/05,2004,7,White,Export,14.904659,405638.38
2004-07,2004/05,2004,7,White,Import,0.617975,16818.53
2004-08,2004/05,2004,8,All Wheat,Export,105.536894,2872243.78
2004-08,2004/05,2004,8,All Wheat,Import,7.30942,198929.84
2004-08,2004/05,2004,8,Durum,Export,1.704661,46393.28
2004-08,2004/05,2004,8,Durum,Import,3.065726,83435.4
2004-08,2004/05,2004,8,Hard Red Spring,Export,28.043637,763222.8
2004-08,2004/05,2004,8,Hard Red Spring,Import,0.69266,18851.11
2004-08,2004/05,2004,8,Hard Red Winter,Export,42.3729,1153201.45
2004-08,2004/05,2004,8,Hard Red Winter,Import,0.041493,1129.26
2004-08,2004/05,2004,8,Soft Red Winter,Export,17.446732,474822.27
2004-08,2004/05,2004,8,Soft Red Winter,Import,2.789316,75912.75
2004-08,2004/05,2004,8,White,Export,15.968963,434603.99
2004-08,2004/05,2004,8,White,Import,0.720226,19601.33
2004-09,2004/05,2004,9,All Wheat,Export,121.09522,3295672.07
2004-09,2004/05,2004,9,All Wheat,Import,7.797203,212205.11
2004-09,2004/05,2004,9,Durum,Export,2.883662,78480.43
2004-09,2004/05,2004,9,Durum,Import,2.203528,59970.22
2004-09,2004/05,2004,9,Hard Red Spring,Export,36.140548,983584.6
2004-09,2004/05,2004,9,Hard Red Spring,Import,0.751984,20465.65
2004-09,2004/05,2004,9,Hard Red Winter,Export,38.261819,1041316.15
2004-09,2004/05,2004,9,Hard Red Winter,Import,0.206926,5631.62
2004-09,2004/05,2004,9,Soft Red Winter,Export,13.451575,366091.91
2004-09,2004/05,2004,9,Soft Red Winter,Import,3.058626,83242.16
2004-09,2004/05,2004,9,White,Export,30.357616,826198.98
2004-09,2004/05,2004,9,White,Import,1.576139,42895.46
2004-10,2004/05,2004,10,All Wheat,Export,93.234597,2537430.1
2004-10,2004/05,2004,10,All Wheat,Import,5.838645,158901.89
2004-10,2004/05,2004,10,Durum,Export,2.480639,67511.93
2004-10,2004/05,2004,10,Durum,Import,2.111571,57467.55
2004-10,2004/05,2004,10,Hard Red Spring,Export,27.745999,755122.4
2004-10,2004/05,2004,10,Hard Red Spring,Import,0.706095,19216.77
2004-10,2004/05,2004,10,Hard Red Winter,Export,29.374552,799444.36
2004-10,2004/05,2004,10,Hard Red Winter,Import,0.068797,1872.35
2004-10,2004/05,2004,10,Soft Red Winter,Export,10.327109,281057.88
2004-10,2004/05,2004,10,Soft Red Winter,Import,1.809067,49234.74
2004-10,2004/05,2004,10,White,Export,23.306298,634293.54
2004-10,2004/05,2004,10,White,Import,1.143115,31110.49
2004-11,2004/05,2004,11,All Wheat,Export,85.565878,2328721.75
2004-11,2004/05,2004,11,All Wheat,Import,5.046917,137354.58
2004-11,2004/05,2004,11,Durum,Export,3.294853,89671.21
2004-11,2004/05,2004,11,Durum,Import,2.187922,59545.48
2004-11,2004/05,2004,11,Hard Red Spring,Export,25.152531,684539.77
2004-11,2004/05,2004,11,Hard Red Spring,Import,0.724534,19718.57
2004-11,2004/05,2004,11,Hard Red Winter,Export,26.62886,724718.87
2004-11,2004/05,2004,11,Hard Red Winter,Import,0.086428,2352.18
2004-11,2004/05,2004,11,Soft Red Winter,Export,9.361816,254786.9
2004-11,2004/05,2004,11,Soft Red Winter,Import,1.101491,29977.68
2004-11,2004/05,2004,11,White,Export,21.127817,575005.0
2004-11,2004/05,2004,11,White,Import,0.946543,25760.67
2004-12,2004/05,2004,12,All Wheat,Export,83.818691,2281171.11
2004-12,2004/05,2004,12,All Wheat,Import,5.521647,150274.63
2004-12,2004/05,2004,12,Durum,Export,2.014679,54830.58
2004-12,2004/05,2004,12,Durum,Import,2.037837,55460.83
2004-12,2004/05,2004,12,Hard Red Spring,Export,24.299399,661321.32
2004-12,2004/05,2004,12,Hard Red Spring,Import,0.716524,19500.59
2004-12,2004/05,2004,12,Hard Red Winter,Export,31.145161,847632.44
2004-12,2004/05,2004,12,Hard Red Winter,Import,0.055584,1512.76
2004-12,2004/05,2004,12,Soft Red Winter,Export,9.622866,261891.53
2004-12,2004/05,2004,12,Soft Red Winter,Import,1.642211,44693.65
2004-12,2004/05,2004,12,White,Export,16.736585,455495.23
2004-12,2004/05,2004,12,White,Import,1.069492,29106.8
2005-01,2004/05,2005,1,All Wheat,Export,79.377514,2160302.08
2005-01,2004/05,2005,1,All Wheat,Import,6.381177,173667.18
2005-01,2004/05,2005,1,Durum,Export,3.086683,84005.76
2005-01,2004/05,2005,1,Durum,Import,3.02632,82362.94
2005-01,2004/05,2005,1,Hard Red Spring,Export,22.661741,616751.58
2005-01,2004/05,2005,1,Hard Red Spring,Import,0.5892,16035.39
2005-01,2004/05,2005,1,Hard Red Winter,Export,29.046133,790506.25
2005-01,2004/05,2005,1,Hard Red Winter,Import,0.013181,358.72
2005-01,2004/05,2005,1,Soft Red Winter,Export,8.974333,244241.35
2005-01,2004/05,2005,1,Soft Red Winter,Import,1.461304,39770.18
2005-01,2004/05,2005,1,White,Export,15.608623,424797.14
2005-01,2004/05,2005,1,White,Import,1.291172,35139.96
2005-02,2004/05,2005,2,All Wheat,Export,77.121249,2098896.6
2005-02,2004/05,2005,2,All Wheat,Import,5.870953,159781.18
2005-02,2004/05,2005,2,Durum,Export,1.737087,47275.76
2005-02,2004/05,2005,2,Durum,Import,2.653861,72226.26
2005-02,2004/05,2005,2,Hard Red Spring,Export,22.392421,609421.87
2005-02,2004/05,2005,2,Hard Red Spring,Import,0.55344,15062.18
2005-02,2004/05,2005,2,Hard Red Winter,Export,28.700938,781111.59
2005-02,2004/05,2005,2,Hard Red Winter,Import,0.017209,468.35
2005-02,2004/05,2005,2,Soft Red Winter,Export,8.867679,241338.7
2005-02,2004/05,2005,2,Soft Red Winter,Import,1.693327,46084.8
2005-02,2004/05,2005,2,White,Export,15.423124,419748.69
2005-02,2004/05,2005,2,White,Import,0.953116,25939.58
2005-03,2004/05,2005,3,All Wheat,Export,77.914136,2120475.45
2005-03,2004/05,2005,3,All Wheat,Import,5.69844,155086.14
2005-03,2004/05,2005,3,Durum,Export,5.057777,137650.14
2005-03,2004/05,2005,3,Durum,Import,2.083247,56696.68
2005-03,2004/05,2005,3,Hard Red Spring,Export,25.739496,700514.33
2005-03,2004/05,2005,3,Hard Red Spring,Import,0.609495,16587.75
2005-03,2004/05,2005,3,Hard Red Winter,Export,29.107646,792180.38
2005-03,2004/05,2005,3,Hard Red Winter,Import,0.027065,736.6
2005-03,2004/05,2005,3,Soft Red Winter,Export,4.663066,126907.86
2005-03,2004/05,2005,3,Soft Red Winter,Import,2.16897,59029.69
2005-03,2004/05,2005,3,White,Export,13.346151,363222.73
2005-03,2004/05,2005,3,White,Import,0.809663,22035.41
2005-04,2004/05,2005,4,All Wheat,Export,83.810356,2280944.28
2005-04,2004/05,2005,4,All Wheat,Import,5.669516,154298.96
2005-04,2004/05,2005,4,Durum,Export,1.836828,49990.26
2005-04,2004/05,2005,4,Durum,Import,2.150485,58526.62
2005-04,2004/05,2005,4,Hard Red Spring,Export,28.96051,788175.97
2005-04,2004/05,2005,4,Hard Red Spring,Import,0.579772,15778.82
2005-04,2004/05,2005,4,Hard Red Winter,Export,32.750147,891313.02
2005-04,2004/05,2005,4,Hard Red Winter,Import,0.053159,1446.75
2005-04,2004/05,2005,4,Soft Red Winter,Export,5.246597,142788.98
2005-04,2004/05,2005,4,Soft Red Winter,Import,1.859294,50601.71
2005-04,2004/05,2005,4,White,Export,15.016275,408676.05
2005-04,2004/05,2005,4,White,Import,1.026805,27945.06
2005-05,2004/05,2005,5,All Wheat,Export,77.161784,2099999.78
2005-05,2004/05,2005,5,All Wheat,Import,5.330236,145065.26
2005-05,2004/05,2005,5,Durum,Export,2.315813,63026.11
2005-05,2004/05,2005,5,Durum,Import,2.28422,62166.28
2005-05,2004/05,2005,5,Hard Red Spring,Export,26.442408,719644.46
2005-05,2004/05,2005,5,Hard Red Spring,Import,0.618612,16835.86
2005-05,2004/05,2005,5,Hard Red Winter,Export,29.902538,813813.79
2005-05,2004/05,2005,5,Hard Red Winter,Import,0.037767,1027.86
2005-05,2004/05,2005,5,Soft Red Winter,Export,4.790408,130373.55
2005-05,2004/05,2005,5,Soft Red Winter,Import,1.685851,45881.36
2005-05,2004/05,2005,5,White,Export,13.710617,373141.87
2005-05,2004/05,2005,5,White,Import,0.703785,19153.9
2005-06,2005/06,2005,6,All Wheat,Export,66.05358,1797683.99
2005-06,2005/06,2005,6,All Wheat,Import,5.628864,153192.58
2005-06,2005/06,2005,6,Durum,Export,3.210267,87369.15
2005-06,2005/06,2005,6,Durum,Import,2.783399,75751.71
2005-06,2005/06,2005,6,Hard Red Spring,Export,19.189782,522260.32
2005-06,2005/06,2005,6,Hard Red Spring,Import,0.607161,16524.21
2005-06,2005/06,2005,6,Hard Red Winter,Export,29.73123,809151.56
2005-06,2005/06,2005,6,Hard Red Winter,Import,0.022864,622.26
2005-06,2005/06,2005,6,Soft Red Winter,Export,5.757178,156684.72
2005-06,2005/06,2005,6,Soft Red Winter,Import,1.568463,42686.56
2005-06,2005/06,2005,6,White,Export,8.165123,222218.25
2005-06,2005/06,2005,6,White,Import,0.646977,17607.83
2005-07,2005/06,2005,7,All Wheat,Export,91.874714,2500420.15
2005-07,2005/06,2005,7,All Wheat,Import,4.763261,129634.74
2005-07,2005/06,2005,7,Durum,Export,4.858701,132232.18
2005-07,2005/06,2005,7,Durum,Import,1.795878,48875.78
2005-07,2005/06,2005,7,Hard Red Spring,Export,26.571137,723147.91
2005-07,2005/06,2005,7,Hard Red Spring,Import,0.583546,15881.53
2005-07,2005/06,2005,7,Hard Red Winter,Export,41.167357,1120391.95
2005-07,2005/06,2005,7,Hard Red Winter,Import,0.037205,1012.56
2005-07,2005/06,2005,7,Soft Red Winter,Export,7.971678,216953.54
2005-07,2005/06,2005,7,Soft Red Winter,Import,1.741723,47401.94
2005-07,2005/06,2005,7,White,Export,11.30584,307694.56
2005-07,2005/06,2005,7,White,Import,0.604909,16462.93
2005-08,2005/06,2005,8,All Wheat,Export,86.464562,2353179.93
2005-08,2005/06,2005,8,All Wheat,Import,8.183376,222715.02
2005-08,2005/06,2005,8,Durum,Export,5.092904,138606.14
2005-08,2005/06,2005,8,Durum,Import,2.32401,63249.18
2005-08,2005/06,2005,8,Hard Red Spring,Export,24.847582,676240.41
2005-08,2005/06,2005,8,Hard Red Spring,Import,0.801558,21814.82
2005-08,2005/06,2005,8,Hard Red Winter,Export,38.497008,1047716.94
2005-08,2005/06,2005,8,Hard Red Winter,Import,0.026787,729.03
2005-08,2005/06,2005,8,Soft Red Winter,Export,7.45459,202880.7
2005-08,2005/06,2005,8,Soft Red Winter,Import,3.738906,101756.36
2005-08,2005/06,2005,8,White,Export,10.572479,287735.74
2005-08,2005/06,2005,8,White,Import,1.292116,35165.63
2005-09,2005/06,2005,9,All Wheat,Export,103.850143,2826337.94
2005-09,2005/06,2005,9,All Wheat,Import,8.154528,221929.89
2005-09,2005/06,2005,9,Durum,Export,2.504579,68163.46
2005-09,2005/06,2005,9,Durum,Import,2.018778,54942.13
2005-09,2005/06,2005,9,Hard Red Spring,Export,32.021366,871478.85
2005-09,2005/06,2005,9,Hard Red Spring,Import,0.749994,20411.5
2005-09,2005/06,2005,9,Hard Red Winter,Export,43.559319,1185490.49
2005-09,2005/06,2005,9,Hard Red Winter,Import,0.095354,2595.12
2005-09,2005/06,2005,9,Soft Red Winter,Export,7.358637,200269.3
2005-09,2005/06,2005,9,Soft Red Winter,Import,3.676654,100062.14
2005-09,2005/06,2005,9,White,Export,18.406241,500935.84
2005-09,2005/06,2005,9,White,Import,1.613747,43919.0
2005-10,2005/06,2005,10,All Wheat,Export,101.2256,2754909.58
2005-10,2005/06,2005,10,All Wheat,Import,6.419157,174700.84
2005-10,2005/06,2005,10,Durum,Export,2.841101,77322.09
2005-10,2005/06,2005,10,Durum,Import,2.422978,65942.66
2005-10,2005/06,2005,10,Hard Red Spring,Export,31.085782,846016.4
2005-10,2005/06,2005,10,Hard Red Spring,Import,0.681236,18540.22
2005-10,2005/06,2005,10,Hard Red Winter,Export,42.286624,1150853.41
2005-10,2005/06,2005,10,Hard Red Winter,Import,0.059656,1623.58
2005-10,2005/06,2005,10,Soft Red Winter,Export,7.143636,194417.93
2005-10,2005/06,2005,10,Soft Red Winter,Import,2.417625,65796.98
2005-10,2005/06,2005,10,White,Export,17.868457,486299.74
2005-10,2005/06,2005,10,White,Import,0.837661,22797.4
2005-11,2005/06,2005,11,All Wheat,Export,81.18317,2209444.0
2005-11,2005/06,2005,11,All Wheat,Import,5.764565,156885.76
2005-11,2005/06,2005,11,Durum,Export,2.947231,80210.49
2005-11,2005/06,2005,11,Durum,Import,2.576413,70118.48
2005-11,2005/06,2005,11,Hard Red Spring,Export,24.719599,672757.28
2005-11,2005/06,2005,11,Hard Red Spring,Import,0.662335,18025.81
2005-11,2005/06,2005,11,Hard Red Winter,Export,33.626575,915165.48
2005-11,2005/06,2005,11,Hard Red Winter,Import,0.115791,3151.31
2005-11,2005/06,2005,11,Soft Red Winter,Export,5.680662,154602.3
2005-11,2005/06,2005,11,Soft Red Winter,Import,1.721045,46839.16
2005-11,2005/06,2005,11,White,Export,14.209103,386708.45
2005-11,2005/06,2005,11,White,Import,0.688981,18751.0
2005-12,2005/06,2005,12,All Wheat,Export,97.516382,2653961.22
2005-12,2005/06,2005,12,All Wheat,Import,6.923182,188418.15
2005-12,2005/06,2005,12,Durum,Export,5.090594,138543.29
2005-12,2005/06,2005,12,Durum,Import,3.156971,85918.67
2005-12,2005/06,2005,12,Hard Red Spring,Export,23.772979,646994.52
2005-12,2005/06,2005,12,Hard Red Spring,Import,0.881066,23978.69
2005-12,2005/06,2005,12,Hard Red Winter,Export,43.688252,1188999.46
2005-12,2005/06,2005,12,Hard Red Winter,Import,0.019019,517.6
2005-12,2005/06,2005,12,Soft Red Winter,Export,6.038582,164343.29
2005-12,2005/06,2005,12,Soft Red Winter,Import,2.357656,64164.89
2005-12,2005/06,2005,12,White,Export,18.925975,515080.68
2005-12,2005/06,2005,12,White,Import,0.50847,13838.3
2006-01,2005/06,2006,1,All Wheat,Export,85.01264,2313665.09
2006-01,2005/06,2006,1,All Wheat,Import,6.051522,164695.45
2006-01,2005/06,2006,1,Durum,Export,2.494044,67876.75
2006-01,2005/06,2006,1,Durum,Import,2.858064,77783.77
2006-01,2005/06,2006,1,Hard Red Spring,Export,21.224735,577642.67
2006-01,2005/06,2006,1,Hard Red Spring,Import,0.582266,15846.68
2006-01,2005/06,2006,1,Hard Red Winter,Export,39.005274,1061549.68
2006-01,2005/06,2006,1,Hard Red Winter,Import,0.009877,268.8
2006-01,2005/06,2006,1,Soft Red Winter,Export,5.391302,146727.2
2006-01,2005/06,2006,1,Soft Red Winter,Import,1.841163,50108.26
2006-01,2005/06,2006,1,White,Export,16.897285,459868.78
2006-01,2005/06,2006,1,White,Import,0.760151,20687.94
2006-02,2005/06,2006,2,All Wheat,Export,69.550565,1892856.33
2006-02,2005/06,2006,2,All Wheat,Import,7.122997,193856.22
2006-02,2005/06,2006,2,Durum,Export,1.928268,52478.86
2006-02,2005/06,2006,2,Durum,Import,3.021255,82225.09
2006-02,2005/06,2006,2,Hard Red Spring,Export,17.393235,473366.32
2006-02,2005/06,2006,2,Hard Red Spring,Import,1.412869,38451.99
2006-02,2005/06,2006,2,Hard Red Winter,Export,31.964022,869918.19
2006-02,2005/06,2006,2,Hard Red Winter,Import,0.013846,376.83
2006-02,2005/06,2006,2,Soft Red Winter,Export,4.418061,120239.93
2006-02,2005/06,2006,2,Soft Red Winter,Import,1.787897,48658.58
2006-02,2005/06,2006,2,White,Export,13.846979,376853.03
2006-02,2005/06,2006,2,White,Import,0.88713,24143.73
2006-03,2005/06,2006,3,All Wheat,Export,74.955832,2039963.62
2006-03,2005/06,2006,3,All Wheat,Import,8.025712,218424.11
2006-03,2005/06,2006,3,Durum,Export,2.859736,77829.26
2006-03,2005/06,2006,3,Durum,Import,3.471227,94471.33
2006-03,2005/06,2006,3,Hard Red Spring,Export,20.792561,565880.81
2006-03,2005/06,2006,3,Hard Red Spring,Import,1.73379,47186.05
2006-03,2005/06,2006,3,Hard Red Winter,Export,29.504136,802971.07
2006-03,2005/06,2006,3,Hard Red Winter,Import,0.010989,299.08
2006-03,2005/06,2006,3,Soft Red Winter,Export,6.618213,180118.26
2006-03,2005/06,2006,3,Soft Red Winter,Import,2.024701,55103.34
2006-03,2005/06,2006,3,White,Export,15.181186,413164.21
2006-03,2005/06,2006,3,White,Import,0.785004,21364.31
2006-04,2005/06,2006,4,All Wheat,Export,70.358525,1914845.4
2006-04,2005/06,2006,4,All Wheat,Import,6.156906,167563.52
2006-04,2005/06,2006,4,Durum,Export,5.512615,150028.79
2006-04,2005/06,2006,4,Durum,Import,2.700638,73499.33
2006-04,2005/06,2006,4,Hard Red Spring,Export,18.701602,508974.25
2006-04,2005/06,2006,4,Hard Red Spring,Import,1.521708,41414.1
2006-04,2005/06,2006,4,Hard Red Winter,Export,26.537117,722222.04
2006-04,2005/06,2006,4,Hard Red Winter,Import,0.007028,191.28
2006-04,2005/06,2006,4,Soft Red Winter,Export,5.952667,162005.06
2006-04,2005/06,2006,4,Soft Red Winter,Import,1.337425,36398.76
2006-04,2005/06,2006,4,White,Export,13.654523,371615.25
2006-04,2005/06,2006,4,White,Import,0.590106,16060.06
2006-05,2005/06,2006,5,All Wheat,Export,74.735422,2033965.03
2006-05,2005/06,2006,5,All Wheat,Import,8.160299,222086.97
2006-05,2005/06,2006,5,Durum,Export,5.970679,162495.26
2006-05,2005/06,2006,5,Durum,Import,3.079257,83803.66
2006-05,2005/06,2006,5,Hard Red Spring,Export,19.831796,539733.09
2006-05,2005/06,2006,5,Hard Red Spring,Import,2.223239,60506.66
2006-05,2005/06,2006,5,Hard Red Winter,Export,28.140835,765868.09
2006-05,2005/06,2006,5,Hard Red Winter,Import,0.01051,286.04
2006-05,2005/06,2006,5,Soft Red Winter,Export,6.312405,171795.51
2006-05,2005/06,2006,5,Soft Red Winter,Import,2.167496,58989.57
2006-05,2005/06,2006,5,White,Export,14.479707,394073.08
2006-05,2005/06,2006,5,White,Import,0.679797,18501.05
2006-06,2006/07,2006,6,All Wheat,Export,64.618963,1758640.12
2006-06,2006/07,2006,6,All Wheat,Import,8.733088,237675.72
2006-06,2006/07,2006,6,Durum,Export,2.596031,70652.39
2006-06,2006/07,2006,6,Durum,Import,4.328097,117791.51
2006-06,2006/07,2006,6,Hard Red Spring,Export,19.632048,534296.82
2006-06,2006/07,2006,6,Hard Red Spring,Import,2.679365,72920.38
2006-06,2006/07,2006,6,Hard Red Winter,Export,17.941816,488296.26
2006-06,2006/07,2006,6,Hard Red Winter,Import,0.015097,410.86
2006-06,2006/07,2006,6,Soft Red Winter,Export,10.9888,299066.14
2006-06,2006/07,2006,6,Soft Red Winter,Import,1.163074,31653.7
2006-06,2006/07,2006,6,White,Export,13.460269,366328.51
2006-06,2006/07,2006,6,White,Import,0.547455,14899.28
2006-07,2006/07,2006,7,All Wheat,Export,69.306603,1886216.78
2006-07,2006/07,2006,7,All Wheat,Import,9.044552,246152.38
2006-07,2006/07,2006,7,Durum,Export,2.690409,73220.94
2006-07,2006/07,2006,7,Durum,Import,3.676627,100061.38
2006-07,2006/07,2006,7,Hard Red Spring,Export,21.085947,573865.49
2006-07,2006/07,2006,7,Hard Red Spring,Import,2.664416,72513.53
2006-07,2006/07,2006,7,Hard Red Winter,Export,19.270542,524458.25
2006-07,2006/07,2006,7,Hard Red Winter,Import,0.01047,284.95
2006-07,2006/07,2006,7,Soft Red Winter,Export,11.802602,321214.22
2006-07,2006/07,2006,7,Soft Red Winter,Import,2.215175,60287.19
2006-07,2006/07,2006,7,White,Export,14.457102,393457.87
2006-07,2006/07,2006,7,White,Import,0.477864,13005.32
2006-08,2006/07,2006,8,All Wheat,Export,80.025155,2177927.99
2006-08,2006/07,2006,8,All Wheat,Import,8.697123,236696.92
2006-08,2006/07,2006,8,Durum,Export,6.366114,173257.25
2006-08,2006/07,2006,8,Durum,Import,3.451478,93933.85
2006-08,2006/07,2006,8,Hard Red Spring,Export,23.315212,634536.13
2006-08,2006/07,2006,8,Hard Red Spring,Import,1.507183,41018.79
2006-08,2006/07,2006,8,Hard Red Winter,Export,21.307877,579905.42
2006-08,2006/07,2006,8,Hard Red Winter,Import,0.009906,269.61
2006-08,2006/07,2006,8,Soft Red Winter,Export,13.050406,355173.87
2006-08,2006/07,2006,8,Soft Red Winter,Import,2.533066,68938.76
2006-08,2006/07,2006,8,White,Export,15.985547,435055.32
2006-08,2006/07,2006,8,White,Import,1.19549,32535.91
2006-09,2006/07,2006,9,All Wheat,Export,77.597656,2111862.27
2006-09,2006/07,2006,9,All Wheat,Import,9.9187,269942.81
2006-09,2006/07,2006,9,Durum,Export,3.725627,101394.95
2006-09,2006/07,2006,9,Durum,Import,3.275988,89157.79
2006-09,2006/07,2006,9,Hard Red Spring,Export,23.015766,626386.56
2006-09,2006/07,2006,9,Hard Red Spring,Import,2.769787,75381.25
2006-09,2006/07,2006,9,Hard Red Winter,Export,19.805254,539010.72
2006-09,2006/07,2006,9,Hard Red Winter,Import,0.518814,14119.81
2006-09,2006/07,2006,9,Soft Red Winter,Export,12.233777,332948.88
2006-09,2006/07,2006,9,Soft Red Winter,Import,2.387457,64975.93
2006-09,2006/07,2006,9,White,Export,18.817232,512121.16
2006-09,2006/07,2006,9,White,Import,0.966655,26308.04
2006-10,2006/07,2006,10,All Wheat,Export,72.313636,1968054.82
2006-10,2006/07,2006,10,All Wheat,Import,10.550025,287124.66
2006-10,2006/07,2006,10,Durum,Export,5.022,136676.45
2006-10,2006/07,2006,10,Durum,Import,3.613068,98331.61
2006-10,2006/07,2006,10,Hard Red Spring,Export,20.965562,570589.13
2006-10,2006/07,2006,10,Hard Red Spring,Import,4.658259,126777.05
2006-10,2006/07,2006,10,Hard Red Winter,Export,18.041036,490996.58
2006-10,2006/07,2006,10,Hard Red Winter,Import,0.302149,8223.15
2006-10,2006/07,2006,10,Soft Red Winter,Export,11.144013,303290.37
2006-10,2006/07,2006,10,Soft Red Winter,Import,1.114822,30340.49
2006-10,2006/07,2006,10,White,Export,17.141025,466502.29
2006-10,2006/07,2006,10,White,Import,0.861727,23452.36
2006-11,2006/07,2006,11,All Wheat,Export,62.373841,1697537.91
2006-11,2006/07,2006,11,All Wheat,Import,8.987103,244588.89
2006-11,2006/07,2006,11,Durum,Export,2.10988,57421.53
2006-11,2006/07,2006,11,Durum,Import,3.123351,85003.68
2006-11,2006/07,2006,11,Hard Red Spring,Export,18.776,510999.03
2006-11,2006/07,2006,11,Hard Red Spring,Import,3.655928,99498.05
2006-11,2006/07,2006,11,Hard Red Winter,Export,16.156901,439718.82
2006-11,2006/07,2006,11,Hard Red Winter,Import,0.093807,2553.0
2006-11,2006/07,2006,11,Soft Red Winter,Export,9.980176,271615.91
2006-11,2006/07,2006,11,Soft Red Winter,Import,1.455612,39615.28
2006-11,2006/07,2006,11,White,Export,15.350884,417782.62
2006-11,2006/07,2006,11,White,Import,0.658406,17918.87
2006-12,2006/07,2006,12,All Wheat,Export,73.990772,2013698.98
2006-12,2006/07,2006,12,All Wheat,Import,10.936243,297635.77
2006-12,2006/07,2006,12,Durum,Export,4.257372,115866.68
2006-12,2006/07,2006,12,Durum,Import,3.076849,83738.11
2006-12,2006/07,2006,12,Hard Red Spring,Export,16.662852,453488.55
2006-12,2006/07,2006,12,Hard Red Spring,Import,5.042109,137223.73
2006-12,2006/07,2006,12,Hard Red Winter,Export,27.416496,746154.8
2006-12,2006/07,2006,12,Hard Red Winter,Import,0.052351,1424.75
2006-12,2006/07,2006,12,Soft Red Winter,Export,8.36567,227676.25
2006-12,2006/07,2006,12,Soft Red Winter,Import,2.154673,58640.6
2006-12,2006/07,2006,12,White,Export,17.288382,470512.7
2006-12,2006/07,2006,12,White,Import,0.610261,16608.58
2007-01,2006/07,2007,1,All Wheat,Export,86.156797,2344803.94
2007-01,2006/07,2007,1,All Wheat,Import,10.401097,283071.49
2007-01,2006/07,2007,1,Durum,Export,2.684413,73057.76
2007-01,2006/07,2007,1,Durum,Import,3.5965,97880.7
2007-01,2006/07,2007,1,Hard Red Spring,Export,19.945793,542835.57
2007-01,2006/07,2007,1,Hard Red Spring,Import,4.257838,115879.36
2007-01,2006/07,2007,1,Hard Red Winter,Export,32.818137,893163.39
2007-01,2006/07,2007,1,Hard Red Winter,Import,0.009521,259.13
2007-01,2006/07,2007,1,Soft Red Winter,Export,10.013888,272533.38
2007-01,2006/07,2007,1,Soft Red Winter,Import,1.539923,41909.83
2007-01,2006/07,2007,1,White,Export,20.694566,563213.84
2007-01,2006/07,2007,1,White,Import,0.997315,27142.47
2007-02,2006/07,2007,2,All Wheat,Export,78.343311,2132155.68
2007-02,2006/07,2007,2,All Wheat,Import,9.747509,265283.73
2007-02,2006/07,2007,2,Durum,Export,1.873156,50978.96
2007-02,2006/07,2007,2,Durum,Import,3.021494,82231.6
2007-02,2006/07,2007,2,Hard Red Spring,Export,18.272605,497298.84
2007-02,2006/07,2007,2,Hard Red Spring,Import,4.622727,125810.02
2007-02,2006/07,2007,2,Hard Red Winter,Export,30.065129,818238.79
2007-02,2006/07,2007,2,Hard Red Winter,Import,0.007003,190.6
2007-02,2006/07,2007,2,Soft Red Winter,Export,9.173855,249671.44
2007-02,2006/07,2007,2,Soft Red Winter,Import,1.315876,35812.28
2007-02,2006/07,2007,2,White,Export,18.958566,515967.65
2007-02,2006/07,2007,2,White,Import,0.780408,21239.23
2007-03,2006/07,2007,3,All Wheat,Export,79.774911,2171117.47
2007-03,2006/07,2007,3,All Wheat,Import,11.771047,320355.43
2007-03,2006/07,2007,3,Durum,Export,3.327022,90546.69
2007-03,2006/07,2007,3,Durum,Import,3.38028,91996.14
2007-03,2006/07,2007,3,Hard Red Spring,Export,20.201216,549787.05
2007-03,2006/07,2007,3,Hard Red Spring,Import,5.763648,156860.8
2007-03,2006/07,2007,3,Hard Red Winter,Export,24.155417,657402.78
2007-03,2006/07,2007,3,Hard Red Winter,Import,0.011496,312.87
2007-03,2006/07,2007,3,Soft Red Winter,Export,20.0344,545247.06
2007-03,2006/07,2007,3,Soft Red Winter,Import,1.532146,41698.18
2007-03,2006/07,2007,3,White,Export,12.056857,328133.89
2007-03,2006/07,2007,3,White,Import,1.083478,29487.44
2007-04,2006/07,2007,4,All Wheat,Export,78.880367,2146771.96
2007-04,2006/07,2007,4,All Wheat,Import,12.31896,335267.19
2007-04,2006/07,2007,4,Durum,Export,2.047183,55715.2
2007-04,2006/07,2007,4,Durum,Import,4.089438,111296.27
2007-04,2006/07,2007,4,Hard Red Spring,Export,19.673804,535433.25
2007-04,2006/07,2007,4,Hard Red Spring,Import,6.066643,165106.97
2007-04,2006/07,2007,4,Hard Red Winter,Export,26.089977,710052.87
2007-04,2006/07,2007,4,Hard Red Winter,Import,0.009601,261.28
2007-04,2006/07,2007,4,Soft Red Winter,Export,14.314184,389568.27
2007-04,2006/07,2007,4,Soft Red Winter,Import,1.129858,30749.69
2007-04,2006/07,2007,4,White,Export,16.755219,456002.38
2007-04,2006/07,2007,4,White,Import,1.023422,27852.98
2007-05,2006/07,2007,5,All Wheat,Export,92.33934,2513065.21
2007-05,2006/07,2007,5,All Wheat,Import,10.764484,292961.27
2007-05,2006/07,2007,5,Durum,Export,2.047991,55737.17
2007-05,2006/07,2007,5,Durum,Import,2.857893,77779.1
2007-05,2006/07,2007,5,Hard Red Spring,Export,27.45527,747210.06
2007-05,2006/07,2007,5,Hard Red Spring,Import,5.877907,159970.41
2007-05,2006/07,2007,5,Hard Red Winter,Export,30.767865,837364.12
2007-05,2006/07,2007,5,Hard Red Winter,Import,0.016139,439.23
2007-05,2006/07,2007,5,Soft Red Winter,Export,15.329662,417205.07
2007-05,2006/07,2007,5,Soft Red Winter,Import,1.251858,34070.0
2007-05,2006/07,2007,5,White,Export,16.738553,455548.79
2007-05,2006/07,2007,5,White,Import,0.760687,20702.52
2007-06,2007/08,2007,6,All Wheat,Export,76.25382,2075289.04
2007-06,2007/08,2007,6,All Wheat,Import,11.583232,315243.95
2007-06,2007/08,2007,6,Durum,Export,3.395,92396.76
2007-06,2007/08,2007,6,Durum,Import,3.791654,103191.93
2007-06,2007/08,2007,6,Hard Red Spring,Export,14.840213,403884.45
2007-06,2007/08,2007,6,Hard Red Spring,Import,5.542524,150842.81
2007-06,2007/08,2007,6,Hard Red Winter,Export,27.984842,761622.64
2007-06,2007/08,2007,6,Hard Red Winter,Import,0.040961,1114.79
2007-06,2007/08,2007,6,Soft Red Winter,Export,19.861724,540547.58
2007-06,2007/08,2007,6,Soft Red Winter,Import,1.400601,38118.12
2007-06,2007/08,2007,6,White,Export,10.172041,276837.61
2007-06,2007/08,2007,6,White,Import,0.807491,21976.31
2007-07,2007/08,2007,7,All Wheat,Export,83.228772,2265116.16
2007-07,2007/08,2007,7,All Wheat,Import,10.951411,298048.58
2007-07,2007/08,2007,7,Durum,Export,2.704894,73615.15
2007-07,2007/08,2007,7,Durum,Import,4.278611,116444.71
2007-07,2007/08,2007,7,Hard Red Spring,Export,16.401467,446374.82
2007-07,2007/08,2007,7,Hard Red Spring,Import,5.458416,148553.76
2007-07,2007/08,2007,7,Hard Red Winter,Export,30.928967,841748.6
2007-07,2007/08,2007,7,Hard Red Winter,Import,0.017743,482.88
2007-07,2007/08,2007,7,Soft Red Winter,Export,21.951262,597415.49
2007-07,2007/08,2007,7,Soft Red Winter,Import,0.652877,17768.39
2007-07,2007/08,2007,7,White,Export,11.242183,305962.11
2007-07,2007/08,2007,7,White,Import,0.543765,14798.85
2007-08,2007/08,2007,8,All Wheat,Export,164.202735,4468866.46
2007-08,2007/08,2007,8,All Wheat,Import,7.853278,213731.23
2007-08,2007/08,2007,8,Durum,Export,10.606494,288661.48
2007-08,2007/08,2007,8,Durum,Import,3.624473,98642.01
2007-08,2007/08,2007,8,Hard Red Spring,Export,31.285175,851443.01
2007-08,2007/08,2007,8,Hard Red Spring,Import,2.499077,68013.73
2007-08,2007/08,2007,8,Hard Red Winter,Export,58.995829,1605603.49
2007-08,2007/08,2007,8,Hard Red Winter,Import,0.006881,187.27
2007-08,2007/08,2007,8,Soft Red Winter,Export,41.871199,1139547.37
2007-08,2007/08,2007,8,Soft Red Winter,Import,0.996648,27124.32
2007-08,2007/08,2007,8,White,Export,21.444037,583611.11
2007-08,2007/08,2007,8,White,Import,0.726199,19763.91
2007-09,2007/08,2007,9,All Wheat,Export,167.075594,4547052.88
2007-09,2007/08,2007,9,All Wheat,Import,7.033829,191429.47
2007-09,2007/08,2007,9,Durum,Export,7.70264,209631.53
2007-09,2007/08,2007,9,Durum,Import,2.469484,67208.34
2007-09,2007/08,2007,9,Hard Red Spring,Export,41.124978,1119238.58
2007-09,2007/08,2007,9,Hard Red Spring,Import,1.9079,51924.54
2007-09,2007/08,2007,9,Hard Red Winter,Export,74.194259,2019237.0
2007-09,2007/08,2007,9,Hard Red Winter,Import,0.010436,284.02
2007-09,2007/08,2007,9,Soft Red Winter,Export,25.532146,694871.2
2007-09,2007/08,2007,9,Soft Red Winter,Import,1.349624,36730.76
2007-09,2007/08,2007,9,White,Export,18.52157,504074.58
2007-09,2007/08,2007,9,White,Import,1.296385,35281.82
2007-10,2007/08,2007,10,All Wheat,Export,143.488449,3905115.93
2007-10,2007/08,2007,10,All Wheat,Import,7.097009,193148.95
2007-10,2007/08,2007,10,Durum,Export,12.643573,344101.7
2007-10,2007/08,2007,10,Durum,Import,2.787697,75868.67
2007-10,2007/08,2007,10,Hard Red Spring,Export,33.763524,918892.62
2007-10,2007/08,2007,10,Hard Red Spring,Import,2.140888,58265.44
2007-10,2007/08,2007,10,Hard Red Winter,Export,60.913338,1657789.52
2007-10,2007/08,2007,10,Hard Red Winter,Import,0.46189,12570.59
2007-10,2007/08,2007,10,Soft Red Winter,Export,20.961841,570487.86
2007-10,2007/08,2007,10,Soft Red Winter,Import,1.049827,28571.62
2007-10,2007/08,2007,10,White,Export,15.206172,413844.22
2007-10,2007/08,2007,10,White,Import,0.656707,17872.63
2007-11,2007/08,2007,11,All Wheat,Export,108.585776,2955220.76
2007-11,2007/08,2007,11,All Wheat,Import,7.355285,200178.08
2007-11,2007/08,2007,11,Durum,Export,12.621942,343512.98
2007-11,2007/08,2007,11,Durum,Import,2.830233,77026.32
2007-11,2007/08,2007,11,Hard Red Spring,Export,24.762737,673931.32
2007-11,2007/08,2007,11,Hard Red Spring,Import,3.163862,86106.21
2007-11,2007/08,2007,11,Hard Red Winter,Export,44.674868,1215850.74
2007-11,2007/08,2007,11,Hard Red Winter,Import,0.031756,864.26
2007-11,2007/08,2007,11,Soft Red Winter,Export,15.373767,418405.4
2007-11,2007/08,2007,11,Soft Red Winter,Import,0.801547,21814.54
2007-11,2007/08,2007,11,White,Export,11.152463,303520.32
2007-11,2007/08,2007,11,White,Import,0.527888,14366.76
2007-12,2007/08,2007,12,All Wheat,Export,83.762216,2279634.14
2007-12,2007/08,2007,12,All Wheat,Import,6.866514,186875.9
2007-12,2007/08,2007,12,Durum,Export,5.256332,143053.93
2007-12,2007/08,2007,12,Durum,Import,3.371107,91746.51
2007-12,2007/08,2007,12,Hard Red Spring,Export,24.927044,678403.01
2007-12,2007/08,2007,12,Hard Red Spring,Import,2.231687,60736.56
2007-12,2007/08,2007,12,Hard Red Winter,Export,33.64396,915638.61
2007-12,2007/08,2007,12,Hard Red Winter,Import,0.256703,6986.32
2007-12,2007/08,2007,12,Soft Red Winter,Export,7.034321,191442.86
2007-12,2007/08,2007,12,Soft Red Winter,Import,0.477173,12986.53
2007-12,2007/08,2007,12,White,Export,12.90056,351095.72
2007-12,2007/08,2007,12,White,Import,0.529843,14419.97
2008-01,2007/08,2008,1,All Wheat,Export,91.946957,2502386.3
2008-01,2007/08,2008,1,All Wheat,Import,8.589568,233769.75
2008-01,2007/08,2008,1,Durum,Export,3.40148,92573.12
2008-01,2007/08,2008,1,Durum,Import,3.42117,93109.0
2008-01,2007/08,2008,1,Hard Red Spring,Export,28.114797,765159.44
2008-01,2007/08,2008,1,Hard Red Spring,Import,2.996043,81538.92
2008-01,2007/08,2008,1,Hard Red Winter,Export,37.946461,1032733.52
2008-01,2007/08,2008,1,Hard Red Winter,Import,0.033164,902.57
2008-01,2007/08,2008,1,Soft Red Winter,Export,7.933893,215925.21
2008-01,2007/08,2008,1,Soft Red Winter,Import,1.335208,36338.4
2008-01,2007/08,2008,1,White,Export,14.550326,395995.01
2008-01,2007/08,2008,1,White,Import,0.803984,21880.85
2008-02,2007/08,2008,2,All Wheat,Export,85.690057,2332101.36
2008-02,2007/08,2008,2,All Wheat,Import,8.317761,226372.38
2008-02,2007/08,2008,2,Durum,Export,2.853588,77661.95
2008-02,2007/08,2008,2,Durum,Import,3.027328,82390.39
2008-02,2007/08,2008,2,Hard Red Spring,Export,26.302083,715825.44
2008-02,2007/08,2008,2,Hard Red Spring,Import,2.735023,74435.13
2008-02,2007/08,2008,2,Hard Red Winter,Export,35.499846,966147.57
2008-02,2007/08,2008,2,Hard Red Winter,Import,0.065657,1786.88
2008-02,2007/08,2008,2,Soft Red Winter,Export,7.422352,202003.34
2008-02,2007/08,2008,2,Soft Red Winter,Import,1.457756,39673.61
2008-02,2007/08,2008,2,White,Export,13.612187,370463.06
2008-02,2007/08,2008,2,White,Import,1.031997,28086.37
2008-03,2007/08,2008,3,All Wheat,Export,94.706541,2577489.85
2008-03,2007/08,2008,3,All Wheat,Import,12.423735,338118.69
2008-03,2007/08,2008,3,Durum,Export,1.920299,52261.97
2008-03,2007/08,2008,3,Durum,Import,4.757165,129468.83
2008-03,2007/08,2008,3,Hard Red Spring,Export,19.56314,532421.45
2008-03,2007/08,2008,3,Hard Red Spring,Import,5.015774,136507.02
2008-03,2007/08,2008,3,Hard Red Winter,Export,49.227143,1339743.38
2008-03,2007/08,2008,3,Hard Red Winter,Import,0.110034,2994.64
2008-03,2007/08,2008,3,Soft Red Winter,Export,12.135486,330273.83
2008-03,2007/08,2008,3,Soft Red Winter,Import,1.516518,41272.85
2008-03,2007/08,2008,3,White,Export,11.860474,322789.23
2008-03,2007/08,2008,3,White,Import,1.024244,27875.35
2008-04,2007/08,2008,4,All Wheat,Export,81.038065,2205494.88
2008-04,2007/08,2008,4,All Wheat,Import,11.603802,315803.76
2008-04,2007/08,2008,4,Durum,Export,2.375338,64646.11
2008-04,2007/08,2008,4,Durum,Import,2.901562,78967.59
2008-04,2007/08,2008,4,Hard Red Spring,Export,16.585324,451378.59
2008-04,2007/08,2008,4,Hard Red Spring,Import,6.481575,176399.57
2008-04,2007/08,2008,4,Hard Red Winter,Export,41.734003,1135813.52
2008-04,2007/08,2008,4,Hard Red Winter,Import,0.031371,853.78
2008-04,2007/08,2008,4,Soft Red Winter,Export,10.288275,280000.99
2008-04,2007/08,2008,4,Soft Red Winter,Import,1.489009,40524.19
2008-04,2007/08,2008,4,White,Export,10.055125,273655.67
2008-04,2007/08,2008,4,White,Import,0.700285,19058.63
2008-05,2007/08,2008,5,All Wheat,Export,81.312584,2212966.07
2008-05,2007/08,2008,5,All Wheat,Import,12.955557,352592.52
2008-05,2007/08,2008,5,Durum,Export,2.096329,57052.74
2008-05,2007/08,2008,5,Durum,Import,3.100528,84382.55
2008-05,2007/08,2008,5,Hard Red Spring,Export,16.702031,454554.82
2008-05,2007/08,2008,5,Hard Red Spring,Import,7.632145,207712.98
2008-05,2007/08,2008,5,Hard Red Winter,Export,42.027673,1143805.92
2008-05,2007/08,2008,5,Hard Red Winter,Import,0.019532,531.56
2008-05,2007/08,2008,5,Soft Red Winter,Export,10.360671,281971.28
2008-05,2007/08,2008,5,Soft Red Winter,Import,1.425096,38784.75
2008-05,2007/08,2008,5,White,Export,10.12588,275581.31
2008-05,2007/08,2008,5,White,Import,0.778257,21180.68
2008-06,2008/09,2008,6,All Wheat,Export,78.921357,2147887.51
2008-06,2008/09,2008,6,All Wheat,Import,9.608358,261496.68
2008-06,2008/09,2008,6,Durum,Export,1.363128,37098.27
2008-06,2008/09,2008,6,Durum,Import,3.072014,83606.51
2008-06,2008/09,2008,6,Hard Red Spring,Export,8.372012,227848.84
2008-06,2008/09,2008,6,Hard Red Spring,Import,4.754296,129390.75
2008-06,2008/09,2008,6,Hard Red Winter,Export,42.216895,1148955.7
2008-06,2008/09,2008,6,Hard Red Winter,Import,0.016267,442.73
2008-06,2008/09,2008,6,Soft Red Winter,Export,20.929033,569594.99
2008-06,2008/09,2008,6,Soft Red Winter,Import,1.037961,28248.68
2008-06,2008/09,2008,6,White,Export,6.040288,164389.71
2008-06,2008/09,2008,6,White,Import,0.72782,19808.01
2008-07,2008/09,2008,7,All Wheat,Export,121.49898,3306660.61
2008-07,2008/09,2008,7,All Wheat,Import,9.020852,245507.39
2008-07,2008/09,2008,7,Durum,Export,1.942962,52878.77
2008-07,2008/09,2008,7,Durum,Import,2.447224,66602.53
2008-07,2008/09,2008,7,Hard Red Spring,Export,12.905457,351229.02
2008-07,2008/09,2008,7,Hard Red Spring,Import,4.706297,128084.43
2008-07,2008/09,2008,7,Hard Red Winter,Export,65.077349,1771115.33
2008-07,2008/09,2008,7,Hard Red Winter,Import,0.017365,472.6
2008-07,2008/09,2008,7,Soft Red Winter,Export,32.262107,878030.73
2008-07,2008/09,2008,7,Soft Red Winter,Import,1.265434,34439.49
2008-07,2008/09,2008,7,White,Export,9.311105,253406.76
2008-07,2008/09,2008,7,White,Import,0.584531,15908.33
2008-08,2008/09,2008,8,All Wheat,Export,144.081765,3921263.36
2008-08,2008/09,2008,8,All Wheat,Import,9.134299,248594.89
2008-08,2008/09,2008,8,Durum,Export,4.611246,125497.56
2008-08,2008/09,2008,8,Durum,Import,2.235307,60835.08
2008-08,2008/09,2008,8,Hard Red Spring,Export,15.055125,409733.4
2008-08,2008/09,2008,8,Hard Red Spring,Import,2.867477,78039.95
2008-08,2008/09,2008,8,Hard Red Winter,Export,75.917313,2066130.84
2008-08,2008/09,2008,8,Hard Red Winter,Import,0.070094,1907.66
2008-08,2008/09,2008,8,Soft Red Winter,Export,37.636021,1024284.72
2008-08,2008/09,2008,8,Soft Red Winter,Import,3.083493,83918.92
2008-08,2008/09,2008,8,White,Export,10.86206,295616.84
2008-08,2008/09,2008,8,White,Import,0.877928,23893.28
2008-09,2008/09,2008,9,All Wheat,Export,119.389407,3249247.45
2008-09,2008/09,2008,9,All Wheat,Import,9.340746,254213.47
2008-09,2008/09,2008,9,Durum,Export,2.603137,70845.8
2008-09,2008/09,2008,9,Durum,Import,1.521691,41413.64
2008-09,2008/09,2008,9,Hard Red Spring,Export,32.384649,881365.79
2008-09,2008/09,2008,9,Hard Red Spring,Import,1.910725,52001.41
2008-09,2008/09,2008,9,Hard Red Winter,Export,52.093021,1417739.82
2008-09,2008/09,2008,9,Hard Red Winter,Import,0.126924,3454.31
2008-09,2008/09,2008,9,Soft Red Winter,Export,18.907312,514572.74
2008-09,2008/09,2008,9,Soft Red Winter,Import,5.10401,138908.4
2008-09,2008/09,2008,9,White,Export,13.401288,364723.31
2008-09,2008/09,2008,9,White,Import,0.677396,18435.71
2008-10,2008/09,2008,10,All Wheat,Export,95.873116,2609238.84
2008-10,2008/09,2008,10,All Wheat,Import,8.548185,232643.5
2008-10,2008/09,2008,10,Durum,Export,0.852956,23213.66
2008-10,2008/09,2008,10,Durum,Import,3.057276,83205.42
2008-10,2008/09,2008,10,Hard Red Spring,Export,26.348941,717100.72
2008-10,2008/09,2008,10,Hard Red Spring,Import,2.658164,72343.38
2008-10,2008/09,2008,10,Hard Red Winter,Export,42.384154,1153507.73
2008-10,2008/09,2008,10,Hard Red Winter,Import,0.07854,2137.51
2008-10,2008/09,2008,10,Soft Red Winter,Export,15.38345,418668.94
2008-10,2008/09,2008,10,Soft Red Winter,Import,1.971166,53646.35
2008-10,2008/09,2008,10,White,Export,10.903615,296747.78
2008-10,2008/09,2008,10,White,Import,0.783039,21310.83
2008-11,2008/09,2008,11,All Wheat,Export,79.333532,2159105.08
2008-11,2008/09,2008,11,All Wheat,Import,9.904026,269543.45
2008-11,2008/09,2008,11,Durum,Export,1.955485,53219.58
2008-11,2008/09,2008,11,Durum,Import,2.982381,81167.13
2008-11,2008/09,2008,11,Hard Red Spring,Export,21.456811,583958.74
2008-11,2008/09,2008,11,Hard Red Spring,Import,4.822932,131258.72
2008-11,2008/09,2008,11,Hard Red Winter,Export,34.514813,939339.35
2008-11,2008/09,2008,11,Hard Red Winter,Import,0.177629,4834.27
2008-11,2008/09,2008,11,Soft Red Winter,Export,12.52725,340935.91
2008-11,2008/09,2008,11,Soft Red Winter,Import,1.145129,31165.3
2008-11,2008/09,2008,11,White,Export,8.879173,241651.5
2008-11,2008/09,2008,11,White,Import,0.775955,21118.03
2008-12,2008/09,2008,12,All Wheat,Export,53.747787,1462775.16
2008-12,2008/09,2008,12,All Wheat,Import,9.310069,253378.57
2008-12,2008/09,2008,12,Durum,Export,1.709974,46537.88
2008-12,2008/09,2008,12,Durum,Import,3.202307,87152.52
2008-12,2008/09,2008,12,Hard Red Spring,Export,13.712973,373205.99
2008-12,2008/09,2008,12,Hard Red Spring,Import,2.921137,79500.33
2008-12,2008/09,2008,12,Hard Red Winter,Export,20.246268,551013.17
2008-12,2008/09,2008,12,Hard Red Winter,Import,0.267945,7292.27
2008-12,2008/09,2008,12,Soft Red Winter,Export,8.09589,220334.02
2008-12,2008/09,2008,12,Soft Red Winter,Import,2.47051,67236.26
2008-12,2008/09,2008,12,White,Export,9.982682,271684.1
2008-12,2008/09,2008,12,White,Import,0.44817,12197.19
2009-01,2008/09,2009,1,All Wheat,Export,58.457247,1590945.67
2009-01,2008/09,2009,1,All Wheat,Import,13.931274,379147.18
2009-01,2008/09,2009,1,Durum,Export,2.659618,72382.95
2009-01,2008/09,2009,1,Durum,Import,4.335892,118003.66
2009-01,2008/09,2009,1,Hard Red Spring,Export,14.703757,400170.73
2009-01,2008/09,2009,1,Hard Red Spring,Import,4.386211,119373.1
2009-01,2008/09,2009,1,Hard Red Winter,Export,21.709094,590824.76
2009-01,2008/09,2009,1,Hard Red Winter,Import,0.328449,8938.92
2009-01,2008/09,2009,1,Soft Red Winter,Export,8.680831,236253.51
2009-01,2008/09,2009,1,Soft Red Winter,Import,4.330708,117862.57
2009-01,2008/09,2009,1,White,Export,10.703947,291313.72
2009-01,2008/09,2009,1,White,Import,0.550014,14968.94
2009-02,2008/09,2009,2,All Wheat,Export,57.714339,1570727.03
2009-02,2008/09,2009,2,All Wheat,Import,13.158397,358112.91
2009-02,2008/09,2009,2,Durum,Export,0.517316,14079.02
2009-02,2008/09,2009,2,Durum,Import,4.003464,108956.43
2009-02,2008/09,2009,2,Hard Red Spring,Export,15.072525,410206.94
2009-02,2008/09,2009,2,Hard Red Spring,Import,4.587287,124845.5
2009-02,2008/09,2009,2,Hard Red Winter,Export,22.253554,605642.54
2009-02,2008/09,2009,2,Hard Red Winter,Import,0.053317,1451.06
2009-02,2008/09,2009,2,Soft Red Winter,Export,8.898544,242178.71
2009-02,2008/09,2009,2,Soft Red Winter,Import,3.852126,104837.69
2009-02,2008/09,2009,2,White,Export,10.9724,298619.81
2009-02,2008/09,2009,2,White,Import,0.662204,18022.24
2009-03,2008/09,2009,3,All Wheat,Export,76.779683,2089600.69
2009-03,2008/09,2009,3,All Wheat,Import,13.337342,362983.0
2009-03,2008/09,2009,3,Durum,Export,1.27604,34728.11
2009-03,2008/09,2009,3,Durum,Import,3.693286,100514.77
2009-03,2008/09,2009,3,Hard Red Spring,Export,18.774515,510958.61
2009-03,2008/09,2009,3,Hard Red Spring,Import,5.006639,136258.39
2009-03,2008/09,2009,3,Hard Red Winter,Export,26.505061,721349.6
2009-03,2008/09,2009,3,Hard Red Winter,Import,0.069249,1884.65
2009-03,2008/09,2009,3,Soft Red Winter,Export,13.322458,362577.93
2009-03,2008/09,2009,3,Soft Red Winter,Import,3.893173,105954.81
2009-03,2008/09,2009,3,White,Export,16.901609,459986.45
2009-03,2008/09,2009,3,White,Import,0.674996,18370.38
2009-04,2008/09,2009,4,All Wheat,Export,62.306589,1695707.6
2009-04,2008/09,2009,4,All Wheat,Import,11.294503,307386.02
2009-04,2008/09,2009,4,Durum,Export,2.557372,69600.26
2009-04,2008/09,2009,4,Durum,Import,4.018959,109378.14
2009-04,2008/09,2009,4,Hard Red Spring,Export,14.857066,404343.1
2009-04,2008/09,2009,4,Hard Red Spring,Import,3.883139,105681.72
2009-04,2008/09,2009,4,Hard Red Winter,Export,20.974572,570834.36
2009-04,2008/09,2009,4,Hard Red Winter,Import,0.247681,6740.78
2009-04,2008/09,2009,4,Soft Red Winter,Export,10.542623,286923.21
2009-04,2008/09,2009,4,Soft Red Winter,Import,2.133389,58061.34
2009-04,2008/09,2009,4,White,Export,13.374956,364006.68
2009-04,2008/09,2009,4,White,Import,1.011335,27524.04
2009-05,2008/09,2009,5,All Wheat,Export,67.310792,1831899.7
2009-05,2008/09,2009,5,All Wheat,Import,10.382199,282557.19
2009-05,2008/09,2009,5,Durum,Export,1.780486,48456.9
2009-05,2008/09,2009,5,Durum,Import,3.584778,97561.66
2009-05,2008/09,2009,5,Hard Red Spring,Export,16.294574,443465.67
2009-05,2008/09,2009,5,Hard Red Spring,Import,2.723238,74114.4
2009-05,2008/09,2009,5,Hard Red Winter,Export,23.003986,626065.95
2009-05,2008/09,2009,5,Hard Red Winter,Import,0.058366,1588.46
2009-05,2008/09,2009,5,Soft Red Winter,Export,11.562684,314684.72
2009-05,2008/09,2009,5,Soft Red Winter,Import,3.309363,90066.1
2009-05,2008/09,2009,5,White,Export,14.669062,399226.47
2009-05,2008/09,2009,5,White,Import,0.706455,19226.56
2009-06,2009/10,2009,6,All Wheat,Export,66.299505,1804376.98
2009-06,2009/10,2009,6,All Wheat,Import,9.758009,265569.5
2009-06,2009/10,2009,6,Durum,Export,2.273772,61881.93
2009-06,2009/10,2009,6,Durum,Import,2.946805,80198.9
2009-06,2009/10,2009,6,Hard Red Spring,Export,13.825098,376257.54
2009-06,2009/10,2009,6,Hard Red Spring,Import,2.622962,71385.34
2009-06,2009/10,2009,6,Hard Red Winter,Export,29.012217,789583.2
2009-06,2009/10,2009,6,Hard Red Winter,Import,0.069169,1882.46
2009-06,2009/10,2009,6,Soft Red Winter,Export,10.044225,273359.03
2009-06,2009/10,2009,6,Soft Red Winter,Import,3.487018,94901.09
2009-06,2009/10,2009,6,White,Export,11.144194,303295.28
2009-06,2009/10,2009,6,White,Import,0.632054,17201.7
2009-07,2009/10,2009,7,All Wheat,Export,60.679682,1651430.43
2009-07,2009/10,2009,7,All Wheat,Import,9.913214,269793.5
2009-07,2009/10,2009,7,Durum,Export,0.865075,23543.5
2009-07,2009/10,2009,7,Durum,Import,2.540196,69132.8
2009-07,2009/10,2009,7,Hard Red Spring,Export,12.915788,351510.17
2009-07,2009/10,2009,7,Hard Red Spring,Import,3.617443,98450.66
2009-07,2009/10,2009,7,Hard Red Winter,Export,27.104013,737650.41
2009-07,2009/10,2009,7,Hard Red Winter,Import,0.035336,961.7
2009-07,2009/10,2009,7,Soft Red Winter,Export,9.383592,255379.54
2009-07,2009/10,2009,7,Soft Red Winter,Import,3.171206,86306.08
2009-07,2009/10,2009,7,White,Export,10.411213,283346.81
2009-07,2009/10,2009,7,White,Import,0.549034,14942.26
2009-08,2009/10,2009,8,All Wheat,Export,72.686802,1978210.72
2009-08,2009/10,2009,8,All Wheat,Import,7.939433,216075.96
2009-08,2009/10,2009,8,Durum,Export,5.252744,142956.29
2009-08,2009/10,2009,8,Durum,Import,2.393611,65143.42
2009-08,2009/10,2009,8,Hard Red Spring,Export,14.561059,396287.11
2009-08,2009/10,2009,8,Hard Red Spring,Import,2.531176,68887.32
2009-08,2009/10,2009,8,Hard Red Winter,Export,30.556643,831615.6
2009-08,2009/10,2009,8,Hard Red Winter,Import,0.24046,6544.25
2009-08,2009/10,2009,8,Soft Red Winter,Export,10.578916,287910.93
2009-08,2009/10,2009,8,Soft Red Winter,Import,2.119433,57681.52
2009-08,2009/10,2009,8,White,Export,11.73744,319440.79
2009-08,2009/10,2009,8,White,Import,0.654753,17819.45
2009-09,2009/10,2009,9,All Wheat,Export,101.093656,2751318.67
2009-09,2009/10,2009,9,All Wheat,Import,7.654716,208327.24
2009-09,2009/10,2009,9,Durum,Export,5.899277,160552.03
2009-09,2009/10,2009,9,Durum,Import,2.28045,62063.67
2009-09,2009/10,2009,9,Hard Red Spring,Export,26.019132,708124.77
2009-09,2009/10,2009,9,Hard Red Spring,Import,2.585106,70355.07
2009-09,2009/10,2009,9,Hard Red Winter,Export,37.248509,1013738.37
2009-09,2009/10,2009,9,Hard Red Winter,Import,0.161723,4401.37
2009-09,2009/10,2009,9,Soft Red Winter,Export,14.376299,391258.78
2009-09,2009/10,2009,9,Soft Red Winter,Import,2.010322,54712.01
2009-09,2009/10,2009,9,White,Export,17.550439,477644.71
2009-09,2009/10,2009,9,White,Import,0.617115,16795.12
2009-10,2009/10,2009,10,All Wheat,Export,80.839344,2200086.57
2009-10,2009/10,2009,10,All Wheat,Import,9.518232,259043.85
2009-10,2009/10,2009,10,Durum,Export,8.615532,234476.36
2009-10,2009/10,2009,10,Durum,Import,3.244304,88295.48
2009-10,2009/10,2009,10,Hard Red Spring,Export,19.740671,537253.05
2009-10,2009/10,2009,10,Hard Red Spring,Import,2.736165,74466.22
2009-10,2009/10,2009,10,Hard Red Winter,Export,28.26038,769121.57
2009-10,2009/10,2009,10,Hard Red Winter,Import,0.299094,8140.02
2009-10,2009/10,2009,10,Soft Red Winter,Export,10.907274,296847.36
2009-10,2009/10,2009,10,Soft Red Winter,Import,2.589699,70480.06
2009-10,2009/10,2009,10,White,Export,13.315488,362388.22
2009-10,2009/10,2009,10,White,Import,0.64897,17662.07
2009-11,2009/10,2009,11,All Wheat,Export,70.143572,1908995.34
2009-11,2009/10,2009,11,All Wheat,Import,7.089679,192949.47
2009-11,2009/10,2009,11,Durum,Export,4.107311,111782.69
2009-11,2009/10,2009,11,Durum,Import,2.489348,67748.96
2009-11,2009/10,2009,11,Hard Red Spring,Export,18.04945,491225.56
2009-11,2009/10,2009,11,Hard Red Spring,Import,2.33915,63661.24
2009-11,2009/10,2009,11,Hard Red Winter,Export,25.83926,703229.46
2009-11,2009/10,2009,11,Hard Red Winter,Import,0.009121,248.24
2009-11,2009/10,2009,11,Soft Red Winter,Export,9.972827,271415.89
2009-11,2009/10,2009,11,Soft Red Winter,Import,1.467808,39947.2
2009-11,2009/10,2009,11,White,Export,12.174725,331341.74
2009-11,2009/10,2009,11,White,Import,0.784252,21343.83
2009-12,2009/10,2009,12,All Wheat,Export,56.146541,1528058.56
2009-12,2009/10,2009,12,All Wheat,Import,7.205105,196090.83
2009-12,2009/10,2009,12,Durum,Export,2.16552,58935.8
2009-12,2009/10,2009,12,Durum,Import,2.816454,76651.32
2009-12,2009/10,2009,12,Hard Red Spring,Export,12.358057,336331.21
2009-12,2009/10,2009,12,Hard Red Spring,Import,2.237653,60898.95
2009-12,2009/10,2009,12,Hard Red Winter,Export,26.371069,717702.93
2009-12,2009/10,2009,12,Hard Red Winter,Import,0.008902,242.28
2009-12,2009/10,2009,12,Soft Red Winter,Export,5.385601,146572.06
2009-12,2009/10,2009,12,Soft Red Winter,Import,1.532553,41709.27
2009-12,2009/10,2009,12,White,Export,9.866295,268516.56
2009-12,2009/10,2009,12,White,Import,0.609542,16589.02
2010-01,2009/10,2010,1,All Wheat,Export,64.490066,1755132.12
2010-01,2009/10,2010,1,All Wheat,Import,11.369333,309422.57
2010-01,2009/10,2010,1,Durum,Export,1.550572,42199.65
2010-01,2009/10,2010,1,Durum,Import,3.336561,90806.3
2010-01,2009/10,2010,1,Hard Red Spring,Export,14.40895,392147.39
2010-01,2009/10,2010,1,Hard Red Spring,Import,4.04035,109960.31
2010-01,2009/10,2010,1,Hard Red Winter,Export,30.747505,836810.02
2010-01,2009/10,2010,1,Hard Red Winter,Import,0.079309,2158.43
2010-01,2009/10,2010,1,Soft Red Winter,Export,6.279374,170896.57
2010-01,2009/10,2010,1,Soft Red Winter,Import,3.071765,83599.75
2010-01,2009/10,2010,1,White,Export,11.503665,313078.49
2010-01,2009/10,2010,1,White,Import,0.841349,22897.78
2010-02,2009/10,2010,2,All Wheat,Export,80.379247,2187564.78
2010-02,2009/10,2010,2,All Wheat,Import,11.314122,307919.97
2010-02,2009/10,2010,2,Durum,Export,1.378758,37523.64
2010-02,2009/10,2010,2,Durum,Import,2.744274,74686.91
2010-02,2009/10,2010,2,Hard Red Spring,Export,18.085847,492216.14
2010-02,2009/10,2010,2,Hard Red Spring,Import,3.947907,107444.44
2010-02,2009/10,2010,2,Hard Red Winter,Export,38.593699,1050348.45
2010-02,2009/10,2010,2,Hard Red Winter,Import,0.312842,8514.15
2010-02,2009/10,2010,2,Soft Red Winter,Export,7.881754,214506.21
2010-02,2009/10,2010,2,Soft Red Winter,Import,3.91871,106649.81
2010-02,2009/10,2010,2,White,Export,14.439188,392970.33
2010-02,2009/10,2010,2,White,Import,0.39039,10624.66
2010-03,2009/10,2010,3,All Wheat,Export,76.889601,2092592.19
2010-03,2009/10,2010,3,All Wheat,Import,12.186847,331671.65
2010-03,2009/10,2010,3,Durum,Export,4.155747,113100.91
2010-03,2009/10,2010,3,Durum,Import,3.425173,93217.93
2010-03,2009/10,2010,3,Hard Red Spring,Export,21.567661,586975.59
2010-03,2009/10,2010,3,Hard Red Spring,Import,4.679001,127341.56
2010-03,2009/10,2010,3,Hard Red Winter,Export,32.48046,883973.33
2010-03,2009/10,2010,3,Hard Red Winter,Import,0.156373,4255.77
2010-03,2009/10,2010,3,Soft Red Winter,Export,8.233303,224073.79
2010-03,2009/10,2010,3,Soft Red Winter,Import,3.344904,91033.38
2010-03,2009/10,2010,3,White,Export,10.452431,284468.57
2010-03,2009/10,2010,3,White,Import,0.581396,15823.0
2010-04,2009/10,2010,4,All Wheat,Export,79.301222,2158225.75
2010-04,2009/10,2010,4,All Wheat,Import,11.055109,300870.78
2010-04,2009/10,2010,4,Durum,Export,4.42372,120393.95
2010-04,2009/10,2010,4,Durum,Import,3.321947,90408.58
2010-04,2009/10,2010,4,Hard Red Spring,Export,22.203314,604275.22
2010-04,2009/10,2010,4,Hard Red Spring,Import,3.374881,91849.22
2010-04,2009/10,2010,4,Hard Red Winter,Export,33.43774,910026.22
2010-04,2009/10,2010,4,Hard Red Winter,Import,0.156143,4249.51
2010-04,2009/10,2010,4,Soft Red Winter,Export,8.475958,230677.8
2010-04,2009/10,2010,4,Soft Red Winter,Import,2.833631,77118.79
2010-04,2009/10,2010,4,White,Export,10.76049,292852.56
2010-04,2009/10,2010,4,White,Import,1.368507,37244.67
2010-05,2009/10,2010,5,All Wheat,Export,70.347302,1914539.95
2010-05,2009/10,2010,5,All Wheat,Import,13.586776,369771.48
2010-05,2009/10,2010,5,Durum,Export,3.172167,86332.25
2010-05,2009/10,2010,5,Durum,Import,3.375308,91860.82
2010-05,2009/10,2010,5,Hard Red Spring,Export,19.919342,542115.7
2010-05,2009/10,2010,5,Hard Red Spring,Import,5.901882,160622.93
2010-05,2009/10,2010,5,Hard Red Winter,Export,29.998125,816415.24
2010-05,2009/10,2010,5,Hard Red Winter,Import,0.027343,744.14
2010-05,2009/10,2010,5,Soft Red Winter,Export,7.604068,206948.84
2010-05,2009/10,2010,5,Soft Red Winter,Import,2.513333,68401.72
2010-05,2009/10,2010,5,White,Export,9.653599,262727.92
2010-05,2009/10,2010,5,White,Import,1.768911,48141.86
2010-06,2010/11,2010,6,All Wheat,Export,74.100931,2016697.02
2010-06,2010/11,2010,6,All Wheat,Import,10.037525,273176.69
2010-06,2010/11,2010,6,Durum,Export,1.814582,49384.83
2010-06,2010/11,2010,6,Durum,Import,2.820386,76758.35
2010-06,2010/11,2010,6,Hard Red Spring,Export,17.445202,474780.64
2010-06,2010/11,2010,6,Hard Red Spring,Import,3.821742,104010.78
2010-06,2010/11,2010,6,Hard Red Winter,Export,36.328957,988712.27
2010-06,2010/11,2010,6,Hard Red Winter,Import,0.011512,313.31
2010-06,2010/11,2010,6,Soft Red Winter,Export,6.032196,164169.48
2010-06,2010/11,2010,6,Soft Red Winter,Import,2.747733,74781.04
2010-06,2010/11,2010,6,White,Export,12.479994,339649.8
2010-06,2010/11,2010,6,White,Import,0.636152,17313.21
2010-07,2010/11,2010,7,All Wheat,Export,82.810226,2253725.19
2010-07,2010/11,2010,7,All Wheat,Import,9.294822,252963.62
2010-07,2010/11,2010,7,Durum,Export,3.459108,94141.5
2010-07,2010/11,2010,7,Durum,Import,3.187439,86747.89
2010-07,2010/11,2010,7,Hard Red Spring,Export,19.150176,521182.42
2010-07,2010/11,2010,7,Hard Red Spring,Import,3.961461,107813.3
2010-07,2010/11,2010,7,Hard Red Winter,Export,39.879498,1085342.17
2010-07,2010/11,2010,7,Hard Red Winter,Import,0.279161,7597.51
2010-07,2010/11,2010,7,Soft Red Winter,Export,6.621741,180214.27
2010-07,2010/11,2010,7,Soft Red Winter,Import,1.533567,41736.86
2010-07,2010/11,2010,7,White,Export,13.699702,372844.83
2010-07,2010/11,2010,7,White,Import,0.333194,9068.06
2010-08,2010/11,2010,8,All Wheat,Export,108.35211,2948861.41
2010-08,2010/11,2010,8,All Wheat,Import,8.166596,222258.33
2010-08,2010/11,2010,8,Durum,Export,4.581541,124689.13
2010-08,2010/11,2010,8,Durum,Import,3.000234,81652.99
2010-08,2010/11,2010,8,Hard Red Spring,Export,25.043436,681570.69
2010-08,2010/11,2010,8,Hard Red Spring,Import,2.204026,59983.77
2010-08,2010/11,2010,8,Hard Red Winter,Export,52.151984,1419344.52
2010-08,2010/11,2010,8,Hard Red Winter,Import,0.169449,4611.66
2010-08,2010/11,2010,8,Soft Red Winter,Export,8.65951,235673.27
2010-08,2010/11,2010,8,Soft Red Winter,Import,2.348775,63923.17
2010-08,2010/11,2010,8,White,Export,17.915638,487583.81
2010-08,2010/11,2010,8,White,Import,0.444111,12086.73
2010-09,2010/11,2010,9,All Wheat,Export,127.723946,3476076.44
2010-09,2010/11,2010,9,All Wheat,Import,8.555578,232844.7
2010-09,2010/11,2010,9,Durum,Export,6.479728,176349.31
2010-09,2010/11,2010,9,Durum,Import,2.394165,65158.5
2010-09,2010/11,2010,9,Hard Red Spring,Export,38.481856,1047304.56
2010-09,2010/11,2010,9,Hard Red Spring,Import,1.626277,44260.02
2010-09,2010/11,2010,9,Hard Red Winter,Export,58.924733,1603668.57
2010-09,2010/11,2010,9,Hard Red Winter,Import,0.090351,2458.96
2010-09,2010/11,2010,9,Soft Red Winter,Export,6.369592,173351.9
2010-09,2010/11,2010,9,Soft Red Winter,Import,3.233552,88002.88
2010-09,2010/11,2010,9,White,Export,17.468037,475402.1
2010-09,2010/11,2010,9,White,Import,1.211232,32964.34
2010-10,2010/11,2010,10,All Wheat,Export,92.086553,2506185.48
2010-10,2010/11,2010,10,All Wheat,Import,7.709482,209817.73
2010-10,2010/11,2010,10,Durum,Export,3.037578,82669.33
2010-10,2010/11,2010,10,Durum,Import,2.267606,61714.13
2010-10,2010/11,2010,10,Hard Red Spring,Export,28.263367,769202.85
2010-10,2010/11,2010,10,Hard Red Spring,Import,2.023793,55078.63
2010-10,2010/11,2010,10,Hard Red Winter,Export,43.277834,1177829.72
2010-10,2010/11,2010,10,Hard Red Winter,Import,0.058136,1582.21
2010-10,2010/11,2010,10,Soft Red Winter,Export,4.678208,127319.96
2010-10,2010/11,2010,10,Soft Red Winter,Import,2.865918,77997.51
2010-10,2010/11,2010,10,White,Export,12.829567,349163.62
2010-10,2010/11,2010,10,White,Import,0.494028,13445.25
2010-11,2010/11,2010,11,All Wheat,Export,90.723566,2469091.03
2010-11,2010/11,2010,11,All Wheat,Import,7.499231,204095.64
2010-11,2010/11,2010,11,Durum,Export,4.61291,125542.84
2010-11,2010/11,2010,11,Durum,Import,2.8667,78018.8
2010-11,2010/11,2010,11,Hard Red Spring,Export,27.33077,743821.72
2010-11,2010/11,2010,11,Hard Red Spring,Import,1.885102,51304.09
2010-11,2010/11,2010,11,Hard Red Winter,Export,41.84981,1138965.26
2010-11,2010/11,2010,11,Hard Red Winter,Import,0.022727,618.53
2010-11,2010/11,2010,11,Soft Red Winter,Export,4.523843,123118.83
2010-11,2010/11,2010,11,Soft Red Winter,Import,1.781747,48491.2
2010-11,2010/11,2010,11,White,Export,12.406234,337642.38
2010-11,2010/11,2010,11,White,Import,0.942955,25663.02
2010-12,2010/11,2010,12,All Wheat,Export,92.920595,2528884.37
2010-12,2010/11,2010,12,All Wheat,Import,7.771587,211507.97
2010-12,2010/11,2010,12,Durum,Export,4.596209,125088.31
2010-12,2010/11,2010,12,Durum,Import,2.50374,68140.64
2010-12,2010/11,2010,12,Hard Red Spring,Export,22.374884,608944.6
2010-12,2010/11,2010,12,Hard Red Spring,Import,2.054508,55914.55
2010-12,2010/11,2010,12,Hard Red Winter,Export,44.418663,1208878.01
2010-12,2010/11,2010,12,Hard Red Winter,Import,0.037275,1014.46
2010-12,2010/11,2010,12,Soft Red Winter,Export,8.86564,241283.19
2010-12,2010/11,2010,12,Soft Red Winter,Import,2.784594,75784.23
2010-12,2010/11,2010,12,White,Export,12.665199,344690.27
2010-12,2010/11,2010,12,White,Import,0.391471,10654.09
2011-01,2010/11,2011,1,All Wheat,Export,111.90363,3045517.97
2011-01,2010/11,2011,1,All Wheat,Import,8.129109,221238.11
2011-01,2010/11,2011,1,Durum,Export,2.632058,71632.88
2011-01,2010/11,2011,1,Durum,Import,2.602887,70838.99
2011-01,2010/11,2011,1,Hard Red Spring,Export,27.681356,753363.11
2011-01,2010/11,2011,1,Hard Red Spring,Import,2.183858,59434.89
2011-01,2010/11,2011,1,Hard Red Winter,Export,54.953082,1495577.91
2011-01,2010/11,2011,1,Hard Red Winter,Import,0.044239,1203.99
2011-01,2010/11,2011,1,Soft Red Winter,Export,10.968232,298506.39
2011-01,2010/11,2011,1,Soft Red Winter,Import,2.963218,80645.59
2011-01,2010/11,2011,1,White,Export,15.668903,426437.69
2011-01,2010/11,2011,1,White,Import,0.334906,9114.65
2011-02,2010/11,2011,2,All Wheat,Export,103.527434,2817555.25
2011-02,2010/11,2011,2,All Wheat,Import,7.396651,201303.88
2011-02,2010/11,2011,2,Durum,Export,1.951674,53115.87
2011-02,2010/11,2011,2,Durum,Import,2.849556,77552.22
2011-02,2010/11,2011,2,Hard Red Spring,Export,25.731805,700305.01
2011-02,2010/11,2011,2,Hard Red Spring,Import,2.151804,58562.52
2011-02,2010/11,2011,2,Hard Red Winter,Export,51.082829,1390246.88
2011-02,2010/11,2011,2,Hard Red Winter,Import,0.07116,1936.66
2011-02,2010/11,2011,2,Soft Red Winter,Export,10.195758,277483.08
2011-02,2010/11,2011,2,Soft Red Winter,Import,2.010861,54726.66
2011-02,2010/11,2011,2,White,Export,14.565369,396404.41
2011-02,2010/11,2011,2,White,Import,0.31327,8525.81
2011-03,2010/11,2011,3,All Wheat,Export,125.671677,3420222.84
2011-03,2010/11,2011,3,All Wheat,Import,7.355584,200186.21
2011-03,2010/11,2011,3,Durum,Export,1.263064,34374.98
2011-03,2010/11,2011,3,Durum,Import,3.027427,82393.05
2011-03,2010/11,2011,3,Hard Red Spring,Export,33.938632,923658.27
2011-03,2010/11,2011,3,Hard Red Spring,Import,1.864924,50754.92
2011-03,2010/11,2011,3,Hard Red Winter,Export,60.836249,1655691.51
2011-03,2010/11,2011,3,Hard Red Winter,Import,0.080964,2203.49
2011-03,2010/11,2011,3,Soft Red Winter,Export,13.24808,360553.68
2011-03,2010/11,2011,3,Soft Red Winter,Import,1.840279,50084.2
2011-03,2010/11,2011,3,White,Export,16.385652,445944.39
2011-03,2010/11,2011,3,White,Import,0.54199,14750.54
2011-04,2010/11,2011,4,All Wheat,Export,150.211206,4088079.41
2011-04,2010/11,2011,4,All Wheat,Import,8.586397,233683.45
2011-04,2010/11,2011,4,Durum,Export,5.783998,157414.65
2011-04,2010/11,2011,4,Durum,Import,2.810447,76487.83
2011-04,2010/11,2011,4,Hard Red Spring,Export,39.399698,1072284.16
2011-04,2010/11,2011,4,Hard Red Spring,Import,2.405832,65476.01
2011-04,2010/11,2011,4,Hard Red Winter,Export,70.625412,1922108.89
2011-04,2010/11,2011,4,Hard Red Winter,Import,0.02307,627.87
2011-04,2010/11,2011,4,Soft Red Winter,Export,15.379829,418570.39
2011-04,2010/11,2011,4,Soft Red Winter,Import,2.87478,78238.7
2011-04,2010/11,2011,4,White,Export,19.022267,517701.32
2011-04,2010/11,2011,4,White,Import,0.472268,12853.04
2011-05,2010/11,2011,5,All Wheat,Export,131.41367,3576494.27
2011-05,2010/11,2011,5,All Wheat,Import,6.415835,174610.44
2011-05,2010/11,2011,5,Durum,Export,3.478655,94673.48
2011-05,2010/11,2011,5,Durum,Import,2.38329,64862.54
2011-05,2010/11,2011,5,Hard Red Spring,Export,34.900633,949839.66
2011-05,2010/11,2011,5,Hard Red Spring,Import,1.60578,43702.18
2011-05,2010/11,2011,5,Hard Red Winter,Export,62.560672,1702622.61
2011-05,2010/11,2011,5,Hard Red Winter,Import,0.00648,176.36
2011-05,2010/11,2011,5,Soft Red Winter,Export,13.623601,370773.69
2011-05,2010/11,2011,5,Soft Red Winter,Import,1.529495,41626.03
2011-05,2010/11,2011,5,White,Export,16.850108,458584.83
2011-05,2010/11,2011,5,White,Import,0.89079,24243.32
2011-06,2011/12,2011,6,All Wheat,Export,107.51729,2926141.36
2011-06,2011/12,2011,6,All Wheat,Import,8.592206,233841.56
2011-06,2011/12,2011,6,Durum,Export,2.765444,75263.06
2011-06,2011/12,2011,6,Durum,Import,2.32503,63276.96
2011-06,2011/12,2011,6,Hard Red Spring,Export,25.586316,696345.46
2011-06,2011/12,2011,6,Hard Red Spring,Import,2.040783,55541.01
2011-06,2011/12,2011,6,Hard Red Winter,Export,46.731966,1271835.79
2011-06,2011/12,2011,6,Hard Red Winter,Import,0.007982,217.23
2011-06,2011/12,2011,6,Soft Red Winter,Export,15.238685,414729.06
2011-06,2011/12,2011,6,Soft Red Winter,Import,3.220461,87646.58
2011-06,2011/12,2011,6,White,Export,17.19488,467967.99
2011-06,2011/12,2011,6,White,Import,0.997951,27159.78
2011-07,2011/12,2011,7,All Wheat,Export,84.786578,2307512.69
2011-07,2011/12,2011,7,All Wheat,Import,5.116767,139255.59
2011-07,2011/12,2011,7,Durum,Export,1.634166,44474.72
2011-07,2011/12,2011,7,Durum,Import,2.486212,67663.62
2011-07,2011/12,2011,7,Hard Red Spring,Export,20.310514,552761.65
2011-07,2011/12,2011,7,Hard Red Spring,Import,1.734957,47217.79
2011-07,2011/12,2011,7,Hard Red Winter,Export,37.096011,1009588.06
2011-07,2011/12,2011,7,Hard Red Winter,Import,0.004307,117.23
2011-07,2011/12,2011,7,Soft Red Winter,Export,12.096525,329213.5
2011-07,2011/12,2011,7,Soft Red Winter,Import,0.451794,12295.81
2011-07,2011/12,2011,7,White,Export,13.649361,371474.76
2011-07,2011/12,2011,7,White,Import,0.439497,11961.14
2011-08,2011/12,2011,8,All Wheat,Export,102.494613,2789446.48
2011-08,2011/12,2011,8,All Wheat,Import,7.112034,193557.85
2011-08,2011/12,2011,8,Durum,Export,3.765028,102467.27
2011-08,2011/12,2011,8,Durum,Import,2.307668,62804.42
2011-08,2011/12,2011,8,Hard Red Spring,Export,24.11534,656312.04
2011-08,2011/12,2011,8,Hard Red Spring,Import,1.594532,43396.05
2011-08,2011/12,2011,8,Hard Red Winter,Export,44.045311,1198717.01
2011-08,2011/12,2011,8,Hard Red Winter,Import,0.196338,5343.45
2011-08,2011/12,2011,8,Soft Red Winter,Export,14.362601,390885.98
2011-08,2011/12,2011,8,Soft Red Winter,Import,2.459175,66927.79
2011-08,2011/12,2011,8,White,Export,16.206334,441064.16
2011-08,2011/12,2011,8,White,Import,0.554321,15086.14
2011-09,2011/12,2011,9,All Wheat,Export,101.187751,2753879.52
2011-09,2011/12,2011,9,All Wheat,Import,9.219283,250907.79
2011-09,2011/12,2011,9,Durum,Export,1.866438,50796.13
2011-09,2011/12,2011,9,Durum,Import,2.378312,64727.06
2011-09,2011/12,2011,9,Hard Red Spring,Export,27.382593,745232.12
2011-09,2011/12,2011,9,Hard Red Spring,Import,1.84137,50113.89
2011-09,2011/12,2011,9,Hard Red Winter,Export,40.03075,1089458.56
2011-09,2011/12,2011,9,Hard Red Winter,Import,0.038911,1058.98
2011-09,2011/12,2011,9,Soft Red Winter,Export,12.558954,341798.73
2011-09,2011/12,2011,9,Soft Red Winter,Import,4.433501,120660.13
2011-09,2011/12,2011,9,White,Export,19.349017,526593.98
2011-09,2011/12,2011,9,White,Import,0.527189,14347.73
2011-10,2011/12,2011,10,All Wheat,Export,73.603812,2003167.64
2011-10,2011/12,2011,10,All Wheat,Import,12.689911,345362.8
2011-10,2011/12,2011,10,Durum,Export,3.33577,90784.79
2011-10,2011/12,2011,10,Durum,Import,2.869518,78095.5
2011-10,2011/12,2011,10,Hard Red Spring,Export,19.372692,527238.31
2011-10,2011/12,2011,10,Hard Red Spring,Import,3.091949,84149.07
2011-10,2011/12,2011,10,Hard Red Winter,Export,28.321035,770772.32
2011-10,2011/12,2011,10,Hard Red Winter,Import,0.084532,2300.57
2011-10,2011/12,2011,10,Soft Red Winter,Export,8.885234,241816.45
2011-10,2011/12,2011,10,Soft Red Winter,Import,6.209993,169008.32
2011-10,2011/12,2011,10,White,Export,13.689081,372555.76
2011-10,2011/12,2011,10,White,Import,0.433919,11809.34
2011-11,2011/12,2011,11,All Wheat,Export,63.11744,1717775.36
2011-11,2011/12,2011,11,All Wheat,Import,10.361257,281987.22
2011-11,2011/12,2011,11,Durum,Export,2.635839,71735.78
2011-11,2011/12,2011,11,Durum,Import,3.910521,106426.95
2011-11,2011/12,2011,11,Hard Red Spring,Export,16.674599,453808.26
2011-11,2011/12,2011,11,Hard Red Spring,Import,3.684128,100265.54
2011-11,2011/12,2011,11,Hard Red Winter,Export,24.37668,663424.56
2011-11,2011/12,2011,11,Hard Red Winter,Import,0.022432,610.5
2011-11,2011/12,2011,11,Soft Red Winter,Export,7.647761,208137.95
2011-11,2011/12,2011,11,Soft Red Winter,Import,1.758791,47866.45
2011-11,2011/12,2011,11,White,Export,11.782562,320668.81
2011-11,2011/12,2011,11,White,Import,0.985385,26817.79
2011-12,2011/12,2011,12,All Wheat,Export,72.819803,1981830.42
2011-12,2011/12,2011,12,All Wheat,Import,10.533892,286685.59
2011-12,2011/12,2011,12,Durum,Export,2.816186,76644.02
2011-12,2011/12,2011,12,Durum,Import,3.853876,104885.33
2011-12,2011/12,2011,12,Hard Red Spring,Export,17.04595,463914.77
2011-12,2011/12,2011,12,Hard Red Spring,Import,2.756947,75031.8
2011-12,2011/12,2011,12,Hard Red Winter,Export,25.92572,705582.53
2011-12,2011/12,2011,12,Hard Red Winter,Import,0.015294,416.24
2011-12,2011/12,2011,12,Soft Red Winter,Export,7.809919,212551.17
2011-12,2011/12,2011,12,Soft Red Winter,Import,3.031942,82515.95
2011-12,2011/12,2011,12,White,Export,19.222028,523137.93
2011-12,2011/12,2011,12,White,Import,0.875833,23836.27
2012-01,2011/12,2012,1,All Wheat,Export,74.035046,2014903.93
2012-01,2011/12,2012,1,All Wheat,Import,10.254435,279080.0
2012-01,2011/12,2012,1,Durum,Export,1.338854,36437.64
2012-01,2011/12,2012,1,Durum,Import,3.071244,83585.58
2012-01,2011/12,2012,1,Hard Red Spring,Export,17.701595,481758.49
2012-01,2011/12,2012,1,Hard Red Spring,Import,5.69093,154881.76
2012-01,2011/12,2012,1,Hard Red Winter,Export,26.922911,732721.62
2012-01,2011/12,2012,1,Hard Red Winter,Import,0.019788,538.53
2012-01,2011/12,2012,1,Soft Red Winter,Export,8.110314,220726.6
2012-01,2011/12,2012,1,Soft Red Winter,Import,0.663893,18068.22
2012-01,2011/12,2012,1,White,Export,19.961373,543259.58
2012-01,2011/12,2012,1,White,Import,0.808579,22005.91
2012-02,2011/12,2012,2,All Wheat,Export,70.460933,1917632.51
2012-02,2011/12,2012,2,All Wheat,Import,9.566182,260348.82
2012-02,2011/12,2012,2,Durum,Export,1.848139,50298.11
2012-02,2011/12,2012,2,Durum,Import,3.436713,93532.0
2012-02,2011/12,2012,2,Hard Red Spring,Export,16.707283,454697.77
2012-02,2011/12,2012,2,Hard Red Spring,Import,4.946272,134615.47
2012-02,2011/12,2012,2,Hard Red Winter,Export,25.410631,691564.11
2012-02,2011/12,2012,2,Hard Red Winter,Import,0.007909,215.26
2012-02,2011/12,2012,2,Soft Red Winter,Export,7.654752,208328.23
2012-02,2011/12,2012,2,Soft Red Winter,Import,0.627767,17085.03
2012-02,2011/12,2012,2,White,Export,18.840128,512744.29
2012-02,2011/12,2012,2,White,Import,0.54752,14901.06
2012-03,2011/12,2012,3,All Wheat,Export,88.683325,2413564.77
2012-03,2011/12,2012,3,All Wheat,Import,13.398811,364655.9
2012-03,2011/12,2012,3,Durum,Export,0.807275,21970.43
2012-03,2011/12,2012,3,Durum,Import,4.450729,121129.01
2012-03,2011/12,2012,3,Hard Red Spring,Export,17.110438,465669.86
2012-03,2011/12,2012,3,Hard Red Spring,Import,7.306297,198844.84
2012-03,2011/12,2012,3,Hard Red Winter,Export,29.230022,795510.9
2012-03,2011/12,2012,3,Hard Red Winter,Import,0.027101,737.57
2012-03,2011/12,2012,3,Soft Red Winter,Export,21.046769,572799.23
2012-03,2011/12,2012,3,Soft Red Winter,Import,1.046394,28478.19
2012-03,2011/12,2012,3,White,Export,20.48882,557614.34
2012-03,2011/12,2012,3,White,Import,0.568289,15466.3
2012-04,2011/12,2012,4,All Wheat,Export,105.464384,2870270.38
2012-04,2011/12,2012,4,All Wheat,Import,9.299459,253089.83
2012-04,2011/12,2012,4,Durum,Export,1.966168,53510.32
2012-04,2011/12,2012,4,Durum,Import,3.29392,89645.83
2012-04,2011/12,2012,4,Hard Red Spring,Export,20.152247,548454.32
2012-04,2011/12,2012,4,Hard Red Spring,Import,5.173844,140808.96
2012-04,2011/12,2012,4,Hard Red Winter,Export,34.42639,936932.87
2012-04,2011/12,2012,4,Hard Red Winter,Import,0.017768,483.57
2012-04,2011/12,2012,4,Soft Red Winter,Export,24.788359,674628.63
2012-04,2011/12,2012,4,Soft Red Winter,Import,0.208308,5669.22
2012-04,2011/12,2012,4,White,Export,24.13122,656744.25
2012-04,2011/12,2012,4,White,Import,0.605619,16482.25
2012-05,2011/12,2012,5,All Wheat,Export,106.920013,2909886.12
2012-05,2011/12,2012,5,All Wheat,Import,6.971307,189727.9
2012-05,2011/12,2012,5,Durum,Export,2.287186,62247.0
2012-05,2011/12,2012,5,Durum,Import,2.967129,80752.03
2012-05,2011/12,2012,5,Hard Red Spring,Export,20.373168,554466.82
2012-05,2011/12,2012,5,Hard Red Spring,Import,3.318806,90323.1
2012-05,2011/12,2012,5,Hard Red Winter,Export,34.803793,947204.1
2012-05,2011/12,2012,5,Hard Red Winter,Import,0.032481,883.99
2012-05,2011/12,2012,5,Soft Red Winter,Export,25.060104,682024.32
2012-05,2011/12,2012,5,Soft Red Winter,Import,0.075697,2060.13
2012-05,2011/12,2012,5,White,Export,24.395762,663943.88
2012-05,2011/12,2012,5,White,Import,0.577194,15708.65
2012-06,2012/13,2012,6,All Wheat,Export,90.455573,2461797.46
2012-06,2012/13,2012,6,All Wheat,Import,7.10714,193424.67
2012-06,2012/13,2012,6,Durum,Export,2.129449,57954.1
2012-06,2012/13,2012,6,Durum,Import,2.591707,70534.7
2012-06,2012/13,2012,6,Hard Red Spring,Export,23.012497,626297.59
2012-06,2012/13,2012,6,Hard Red Spring,Import,3.800257,103426.06
2012-06,2012/13,2012,6,Hard Red Winter,Export,35.660781,970527.48
2012-06,2012/13,2012,6,Hard Red Winter,Import,0.111497,3034.46
2012-06,2012/13,2012,6,Soft Red Winter,Export,13.069893,355704.22
2012-06,2012/13,2012,6,Soft Red Winter,Import,0.129506,3524.56
2012-06,2012/13,2012,6,White,Export,16.582953,451314.07
2012-06,2012/13,2012,6,White,Import,0.474173,12904.88
2012-07,2012/13,2012,7,All Wheat,Export,73.331182,1995747.87
2012-07,2012/13,2012,7,All Wheat,Import,5.90979,160838.13
2012-07,2012/13,2012,7,Durum,Export,1.825217,49674.26
2012-07,2012/13,2012,7,Durum,Import,2.678855,72906.48
2012-07,2012/13,2012,7,Hard Red Spring,Export,18.630171,507030.22
2012-07,2012/13,2012,7,Hard Red Spring,Import,2.48897,67738.66
2012-07,2012/13,2012,7,Hard Red Winter,Export,28.869811,785707.57
2012-07,2012/13,2012,7,Hard Red Winter,Import,0.024779,674.39
2012-07,2012/13,2012,7,Soft Red Winter,Export,10.580961,287966.6
2012-07,2012/13,2012,7,Soft Red Winter,Import,0.160922,4379.57
2012-07,2012/13,2012,7,White,Export,13.425021,365369.23
2012-07,2012/13,2012,7,White,Import,0.556264,15139.03
2012-08,2012/13,2012,8,All Wheat,Export,99.880263,2718295.51
2012-08,2012/13,2012,8,All Wheat,Import,12.494015,340031.38
2012-08,2012/13,2012,8,Durum,Export,2.596636,70668.85
2012-08,2012/13,2012,8,Durum,Import,2.204177,59987.88
2012-08,2012/13,2012,8,Hard Red Spring,Export,25.346286,689812.92
2012-08,2012/13,2012,8,Hard Red Spring,Import,4.868719,132504.83
2012-08,2012/13,2012,8,Hard Red Winter,Export,39.277282,1068952.53
2012-08,2012/13,2012,8,Hard Red Winter,Import,4.17867,113724.77
2012-08,2012/13,2012,8,Soft Red Winter,Export,14.395362,391777.59
2012-08,2012/13,2012,8,Soft Red Winter,Import,0.728443,19824.96
2012-08,2012/13,2012,8,White,Export,18.264697,497083.62
2012-08,2012/13,2012,8,White,Import,0.514005,13988.93
2012-09,2012/13,2012,9,All Wheat,Export,95.23687,2591923.06
2012-09,2012/13,2012,9,All Wheat,Import,10.560161,287400.5
2012-09,2012/13,2012,9,Durum,Export,3.861533,105093.73
2012-09,2012/13,2012,9,Durum,Import,2.206663,60055.54
2012-09,2012/13,2012,9,Hard Red Spring,Export,27.368458,744847.43
2012-09,2012/13,2012,9,Hard Red Spring,Import,4.860484,132280.71
2012-09,2012/13,2012,9,Hard Red Winter,Export,33.842717,921047.9
2012-09,2012/13,2012,9,Hard Red Winter,Import,2.171633,59102.18
2012-09,2012/13,2012,9,Soft Red Winter,Export,12.605676,343070.32
2012-09,2012/13,2012,9,Soft Red Winter,Import,0.823464,22411.01
2012-09,2012/13,2012,9,White,Export,17.558485,477863.68
2012-09,2012/13,2012,9,White,Import,0.497916,13551.07
2012-10,2012/13,2012,10,All Wheat,Export,54.556967,1484797.43
2012-10,2012/13,2012,10,All Wheat,Import,11.647493,316992.83
2012-10,2012/13,2012,10,Durum,Export,3.311943,90136.31
2012-10,2012/13,2012,10,Durum,Import,3.35739,91373.19
2012-10,2012/13,2012,10,Hard Red Spring,Export,15.348751,417724.59
2012-10,2012/13,2012,10,Hard Red Spring,Import,4.690028,127641.65
2012-10,2012/13,2012,10,Hard Red Winter,Export,18.979639,516541.15
2012-10,2012/13,2012,10,Hard Red Winter,Import,2.623816,71408.56
2012-10,2012/13,2012,10,Soft Red Winter,Export,7.069503,192400.35
2012-10,2012/13,2012,10,Soft Red Winter,Import,0.446356,12147.81
2012-10,2012/13,2012,10,White,Export,9.847132,267995.03
2012-10,2012/13,2012,10,White,Import,0.529904,14421.62
2012-11,2012/13,2012,11,All Wheat,Export,48.097472,1308998.77
2012-11,2012/13,2012,11,All Wheat,Import,10.729353,292005.15
2012-11,2012/13,2012,11,Durum,Export,1.858566,50581.89
2012-11,2012/13,2012,11,Durum,Import,3.127529,85117.4
2012-11,2012/13,2012,11,Hard Red Spring,Export,13.849334,376917.13
2012-11,2012/13,2012,11,Hard Red Spring,Import,4.239731,115386.57
2012-11,2012/13,2012,11,Hard Red Winter,Export,17.125521,466080.33
2012-11,2012/13,2012,11,Hard Red Winter,Import,2.321208,63172.95
2012-11,2012/13,2012,11,Soft Red Winter,Export,6.378884,173604.79
2012-11,2012/13,2012,11,Soft Red Winter,Import,0.53477,14554.05
2012-11,2012/13,2012,11,White,Export,8.885167,241814.63
2012-11,2012/13,2012,11,White,Import,0.506114,13774.18
2012-12,2012/13,2012,12,All Wheat,Export,62.963259,1713579.23
2012-12,2012/13,2012,12,All Wheat,Import,11.609477,315958.21
2012-12,2012/13,2012,12,Durum,Export,2.136357,58142.11
2012-12,2012/13,2012,12,Durum,Import,3.050933,83032.79
2012-12,2012/13,2012,12,Hard Red Spring,Export,13.736803,373854.54
2012-12,2012/13,2012,12,Hard Red Spring,Import,5.033806,136997.77
2012-12,2012/13,2012,12,Hard Red Winter,Export,21.679558,590020.92
2012-12,2012/13,2012,12,Hard Red Winter,Import,2.703372,73573.75
2012-12,2012/13,2012,12,Soft Red Winter,Export,12.125696,330007.4
2012-12,2012/13,2012,12,Soft Red Winter,Import,0.345478,9402.38
2012-12,2012/13,2012,12,White,Export,13.284845,361554.26
2012-12,2012/13,2012,12,White,Import,0.475887,12951.52
2013-01,2012/13,2013,1,All Wheat,Export,78.60463,2139267.63
2013-01,2012/13,2013,1,All Wheat,Import,11.741698,319556.69
2013-01,2012/13,2013,1,Durum,Export,0.981916,26723.36
2013-01,2012/13,2013,1,Durum,Import,3.084747,83953.06
2013-01,2012/13,2013,1,Hard Red Spring,Export,17.529874,477085.03
2013-01,2012/13,2013,1,Hard Red Spring,Import,6.6199,180164.17
2013-01,2012/13,2013,1,Hard Red Winter,Export,27.66582,752940.3
2013-01,2012/13,2013,1,Hard Red Winter,Import,1.032086,28088.78
2013-01,2012/13,2013,1,Soft Red Winter,Export,15.473901,421130.61
2013-01,2012/13,2013,1,Soft Red Winter,Import,0.284682,7747.78
2013-01,2012/13,2013,1,White,Export,16.953119,461388.34
2013-01,2012/13,2013,1,White,Import,0.720283,19602.9
2013-02,2012/13,2013,2,All Wheat,Export,93.585346,2546975.92
2013-02,2012/13,2013,2,All Wheat,Import,11.343817,308728.13
2013-02,2012/13,2013,2,Durum,Export,1.149434,31282.47
2013-02,2012/13,2013,2,Durum,Import,3.46875,94403.9
2013-02,2012/13,2013,2,Hard Red Spring,Export,20.875202,568129.95
2013-02,2012/13,2013,2,Hard Red Spring,Import,5.646569,153674.45
2013-02,2012/13,2013,2,Hard Red Winter,Export,32.945451,896628.3
2013-02,2012/13,2013,2,Hard Red Winter,Import,1.142372,31090.28
2013-02,2012/13,2013,2,Soft Red Winter,Export,18.426876,501497.43
2013-02,2012/13,2013,2,Soft Red Winter,Import,0.233839,6364.05
2013-02,2012/13,2013,2,White,Export,20.188382,549437.77
2013-02,2012/13,2013,2,White,Import,0.852287,23195.45
2013-03,2012/13,2013,3,All Wheat,Export,105.224676,2863746.61
2013-03,2012/13,2013,3,All Wheat,Import,9.147417,248951.91
2013-03,2012/13,2013,3,Durum,Export,1.097307,29863.79
2013-03,2012/13,2013,3,Durum,Import,3.982726,108392.04
2013-03,2012/13,2013,3,Hard Red Spring,Export,19.334641,526202.73
2013-03,2012/13,2013,3,Hard Red Spring,Import,3.491349,95018.96
2013-03,2012/13,2013,3,Hard Red Winter,Export,42.712755,1162450.79
2013-03,2012/13,2013,3,Hard Red Winter,Import,0.481825,13113.12
2013-03,2012/13,2013,3,Soft Red Winter,Export,28.40451,773044.13
2013-03,2012/13,2013,3,Soft Red Winter,Import,0.198339,5397.91
2013-03,2012/13,2013,3,White,Export,13.675464,372185.17
2013-03,2012/13,2013,3,White,Import,0.993178,27029.87
2013-04,2012/13,2013,4,All Wheat,Export,112.669877,3066371.78
2013-04,2012/13,2013,4,All Wheat,Import,11.446585,311525.01
2013-04,2012/13,2013,4,Durum,Export,4.106338,111756.22
2013-04,2012/13,2013,4,Durum,Import,4.863082,132351.42
2013-04,2012/13,2013,4,Hard Red Spring,Export,20.15836,548620.69
2013-04,2012/13,2013,4,Hard Red Spring,Import,5.068795,137950.01
2013-04,2012/13,2013,4,Hard Red Winter,Export,44.532459,1211975.02
2013-04,2012/13,2013,4,Hard Red Winter,Import,0.335867,9140.81
2013-04,2012/13,2013,4,Soft Red Winter,Export,29.614635,805978.35
2013-04,2012/13,2013,4,Soft Red Winter,Import,0.389739,10606.95
2013-04,2012/13,2013,4,White,Export,14.258084,388041.48
2013-04,2012/13,2013,4,White,Import,0.789101,21475.81
2013-05,2012/13,2013,5,All Wheat,Export,97.459485,2652412.71
2013-05,2012/13,2013,5,All Wheat,Import,10.579838,287936.03
2013-05,2012/13,2013,5,Durum,Export,3.636636,98973.03
2013-05,2012/13,2013,5,Durum,Import,2.928069,79688.99
2013-05,2012/13,2013,5,Hard Red Spring,Export,17.42127,474129.32
2013-05,2012/13,2013,5,Hard Red Spring,Import,6.423126,174808.85
2013-05,2012/13,2013,5,Hard Red Winter,Export,38.48587,1047413.81
2013-05,2012/13,2013,5,Hard Red Winter,Import,0.542564,14766.17
2013-05,2012/13,2013,5,Soft Red Winter,Export,25.593578,696543.11
2013-05,2012/13,2013,5,Soft Red Winter,Import,0.191127,5201.62
2013-05,2012/13,2013,5,White,Export,12.32213,335353.45
2013-05,2012/13,2013,5,White,Import,0.494952,13470.39
2013-06,2013/14,2013,6,All Wheat,Export,97.456684,2652336.49
2013-06,2013/14,2013,6,All Wheat,Import,10.521251,286341.55
2013-06,2013/14,2013,6,Durum,Export,1.251197,34052.0
2013-06,2013/14,2013,6,Durum,Import,5.196426,141423.56
2013-06,2013/14,2013,6,Hard Red Spring,Export,13.483415,366958.45
2013-06,2013/14,2013,6,Hard Red Spring,Import,4.385327,119349.05
2013-06,2013/14,2013,6,Hard Red Winter,Export,43.005925,1170429.56
2013-06,2013/14,2013,6,Hard Red Winter,Import,0.293805,7996.06
2013-06,2013/14,2013,6,Soft Red Winter,Export,31.167839,848249.63
2013-06,2013/14,2013,6,Soft Red Winter,Import,0.148046,4029.16
2013-06,2013/14,2013,6,White,Export,8.548309,232646.86
2013-06,2013/14,2013,6,White,Import,0.497647,13543.72
2013-07,2013/14,2013,7,All Wheat,Export,116.388248,3167569.28
2013-07,2013/14,2013,7,All Wheat,Import,13.047684,355099.8
2013-07,2013/14,2013,7,Durum,Export,2.112108,57482.16
2013-07,2013/14,2013,7,Durum,Import,4.131007,112427.6
2013-07,2013/14,2013,7,Hard Red Spring,Export,16.016057,435885.69
2013-07,2013/14,2013,7,Hard Red Spring,Import,7.919594,215536.06
2013-07,2013/14,2013,7,Hard Red Winter,Export,51.083896,1390275.92
2013-07,2013/14,2013,7,Hard Red Winter,Import,0.125322,3410.71
2013-07,2013/14,2013,7,Soft Red Winter,Export,37.022216,1007579.68
2013-07,2013/14,2013,7,Soft Red Winter,Import,0.333847,9085.82
2013-07,2013/14,2013,7,White,Export,10.153971,276345.83
2013-07,2013/14,2013,7,White,Import,0.537914,14639.62
2013-08,2013/14,2013,8,All Wheat,Export,143.689435,3910585.87
2013-08,2013/14,2013,8,All Wheat,Import,12.085816,328922.03
2013-08,2013/14,2013,8,Durum,Export,4.96255,135058.49
2013-08,2013/14,2013,8,Durum,Import,3.616822,98433.76
2013-08,2013/14,2013,8,Hard Red Spring,Export,19.442884,529148.63
2013-08,2013/14,2013,8,Hard Red Spring,Import,6.233825,169656.93
2013-08,2013/14,2013,8,Hard Red Winter,Export,62.013905,1687742.05
2013-08,2013/14,2013,8,Hard Red Winter,Import,1.136521,30931.03
2013-08,2013/14,2013,8,Soft Red Winter,Export,44.943561,1223163.38
2013-08,2013/14,2013,8,Soft Red Winter,Import,0.628707,17110.61
2013-08,2013/14,2013,8,White,Export,12.326534,335473.32
2013-08,2013/14,2013,8,White,Import,0.469941,12789.71
2013-09,2013/14,2013,9,All Wheat,Export,153.430635,4175697.93
2013-09,2013/14,2013,9,All Wheat,Import,18.991985,516877.16
2013-09,2013/14,2013,9,Durum,Export,3.010761,81939.5
2013-09,2013/14,2013,9,Durum,Import,4.187083,113953.73
2013-09,2013/14,2013,9,Hard Red Spring,Export,29.095224,791842.3
2013-09,2013/14,2013,9,Hard Red Spring,Import,8.989887,244664.66
2013-09,2013/14,2013,9,Hard Red Winter,Export,53.854832,1465688.45
2013-09,2013/14,2013,9,Hard Red Winter,Import,3.490916,95007.18
2013-09,2013/14,2013,9,Soft Red Winter,Export,44.222986,1203552.54
2013-09,2013/14,2013,9,Soft Red Winter,Import,1.727393,47011.94
2013-09,2013/14,2013,9,White,Export,23.246832,632675.13
2013-09,2013/14,2013,9,White,Import,0.596705,16239.66
2013-10,2013/14,2013,10,All Wheat,Export,89.598653,2438475.91
2013-10,2013/14,2013,10,All Wheat,Import,16.04354,436633.63
2013-10,2013/14,2013,10,Durum,Export,2.554444,69520.57
2013-10,2013/14,2013,10,Durum,Import,4.399637,119738.51
2013-10,2013/14,2013,10,Hard Red Spring,Export,16.836677,458219.28
2013-10,2013/14,2013,10,Hard Red Spring,Import,8.601631,234098.05
2013-10,2013/14,2013,10,Hard Red Winter,Export,31.164441,848157.15
2013-10,2013/14,2013,10,Hard Red Winter,Import,2.163402,58878.15
2013-10,2013/14,2013,10,Soft Red Winter,Export,25.590733,696465.67
2013-10,2013/14,2013,10,Soft Red Winter,Import,0.358418,9754.54
2013-10,2013/14,2013,10,White,Export,13.452358,366113.23
2013-10,2013/14,2013,10,White,Import,0.520452,14164.39
2013-11,2013/14,2013,11,All Wheat,Export,65.790188,1790515.64
2013-11,2013/14,2013,11,All Wheat,Import,12.989594,353518.83
2013-11,2013/14,2013,11,Durum,Export,2.298096,62543.93
2013-11,2013/14,2013,11,Durum,Import,2.635857,71736.27
2013-11,2013/14,2013,11,Hard Red Spring,Export,12.281068,334235.92
2013-11,2013/14,2013,11,Hard Red Spring,Import,7.168798,195102.73
2013-11,2013/14,2013,11,Hard Red Winter,Export,22.732076,618665.76
2013-11,2013/14,2013,11,Hard Red Winter,Import,2.459713,66942.44
2013-11,2013/14,2013,11,Soft Red Winter,Export,18.666482,508018.44
2013-11,2013/14,2013,11,Soft Red Winter,Import,0.317327,8636.23
2013-11,2013/14,2013,11,White,Export,9.812466,267051.6
2013-11,2013/14,2013,11,White,Import,0.407898,11101.17
2013-12,2013/14,2013,12,All Wheat,Export,75.535486,2055739.19
2013-12,2013/14,2013,12,All Wheat,Import,16.394338,446180.79
2013-12,2013/14,2013,12,Durum,Export,2.641801,71898.04
2013-12,2013/14,2013,12,Durum,Import,3.842673,104580.42
2013-12,2013/14,2013,12,Hard Red Spring,Export,19.892955,541397.56
2013-12,2013/14,2013,12,Hard Red Spring,Import,8.90468,242345.69
2013-12,2013/14,2013,12,Hard Red Winter,Export,27.601514,751190.16
2013-12,2013/14,2013,12,Hard Red Winter,Import,2.650923,72146.29
2013-12,2013/14,2013,12,Soft Red Winter,Export,13.009354,354056.64
2013-12,2013/14,2013,12,Soft Red Winter,Import,0.489322,13317.17
2013-12,2013/14,2013,12,White,Export,12.389861,337196.8
2013-12,2013/14,2013,12,White,Import,0.50674,13791.2
2014-01,2013/14,2014,1,All Wheat,Export,82.277389,2239223.76
2014-01,2013/14,2014,1,All Wheat,Import,13.714864,373257.47
2014-01,2013/14,2014,1,Durum,Export,0.631486,17186.23
2014-01,2013/14,2014,1,Durum,Import,3.951866,107552.17
2014-01,2013/14,2014,1,Hard Red Spring,Export,22.281468,606402.22
2014-01,2013/14,2014,1,Hard Red Spring,Import,7.715916,209992.84
2014-01,2013/14,2014,1,Hard Red Winter,Export,30.91558,841384.27
2014-01,2013/14,2014,1,Hard Red Winter,Import,1.221422,33241.66
2014-01,2013/14,2014,1,Soft Red Winter,Export,14.571365,396567.6
2014-01,2013/14,2014,1,Soft Red Winter,Import,0.258274,7029.05
2014-01,2013/14,2014,1,White,Export,13.877491,377683.43
2014-01,2013/14,2014,1,White,Import,0.567387,15441.74
2014-02,2013/14,2014,2,All Wheat,Export,69.937266,1903380.62
2014-02,2013/14,2014,2,All Wheat,Import,11.929925,324679.39
2014-02,2013/14,2014,2,Durum,Export,1.436037,39082.52
2014-02,2013/14,2014,2,Durum,Import,3.869747,105317.27
2014-02,2013/14,2014,2,Hard Red Spring,Export,18.694238,508773.82
2014-02,2013/14,2014,2,Hard Red Spring,Import,6.567606,178740.96
2014-02,2013/14,2014,2,Hard Red Winter,Export,25.938291,705924.66
2014-02,2013/14,2014,2,Hard Red Winter,Import,0.541623,14740.55
2014-02,2013/14,2014,2,Soft Red Winter,Export,12.225432,332721.76
2014-02,2013/14,2014,2,Soft Red Winter,Import,0.237184,6455.08
2014-02,2013/14,2014,2,White,Export,11.643268,316877.86
2014-02,2013/14,2014,2,White,Import,0.713766,19425.53
2014-03,2013/14,2014,3,All Wheat,Export,79.561584,2165311.64
2014-03,2013/14,2014,3,All Wheat,Import,15.176559,413038.28
2014-03,2013/14,2014,3,Durum,Export,3.636447,98967.88
2014-03,2013/14,2014,3,Durum,Import,4.35846,118617.86
2014-03,2013/14,2014,3,Hard Red Spring,Export,21.709178,590827.06
2014-03,2013/14,2014,3,Hard Red Spring,Import,8.233735,224085.55
2014-03,2013/14,2014,3,Hard Red Winter,Export,27.336786,743985.44
2014-03,2013/14,2014,3,Hard Red Winter,Import,1.562479,42523.71
2014-03,2013/14,2014,3,Soft Red Winter,Export,11.511443,313290.17
2014-03,2013/14,2014,3,Soft Red Winter,Import,0.159644,4344.81
2014-03,2013/14,2014,3,White,Export,15.36773,418241.09
2014-03,2013/14,2014,3,White,Import,0.862241,23466.36
2014-04,2013/14,2014,4,All Wheat,Export,104.869983,2854093.45
2014-04,2013/14,2014,4,All Wheat,Import,17.337265,471843.05
2014-04,2013/14,2014,4,Durum,Export,3.325356,90501.37
2014-04,2013/14,2014,4,Durum,Import,4.606966,125381.07
2014-04,2013/14,2014,4,Hard Red Spring,Export,29.034527,790190.39
2014-04,2013/14,2014,4,Hard Red Spring,Import,10.360261,281960.11
2014-04,2013/14,2014,4,Hard Red Winter,Export,36.561063,995029.15
2014-04,2013/14,2014,4,Hard Red Winter,Import,1.281755,34883.66
2014-04,2013/14,2014,4,Soft Red Winter,Export,15.39576,419003.97
2014-04,2013/14,2014,4,Soft Red Winter,Import,0.279831,7615.74
2014-04,2013/14,2014,4,White,Export,20.553277,559368.58
2014-04,2013/14,2014,4,White,Import,0.808452,22002.47
2014-05,2013/14,2014,5,All Wheat,Export,97.687408,2658615.77
2014-05,2013/14,2014,5,All Wheat,Import,14.234136,387389.74
2014-05,2013/14,2014,5,Durum,Export,3.836648,104416.45
2014-05,2013/14,2014,5,Durum,Import,3.395916,92421.7
2014-05,2013/14,2014,5,Hard Red Spring,Export,26.834629,730318.98
2014-05,2013/14,2014,5,Hard Red Spring,Import,8.041804,218862.05
2014-05,2013/14,2014,5,Hard Red Winter,Export,33.790892,919637.45
2014-05,2013/14,2014,5,Hard Red Winter,Import,1.779499,48430.03
2014-05,2013/14,2014,5,Soft Red Winter,Export,14.229249,387256.73
2014-05,2013/14,2014,5,Soft Red Winter,Import,0.313334,8527.54
2014-05,2013/14,2014,5,White,Export,18.99599,516986.16
2014-05,2013/14,2014,5,White,Import,0.703584,19148.41
2014-06,2014/15,2014,6,All Wheat,Export,79.708847,2169319.49
2014-06,2014/15,2014,6,All Wheat,Import,13.887746,377962.54
2014-06,2014/15,2014,6,Durum,Export,3.270562,89010.12
2014-06,2014/15,2014,6,Durum,Import,3.505878,95414.38
2014-06,2014/15,2014,6,Hard Red Spring,Export,23.047498,627250.15
2014-06,2014/15,2014,6,Hard Red Spring,Import,7.534653,205059.68
2014-06,2014/15,2014,6,Hard Red Winter,Export,26.792232,729165.12
2014-06,2014/15,2014,6,Hard Red Winter,Import,1.990585,54174.85
2014-06,2014/15,2014,6,Soft Red Winter,Export,14.687454,399727.01
2014-06,2014/15,2014,6,Soft Red Winter,Import,0.208107,5663.74
2014-06,2014/15,2014,6,White,Export,11.911102,324167.09
2014-06,2014/15,2014,6,White,Import,0.648522,17649.89
2014-07,2014/15,2014,7,All Wheat,Export,75.232577,2047495.37
2014-07,2014/15,2014,7,All Wheat,Import,17.186813,467748.43
2014-07,2014/15,2014,7,Durum,Export,0.850396,23143.99
2014-07,2014/15,2014,7,Durum,Import,4.005504,109011.96
2014-07,2014/15,2014,7,Hard Red Spring,Export,22.427546,610377.82
2014-07,2014/15,2014,7,Hard Red Spring,Import,10.959336,298264.27
2014-07,2014/15,2014,7,Hard Red Winter,Export,26.071551,709551.39
2014-07,2014/15,2014,7,Hard Red Winter,Import,0.640152,17422.08
2014-07,2014/15,2014,7,Soft Red Winter,Export,14.292378,388974.81
2014-07,2014/15,2014,7,Soft Red Winter,Import,0.557926,15184.26
2014-07,2014/15,2014,7,White,Export,11.590706,315447.36
2014-07,2014/15,2014,7,White,Import,1.023895,27865.85
2014-08,2014/15,2014,8,All Wheat,Export,97.568124,2655369.41
2014-08,2014/15,2014,8,All Wheat,Import,13.092887,356330.01
2014-08,2014/15,2014,8,Durum,Export,2.488851,67735.42
2014-08,2014/15,2014,8,Durum,Import,4.031048,109707.16
2014-08,2014/15,2014,8,Hard Red Spring,Export,28.668086,780217.51
2014-08,2014/15,2014,8,Hard Red Spring,Import,6.929389,188587.07
2014-08,2014/15,2014,8,Hard Red Winter,Export,33.326048,906986.46
2014-08,2014/15,2014,8,Hard Red Winter,Import,0.667635,18170.06
2014-08,2014/15,2014,8,Soft Red Winter,Export,18.26928,497208.36
2014-08,2014/15,2014,8,Soft Red Winter,Import,0.324726,8837.61
2014-08,2014/15,2014,8,White,Export,14.81586,403221.65
2014-08,2014/15,2014,8,White,Import,1.140088,31028.12
2014-09,2014/15,2014,9,All Wheat,Export,99.789818,2715834.01
2014-09,2014/15,2014,9,All Wheat,Import,11.066682,301185.75
2014-09,2014/15,2014,9,Durum,Export,2.728928,74269.25
2014-09,2014/15,2014,9,Durum,Import,2.514313,68428.4
2014-09,2014/15,2014,9,Hard Red Spring,Export,34.344321,934699.32
2014-09,2014/15,2014,9,Hard Red Spring,Import,5.465077,148735.03
2014-09,2014/15,2014,9,Hard Red Winter,Export,30.658323,834382.88
2014-09,2014/15,2014,9,Hard Red Winter,Import,1.661231,45211.31
2014-09,2014/15,2014,9,Soft Red Winter,Export,13.813044,375929.49
2014-09,2014/15,2014,9,Soft Red Winter,Import,0.357827,9738.47
2014-09,2014/15,2014,9,White,Export,18.245202,496553.06
2014-09,2014/15,2014,9,White,Import,1.068233,29072.55
2014-10,2014/15,2014,10,All Wheat,Export,60.14694,1636931.58
2014-10,2014/15,2014,10,All Wheat,Import,12.76121,347303.25
2014-10,2014/15,2014,10,Durum,Export,4.284936,116616.84
2014-10,2014/15,2014,10,Durum,Import,4.408604,119982.55
2014-10,2014/15,2014,10,Hard Red Spring,Export,19.766382,537952.8
2014-10,2014/15,2014,10,Hard Red Spring,Import,5.722952,155753.23
2014-10,2014/15,2014,10,Hard Red Winter,Export,17.644958,480217.11
2014-10,2014/15,2014,10,Hard Red Winter,Import,1.482666,40351.57
2014-10,2014/15,2014,10,Soft Red Winter,Export,7.9499,216360.83
2014-10,2014/15,2014,10,Soft Red Winter,Import,0.347968,9470.13
2014-10,2014/15,2014,10,White,Export,10.500764,285784.0
2014-10,2014/15,2014,10,White,Import,0.79902,21745.77
2014-11,2014/15,2014,11,All Wheat,Export,47.800307,1300911.27
2014-11,2014/15,2014,11,All Wheat,Import,10.723016,291832.69
2014-11,2014/15,2014,11,Durum,Export,3.41961,93066.55
2014-11,2014/15,2014,11,Durum,Import,4.632859,126085.78
2014-11,2014/15,2014,11,Hard Red Spring,Export,15.703801,427387.46
2014-11,2014/15,2014,11,Hard Red Spring,Import,4.593093,125003.5
2014-11,2014/15,2014,11,Hard Red Winter,Export,14.018393,381518.17
2014-11,2014/15,2014,11,Hard Red Winter,Import,0.567877,15455.08
2014-11,2014/15,2014,11,Soft Red Winter,Export,6.315958,171892.23
2014-11,2014/15,2014,11,Soft Red Winter,Import,0.354307,9642.67
2014-11,2014/15,2014,11,White,Export,8.342544,227046.87
2014-11,2014/15,2014,11,White,Import,0.574879,15645.65
2014-12,2014/15,2014,12,All Wheat,Export,61.623663,1677121.4
2014-12,2014/15,2014,12,All Wheat,Import,11.632263,316578.34
2014-12,2014/15,2014,12,Durum,Export,5.86977,159748.99
2014-12,2014/15,2014,12,Durum,Import,4.263708,116039.14
2014-12,2014/15,2014,12,Hard Red Spring,Export,19.230506,523368.65
2014-12,2014/15,2014,12,Hard Red Spring,Import,5.837295,158865.15
2014-12,2014/15,2014,12,Hard Red Winter,Export,15.696708,427194.43
2014-12,2014/15,2014,12,Hard Red Winter,Import,0.377032,10261.13
2014-12,2014/15,2014,12,Soft Red Winter,Export,7.983917,217286.62
2014-12,2014/15,2014,12,Soft Red Winter,Import,0.507337,13807.44
2014-12,2014/15,2014,12,White,Export,12.842761,349522.71
2014-12,2014/15,2014,12,White,Import,0.646891,17605.48
2015-01,2014/15,2015,1,All Wheat,Export,53.181283,1447357.46
2015-01,2014/15,2015,1,All Wheat,Import,13.010031,354075.05
2015-01,2014/15,2015,1,Durum,Export,0.761269,20718.35
2015-01,2014/15,2015,1,Durum,Import,4.952427,134782.98
2015-01,2014/15,2015,1,Hard Red Spring,Export,18.080593,492073.13
2015-01,2014/15,2015,1,Hard Red Spring,Import,6.392436,173973.61
2015-01,2014/15,2015,1,Hard Red Winter,Export,14.758103,401649.77
2015-01,2014/15,2015,1,Hard Red Winter,Import,0.675703,18389.61
2015-01,2014/15,2015,1,Soft Red Winter,Export,7.506508,204293.68
2015-01,2014/15,2015,1,Soft Red Winter,Import,0.139016,3783.39
2015-01,2014/15,2015,1,White,Export,12.074811,328622.54
2015-01,2014/15,2015,1,White,Import,0.85045,23145.47
2015-02,2014/15,2015,2,All Wheat,Export,70.271184,1912468.37
2015-02,2014/15,2015,2,All Wheat,Import,12.093964,329143.79
2015-02,2014/15,2015,2,Durum,Export,3.863489,105146.96
2015-02,2014/15,2015,2,Durum,Import,5.486575,149320.12
2015-02,2014/15,2015,2,Hard Red Spring,Export,22.905191,623377.21
2015-02,2014/15,2015,2,Hard Red Spring,Import,5.005793,136235.38
2015-02,2014/15,2015,2,Hard Red Winter,Export,18.696133,508825.41
2015-02,2014/15,2015,2,Hard Red Winter,Import,0.563002,15322.39
2015-02,2014/15,2015,2,Soft Red Winter,Export,9.509533,258807.1
2015-02,2014/15,2015,2,Soft Red Winter,Import,0.194567,5295.24
2015-02,2014/15,2015,2,White,Export,15.296836,416311.7
2015-02,2014/15,2015,2,White,Import,0.844027,22970.66
2015-03,2014/15,2015,3,All Wheat,Export,76.766976,2089254.87
2015-03,2014/15,2015,3,All Wheat,Import,14.569207,396508.87
2015-03,2014/15,2015,3,Durum,Export,3.600609,97992.54
2015-03,2014/15,2015,3,Durum,Import,4.647515,126484.65
2015-03,2014/15,2015,3,Hard Red Spring,Export,24.279623,660783.12
2015-03,2014/15,2015,3,Hard Red Spring,Import,8.104374,220564.94
2015-03,2014/15,2015,3,Hard Red Winter,Export,26.104401,710445.44
2015-03,2014/15,2015,3,Hard Red Winter,Import,0.784711,21356.35
2015-03,2014/15,2015,3,Soft Red Winter,Export,11.793148,320956.91
2015-03,2014/15,2015,3,Soft Red Winter,Import,0.159786,4348.66
2015-03,2014/15,2015,3,White,Export,10.989194,299076.87
2015-03,2014/15,2015,3,White,Import,0.87282,23754.27
2015-04,2014/15,2015,4,All Wheat,Export,75.831529,2063796.18
2015-04,2014/15,2015,4,All Wheat,Import,10.895116,296516.5
2015-04,2014/15,2015,4,Durum,Export,3.635819,98950.79
2015-04,2014/15,2015,4,Durum,Import,4.235069,115259.7
2015-04,2014/15,2015,4,Hard Red Spring,Export,23.957519,652016.88
2015-04,2014/15,2015,4,Hard Red Spring,Import,5.642162,153554.5
2015-04,2014/15,2015,4,Hard Red Winter,Export,25.758089,701020.36
2015-04,2014/15,2015,4,Hard Red Winter,Import,0.160688,4373.21
2015-04,2014/15,2015,4,Soft Red Winter,Export,11.636695,316698.96
2015-04,2014/15,2015,4,Soft Red Winter,Import,0.123676,3365.91
2015-04,2014/15,2015,4,White,Export,10.843407,295109.19
2015-04,2014/15,2015,4,White,Import,0.733521,19963.18
2015-05,2014/15,2015,5,All Wheat,Export,66.41432,1807501.73
2015-05,2014/15,2015,5,All Wheat,Import,10.327208,281060.56
2015-05,2014/15,2015,5,Durum,Export,2.150621,58530.32
2015-05,2014/15,2015,5,Durum,Import,3.877462,105527.22
2015-05,2014/15,2015,5,Hard Red Spring,Export,21.32535,580380.98
2015-05,2014/15,2015,5,Hard Red Spring,Import,5.479279,149121.55
2015-05,2014/15,2015,5,Hard Red Winter,Export,22.928095,624000.53
2015-05,2014/15,2015,5,Hard Red Winter,Import,0.279004,7593.24
2015-05,2014/15,2015,5,Soft Red Winter,Export,10.358192,281903.82
2015-05,2014/15,2015,5,Soft Red Winter,Import,0.112548,3063.05
2015-05,2014/15,2015,5,White,Export,9.652061,262686.08
2015-05,2014/15,2015,5,White,Import,0.578916,15755.5
2015-06,2015/16,2015,6,All Wheat,Export,61.335705,1669284.47
2015-06,2015/16,2015,6,All Wheat,Import,9.21335,250746.32
2015-06,2015/16,2015,6,Durum,Export,2.691326,73245.91
2015-06,2015/16,2015,6,Durum,Import,3.313094,90167.66
2015-06,2015/16,2015,6,Hard Red Spring,Export,16.27738,442997.72
2015-06,2015/16,2015,6,Hard Red Spring,Import,4.735873,128889.35
2015-06,2015/16,2015,6,Hard Red Winter,Export,19.103991,519925.47
2015-06,2015/16,2015,6,Hard Red Winter,Import,0.293568,7989.6
2015-06,2015/16,2015,6,Soft Red Winter,Export,13.060892,355459.25
2015-06,2015/16,2015,6,Soft Red Winter,Import,0.117299,3192.34
2015-06,2015/16,2015,6,White,Export,10.202116,277656.12
2015-06,2015/16,2015,6,White,Import,0.753517,20507.38
2015-07,2015/16,2015,7,All Wheat,Export,62.089868,1689809.41
2015-07,2015/16,2015,7,All Wheat,Import,8.587341,233709.13
2015-07,2015/16,2015,7,Durum,Export,3.071392,83589.61
2015-07,2015/16,2015,7,Durum,Import,3.05115,83038.7
2015-07,2015/16,2015,7,Hard Red Spring,Export,16.381215,445823.64
2015-07,2015/16,2015,7,Hard Red Spring,Import,4.148313,112898.59
2015-07,2015/16,2015,7,Hard Red Winter,Export,19.225857,523242.11
2015-07,2015/16,2015,7,Hard Red Winter,Import,0.737453,20070.18
2015-07,2015/16,2015,7,Soft Red Winter,Export,13.144208,357726.75
2015-07,2015/16,2015,7,Soft Red Winter,Import,0.104425,2841.99
2015-07,2015/16,2015,7,White,Export,10.267196,279427.3
2015-07,2015/16,2015,7,White,Import,0.545999,14859.67
2015-08,2015/16,2015,8,All Wheat,Export,81.325809,2213325.98
2015-08,2015/16,2015,8,All Wheat,Import,8.733375,237683.53
2015-08,2015/16,2015,8,Durum,Export,3.968209,107996.95
2015-08,2015/16,2015,8,Durum,Import,2.527701,68792.74
2015-08,2015/16,2015,8,Hard Red Spring,Export,21.471437,584356.79
2015-08,2015/16,2015,8,Hard Red Spring,Import,4.623568,125832.91
2015-08,2015/16,2015,8,Hard Red Winter,Export,25.200009,685831.92
2015-08,2015/16,2015,8,Hard Red Winter,Import,0.656384,17863.85
2015-08,2015/16,2015,8,Soft Red Winter,Export,17.228578,468885.09
2015-08,2015/16,2015,8,Soft Red Winter,Import,0.397732,10824.49
2015-08,2015/16,2015,8,White,Export,13.457576,366255.24
2015-08,2015/16,2015,8,White,Import,0.52799,14369.53
2015-09,2015/16,2015,9,All Wheat,Export,92.348878,2513324.77
2015-09,2015/16,2015,9,All Wheat,Import,9.621735,261860.73
2015-09,2015/16,2015,9,Durum,Export,3.701118,100727.93
2015-09,2015/16,2015,9,Durum,Import,2.008234,54655.18
2015-09,2015/16,2015,9,Hard Red Spring,Export,34.612577,942000.05
2015-09,2015/16,2015,9,Hard Red Spring,Import,5.516495,150134.39
2015-09,2015/16,2015,9,Hard Red Winter,Export,23.207026,631591.78
2015-09,2015/16,2015,9,Hard Red Winter,Import,0.854007,23242.27
2015-09,2015/16,2015,9,Soft Red Winter,Export,15.040567,409337.18
2015-09,2015/16,2015,9,Soft Red Winter,Import,0.761462,20723.61
2015-09,2015/16,2015,9,White,Export,15.78759,429667.83
2015-09,2015/16,2015,9,White,Import,0.481537,13105.28
2015-10,2015/16,2015,10,All Wheat,Export,46.983885,1278691.9
2015-10,2015/16,2015,10,All Wheat,Import,7.370609,200595.12
2015-10,2015/16,2015,10,Durum,Export,2.174204,59172.13
2015-10,2015/16,2015,10,Durum,Import,1.931337,52562.39
2015-10,2015/16,2015,10,Hard Red Spring,Export,17.49597,476162.31
2015-10,2015/16,2015,10,Hard Red Spring,Import,4.277041,116401.98
2015-10,2015/16,2015,10,Hard Red Winter,Export,11.73069,319257.1
2015-10,2015/16,2015,10,Hard Red Winter,Import,0.626069,17038.8
2015-10,2015/16,2015,10,Soft Red Winter,Export,7.602708,206911.81
2015-10,2015/16,2015,10,Soft Red Winter,Import,0.067197,1828.81
2015-10,2015/16,2015,10,White,Export,7.980313,217188.55
2015-10,2015/16,2015,10,White,Import,0.468965,12763.14
2015-11,2015/16,2015,11,All Wheat,Export,53.094968,1445008.35
2015-11,2015/16,2015,11,All Wheat,Import,10.051646,273561.0
2015-11,2015/16,2015,11,Durum,Export,3.080042,83825.0
2015-11,2015/16,2015,11,Durum,Import,2.398576,65278.54
2015-11,2015/16,2015,11,Hard Red Spring,Export,19.528362,531474.95
2015-11,2015/16,2015,11,Hard Red Spring,Import,6.252599,170167.87
2015-11,2015/16,2015,11,Hard Red Winter,Export,13.093367,356343.09
2015-11,2015/16,2015,11,Hard Red Winter,Import,0.530531,14438.68
2015-11,2015/16,2015,11,Soft Red Winter,Export,8.485864,230947.39
2015-11,2015/16,2015,11,Soft Red Winter,Import,0.432179,11761.98
2015-11,2015/16,2015,11,White,Export,8.907334,242417.91
2015-11,2015/16,2015,11,White,Import,0.437762,11913.92
2015-12,2015/16,2015,12,All Wheat,Export,65.183433,1774002.46
2015-12,2015/16,2015,12,All Wheat,Import,12.070658,328509.52
2015-12,2015/16,2015,12,Durum,Export,3.530467,96083.57
2015-12,2015/16,2015,12,Durum,Import,3.6083,98201.84
2015-12,2015/16,2015,12,Hard Red Spring,Export,18.94422,515577.23
2015-12,2015/16,2015,12,Hard Red Spring,Import,6.905094,187925.89
2015-12,2015/16,2015,12,Hard Red Winter,Export,20.019724,544847.65
2015-12,2015/16,2015,12,Hard Red Winter,Import,0.614316,16718.95
2015-12,2015/16,2015,12,Soft Red Winter,Export,8.452773,230046.79
2015-12,2015/16,2015,12,Soft Red Winter,Import,0.492805,13411.95
2015-12,2015/16,2015,12,White,Export,14.236248,387447.22
2015-12,2015/16,2015,12,White,Import,0.450143,12250.88
2016-01,2015/16,2016,1,All Wheat,Export,54.014104,1470023.13
2016-01,2015/16,2016,1,All Wheat,Import,9.764319,265741.25
2016-01,2015/16,2016,1,Durum,Export,0.674308,18351.65
2016-01,2015/16,2016,1,Durum,Import,3.223946,87741.45
2016-01,2015/16,2016,1,Hard Red Spring,Export,16.389817,446057.77
2016-01,2015/16,2016,1,Hard Red Spring,Import,4.946688,134626.8
2016-01,2015/16,2016,1,Hard Red Winter,Export,17.320303,471381.42
2016-01,2015/16,2016,1,Hard Red Winter,Import,0.838738,22826.71
2016-01,2015/16,2016,1,Soft Red Winter,Export,7.313017,199027.71
2016-01,2015/16,2016,1,Soft Red Winter,Import,0.234921,6393.49
2016-01,2015/16,2016,1,White,Export,12.31666,335204.57
2016-01,2015/16,2016,1,White,Import,0.520026,14152.79
2016-02,2015/16,2016,2,All Wheat,Export,55.955012,1522846.0
2016-02,2015/16,2016,2,All Wheat,Import,12.519797,340733.06
2016-02,2015/16,2016,2,Durum,Export,1.473158,40092.79
2016-02,2015/16,2016,2,Durum,Import,2.643478,71943.69
2016-02,2015/16,2016,2,Hard Red Spring,Export,16.74074,455608.31
2016-02,2015/16,2016,2,Hard Red Spring,Import,8.327651,226641.53
2016-02,2015/16,2016,2,Hard Red Winter,Export,17.691148,481474.17
2016-02,2015/16,2016,2,Hard Red Winter,Import,0.086636,2357.84
2016-02,2015/16,2016,2,Soft Red Winter,Export,7.469596,203289.1
2016-02,2015/16,2016,2,Soft Red Winter,Import,1.025816,27918.15
2016-02,2015/16,2016,2,White,Export,12.580372,342381.63
2016-02,2015/16,2016,2,White,Import,0.436215,11871.84
2016-03,2015/16,2016,3,All Wheat,Export,72.367281,1969514.79
2016-03,2015/16,2016,3,All Wheat,Import,8.445633,229852.47
2016-03,2015/16,2016,3,Durum,Export,1.989063,54133.43
2016-03,2015/16,2016,3,Durum,Import,2.645586,72001.07
2016-03,2015/16,2016,3,Hard Red Spring,Export,26.639892,725019.09
2016-03,2015/16,2016,3,Hard Red Spring,Import,5.057772,137650.02
2016-03,2015/16,2016,3,Hard Red Winter,Export,21.277166,579069.6
2016-03,2015/16,2016,3,Hard Red Winter,Import,0.023316,634.57
2016-03,2015/16,2016,3,Soft Red Winter,Export,7.876142,214353.47
2016-03,2015/16,2016,3,Soft Red Winter,Import,0.193926,5277.8
2016-03,2015/16,2016,3,White,Export,14.585019,396939.2
2016-03,2015/16,2016,3,White,Import,0.525031,14289.02
2016-04,2015/16,2016,4,All Wheat,Export,67.357691,1833176.08
2016-04,2015/16,2016,4,All Wheat,Import,9.449787,257181.07
2016-04,2015/16,2016,4,Durum,Export,1.962051,53398.28
2016-04,2015/16,2016,4,Durum,Import,3.728933,101484.92
2016-04,2015/16,2016,4,Hard Red Spring,Export,24.753863,673689.8
2016-04,2015/16,2016,4,Hard Red Spring,Import,4.353742,118489.45
2016-04,2015/16,2016,4,Hard Red Winter,Export,19.770803,538073.11
2016-04,2015/16,2016,4,Hard Red Winter,Import,0.330606,8997.61
2016-04,2015/16,2016,4,Soft Red Winter,Export,7.318533,199177.85
2016-04,2015/16,2016,4,Soft Red Winter,Import,0.497954,13552.08
2016-04,2015/16,2016,4,White,Export,13.552441,368837.03
2016-04,2015/16,2016,4,White,Import,0.538553,14657.0
2016-05,2015/16,2016,5,All Wheat,Export,65.736166,1789045.4
2016-05,2015/16,2016,5,All Wheat,Import,6.934469,188725.33
2016-05,2015/16,2016,5,Durum,Export,1.050177,28581.14
2016-05,2015/16,2016,5,Durum,Import,2.690948,73235.6
2016-05,2015/16,2016,5,Hard Red Spring,Export,24.485243,666379.15
2016-05,2015/16,2016,5,Hard Red Spring,Import,2.915157,79337.59
2016-05,2015/16,2016,5,Hard Red Winter,Export,19.556257,532234.13
2016-05,2015/16,2016,5,Hard Red Winter,Import,0.611979,16655.33
2016-05,2015/16,2016,5,Soft Red Winter,Export,7.239115,197016.45
2016-05,2015/16,2016,5,Soft Red Winter,Import,0.222568,6057.32
2016-05,2015/16,2016,5,White,Export,13.405375,364834.54
2016-05,2015/16,2016,5,White,Import,0.493817,13439.49
2016-06,2016/17,2016,6,All Wheat,Export,85.19107,2318521.16
2016-06,2016/17,2016,6,All Wheat,Import,8.706887,236962.66
2016-06,2016/17,2016,6,Durum,Export,0.817232,22241.42
2016-06,2016/17,2016,6,Durum,Import,2.094382,56999.75
2016-06,2016/17,2016,6,Hard Red Spring,Export,27.785283,756191.54
2016-06,2016/17,2016,6,Hard Red Spring,Import,4.429025,120538.31
2016-06,2016/17,2016,6,Hard Red Winter,Export,36.752551,1000240.6
2016-06,2016/17,2016,6,Hard Red Winter,Import,0.846146,23028.33
2016-06,2016/17,2016,6,Soft Red Winter,Export,7.268582,197818.4
2016-06,2016/17,2016,6,Soft Red Winter,Import,0.78383,21332.35
2016-06,2016/17,2016,6,White,Export,12.567422,342029.2
2016-06,2016/17,2016,6,White,Import,0.553504,15063.92
2016-07,2016/17,2016,7,All Wheat,Export,77.193976,2100875.92
2016-07,2016/17,2016,7,All Wheat,Import,9.74078,265100.62
2016-07,2016/17,2016,7,Durum,Export,1.070508,29134.44
2016-07,2016/17,2016,7,Durum,Import,2.062298,56126.56
2016-07,2016/17,2016,7,Hard Red Spring,Export,25.068341,682248.49
2016-07,2016/17,2016,7,Hard Red Spring,Import,6.019245,163817.02
2016-07,2016/17,2016,7,Hard Red Winter,Export,33.158758,902433.57
2016-07,2016/17,2016,7,Hard Red Winter,Import,0.124283,3382.44
2016-07,2016/17,2016,7,Soft Red Winter,Export,6.557835,178475.02
2016-07,2016/17,2016,7,Soft Red Winter,Import,0.985487,26820.56
2016-07,2016/17,2016,7,White,Export,11.338535,308584.39
2016-07,2016/17,2016,7,White,Import,0.549467,14954.04
2016-08,2016/17,2016,8,All Wheat,Export,105.537199,2872252.1
2016-08,2016/17,2016,8,All Wheat,Import,14.192736,386263.02
2016-08,2016/17,2016,8,Durum,Export,4.09709,111504.52
2016-08,2016/17,2016,8,Durum,Import,2.047618,55727.03
2016-08,2016/17,2016,8,Hard Red Spring,Export,33.405404,909146.19
2016-08,2016/17,2016,8,Hard Red Spring,Import,8.76255,238477.55
2016-08,2016/17,2016,8,Hard Red Winter,Export,44.186479,1202558.98
2016-08,2016/17,2016,8,Hard Red Winter,Import,0.302834,8241.78
2016-08,2016/17,2016,8,Soft Red Winter,Export,8.738796,237831.07
2016-08,2016/17,2016,8,Soft Red Winter,Import,2.291424,62362.36
2016-08,2016/17,2016,8,White,Export,15.109431,411211.35
2016-08,2016/17,2016,8,White,Import,0.788311,21454.3
2016-09,2016/17,2016,9,All Wheat,Export,105.91193,2882450.59
2016-09,2016/17,2016,9,All Wheat,Import,11.704408,318541.82
2016-09,2016/17,2016,9,Durum,Export,1.050573,28591.9
2016-09,2016/17,2016,9,Durum,Import,2.071295,56371.43
2016-09,2016/17,2016,9,Hard Red Spring,Export,29.247493,795986.37
2016-09,2016/17,2016,9,Hard Red Spring,Import,6.485881,176516.77
2016-09,2016/17,2016,9,Hard Red Winter,Export,48.885295,1330439.8
2016-09,2016/17,2016,9,Hard Red Winter,Import,1.434475,39040.01
2016-09,2016/17,2016,9,Soft Red Winter,Export,8.90999,242490.2
2016-09,2016/17,2016,9,Soft Red Winter,Import,1.1296,30742.68
2016-09,2016/17,2016,9,White,Export,17.81858,484942.32
2016-09,2016/17,2016,9,White,Import,0.583157,15870.93
2016-10,2016/17,2016,10,All Wheat,Export,65.74598,1789312.5
2016-10,2016/17,2016,10,All Wheat,Import,8.898817,242186.13
2016-10,2016/17,2016,10,Durum,Export,1.050076,28578.38
2016-10,2016/17,2016,10,Durum,Import,2.482726,67568.74
2016-10,2016/17,2016,10,Hard Red Spring,Export,18.044712,491096.62
2016-10,2016/17,2016,10,Hard Red Spring,Import,4.920744,133920.71
2016-10,2016/17,2016,10,Hard Red Winter,Export,30.160571,820836.28
2016-10,2016/17,2016,10,Hard Red Winter,Import,0.068033,1851.55
2016-10,2016/17,2016,10,Soft Red Winter,Export,5.497162,149608.24
2016-10,2016/17,2016,10,Soft Red Winter,Import,0.807051,21964.32
2016-10,2016/17,2016,10,White,Export,10.99346,299192.98
2016-10,2016/17,2016,10,White,Import,0.620264,16880.81
2016-11,2016/17,2016,11,All Wheat,Export,67.680322,1841956.67
2016-11,2016/17,2016,11,All Wheat,Import,8.887938,241890.05
2016-11,2016/17,2016,11,Durum,Export,1.449666,39453.44
2016-11,2016/17,2016,11,Durum,Import,3.376121,91882.95
2016-11,2016/17,2016,11,Hard Red Spring,Export,18.472779,502746.69
2016-11,2016/17,2016,11,Hard Red Spring,Import,4.497697,122407.25
2016-11,2016/17,2016,11,Hard Red Winter,Export,30.876056,840308.61
2016-11,2016/17,2016,11,Hard Red Winter,Import,0.147563,4015.99
2016-11,2016/17,2016,11,Soft Red Winter,Export,5.627569,153157.33
2016-11,2016/17,2016,11,Soft Red Winter,Import,0.235242,6402.23
2016-11,2016/17,2016,11,White,Export,11.254253,306290.6
2016-11,2016/17,2016,11,White,Import,0.631316,17181.61
2016-12,2016/17,2016,12,All Wheat,Export,81.986251,2231300.28
2016-12,2016/17,2016,12,All Wheat,Import,8.00016,217728.69
2016-12,2016/17,2016,12,Durum,Export,4.20874,114543.15
2016-12,2016/17,2016,12,Durum,Import,2.56204,69727.3
2016-12,2016/17,2016,12,Hard Red Spring,Export,25.111421,683420.93
2016-12,2016/17,2016,12,Hard Red Spring,Import,4.245156,115534.23
2016-12,2016/17,2016,12,Hard Red Winter,Export,32.859061,894277.15
2016-12,2016/17,2016,12,Hard Red Winter,Import,0.258118,7024.81
2016-12,2016/17,2016,12,Soft Red Winter,Export,7.785422,211884.48
2016-12,2016/17,2016,12,Soft Red Winter,Import,0.304126,8276.95
2016-12,2016/17,2016,12,White,Export,12.021608,327174.57
2016-12,2016/17,2016,12,White,Import,0.63072,17165.4
2017-01,2016/17,2017,1,All Wheat,Export,62.593213,1703508.24
2017-01,2016/17,2017,1,All Wheat,Import,8.347623,227185.1
2017-01,2016/17,2017,1,Durum,Export,0.544261,14812.37
2017-01,2016/17,2017,1,Durum,Import,2.701097,73511.82
2017-01,2016/17,2017,1,Hard Red Spring,Export,20.033263,545216.12
2017-01,2016/17,2017,1,Hard Red Spring,Import,4.280018,116483.01
2017-01,2016/17,2017,1,Hard Red Winter,Export,26.214136,713431.93
2017-01,2016/17,2017,1,Hard Red Winter,Import,0.284661,7747.21
2017-01,2016/17,2017,1,Soft Red Winter,Export,6.211015,169036.14
2017-01,2016/17,2017,1,Soft Red Winter,Import,0.364109,9909.42
2017-01,2016/17,2017,1,White,Export,9.590538,261011.68
2017-01,2016/17,2017,1,White,Import,0.717738,19533.63
2017-02,2016/17,2017,2,All Wheat,Export,84.557818,2301286.86
2017-02,2016/17,2017,2,All Wheat,Import,8.288437,225574.29
2017-02,2016/17,2017,2,Durum,Export,2.333796,63515.53
2017-02,2016/17,2017,2,Durum,Import,2.01165,54748.16
2017-02,2016/17,2017,2,Hard Red Spring,Export,26.547031,722491.85
2017-02,2016/17,2017,2,Hard Red Spring,Import,5.106259,138969.6
2017-02,2016/17,2017,2,Hard Red Winter,Export,34.737601,945402.64
2017-02,2016/17,2017,2,Hard Red Winter,Import,0.291117,7922.9
2017-02,2016/17,2017,2,Soft Red Winter,Export,8.230512,223997.84
2017-02,2016/17,2017,2,Soft Red Winter,Import,0.235178,6400.49
2017-02,2016/17,2017,2,White,Export,12.708878,345879.01
2017-02,2016/17,2017,2,White,Import,0.644233,17533.15
2017-03,2016/17,2017,3,All Wheat,Export,99.99104,2721310.36
2017-03,2016/17,2017,3,All Wheat,Import,11.205883,304974.18
2017-03,2016/17,2017,3,Durum,Export,3.146413,85631.33
2017-03,2016/17,2017,3,Durum,Import,3.51299,95607.92
2017-03,2016/17,2017,3,Hard Red Spring,Export,30.226633,822634.22
2017-03,2016/17,2017,3,Hard Red Spring,Import,6.30944,171714.84
2017-03,2016/17,2017,3,Hard Red Winter,Export,42.684928,1161693.46
2017-03,2016/17,2017,3,Hard Red Winter,Import,0.169122,4602.73
2017-03,2016/17,2017,3,Soft Red Winter,Export,8.327495,226637.29
2017-03,2016/17,2017,3,Soft Red Winter,Import,0.46312,12604.06
2017-03,2016/17,2017,3,White,Export,15.60557,424714.06
2017-03,2016/17,2017,3,White,Import,0.751211,20444.62
2017-04,2016/17,2017,4,All Wheat,Export,100.078234,2723683.39
2017-04,2016/17,2017,4,All Wheat,Import,10.039595,273233.03
2017-04,2016/17,2017,4,Durum,Export,1.031626,28076.27
2017-04,2016/17,2017,4,Durum,Import,2.62631,71476.45
2017-04,2016/17,2017,4,Hard Red Spring,Export,30.913904,841338.66
2017-04,2016/17,2017,4,Hard Red Spring,Import,5.373404,146240.1
2017-04,2016/17,2017,4,Hard Red Winter,Export,43.655466,1188107.17
2017-04,2016/17,2017,4,Hard Red Winter,Import,0.971528,26440.66
2017-04,2016/17,2017,4,Soft Red Winter,Export,8.516839,231790.4
2017-04,2016/17,2017,4,Soft Red Winter,Import,0.397022,10805.17
2017-04,2016/17,2017,4,White,Export,15.960398,434370.89
2017-04,2016/17,2017,4,White,Import,0.671332,18270.65
2017-05,2016/17,2017,5,All Wheat,Export,114.411724,3113777.1
2017-05,2016/17,2017,5,All Wheat,Import,10.005544,272306.31
2017-05,2016/17,2017,5,Durum,Export,3.826331,104135.69
2017-05,2016/17,2017,5,Durum,Import,2.780895,75683.56
2017-05,2016/17,2017,5,Hard Red Spring,Export,34.515329,939353.38
2017-05,2016/17,2017,5,Hard Red Spring,Import,6.183773,168294.72
2017-05,2016/17,2017,5,Hard Red Winter,Export,48.741264,1326519.92
2017-05,2016/17,2017,5,Hard Red Winter,Import,0.14835,4037.43
2017-05,2016/17,2017,5,Soft Red Winter,Export,9.509039,258793.65
2017-05,2016/17,2017,5,Soft Red Winter,Import,0.301937,8217.38
2017-05,2016/17,2017,5,White,Export,17.819761,484974.46
2017-05,2016/17,2017,5,White,Import,0.59059,16073.22
2017-06,2017/18,2017,6,All Wheat,Export,111.563616,3036264.29
2017-06,2017/18,2017,6,All Wheat,Import,11.690791,318171.21
2017-06,2017/18,2017,6,Durum,Export,2.341994,63738.63
2017-06,2017/18,2017,6,Durum,Import,3.656506,99513.8
2017-06,2017/18,2017,6,Hard Red Spring,Export,28.805955,783969.68
2017-06,2017/18,2017,6,Hard Red Spring,Import,6.74873,183670.36
2017-06,2017/18,2017,6,Hard Red Winter,Export,45.324689,1233535.98
2017-06,2017/18,2017,6,Hard Red Winter,Import,0.185209,5040.56
2017-06,2017/18,2017,6,Soft Red Winter,Export,9.548401,259864.91
2017-06,2017/18,2017,6,Soft Red Winter,Import,0.357007,9716.14
2017-06,2017/18,2017,6,White,Export,25.542577,695155.09
2017-06,2017/18,2017,6,White,Import,0.743338,20230.36
2017-07,2017/18,2017,7,All Wheat,Export,89.323927,2430999.11
2017-07,2017/18,2017,7,All Wheat,Import,13.458424,366278.31
2017-07,2017/18,2017,7,Durum,Export,1.194989,32522.29
2017-07,2017/18,2017,7,Durum,Import,3.828887,104205.25
2017-07,2017/18,2017,7,Hard Red Spring,Export,23.243,632570.86
2017-07,2017/18,2017,7,Hard Red Spring,Import,8.018455,218226.59
2017-07,2017/18,2017,7,Hard Red Winter,Export,36.571666,995317.72
2017-07,2017/18,2017,7,Hard Red Winter,Import,0.871138,23708.49
2017-07,2017/18,2017,7,Soft Red Winter,Export,7.704431,209680.27
2017-07,2017/18,2017,7,Soft Red Winter,Import,0.219245,5966.87
2017-07,2017/18,2017,7,White,Export,20.60984,560907.98
2017-07,2017/18,2017,7,White,Import,0.520699,14171.1
2017-08,2017/18,2017,8,All Wheat,Export,91.479578,2489666.32
2017-08,2017/18,2017,8,All Wheat,Import,16.88999,459670.24
2017-08,2017/18,2017,8,Durum,Export,1.558809,42423.83
2017-08,2017/18,2017,8,Durum,Import,4.643339,126371.0
2017-08,2017/18,2017,8,Hard Red Spring,Export,23.715575,645432.25
2017-08,2017/18,2017,8,Hard Red Spring,Import,9.430105,256645.43
2017-08,2017/18,2017,8,Hard Red Winter,Export,37.315239,1015554.45
2017-08,2017/18,2017,8,Hard Red Winter,Import,1.117366,30409.72
2017-08,2017/18,2017,8,Soft Red Winter,Export,7.861077,213943.47
2017-08,2017/18,2017,8,Soft Red Winter,Import,0.982371,26735.77
2017-08,2017/18,2017,8,White,Export,21.028878,572312.32
2017-08,2017/18,2017,8,White,Import,0.716808,19508.32
2017-09,2017/18,2017,9,All Wheat,Export,88.008164,2395189.89
2017-09,2017/18,2017,9,All Wheat,Import,11.527131,313717.13
2017-09,2017/18,2017,9,Durum,Export,1.440076,39192.46
2017-09,2017/18,2017,9,Durum,Import,3.086623,84004.12
2017-09,2017/18,2017,9,Hard Red Spring,Export,22.484058,611915.84
2017-09,2017/18,2017,9,Hard Red Spring,Import,7.134932,194181.05
2017-09,2017/18,2017,9,Hard Red Winter,Export,38.528842,1048583.31
2017-09,2017/18,2017,9,Hard Red Winter,Import,0.081062,2206.15
2017-09,2017/18,2017,9,Soft Red Winter,Export,8.388176,228288.77
2017-09,2017/18,2017,9,Soft Red Winter,Import,0.614148,16714.36
2017-09,2017/18,2017,9,White,Export,17.167011,467209.51
2017-09,2017/18,2017,9,White,Import,0.610366,16611.45
2017-10,2017/18,2017,10,All Wheat,Export,49.506053,1347334.08
2017-10,2017/18,2017,10,All Wheat,Import,11.539778,314061.31
2017-10,2017/18,2017,10,Durum,Export,1.527908,41582.85
2017-10,2017/18,2017,10,Durum,Import,3.874584,105448.91
2017-10,2017/18,2017,10,Hard Red Spring,Export,12.461213,339138.68
2017-10,2017/18,2017,10,Hard Red Spring,Import,6.678539,181760.06
2017-10,2017/18,2017,10,Hard Red Winter,Export,21.353624,581150.44
2017-10,2017/18,2017,10,Hard Red Winter,Import,0.044638,1214.85
2017-10,2017/18,2017,10,Soft Red Winter,Export,4.648932,126523.2
2017-10,2017/18,2017,10,Soft Red Winter,Import,0.380252,10348.77
2017-10,2017/18,2017,10,White,Export,9.514376,258938.9
2017-10,2017/18,2017,10,White,Import,0.561764,15288.72
2017-11,2017/18,2017,11,All Wheat,Export,55.767427,1517740.77
2017-11,2017/18,2017,11,All Wheat,Import,12.876354,350436.97
2017-11,2017/18,2017,11,Durum,Export,0.613476,16696.08
2017-11,2017/18,2017,11,Durum,Import,4.28618,116650.72
2017-11,2017/18,2017,11,Hard Red Spring,Export,14.324963,389861.64
2017-11,2017/18,2017,11,Hard Red Spring,Import,6.876721,187153.68
2017-11,2017/18,2017,11,Hard Red Winter,Export,24.547358,668069.67
2017-11,2017/18,2017,11,Hard Red Winter,Import,1.01617,27655.62
2017-11,2017/18,2017,11,Soft Red Winter,Export,5.344245,145446.53
2017-11,2017/18,2017,11,Soft Red Winter,Import,0.051907,1412.68
2017-11,2017/18,2017,11,White,Export,10.937385,297666.86
2017-11,2017/18,2017,11,White,Import,0.645377,17564.27
2017-12,2017/18,2017,12,All Wheat,Export,74.596113,2030173.66
2017-12,2017/18,2017,12,All Wheat,Import,12.757483,347201.81
2017-12,2017/18,2017,12,Durum,Export,0.568387,15468.96
2017-12,2017/18,2017,12,Durum,Import,4.235997,115284.96
2017-12,2017/18,2017,12,Hard Red Spring,Export,17.589834,478716.86
2017-12,2017/18,2017,12,Hard Red Spring,Import,7.40628,201565.92
2017-12,2017/18,2017,12,Hard Red Winter,Export,32.736666,890946.11
2017-12,2017/18,2017,12,Hard Red Winter,Import,0.497998,13553.3
2017-12,2017/18,2017,12,Soft Red Winter,Export,6.518004,177391.01
2017-12,2017/18,2017,12,Soft Red Winter,Import,0.126688,3447.89
2017-12,2017/18,2017,12,White,Export,17.183222,467650.71
2017-12,2017/18,2017,12,White,Import,0.490519,13349.75
2018-01,2017/18,2018,1,All Wheat,Export,66.437214,1808124.8
2018-01,2017/18,2018,1,All Wheat,Import,12.961269,352747.96
2018-01,2017/18,2018,1,Durum,Export,1.531664,41685.06
2018-01,2017/18,2018,1,Durum,Import,5.483595,149239.01
2018-01,2017/18,2018,1,Hard Red Spring,Export,15.422301,419726.27
2018-01,2017/18,2018,1,Hard Red Spring,Import,5.495511,149563.31
2018-01,2017/18,2018,1,Hard Red Winter,Export,28.702642,781157.96
2018-01,2017/18,2018,1,Hard Red Winter,Import,1.151298,31333.19
2018-01,2017/18,2018,1,Soft Red Winter,Export,5.714813,155531.74
2018-01,2017/18,2018,1,Soft Red Winter,Import,0.20436,5561.78
2018-01,2017/18,2018,1,White,Export,15.065794,410023.76
2018-01,2017/18,2018,1,White,Import,0.626505,17050.67
2018-02,2017/18,2018,2,All Wheat,Export,59.778167,1626895.24
2018-02,2017/18,2018,2,All Wheat,Import,12.071063,328520.53
2018-02,2017/18,2018,2,Durum,Export,0.752789,20487.57
2018-02,2017/18,2018,2,Durum,Import,4.49009,122200.22
2018-02,2017/18,2018,2,Hard Red Spring,Export,14.025104,381700.82
2018-02,2017/18,2018,2,Hard Red Spring,Import,6.724022,182997.9
2018-02,2017/18,2018,2,Hard Red Winter,Export,26.102302,710388.31
2018-02,2017/18,2018,2,Hard Red Winter,Import,0.086872,2364.27
2018-02,2017/18,2018,2,Soft Red Winter,Export,5.197075,141441.21
2018-02,2017/18,2018,2,Soft Red Winter,Import,0.161421,4393.16
2018-02,2017/18,2018,2,White,Export,13.700896,372877.32
2018-02,2017/18,2018,2,White,Import,0.608659,16564.98
2018-03,2017/18,2018,3,All Wheat,Export,78.115137,2125945.81
2018-03,2017/18,2018,3,All Wheat,Import,13.462446,366387.77
2018-03,2017/18,2018,3,Durum,Export,3.005289,81790.58
2018-03,2017/18,2018,3,Durum,Import,4.464295,121498.22
2018-03,2017/18,2018,3,Hard Red Spring,Export,20.135076,547987.0
2018-03,2017/18,2018,3,Hard Red Spring,Import,7.522215,204721.16
2018-03,2017/18,2018,3,Hard Red Winter,Export,28.957113,788083.53
2018-03,2017/18,2018,3,Hard Red Winter,Import,0.478028,13009.79
2018-03,2017/18,2018,3,Soft Red Winter,Export,10.619528,289016.21
2018-03,2017/18,2018,3,Soft Red Winter,Import,0.273683,7448.43
2018-03,2017/18,2018,3,White,Export,15.398131,419068.5
2018-03,2017/18,2018,3,White,Import,0.724225,19710.17
2018-04,2017/18,2018,4,All Wheat,Export,73.519319,2000868.14
2018-04,2017/18,2018,4,All Wheat,Import,14.891987,405293.49
2018-04,2017/18,2018,4,Durum,Export,2.566468,69847.83
2018-04,2017/18,2018,4,Durum,Import,4.630564,126023.31
2018-04,2017/18,2018,4,Hard Red Spring,Export,19.020688,517658.35
2018-04,2017/18,2018,4,Hard Red Spring,Import,7.915488,215424.29
2018-04,2017/18,2018,4,Hard Red Winter,Export,27.354465,744466.61
2018-04,2017/18,2018,4,Hard Red Winter,Import,1.153719,31399.1
2018-04,2017/18,2018,4,Soft Red Winter,Export,10.031784,273020.44
2018-04,2017/18,2018,4,Soft Red Winter,Import,0.531826,14473.93
2018-04,2017/18,2018,4,White,Export,14.545913,395874.91
2018-04,2017/18,2018,4,White,Import,0.66039,17972.87
2018-05,2017/18,2018,5,All Wheat,Export,67.927022,1848670.73
2018-05,2017/18,2018,5,All Wheat,Import,13.844616,376788.74
2018-05,2017/18,2018,5,Durum,Export,0.55278,15044.2
2018-05,2017/18,2018,5,Durum,Import,4.757019,129464.86
2018-05,2017/18,2018,5,Hard Red Spring,Export,18.061353,491549.5
2018-05,2017/18,2018,5,Hard Red Spring,Import,8.073526,219725.39
2018-05,2017/18,2018,5,Hard Red Winter,Export,25.974804,706918.36
2018-05,2017/18,2018,5,Hard Red Winter,Import,0.066052,1797.65
2018-05,2017/18,2018,5,Soft Red Winter,Export,9.525817,259250.26
2018-05,2017/18,2018,5,Soft Red Winter,Import,0.372835,10146.9
2018-05,2017/18,2018,5,White,Export,13.812269,375908.39
2018-05,2017/18,2018,5,White,Import,0.575184,15653.94
2018-06,2018/19,2018,6,All Wheat,Export,59.111231,1608744.21
2018-06,2018/19,2018,6,All Wheat,Import,14.424889,392581.16
2018-06,2018/19,2018,6,Durum,Export,0.607811,16541.92
2018-06,2018/19,2018,6,Durum,Import,5.396192,146860.3
2018-06,2018/19,2018,6,Hard Red Spring,Export,17.812288,484771.08
2018-06,2018/19,2018,6,Hard Red Spring,Import,7.596062,206730.95
2018-06,2018/19,2018,6,Hard Red Winter,Export,15.390857,418870.52
2018-06,2018/19,2018,6,Hard Red Winter,Import,0.331705,9027.54
2018-06,2018/19,2018,6,Soft Red Winter,Export,8.061559,219399.69
2018-06,2018/19,2018,6,Soft Red Winter,Import,0.578109,15733.55
2018-06,2018/19,2018,6,White,Export,17.238716,469161.0
2018-06,2018/19,2018,6,White,Import,0.52282,14228.83
2018-07,2018/19,2018,7,All Wheat,Export,66.960909,1822377.44
2018-07,2018/19,2018,7,All Wheat,Import,13.090685,356270.1
2018-07,2018/19,2018,7,Durum,Export,2.245579,61114.66
2018-07,2018/19,2018,7,Durum,Import,5.442642,148124.46
2018-07,2018/19,2018,7,Hard Red Spring,Export,19.703602,536244.21
2018-07,2018/19,2018,7,Hard Red Spring,Import,6.68541,181947.06
2018-07,2018/19,2018,7,Hard Red Winter,Export,17.025063,463346.31
2018-07,2018/19,2018,7,Hard Red Winter,Import,0.021253,578.41
2018-07,2018/19,2018,7,Soft Red Winter,Export,8.917537,242695.62
2018-07,2018/19,2018,7,Soft Red Winter,Import,0.478166,13013.56
2018-07,2018/19,2018,7,White,Export,19.069127,518976.64
2018-07,2018/19,2018,7,White,Import,0.463213,12606.61
2018-08,2018/19,2018,8,All Wheat,Export,78.549125,2137757.03
2018-08,2018/19,2018,8,All Wheat,Import,13.370638,363889.17
2018-08,2018/19,2018,8,Durum,Export,2.911596,79240.66
2018-08,2018/19,2018,8,Durum,Import,5.108224,139023.09
2018-08,2018/19,2018,8,Hard Red Spring,Export,23.029038,626747.75
2018-08,2018/19,2018,8,Hard Red Spring,Import,6.925862,188491.1
2018-08,2018/19,2018,8,Hard Red Winter,Export,19.898433,541546.65
2018-08,2018/19,2018,8,Hard Red Winter,Import,0.077211,2101.34
2018-08,2018/19,2018,8,Soft Red Winter,Export,10.422577,283656.08
2018-08,2018/19,2018,8,Soft Red Winter,Import,0.704174,19164.48
2018-08,2018/19,2018,8,White,Export,22.287481,606565.89
2018-08,2018/19,2018,8,White,Import,0.555167,15109.16
2018-09,2018/19,2018,9,All Wheat,Export,67.508481,1837279.91
2018-09,2018/19,2018,9,All Wheat,Import,10.581968,287993.99
2018-09,2018/19,2018,9,Durum,Export,1.755245,47769.94
2018-09,2018/19,2018,9,Durum,Import,3.928925,106927.82
2018-09,2018/19,2018,9,Hard Red Spring,Export,20.785136,565678.74
2018-09,2018/19,2018,9,Hard Red Spring,Import,5.45331,148414.8
2018-09,2018/19,2018,9,Hard Red Winter,Export,23.002417,626023.26
2018-09,2018/19,2018,9,Hard Red Winter,Import,0.074675,2032.31
2018-09,2018/19,2018,9,Soft Red Winter,Export,7.297926,198617.0
2018-09,2018/19,2018,9,Soft Red Winter,Import,0.649434,17674.69
2018-09,2018/19,2018,9,White,Export,14.667757,399190.96
2018-09,2018/19,2018,9,White,Import,0.475624,12944.37
2018-10,2018/19,2018,10,All Wheat,Export,73.078125,1988860.79
2018-10,2018/19,2018,10,All Wheat,Import,11.345061,308761.98
2018-10,2018/19,2018,10,Durum,Export,1.732973,47163.81
2018-10,2018/19,2018,10,Durum,Import,5.025416,136769.42
2018-10,2018/19,2018,10,Hard Red Spring,Export,22.552786,613786.3
2018-10,2018/19,2018,10,Hard Red Spring,Import,4.175691,113643.69
2018-10,2018/19,2018,10,Hard Red Winter,Export,24.958634,679262.76
2018-10,2018/19,2018,10,Hard Red Winter,Import,1.514159,41208.66
2018-10,2018/19,2018,10,Soft Red Winter,Export,7.91857,215508.18
2018-10,2018/19,2018,10,Soft Red Winter,Import,0.121753,3313.58
2018-10,2018/19,2018,10,White,Export,15.915161,433139.74
2018-10,2018/19,2018,10,White,Import,0.508041,13826.62
2018-11,2018/19,2018,11,All Wheat,Export,61.927665,1685394.97
2018-11,2018/19,2018,11,All Wheat,Import,9.320815,253671.04
2018-11,2018/19,2018,11,Durum,Export,1.332521,36265.28
2018-11,2018/19,2018,11,Durum,Import,4.223813,114953.37
2018-11,2018/19,2018,11,Hard Red Spring,Export,19.154621,521303.39
2018-11,2018/19,2018,11,Hard Red Spring,Import,4.270696,116229.31
2018-11,2018/19,2018,11,Hard Red Winter,Export,21.197965,576914.11
2018-11,2018/19,2018,11,Hard Red Winter,Import,0.172327,4689.98
2018-11,2018/19,2018,11,Soft Red Winter,Export,6.725431,183036.25
2018-11,2018/19,2018,11,Soft Red Winter,Import,0.200756,5463.69
2018-11,2018/19,2018,11,White,Export,13.517127,367875.94
2018-11,2018/19,2018,11,White,Import,0.453222,12334.69
2018-12,2018/19,2018,12,All Wheat,Export,85.782053,2334605.07
2018-12,2018/19,2018,12,All Wheat,Import,12.617082,343380.74
2018-12,2018/19,2018,12,Durum,Export,1.884309,51282.48
2018-12,2018/19,2018,12,Durum,Import,3.275909,89155.64
2018-12,2018/19,2018,12,Hard Red Spring,Export,24.468229,665916.11
2018-12,2018/19,2018,12,Hard Red Spring,Import,7.585996,206457.0
2018-12,2018/19,2018,12,Hard Red Winter,Export,30.944317,842166.37
2018-12,2018/19,2018,12,Hard Red Winter,Import,0.974542,26522.68
2018-12,2018/19,2018,12,Soft Red Winter,Export,12.04968,327938.59
2018-12,2018/19,2018,12,Soft Red Winter,Import,0.266257,7246.32
2018-12,2018/19,2018,12,White,Export,16.435518,447301.54
2018-12,2018/19,2018,12,White,Import,0.514379,13999.12
2019-01,2018/19,2019,1,All Wheat,Export,73.994285,2013794.6
2019-01,2018/19,2019,1,All Wheat,Import,12.581285,342406.5
2019-01,2018/19,2019,1,Durum,Export,0.53913,14672.7
2019-01,2018/19,2019,1,Durum,Import,5.380094,146422.18
2019-01,2018/19,2019,1,Hard Red Spring,Export,21.422716,583030.83
2019-01,2018/19,2019,1,Hard Red Spring,Import,5.422295,147570.71
2019-01,2018/19,2019,1,Hard Red Winter,Export,27.092738,737343.56
2019-01,2018/19,2019,1,Hard Red Winter,Import,0.799387,21755.76
2019-01,2018/19,2019,1,Soft Red Winter,Export,10.54988,287120.71
2019-01,2018/19,2019,1,Soft Red Winter,Import,0.505634,13761.11
2019-01,2018/19,2019,1,White,Export,14.389821,391626.79
2019-01,2018/19,2019,1,White,Import,0.473874,12896.75
2019-02,2018/19,2019,2,All Wheat,Export,84.131696,2289689.73
2019-02,2018/19,2019,2,All Wheat,Import,6.862721,186772.68
2019-02,2018/19,2019,2,Durum,Export,1.492186,40610.65
2019-02,2018/19,2019,2,Durum,Import,3.047677,82944.19
2019-02,2018/19,2019,2,Hard Red Spring,Export,24.101273,655929.21
2019-02,2018/19,2019,2,Hard Red Spring,Import,3.019375,82173.93
2019-02,2018/19,2019,2,Hard Red Winter,Export,30.480238,829536.2
2019-02,2018/19,2019,2,Hard Red Winter,Import,0.128528,3497.96
2019-02,2018/19,2019,2,Soft Red Winter,Export,11.868969,323020.42
2019-02,2018/19,2019,2,Soft Red Winter,Import,0.271931,7400.75
2019-02,2018/19,2019,2,White,Export,16.189031,440593.25
2019-02,2018/19,2019,2,White,Import,0.395209,10755.84
2019-03,2018/19,2019,3,All Wheat,Export,76.714615,2087829.84
2019-03,2018/19,2019,3,All Wheat,Import,12.172295,331275.62
2019-03,2018/19,2019,3,Durum,Export,2.038749,55485.67
2019-03,2018/19,2019,3,Durum,Import,4.285064,116620.33
2019-03,2018/19,2019,3,Hard Red Spring,Export,17.620837,479560.63
2019-03,2018/19,2019,3,Hard Red Spring,Import,7.039245,191576.87
2019-03,2018/19,2019,3,Hard Red Winter,Export,32.654438,888708.25
2019-03,2018/19,2019,3,Hard Red Winter,Import,0.066334,1805.32
2019-03,2018/19,2019,3,Soft Red Winter,Export,11.850983,322530.93
2019-03,2018/19,2019,3,Soft Red Winter,Import,0.297349,8092.53
2019-03,2018/19,2019,3,White,Export,12.549607,341544.35
2019-03,2018/19,2019,3,White,Import,0.484303,13180.58
2019-04,2018/19,2019,4,All Wheat,Export,102.840304,2798854.63
2019-04,2018/19,2019,4,All Wheat,Import,10.613532,288853.02
2019-04,2018/19,2019,4,Durum,Export,1.997639,54366.82
2019-04,2018/19,2019,4,Durum,Import,3.704713,100825.76
2019-04,2018/19,2019,4,Hard Red Spring,Export,23.795267,647601.1
2019-04,2018/19,2019,4,Hard Red Spring,Import,6.004173,163406.81
2019-04,2018/19,2019,4,Hard Red Winter,Export,44.096718,1200116.1
2019-04,2018/19,2019,4,Hard Red Winter,Import,0.052991,1442.17
2019-04,2018/19,2019,4,Soft Red Winter,Export,16.003627,435547.4
2019-04,2018/19,2019,4,Soft Red Winter,Import,0.424588,11555.39
2019-04,2018/19,2019,4,White,Export,16.947052,461223.21
2019-04,2018/19,2019,4,White,Import,0.427068,11622.89
2019-05,2018/19,2019,5,All Wheat,Export,106.461038,2897394.88
2019-05,2018/19,2019,5,All Wheat,Import,7.585508,206443.7
2019-05,2018/19,2019,5,Durum,Export,3.280698,89285.98
2019-05,2018/19,2019,5,Durum,Import,3.184878,86678.19
2019-05,2018/19,2019,5,Hard Red Spring,Export,24.346875,662613.4
2019-05,2018/19,2019,5,Hard Red Spring,Import,3.141964,85510.26
2019-05,2018/19,2019,5,Hard Red Winter,Export,45.118942,1227936.47
2019-05,2018/19,2019,5,Hard Red Winter,Import,0.652905,17769.17
2019-05,2018/19,2019,5,Soft Red Winter,Export,16.374614,445644.0
2019-05,2018/19,2019,5,Soft Red Winter,Import,0.148337,4037.07
2019-05,2018/19,2019,5,White,Export,17.339909,471915.02
2019-05,2018/19,2019,5,White,Import,0.457423,12449.02
2019-06,2019/20,2019,6,All Wheat,Export,84.802112,2307935.47
2019-06,2019/20,2019,6,All Wheat,Import,8.268576,225033.78
2019-06,2019/20,2019,6,Durum,Export,2.496837,67952.78
2019-06,2019/20,2019,6,Durum,Import,2.948151,80235.54
2019-06,2019/20,2019,6,Hard Red Spring,Export,19.838169,539906.52
2019-06,2019/20,2019,6,Hard Red Spring,Import,4.483038,122008.31
2019-06,2019/20,2019,6,Hard Red Winter,Export,37.718949,1026541.66
2019-06,2019/20,2019,6,Hard Red Winter,Import,0.068098,1853.32
2019-06,2019/20,2019,6,Soft Red Winter,Export,10.256672,279140.89
2019-06,2019/20,2019,6,Soft Red Winter,Import,0.418429,11387.77
2019-06,2019/20,2019,6,White,Export,14.491485,394393.62
2019-06,2019/20,2019,6,White,Import,0.35086,9548.84
2019-07,2019/20,2019,7,All Wheat,Export,70.499459,1918681.0
2019-07,2019/20,2019,7,All Wheat,Import,7.328771,199456.48
2019-07,2019/20,2019,7,Durum,Export,1.375438,37433.29
2019-07,2019/20,2019,7,Durum,Import,3.651009,99364.18
2019-07,2019/20,2019,7,Hard Red Spring,Export,16.661071,453440.07
2019-07,2019/20,2019,7,Hard Red Spring,Import,3.051058,83036.21
2019-07,2019/20,2019,7,Hard Red Winter,Export,31.67823,862140.21
2019-07,2019/20,2019,7,Hard Red Winter,Import,0.064066,1743.59
2019-07,2019/20,2019,7,Soft Red Winter,Export,8.614058,234436.26
2019-07,2019/20,2019,7,Soft Red Winter,Import,0.114559,3117.78
2019-07,2019/20,2019,7,White,Export,12.170662,331231.17
2019-07,2019/20,2019,7,White,Import,0.448079,12194.72
2019-08,2019/20,2019,8,All Wheat,Export,96.592647,2628821.26
2019-08,2019/20,2019,8,All Wheat,Import,7.590137,206569.68
2019-08,2019/20,2019,8,Durum,Export,1.990123,54162.28
2019-08,2019/20,2019,8,Durum,Import,2.437487,66337.52
2019-08,2019/20,2019,8,Hard Red Spring,Export,22.802194,620574.07
2019-08,2019/20,2019,8,Hard Red Spring,Import,4.154601,113069.71
2019-08,2019/20,2019,8,Hard Red Winter,Export,43.354546,1179917.47
2019-08,2019/20,2019,8,Hard Red Winter,Import,0.081483,2217.59
2019-08,2019/20,2019,8,Soft Red Winter,Export,11.789123,320847.39
2019-08,2019/20,2019,8,Soft Red Winter,Import,0.47751,12995.71
2019-08,2019/20,2019,8,White,Export,16.656661,453320.06
2019-08,2019/20,2019,8,White,Import,0.439056,11949.15
2019-09,2019/20,2019,9,All Wheat,Export,81.565336,2219844.85
2019-09,2019/20,2019,9,All Wheat,Import,7.307229,198870.21
2019-09,2019/20,2019,9,Durum,Export,4.568378,124330.88
2019-09,2019/20,2019,9,Durum,Import,1.670687,45468.66
2019-09,2019/20,2019,9,Hard Red Spring,Export,25.137374,684127.25
2019-09,2019/20,2019,9,Hard Red Spring,Import,4.360617,118676.55
2019-09,2019/20,2019,9,Hard Red Winter,Export,25.79629,702060.02
2019-09,2019/20,2019,9,Hard Red Winter,Import,0.442581,12045.08
2019-09,2019/20,2019,9,Soft Red Winter,Export,8.911987,242544.57
2019-09,2019/20,2019,9,Soft Red Winter,Import,0.430047,11703.95
2019-09,2019/20,2019,9,White,Export,17.151307,466782.12
2019-09,2019/20,2019,9,White,Import,0.403298,10975.97
2019-10,2019/20,2019,10,All Wheat,Export,85.538503,2327976.74
2019-10,2019/20,2019,10,All Wheat,Import,7.855202,213783.58
2019-10,2019/20,2019,10,Durum,Export,4.6222,125795.67
2019-10,2019/20,2019,10,Durum,Import,2.772053,75442.94
2019-10,2019/20,2019,10,Hard Red Spring,Export,26.416931,718951.11
2019-10,2019/20,2019,10,Hard Red Spring,Import,3.654437,99457.47
2019-10,2019/20,2019,10,Hard Red Winter,Export,27.109388,737796.7
2019-10,2019/20,2019,10,Hard Red Winter,Import,0.702671,19123.57
2019-10,2019/20,2019,10,Soft Red Winter,Export,9.365631,254890.72
2019-10,2019/20,2019,10,Soft Red Winter,Import,0.243938,6638.9
2019-10,2019/20,2019,10,White,Export,18.024353,490542.54
2019-10,2019/20,2019,10,White,Import,0.482103,13120.7
2019-11,2019/20,2019,11,All Wheat,Export,66.322119,1804992.43
2019-11,2019/20,2019,11,All Wheat,Import,7.319672,199208.83
2019-11,2019/20,2019,11,Durum,Export,6.090682,165761.23
2019-11,2019/20,2019,11,Durum,Import,2.998568,81607.65
2019-11,2019/20,2019,11,Hard Red Spring,Export,19.663895,535163.58
2019-11,2019/20,2019,11,Hard Red Spring,Import,3.710547,100984.54
2019-11,2019/20,2019,11,Hard Red Winter,Export,20.179338,549191.61
2019-11,2019/20,2019,11,Hard Red Winter,Import,0.050307,1369.15
2019-11,2019/20,2019,11,Soft Red Winter,Export,6.971468,189732.27
2019-11,2019/20,2019,11,Soft Red Winter,Import,0.149971,4081.55
2019-11,2019/20,2019,11,White,Export,13.416736,365143.75
2019-11,2019/20,2019,11,White,Import,0.410278,11165.94
2019-12,2019/20,2019,12,All Wheat,Export,82.30737,2240039.71
2019-12,2019/20,2019,12,All Wheat,Import,9.031985,245810.37
2019-12,2019/20,2019,12,Durum,Export,4.250366,115676.01
2019-12,2019/20,2019,12,Durum,Import,3.337156,90822.52
2019-12,2019/20,2019,12,Hard Red Spring,Export,24.910402,677950.09
2019-12,2019/20,2019,12,Hard Red Spring,Import,4.936972,134362.37
2019-12,2019/20,2019,12,Hard Red Winter,Export,28.82866,784587.62
2019-12,2019/20,2019,12,Hard Red Winter,Import,0.028776,783.15
2019-12,2019/20,2019,12,Soft Red Winter,Export,6.78832,184747.82
2019-12,2019/20,2019,12,Soft Red Winter,Import,0.284932,7754.58
2019-12,2019/20,2019,12,White,Export,17.529622,477078.17
2019-12,2019/20,2019,12,White,Import,0.444149,12087.76
2020-01,2019/20,2020,1,All Wheat,Export,72.190917,1964714.94
2020-01,2019/20,2020,1,All Wheat,Import,12.066152,328386.88
2020-01,2019/20,2020,1,Durum,Export,0.957043,26046.44
2020-01,2019/20,2020,1,Durum,Import,4.553547,123927.26
2020-01,2019/20,2020,1,Hard Red Spring,Export,22.73293,618689.01
2020-01,2019/20,2020,1,Hard Red Spring,Import,6.257474,170300.55
2020-01,2019/20,2020,1,Hard Red Winter,Export,26.308685,716005.12
2020-01,2019/20,2020,1,Hard Red Winter,Import,0.223012,6069.39
2020-01,2019/20,2020,1,Soft Red Winter,Export,6.194939,168598.62
2020-01,2019/20,2020,1,Soft Red Winter,Import,0.597116,16250.83
2020-01,2019/20,2020,1,White,Export,15.99732,435375.75
2020-01,2019/20,2020,1,White,Import,0.435003,11838.85
2020-02,2019/20,2020,2,All Wheat,Export,82.313556,2240208.06
2020-02,2019/20,2020,2,All Wheat,Import,7.216425,196398.91
2020-02,2019/20,2020,2,Durum,Export,2.860255,77843.39
2020-02,2019/20,2020,2,Durum,Import,3.295972,89701.67
2020-02,2019/20,2020,2,Hard Red Spring,Export,25.356003,690077.37
2020-02,2019/20,2020,2,Hard Red Spring,Import,3.360116,91447.37
2020-02,2019/20,2020,2,Hard Red Winter,Export,29.344352,798622.45
2020-02,2019/20,2020,2,Hard Red Winter,Import,0.03402,925.88
2020-02,2019/20,2020,2,Soft Red Winter,Export,6.909751,188052.62
2020-02,2019/20,2020,2,Soft Red Winter,Import,0.130597,3554.27
2020-02,2019/20,2020,2,White,Export,17.843195,485612.23
2020-02,2019/20,2020,2,White,Import,0.39572,10769.73
2020-03,2019/20,2020,3,All Wheat,Export,67.85203,1846629.8
2020-03,2019/20,2020,3,All Wheat,Import,9.827316,267455.73
2020-03,2019/20,2020,3,Durum,Export,2.004759,54560.61
2020-03,2019/20,2020,3,Durum,Import,4.729365,128712.25
2020-03,2019/20,2020,3,Hard Red Spring,Export,18.450231,502133.04
2020-03,2019/20,2020,3,Hard Red Spring,Import,4.341055,118144.15
2020-03,2019/20,2020,3,Hard Red Winter,Export,30.183115,821449.83
2020-03,2019/20,2020,3,Hard Red Winter,Import,0.105624,2874.6
2020-03,2019/20,2020,3,Soft Red Winter,Export,4.663959,126932.18
2020-03,2019/20,2020,3,Soft Red Winter,Import,0.139795,3804.59
2020-03,2019/20,2020,3,White,Export,12.549967,341554.14
2020-03,2019/20,2020,3,White,Import,0.511478,13920.14
2020-04,2019/20,2020,4,All Wheat,Export,93.141339,2534892.04
2020-04,2019/20,2020,4,All Wheat,Import,11.505936,313140.29
2020-04,2019/20,2020,4,Durum,Export,8.074,219738.3
2020-04,2019/20,2020,4,Durum,Import,4.718473,128415.79
2020-04,2019/20,2020,4,Hard Red Spring,Export,23.835643,648699.95
2020-04,2019/20,2020,4,Hard Red Spring,Import,5.931658,161433.29
2020-04,2019/20,2020,4,Hard Red Winter,Export,38.993221,1061221.66
2020-04,2019/20,2020,4,Hard Red Winter,Import,0.050082,1363.02
2020-04,2019/20,2020,4,Soft Red Winter,Export,6.025316,163982.23
2020-04,2019/20,2020,4,Soft Red Winter,Import,0.236376,6433.09
2020-04,2019/20,2020,4,White,Export,16.213159,441249.9
2020-04,2019/20,2020,4,White,Import,0.569348,15495.1
2020-05,2019/20,2020,5,All Wheat,Export,85.912852,2338164.84
2020-05,2019/20,2020,5,All Wheat,Import,8.602157,234112.36
2020-05,2019/20,2020,5,Durum,Export,2.687257,73135.17
2020-05,2019/20,2020,5,Durum,Import,3.611808,98297.3
2020-05,2019/20,2020,5,Hard Red Spring,Export,23.319591,634655.31
2020-05,2019/20,2020,5,Hard Red Spring,Import,3.989475,108575.72
2020-05,2019/20,2020,5,Hard Red Winter,Export,38.149001,1038245.76
2020-05,2019/20,2020,5,Hard Red Winter,Import,0.035634,969.8
2020-05,2019/20,2020,5,Soft Red Winter,Export,5.894865,160431.95
2020-05,2019/20,2020,5,Soft Red Winter,Import,0.315111,8575.93
2020-05,2019/20,2020,5,White,Export,15.862137,431696.65
2020-05,2019/20,2020,5,White,Import,0.650129,17693.61
2020-06,2020/21,2020,6,All Wheat,Export,85.497721,2326866.85
2020-06,2020/21,2020,6,All Wheat,Import,8.548888,232662.62
2020-06,2020/21,2020,6,Durum,Export,3.806526,103596.66
2020-06,2020/21,2020,6,Durum,Import,3.931965,107010.57
2020-06,2020/21,2020,6,Hard Red Spring,Export,20.522911,558542.14
2020-06,2020/21,2020,6,Hard Red Spring,Import,3.658266,99561.68
2020-06,2020/21,2020,6,Hard Red Winter,Export,37.041351,1008100.45
2020-06,2020/21,2020,6,Hard Red Winter,Import,0.039901,1085.93
2020-06,2020/21,2020,6,Soft Red Winter,Export,4.404917,119882.22
2020-06,2020/21,2020,6,Soft Red Winter,Import,0.241076,6561.0
2020-06,2020/21,2020,6,White,Export,19.722017,536745.38
2020-06,2020/21,2020,6,White,Import,0.67768,18443.44
2020-07,2020/21,2020,7,All Wheat,Export,90.177036,2454216.93
2020-07,2020/21,2020,7,All Wheat,Import,11.264295,306563.9
2020-07,2020/21,2020,7,Durum,Export,4.294673,116881.85
2020-07,2020/21,2020,7,Durum,Import,4.408013,119966.47
2020-07,2020/21,2020,7,Hard Red Spring,Export,21.635931,588833.59
2020-07,2020/21,2020,7,Hard Red Spring,Import,5.523692,150330.26
2020-07,2020/21,2020,7,Hard Red Winter,Export,40.909861,1113384.04
2020-07,2020/21,2020,7,Hard Red Winter,Import,0.051231,1394.28
2020-07,2020/21,2020,7,Soft Red Winter,Export,7.463924,203134.73
2020-07,2020/21,2020,7,Soft Red Winter,Import,0.561203,15273.44
2020-07,2020/21,2020,7,White,Export,15.872648,431982.72
2020-07,2020/21,2020,7,White,Import,0.720157,19599.45
2020-08,2020/21,2020,8,All Wheat,Export,96.030203,2613514.04
2020-08,2020/21,2020,8,All Wheat,Import,9.889809,269156.52
2020-08,2020/21,2020,8,Durum,Export,0.986245,26841.18
2020-08,2020/21,2020,8,Durum,Import,3.328446,90585.46
2020-08,2020/21,2020,8,Hard Red Spring,Export,27.466832,747524.73
2020-08,2020/21,2020,8,Hard Red Spring,Import,4.911825,133677.99
2020-08,2020/21,2020,8,Hard Red Winter,Export,33.570572,913641.33
2020-08,2020/21,2020,8,Hard Red Winter,Import,0.049651,1351.28
2020-08,2020/21,2020,8,Soft Red Winter,Export,8.283648,225443.96
2020-08,2020/21,2020,8,Soft Red Winter,Import,0.898011,24439.85
2020-08,2020/21,2020,8,White,Export,25.722906,700062.84
2020-08,2020/21,2020,8,White,Import,0.701876,19101.93
2020-09,2020/21,2020,9,All Wheat,Export,100.298865,2729687.99
2020-09,2020/21,2020,9,All Wheat,Import,9.383286,255371.22
2020-09,2020/21,2020,9,Durum,Export,4.386488,119380.65
2020-09,2020/21,2020,9,Durum,Import,2.456515,66855.39
2020-09,2020/21,2020,9,Hard Red Spring,Export,26.57937,723371.96
2020-09,2020/21,2020,9,Hard Red Spring,Import,5.229201,142315.53
2020-09,2020/21,2020,9,Hard Red Winter,Export,35.645201,970103.48
2020-09,2020/21,2020,9,Hard Red Winter,Import,0.178838,4867.18
2020-09,2020/21,2020,9,Soft Red Winter,Export,12.156456,330844.54
2020-09,2020/21,2020,9,Soft Red Winter,Import,0.949698,25846.54
2020-09,2020/21,2020,9,White,Export,21.53135,585987.36
2020-09,2020/21,2020,9,White,Import,0.569034,15486.57
2020-10,2020/21,2020,10,All Wheat,Export,65.671629,1787288.99
2020-10,2020/21,2020,10,All Wheat,Import,8.44727,229897.02
2020-10,2020/21,2020,10,Durum,Export,1.401522,38143.18
2020-10,2020/21,2020,10,Durum,Import,2.93235,79805.51
2020-10,2020/21,2020,10,Hard Red Spring,Export,21.141483,575376.91
2020-10,2020/21,2020,10,Hard Red Spring,Import,4.47277,121728.87
2020-10,2020/21,2020,10,Hard Red Winter,Export,29.280953,796897.02
2020-10,2020/21,2020,10,Hard Red Winter,Import,0.052992,1442.2
2020-10,2020/21,2020,10,Soft Red Winter,Export,3.699759,100690.96
2020-10,2020/21,2020,10,Soft Red Winter,Import,0.38497,10477.17
2020-10,2020/21,2020,10,White,Export,10.147912,276180.92
2020-10,2020/21,2020,10,White,Import,0.604187,16443.27
2020-11,2020/21,2020,11,All Wheat,Export,71.300682,1940486.71
2020-11,2020/21,2020,11,All Wheat,Import,9.977542,271544.22
2020-11,2020/21,2020,11,Durum,Export,3.172355,86337.35
2020-11,2020/21,2020,11,Durum,Import,2.722817,74102.94
2020-11,2020/21,2020,11,Hard Red Spring,Export,22.113785,601838.64
2020-11,2020/21,2020,11,Hard Red Spring,Import,5.560175,151323.18
2020-11,2020/21,2020,11,Hard Red Winter,Export,26.46953,720382.62
2020-11,2020/21,2020,11,Hard Red Winter,Import,0.630235,17152.2
2020-11,2020/21,2020,11,Soft Red Winter,Export,3.015516,82068.91
2020-11,2020/21,2020,11,Soft Red Winter,Import,0.453483,12341.79
2020-11,2020/21,2020,11,White,Export,16.529496,449859.19
2020-11,2020/21,2020,11,White,Import,0.610831,16624.11
2020-12,2020/21,2020,12,All Wheat,Export,70.722668,1924755.76
2020-12,2020/21,2020,12,All Wheat,Import,8.02182,218318.18
2020-12,2020/21,2020,12,Durum,Export,2.455767,66835.03
2020-12,2020/21,2020,12,Durum,Import,3.230591,87922.29
2020-12,2020/21,2020,12,Hard Red Spring,Export,21.44407,583611.99
2020-12,2020/21,2020,12,Hard Red Spring,Import,3.378855,91957.38
2020-12,2020/21,2020,12,Hard Red Winter,Export,24.854136,676418.79
2020-12,2020/21,2020,12,Hard Red Winter,Import,0.438075,11922.44
2020-12,2020/21,2020,12,Soft Red Winter,Export,2.776144,75554.25
2020-12,2020/21,2020,12,Soft Red Winter,Import,0.398615,10848.52
2020-12,2020/21,2020,12,White,Export,19.192552,522335.7
2020-12,2020/21,2020,12,White,Import,0.575684,15667.54
2021-01,2020/21,2021,1,All Wheat,Export,74.591332,2030043.55
2021-01,2020/21,2021,1,All Wheat,Import,7.718455,210061.93
2021-01,2020/21,2021,1,Durum,Export,0.725455,19743.65
2021-01,2020/21,2021,1,Durum,Import,3.064845,83411.43
2021-01,2020/21,2021,1,Hard Red Spring,Export,19.817407,539341.48
2021-01,2020/21,2021,1,Hard Red Spring,Import,3.460985,94192.57
2021-01,2020/21,2021,1,Hard Red Winter,Export,23.281069,633606.91
2021-01,2020/21,2021,1,Hard Red Winter,Import,0.439454,11959.98
2021-01,2020/21,2021,1,Soft Red Winter,Export,5.633931,153330.49
2021-01,2020/21,2021,1,Soft Red Winter,Import,0.22505,6124.87
2021-01,2020/21,2021,1,White,Export,25.13347,684021.02
2021-01,2020/21,2021,1,White,Import,0.52812,14373.08
2021-02,2020/21,2021,2,All Wheat,Export,66.214597,1802066.15
2021-02,2020/21,2021,2,All Wheat,Import,6.130493,166844.7
2021-02,2020/21,2021,2,Durum,Export,0.534795,14554.74
2021-02,2020/21,2021,2,Durum,Import,2.562406,69737.27
2021-02,2020/21,2021,2,Hard Red Spring,Export,17.139443,466459.24
2021-02,2020/21,2021,2,Hard Red Spring,Import,2.578082,70163.9
2021-02,2020/21,2021,2,Hard Red Winter,Export,18.754959,510426.37
2021-02,2020/21,2021,2,Hard Red Winter,Import,0.334365,9099.93
2021-02,2020/21,2021,2,Soft Red Winter,Export,4.675366,127242.63
2021-02,2020/21,2021,2,Soft Red Winter,Import,0.165868,4514.2
2021-02,2020/21,2021,2,White,Export,25.110033,683383.17
2021-02,2020/21,2021,2,White,Import,0.489772,13329.4
2021-03,2020/21,2021,3,All Wheat,Export,84.93038,2311426.34
2021-03,2020/21,2021,3,All Wheat,Import,7.336372,199663.35
2021-03,2020/21,2021,3,Durum,Export,3.245966,88340.73
2021-03,2020/21,2021,3,Durum,Import,3.612749,98322.92
2021-03,2020/21,2021,3,Hard Red Spring,Export,32.657014,888778.33
2021-03,2020/21,2021,3,Hard Red Spring,Import,2.502598,68109.56
2021-03,2020/21,2021,3,Hard Red Winter,Export,19.860378,540510.96
2021-03,2020/21,2021,3,Hard Red Winter,Import,0.560372,15250.82
2021-03,2020/21,2021,3,Soft Red Winter,Export,5.230334,142346.37
2021-03,2020/21,2021,3,Soft Red Winter,Import,0.183279,4988.03
2021-03,2020/21,2021,3,White,Export,23.936688,651449.95
2021-03,2020/21,2021,3,White,Import,0.477375,12992.03
2021-04,2020/21,2021,4,All Wheat,Export,95.529313,2599882.05
2021-04,2020/21,2021,4,All Wheat,Import,6.779666,184512.29
2021-04,2020/21,2021,4,Durum,Export,0.775883,21116.09
2021-04,2020/21,2021,4,Durum,Import,2.847803,77504.52
2021-04,2020/21,2021,4,Hard Red Spring,Export,26.613554,724302.3
2021-04,2020/21,2021,4,Hard Red Spring,Import,2.353769,64059.11
2021-04,2020/21,2021,4,Hard Red Winter,Export,23.215847,631831.85
2021-04,2020/21,2021,4,Hard Red Winter,Import,0.911332,24802.39
2021-04,2020/21,2021,4,Soft Red Winter,Export,4.817971,131123.69
2021-04,2020/21,2021,4,Soft Red Winter,Import,0.130344,3547.37
2021-04,2020/21,2021,4,White,Export,40.106058,1091508.11
2021-04,2020/21,2021,4,White,Import,0.536418,14598.9
2021-05,2020/21,2021,5,All Wheat,Export,92.892133,2528109.78
2021-05,2020/21,2021,5,All Wheat,Import,6.66707,181447.94
2021-05,2020/21,2021,5,Durum,Export,2.690462,73222.37
2021-05,2020/21,2021,5,Durum,Import,2.271547,61821.38
2021-05,2020/21,2021,5,Hard Red Spring,Export,28.392778,772724.85
2021-05,2020/21,2021,5,Hard Red Spring,Import,3.188106,86766.05
2021-05,2020/21,2021,5,Hard Red Winter,Export,27.123943,738192.82
2021-05,2020/21,2021,5,Hard Red Winter,Import,0.425322,11575.37
2021-05,2020/21,2021,5,Soft Red Winter,Export,7.207398,196153.23
2021-05,2020/21,2021,5,Soft Red Winter,Import,0.292335,7956.05
2021-05,2020/21,2021,5,White,Export,27.477553,747816.5
2021-05,2020/21,2021,5,White,Import,0.48976,13329.08
2021-06,2021/22,2021,6,All Wheat,Export,70.353769,1914715.97
2021-06,2021/22,2021,6,All Wheat,Import,7.076125,192580.57
2021-06,2021/22,2021,6,Durum,Export,2.951044,80314.26
2021-06,2021/22,2021,6,Durum,Import,3.168254,86225.74
2021-06,2021/22,2021,6,Hard Red Spring,Export,16.614775,452180.11
2021-06,2021/22,2021,6,Hard Red Spring,Import,2.642062,71905.15
2021-06,2021/22,2021,6,Hard Red Winter,Export,30.880294,840423.95
2021-06,2021/22,2021,6,Hard Red Winter,Import,0.598745,16295.17
2021-06,2021/22,2021,6,Soft Red Winter,Export,5.365369,146021.44
2021-06,2021/22,2021,6,Soft Red Winter,Import,0.174599,4751.81
2021-06,2021/22,2021,6,White,Export,14.542287,395776.22
2021-06,2021/22,2021,6,White,Import,0.492464,13402.69
2021-07,2021/22,2021,7,All Wheat,Export,82.512847,2245631.88
2021-07,2021/22,2021,7,All Wheat,Import,7.81799,212770.83
2021-07,2021/22,2021,7,Durum,Export,0.556001,15131.88
2021-07,2021/22,2021,7,Durum,Import,3.701435,100736.56
2021-07,2021/22,2021,7,Hard Red Spring,Export,23.128089,629443.49
2021-07,2021/22,2021,7,Hard Red Spring,Import,2.796946,76120.4
2021-07,2021/22,2021,7,Hard Red Winter,Export,30.770908,837446.94
2021-07,2021/22,2021,7,Hard Red Winter,Import,0.638865,17387.06
2021-07,2021/22,2021,7,Soft Red Winter,Export,14.589645,397065.1
2021-07,2021/22,2021,7,Soft Red Winter,Import,0.276139,7515.26
2021-07,2021/22,2021,7,White,Export,13.468204,366544.47
2021-07,2021/22,2021,7,White,Import,0.404605,11011.54
2021-08,2021/22,2021,8,All Wheat,Export,97.317262,2648542.04
2021-08,2021/22,2021,8,All Wheat,Import,10.25272,279033.34
2021-08,2021/22,2021,8,Durum,Export,0.77633,21128.24
2021-08,2021/22,2021,8,Durum,Import,4.320998,117598.29
2021-08,2021/22,2021,8,Hard Red Spring,Export,24.547027,668060.64
2021-08,2021/22,2021,8,Hard Red Spring,Import,4.551791,123879.46
2021-08,2021/22,2021,8,Hard Red Winter,Export,32.782537,892194.53
2021-08,2021/22,2021,8,Hard Red Winter,Import,0.534248,14539.85
2021-08,2021/22,2021,8,Soft Red Winter,Export,15.226385,414394.33
2021-08,2021/22,2021,8,Soft Red Winter,Import,0.434049,11812.89
2021-08,2021/22,2021,8,White,Export,23.984982,652764.3
2021-08,2021/22,2021,8,White,Import,0.411634,11202.85
2021-09,2021/22,2021,9,All Wheat,Export,87.313281,2376278.28
2021-09,2021/22,2021,9,All Wheat,Import,11.64411,316900.76
2021-09,2021/22,2021,9,Durum,Export,1.236151,33642.53
2021-09,2021/22,2021,9,Durum,Import,3.082315,83886.88
2021-09,2021/22,2021,9,Hard Red Spring,Export,22.59686,614985.8
2021-09,2021/22,2021,9,Hard Red Spring,Import,6.776259,184419.57
2021-09,2021/22,2021,9,Hard Red Winter,Export,35.45013,964794.5
2021-09,2021/22,2021,9,Hard Red Winter,Import,0.037155,1011.19
2021-09,2021/22,2021,9,Soft Red Winter,Export,8.136801,221447.44
2021-09,2021/22,2021,9,Soft Red Winter,Import,1.369727,37277.86
2021-09,2021/22,2021,9,White,Export,19.893339,541408.01
2021-09,2021/22,2021,9,White,Import,0.378654,10305.26
2021-10,2021/22,2021,10,All Wheat,Export,47.401155,1290048.12
2021-10,2021/22,2021,10,All Wheat,Import,7.130394,194057.55
2021-10,2021/22,2021,10,Durum,Export,1.30854,35612.63
2021-10,2021/22,2021,10,Durum,Import,3.273336,89085.61
2021-10,2021/22,2021,10,Hard Red Spring,Export,9.45994,257457.38
2021-10,2021/22,2021,10,Hard Red Spring,Import,2.577896,70158.83
2021-10,2021/22,2021,10,Hard Red Winter,Export,21.149462,575594.07
2021-10,2021/22,2021,10,Hard Red Winter,Import,0.644522,17541.02
2021-10,2021/22,2021,10,Soft Red Winter,Export,11.021619,299959.34
2021-10,2021/22,2021,10,Soft Red Winter,Import,0.25122,6837.09
2021-10,2021/22,2021,10,White,Export,4.461594,121424.7
2021-10,2021/22,2021,10,White,Import,0.38342,10435.0
2021-11,2021/22,2021,11,All Wheat,Export,51.994151,1415049.02
2021-11,2021/22,2021,11,All Wheat,Import,5.375133,146287.15
2021-11,2021/22,2021,11,Durum,Export,1.354857,36873.15
2021-11,2021/22,2021,11,Durum,Import,2.222071,60474.87
2021-11,2021/22,2021,11,Hard Red Spring,Export,12.998705,353766.8
2021-11,2021/22,2021,11,Hard Red Spring,Import,2.521773,68631.41
2021-11,2021/22,2021,11,Hard Red Winter,Export,22.617416,615545.23
2021-11,2021/22,2021,11,Hard Red Winter,Import,0.025589,696.41
2021-11,2021/22,2021,11,Soft Red Winter,Export,6.316963,171919.57
2021-11,2021/22,2021,11,Soft Red Winter,Import,0.157424,4284.39
2021-11,2021/22,2021,11,White,Export,8.706212,236944.27
2021-11,2021/22,2021,11,White,Import,0.448276,12200.07
2021-12,2021/22,2021,12,All Wheat,Export,47.017637,1279610.48
2021-12,2021/22,2021,12,All Wheat,Import,8.887971,241890.94
2021-12,2021/22,2021,12,Durum,Export,1.188578,32347.81
2021-12,2021/22,2021,12,Durum,Import,2.719965,74025.33
2021-12,2021/22,2021,12,Hard Red Spring,Export,11.034413,300307.53
2021-12,2021/22,2021,12,Hard Red Spring,Import,4.706675,128094.7
2021-12,2021/22,2021,12,Hard Red Winter,Export,19.236008,523518.39
2021-12,2021/22,2021,12,Hard Red Winter,Import,0.935807,25468.5
2021-12,2021/22,2021,12,Soft Red Winter,Export,5.623063,153034.71
2021-12,2021/22,2021,12,Soft Red Winter,Import,0.081082,2206.68
2021-12,2021/22,2021,12,White,Export,9.935574,270402.04
2021-12,2021/22,2021,12,White,Import,0.444442,12095.73
2022-01,2021/22,2022,1,All Wheat,Export,62.973876,1713868.18
2022-01,2021/22,2022,1,All Wheat,Import,7.870893,214210.62
2022-01,2021/22,2022,1,Durum,Export,0.422904,11509.57
2022-01,2021/22,2022,1,Durum,Import,3.735994,101677.1
2022-01,2021/22,2022,1,Hard Red Spring,Export,15.34689,417673.94
2022-01,2021/22,2022,1,Hard Red Spring,Import,2.997274,81572.44
2022-01,2021/22,2022,1,Hard Red Winter,Export,27.012637,735163.55
2022-01,2021/22,2022,1,Hard Red Winter,Import,0.568229,15464.65
2022-01,2021/22,2022,1,Soft Red Winter,Export,9.650082,262632.23
2022-01,2021/22,2022,1,Soft Red Winter,Import,0.097072,2641.88
2022-01,2021/22,2022,1,White,Export,10.541362,286888.89
2022-01,2021/22,2022,1,White,Import,0.472324,12854.55
2022-02,2021/22,2022,2,All Wheat,Export,70.797564,1926794.08
2022-02,2021/22,2022,2,All Wheat,Import,4.873833,132644.0
2022-02,2021/22,2022,2,Durum,Export,2.414958,65724.38
2022-02,2021/22,2022,2,Durum,Import,1.957503,53274.49
2022-02,2021/22,2022,2,Hard Red Spring,Export,15.937001,433734.13
2022-02,2021/22,2022,2,Hard Red Spring,Import,2.368979,64473.06
2022-02,2021/22,2022,2,Hard Red Winter,Export,28.485001,775234.75
2022-02,2021/22,2022,2,Hard Red Winter,Import,0.017584,478.56
2022-02,2021/22,2022,2,Soft Red Winter,Export,7.875991,214349.35
2022-02,2021/22,2022,2,Soft Red Winter,Import,0.117165,3188.71
2022-02,2021/22,2022,2,White,Export,16.084613,437751.46
2022-02,2021/22,2022,2,White,Import,0.412602,11229.19
2022-03,2021/22,2022,3,All Wheat,Export,61.364006,1670054.69
2022-03,2021/22,2022,3,All Wheat,Import,7.68507,209153.35
2022-03,2021/22,2022,3,Durum,Export,0.780434,21239.94
2022-03,2021/22,2022,3,Durum,Import,3.554483,96737.19
2022-03,2021/22,2022,3,Hard Red Spring,Export,20.699508,563348.33
2022-03,2021/22,2022,3,Hard Red Spring,Import,3.394365,92379.48
2022-03,2021/22,2022,3,Hard Red Winter,Export,21.274029,578984.24
2022-03,2021/22,2022,3,Hard Red Winter,Import,0.03004,817.55
2022-03,2021/22,2022,3,Soft Red Winter,Export,9.017199,245407.95
2022-03,2021/22,2022,3,Soft Red Winter,Import,0.158843,4322.99
2022-03,2021/22,2022,3,White,Export,9.592836,261074.23
2022-03,2021/22,2022,3,White,Import,0.54734,14896.15
2022-04,2021/22,2022,4,All Wheat,Export,65.380542,1779366.91
2022-04,2021/22,2022,4,All Wheat,Import,9.158758,249260.57
2022-04,2021/22,2022,4,Durum,Export,0.802128,21830.36
2022-04,2021/22,2022,4,Durum,Import,4.119478,112113.83
2022-04,2021/22,2022,4,Hard Red Spring,Export,18.212316,495658.05
2022-04,2021/22,2022,4,Hard Red Spring,Import,4.1203,112136.19
2022-04,2021/22,2022,4,Hard Red Winter,Export,25.753186,700886.91
2022-04,2021/22,2022,4,Hard Red Winter,Import,0.045505,1238.43
2022-04,2021/22,2022,4,Soft Red Winter,Export,11.216678,305267.97
2022-04,2021/22,2022,4,Soft Red Winter,Import,0.364163,9910.88
2022-04,2021/22,2022,4,White,Export,9.396235,255723.62
2022-04,2021/22,2022,4,White,Import,0.509313,13861.23
2022-05,2021/22,2022,5,All Wheat,Export,51.302881,1396235.73
2022-05,2021/22,2022,5,All Wheat,Import,8.379809,228061.03
2022-05,2021/22,2022,5,Durum,Export,0.565319,15385.46
2022-05,2021/22,2022,5,Durum,Import,3.698949,100668.89
2022-05,2021/22,2022,5,Hard Red Spring,Export,16.925288,460630.89
2022-05,2021/22,2022,5,Hard Red Spring,Import,4.000843,108885.11
2022-05,2021/22,2022,5,Hard Red Winter,Export,20.073077,546299.68
2022-05,2021/22,2022,5,Hard Red Winter,Import,0.038715,1053.64
2022-05,2021/22,2022,5,Soft Red Winter,Export,7.443619,202582.13
2022-05,2021/22,2022,5,Soft Red Winter,Import,0.124608,3391.28
2022-05,2021/22,2022,5,White,Export,6.295578,171337.57
2022-05,2021/22,2022,5,White,Import,0.516694,14062.1
2022-06,2022/23,2022,6,All Wheat,Export,58.987778,1605384.37
2022-06,2022/23,2022,6,All Wheat,Import,11.272338,306782.8
2022-06,2022/23,2022,6,Durum,Export,1.658776,45144.48
2022-06,2022/23,2022,6,Durum,Import,4.574464,124496.51
2022-06,2022/23,2022,6,Hard Red Spring,Export,19.879648,541035.4
2022-06,2022/23,2022,6,Hard Red Spring,Import,5.607259,152604.58
2022-06,2022/23,2022,6,Hard Red Winter,Export,19.163689,521550.19
2022-06,2022/23,2022,6,Hard Red Winter,Import,0.034851,948.49
2022-06,2022/23,2022,6,Soft Red Winter,Export,7.197538,195884.91
2022-06,2022/23,2022,6,Soft Red Winter,Import,0.51507,14017.9
2022-06,2022/23,2022,6,White,Export,11.088127,301769.39
2022-06,2022/23,2022,6,White,Import,0.540696,14715.32
2022-07,2022/23,2022,7,All Wheat,Export,55.352445,1506446.81
2022-07,2022/23,2022,7,All Wheat,Import,11.153896,303559.32
2022-07,2022/23,2022,7,Durum,Export,0.545544,14847.29
2022-07,2022/23,2022,7,Durum,Import,4.421127,120323.36
2022-07,2022/23,2022,7,Hard Red Spring,Export,12.134546,330248.25
2022-07,2022/23,2022,7,Hard Red Spring,Import,5.826183,158562.72
2022-07,2022/23,2022,7,Hard Red Winter,Export,19.304913,525393.68
2022-07,2022/23,2022,7,Hard Red Winter,Import,0.020725,564.04
2022-07,2022/23,2022,7,Soft Red Winter,Export,14.061264,382684.91
2022-07,2022/23,2022,7,Soft Red Winter,Import,0.339174,9230.82
2022-07,2022/23,2022,7,White,Export,9.306178,253272.68
2022-07,2022/23,2022,7,White,Import,0.546687,14878.39
2022-08,2022/23,2022,8,All Wheat,Export,94.20426,2563820.01
2022-08,2022/23,2022,8,All Wheat,Import,10.505385,285909.76
2022-08,2022/23,2022,8,Durum,Export,1.264509,34414.29
2022-08,2022/23,2022,8,Durum,Import,3.433937,93456.45
2022-08,2022/23,2022,8,Hard Red Spring,Export,22.307982,607123.81
2022-08,2022/23,2022,8,Hard Red Spring,Import,5.982247,162810.1
2022-08,2022/23,2022,8,Hard Red Winter,Export,24.812562,675287.32
2022-08,2022/23,2022,8,Hard Red Winter,Import,0.036482,992.87
2022-08,2022/23,2022,8,Soft Red Winter,Export,22.252397,605611.05
2022-08,2022/23,2022,8,Soft Red Winter,Import,0.460526,12533.46
2022-08,2022/23,2022,8,White,Export,23.566811,641383.54
2022-08,2022/23,2022,8,White,Import,0.592194,16116.88
2022-09,2022/23,2022,9,All Wheat,Export,114.120932,3105863.03
2022-09,2022/23,2022,9,All Wheat,Import,6.861092,186728.33
2022-09,2022/23,2022,9,Durum,Export,3.088405,84052.61
2022-09,2022/23,2022,9,Durum,Import,3.519437,95783.4
2022-09,2022/23,2022,9,Hard Red Spring,Export,31.122722,847021.75
2022-09,2022/23,2022,9,Hard Red Spring,Import,2.424496,65983.96
2022-09,2022/23,2022,9,Hard Red Winter,Export,32.611292,887533.98
2022-09,2022/23,2022,9,Hard Red Winter,Import,0.057936,1576.76
2022-09,2022/23,2022,9,Soft Red Winter,Export,15.168632,412822.54
2022-09,2022/23,2022,9,Soft Red Winter,Import,0.402005,10940.79
2022-09,2022/23,2022,9,White,Export,32.129882,874432.15
2022-09,2022/23,2022,9,White,Import,0.457217,12443.42
2022-10,2022/23,2022,10,All Wheat,Export,52.293432,1423194.11
2022-10,2022/23,2022,10,All Wheat,Import,9.686389,263620.33
2022-10,2022/23,2022,10,Durum,Export,1.299147,35357.0
2022-10,2022/23,2022,10,Durum,Import,4.280575,116498.18
2022-10,2022/23,2022,10,Hard Red Spring,Export,14.066337,382822.99
2022-10,2022/23,2022,10,Hard Red Spring,Import,3.785104,103013.67
2022-10,2022/23,2022,10,Hard Red Winter,Export,16.434972,447286.68
2022-10,2022/23,2022,10,Hard Red Winter,Import,0.77598,21118.71
2022-10,2022/23,2022,10,Soft Red Winter,Export,6.954566,189272.28
2022-10,2022/23,2022,10,Soft Red Winter,Import,0.21062,5732.14
2022-10,2022/23,2022,10,White,Export,13.53841,368455.16
2022-10,2022/23,2022,10,White,Import,0.63411,17257.64
2022-11,2022/23,2022,11,All Wheat,Export,43.176602,1175074.64
2022-11,2022/23,2022,11,All Wheat,Import,10.862069,295617.1
2022-11,2022/23,2022,11,Durum,Export,2.442319,66469.05
2022-11,2022/23,2022,11,Durum,Import,6.206922,168924.75
2022-11,2022/23,2022,11,Hard Red Spring,Export,13.634262,371063.84
2022-11,2022/23,2022,11,Hard Red Spring,Import,3.786262,103045.18
2022-11,2022/23,2022,11,Hard Red Winter,Export,13.34332,363145.7
2022-11,2022/23,2022,11,Hard Red Winter,Import,0.223928,6094.32
2022-11,2022/23,2022,11,Soft Red Winter,Export,0.932226,25371.04
2022-11,2022/23,2022,11,Soft Red Winter,Import,0.074347,2023.4
2022-11,2022/23,2022,11,White,Export,12.824474,349025.01
2022-11,2022/23,2022,11,White,Import,0.57061,15529.45
2022-12,2022/23,2022,12,All Wheat,Export,42.826561,1165548.09
2022-12,2022/23,2022,12,All Wheat,Import,10.481633,285263.32
2022-12,2022/23,2022,12,Durum,Export,2.001576,54473.97
2022-12,2022/23,2022,12,Durum,Import,4.215587,114729.49
2022-12,2022/23,2022,12,Hard Red Spring,Export,13.244094,360445.21
2022-12,2022/23,2022,12,Hard Red Spring,Import,5.219715,142057.36
2022-12,2022/23,2022,12,Hard Red Winter,Export,15.616109,425000.88
2022-12,2022/23,2022,12,Hard Red Winter,Import,0.346256,9423.53
2022-12,2022/23,2022,12,Soft Red Winter,Export,2.424887,65994.63
2022-12,2022/23,2022,12,Soft Red Winter,Import,0.100683,2740.13
2022-12,2022/23,2022,12,White,Export,9.539895,259633.41
2022-12,2022/23,2022,12,White,Import,0.599393,16312.8
2023-01,2022/23,2023,1,All Wheat,Export,67.04879,1824769.17
2023-01,2022/23,2023,1,All Wheat,Import,11.333975,308460.26
2023-01,2022/23,2023,1,Durum,Export,1.630892,44385.61
2023-01,2022/23,2023,1,Durum,Import,5.699768,155122.27
2023-01,2022/23,2023,1,Hard Red Spring,Export,20.695963,563251.85
2023-01,2022/23,2023,1,Hard Red Spring,Import,4.412251,120081.8
2023-01,2022/23,2023,1,Hard Red Winter,Export,16.378377,445746.41
2023-01,2022/23,2023,1,Hard Red Winter,Import,0.337899,9196.09
2023-01,2022/23,2023,1,Soft Red Winter,Export,5.804197,157964.38
2023-01,2022/23,2023,1,Soft Red Winter,Import,0.317959,8653.43
2023-01,2022/23,2023,1,White,Export,22.539361,613420.93
2023-01,2022/23,2023,1,White,Import,0.566098,15406.67
2023-02,2022/23,2023,2,All Wheat,Export,70.683056,1923677.7
2023-02,2022/23,2023,2,All Wheat,Import,10.152489,276305.48
2023-02,2022/23,2023,2,Durum,Export,2.663969,72501.37
2023-02,2022/23,2023,2,Durum,Import,4.495438,122345.79
2023-02,2022/23,2023,2,Hard Red Spring,Export,22.68852,617480.39
2023-02,2022/23,2023,2,Hard Red Spring,Import,4.087499,111243.5
2023-02,2022/23,2023,2,Hard Red Winter,Export,18.90331,514463.83
2023-02,2022/23,2023,2,Hard Red Winter,Import,0.674301,18351.46
2023-02,2022/23,2023,2,Soft Red Winter,Export,7.986715,217362.78
2023-02,2022/23,2023,2,Soft Red Winter,Import,0.469589,12780.11
2023-02,2022/23,2023,2,White,Export,18.440541,501869.33
2023-02,2022/23,2023,2,White,Import,0.425662,11584.62
2023-03,2022/23,2023,3,All Wheat,Export,52.37148,1425318.23
2023-03,2022/23,2023,3,All Wheat,Import,8.834733,240442.04
2023-03,2022/23,2023,3,Durum,Export,1.308562,35613.21
2023-03,2022/23,2023,3,Durum,Import,2.700436,73493.83
2023-03,2022/23,2023,3,Hard Red Spring,Export,11.976564,325948.68
2023-03,2022/23,2023,3,Hard Red Spring,Import,4.317692,117508.32
2023-03,2022/23,2023,3,Hard Red Winter,Export,14.056421,382553.12
2023-03,2022/23,2023,3,Hard Red Winter,Import,1.069904,29118.02
2023-03,2022/23,2023,3,Soft Red Winter,Export,9.014822,245343.27
2023-03,2022/23,2023,3,Soft Red Winter,Import,0.174021,4736.09
2023-03,2022/23,2023,3,White,Export,16.015111,435859.94
2023-03,2022/23,2023,3,White,Import,0.57268,15585.79
2023-04,2022/23,2023,4,All Wheat,Export,54.08463,1471942.54
2023-04,2022/23,2023,4,All Wheat,Import,10.862119,295618.45
2023-04,2022/23,2023,4,Durum,Export,2.821498,76788.58
2023-04,2022/23,2023,4,Durum,Import,4.622413,125801.48
2023-04,2022/23,2023,4,Hard Red Spring,Export,15.783153,429547.07
2023-04,2022/23,2023,4,Hard Red Spring,Import,5.051257,137472.71
2023-04,2022/23,2023,4,Hard Red Winter,Export,18.182523,494847.23
2023-04,2022/23,2023,4,Hard Red Winter,Import,0.386009,10505.44
2023-04,2022/23,2023,4,Soft Red Winter,Export,8.41848,229113.5
2023-04,2022/23,2023,4,Soft Red Winter,Import,0.267907,7291.24
2023-04,2022/23,2023,4,White,Export,8.878976,241646.15
2023-04,2022/23,2023,4,White,Import,0.534533,14547.59
2023-05,2022/23,2023,5,All Wheat,Export,55.46231,1509436.85
2023-05,2022/23,2023,5,All Wheat,Import,9.57844,260682.44
2023-05,2022/23,2023,5,Durum,Export,2.486071,67659.76
2023-05,2022/23,2023,5,Durum,Import,2.757716,75052.73
2023-05,2022/23,2023,5,Hard Red Spring,Export,16.889841,459666.18
2023-05,2022/23,2023,5,Hard Red Spring,Import,4.951319,134752.83
2023-05,2022/23,2023,5,Hard Red Winter,Export,15.641372,425688.43
2023-05,2022/23,2023,5,Hard Red Winter,Import,0.706762,19234.92
2023-05,2022/23,2023,5,Soft Red Winter,Export,7.018873,191022.44
2023-05,2022/23,2023,5,Soft Red Winter,Import,0.654548,17813.88
2023-05,2022/23,2023,5,White,Export,13.426153,365400.04
2023-05,2022/23,2023,5,White,Import,0.508095,13828.07
2023-06,2023/24,2023,6,All Wheat,Export,42.432057,1154811.43
2023-06,2023/24,2023,6,All Wheat,Import,9.79811,266660.88
2023-06,2023/24,2023,6,Durum,Export,0.612301,16664.11
2023-06,2023/24,2023,6,Durum,Import,3.34464,91026.19
2023-06,2023/24,2023,6,Hard Red Spring,Export,11.696762,318333.73
2023-06,2023/24,2023,6,Hard Red Spring,Import,4.699771,127906.81
2023-06,2023/24,2023,6,Hard Red Winter,Export,9.603435,261362.7
2023-06,2023/24,2023,6,Hard Red Winter,Import,0.918645,25001.41
2023-06,2023/24,2023,6,Soft Red Winter,Export,7.190881,195703.72
2023-06,2023/24,2023,6,Soft Red Winter,Import,0.326571,8887.8
2023-06,2023/24,2023,6,White,Export,13.328677,362747.17
2023-06,2023/24,2023,6,White,Import,0.508484,13838.67
2023-07,2023/24,2023,7,All Wheat,Export,63.990828,1741545.08
2023-07,2023/24,2023,7,All Wheat,Import,13.322478,362578.46
2023-07,2023/24,2023,7,Durum,Export,1.548175,42134.41
2023-07,2023/24,2023,7,Durum,Import,2.825157,76888.18
2023-07,2023/24,2023,7,Hard Red Spring,Export,18.17428,494622.88
2023-07,2023/24,2023,7,Hard Red Spring,Import,5.912051,160899.68
2023-07,2023/24,2023,7,Hard Red Winter,Export,8.41774,229093.36
2023-07,2023/24,2023,7,Hard Red Winter,Import,3.132876,85262.92
2023-07,2023/24,2023,7,Soft Red Winter,Export,24.297363,661265.91
2023-07,2023/24,2023,7,Soft Red Winter,Import,0.949646,25845.12
2023-07,2023/24,2023,7,White,Export,11.553271,314428.53
2023-07,2023/24,2023,7,White,Import,0.502748,13682.57
2023-08,2023/24,2023,8,All Wheat,Export,54.158038,1473940.38
2023-08,2023/24,2023,8,All Wheat,Import,12.851645,349764.5
2023-08,2023/24,2023,8,Durum,Export,0.611906,16653.34
2023-08,2023/24,2023,8,Durum,Import,3.614195,98362.27
2023-08,2023/24,2023,8,Hard Red Spring,Export,20.042442,545465.92
2023-08,2023/24,2023,8,Hard Red Spring,Import,5.256759,143065.56
2023-08,2023/24,2023,8,Hard Red Winter,Export,11.559195,314589.75
2023-08,2023/24,2023,8,Hard Red Winter,Import,2.56412,69783.91
2023-08,2023/24,2023,8,Soft Red Winter,Export,10.112113,275206.63
2023-08,2023/24,2023,8,Soft Red Winter,Import,0.956138,26021.81
2023-08,2023/24,2023,8,White,Export,11.832384,322024.74
2023-08,2023/24,2023,8,White,Import,0.460434,12530.96
2023-09,2023/24,2023,9,All Wheat,Export,70.764119,1925883.87
2023-09,2023/24,2023,9,All Wheat,Import,15.192019,413459.04
2023-09,2023/24,2023,9,Durum,Export,3.818372,103919.06
2023-09,2023/24,2023,9,Durum,Import,3.135192,85325.94
2023-09,2023/24,2023,9,Hard Red Spring,Export,31.502867,857367.61
2023-09,2023/24,2023,9,Hard Red Spring,Import,6.788926,184764.3
2023-09,2023/24,2023,9,Hard Red Winter,Export,9.473485,257826.04
2023-09,2023/24,2023,9,Hard Red Winter,Import,3.705264,100840.77
2023-09,2023/24,2023,9,Soft Red Winter,Export,12.646397,344178.56
2023-09,2023/24,2023,9,Soft Red Winter,Import,1.158485,31528.81
2023-09,2023/24,2023,9,White,Export,13.322998,362592.61
2023-09,2023/24,2023,9,White,Import,0.404152,10999.22
2023-10,2023/24,2023,10,All Wheat,Export,39.846179,1084435.35
2023-10,2023/24,2023,10,All Wheat,Import,10.009044,272401.57
2023-10,2023/24,2023,10,Durum,Export,2.42236,65925.84
2023-10,2023/24,2023,10,Durum,Import,3.678973,100125.24
2023-10,2023/24,2023,10,Hard Red Spring,Export,11.519002,313495.89
2023-10,2023/24,2023,10,Hard Red Spring,Import,5.10791,139014.54
2023-10,2023/24,2023,10,Hard Red Winter,Export,10.082221,274393.11
2023-10,2023/24,2023,10,Hard Red Winter,Import,0.557246,15165.76
2023-10,2023/24,2023,10,Soft Red Winter,Export,7.169279,195115.83
2023-10,2023/24,2023,10,Soft Red Winter,Import,0.202535,5512.09
2023-10,2023/24,2023,10,White,Export,8.653316,235504.68
2023-10,2023/24,2023,10,White,Import,0.46238,12583.93
2023-11,2023/24,2023,11,All Wheat,Export,44.417815,1208854.91
2023-11,2023/24,2023,11,All Wheat,Import,11.558212,314563.01
2023-11,2023/24,2023,11,Durum,Export,2.172653,59129.92
2023-11,2023/24,2023,11,Durum,Import,3.731581,101557.01
2023-11,2023/24,2023,11,Hard Red Spring,Export,18.045896,491128.84
2023-11,2023/24,2023,11,Hard Red Spring,Import,5.657057,153959.89
2023-11,2023/24,2023,11,Hard Red Winter,Export,6.321217,172035.34
2023-11,2023/24,2023,11,Hard Red Winter,Import,1.195563,32537.89
2023-11,2023/24,2023,11,Soft Red Winter,Export,4.019469,109392.04
2023-11,2023/24,2023,11,Soft Red Winter,Import,0.457171,12442.15
2023-11,2023/24,2023,11,White,Export,13.85858,377168.78
2023-11,2023/24,2023,11,White,Import,0.51684,14066.07
2023-12,2023/24,2023,12,All Wheat,Export,55.482649,1509990.38
2023-12,2023/24,2023,12,All Wheat,Import,11.603373,315792.1
2023-12,2023/24,2023,12,Durum,Export,3.744859,101918.36
2023-12,2023/24,2023,12,Durum,Import,4.590797,124941.03
2023-12,2023/24,2023,12,Hard Red Spring,Export,19.658917,535028.09
2023-12,2023/24,2023,12,Hard Red Spring,Import,5.553733,151147.87
2023-12,2023/24,2023,12,Hard Red Winter,Export,11.28947,307249.04
2023-12,2023/24,2023,12,Hard Red Winter,Import,0.645805,17575.92
2023-12,2023/24,2023,12,Soft Red Winter,Export,5.931445,161427.5
2023-12,2023/24,2023,12,Soft Red Winter,Import,0.233856,6364.52
2023-12,2023/24,2023,12,White,Export,14.857958,404367.38
2023-12,2023/24,2023,12,White,Import,0.579182,15762.76
2024-01,2023/24,2024,1,All Wheat,Export,52.988638,1442114.5
2024-01,2023/24,2024,1,All Wheat,Import,11.712205,318754.01
2024-01,2023/24,2024,1,Durum,Export,0.708593,19284.74
2024-01,2023/24,2024,1,Durum,Import,4.208148,114527.03
2024-01,2023/24,2024,1,Hard Red Spring,Export,16.357818,445186.89
2024-01,2023/24,2024,1,Hard Red Spring,Import,4.668673,127060.47
2024-01,2023/24,2024,1,Hard Red Winter,Export,12.059206,328197.84
2024-01,2023/24,2024,1,Hard Red Winter,Import,1.808257,49212.7
2024-01,2023/24,2024,1,Soft Red Winter,Export,10.881075,296134.37
2024-01,2023/24,2024,1,Soft Red Winter,Import,0.494132,13448.07
2024-01,2023/24,2024,1,White,Export,12.981945,353310.67
2024-01,2023/24,2024,1,White,Import,0.532994,14505.73
2024-02,2023/24,2024,2,All Wheat,Export,68.859304,1874043.29
2024-02,2023/24,2024,2,All Wheat,Import,9.547868,259850.41
2024-02,2023/24,2024,2,Durum,Export,2.617393,71233.77
2024-02,2023/24,2024,2,Durum,Import,3.679321,100134.72
2024-02,2023/24,2024,2,Hard Red Spring,Export,23.297702,634059.59
2024-02,2023/24,2024,2,Hard Red Spring,Import,4.973775,135363.99
2024-02,2023/24,2024,2,Hard Red Winter,Export,11.81226,321477.05
2024-02,2023/24,2024,2,Hard Red Winter,Import,0.282525,7689.08
2024-02,2023/24,2024,2,Soft Red Winter,Export,17.590889,478745.58
2024-02,2023/24,2024,2,Soft Red Winter,Import,0.103502,2816.88
2024-02,2023/24,2024,2,White,Export,13.541061,368527.31
2024-02,2023/24,2024,2,White,Import,0.508744,13845.73
2024-03,2023/24,2024,3,All Wheat,Export,76.898604,2092837.2
2024-03,2023/24,2024,3,All Wheat,Import,12.06964,328481.8
2024-03,2023/24,2024,3,Durum,Export,4.587515,124851.7
2024-03,2023/24,2024,3,Durum,Import,3.955292,107645.42
2024-03,2023/24,2024,3,Hard Red Spring,Export,21.03174,572390.2
2024-03,2023/24,2024,3,Hard Red Spring,Import,5.763031,156844.02
2024-03,2023/24,2024,3,Hard Red Winter,Export,14.49515,394493.36
2024-03,2023/24,2024,3,Hard Red Winter,Import,1.282155,34894.54
2024-03,2023/24,2024,3,Soft Red Winter,Export,26.913756,732472.46
2024-03,2023/24,2024,3,Soft Red Winter,Import,0.475339,12936.6
2024-03,2023/24,2024,3,White,Export,9.870444,268629.48
2024-03,2023/24,2024,3,White,Import,0.593823,16161.21
2024-04,2023/24,2024,4,All Wheat,Export,77.743019,2115818.41
2024-04,2023/24,2024,4,All Wheat,Import,9.820851,267279.8
2024-04,2023/24,2024,4,Durum,Export,2.162067,58841.82
2024-04,2023/24,2024,4,Durum,Import,4.298628,116989.5
2024-04,2023/24,2024,4,Hard Red Spring,Export,27.626314,751865.12
2024-04,2023/24,2024,4,Hard Red Spring,Import,4.250855,115689.34
2024-04,2023/24,2024,4,Hard Red Winter,Export,14.304294,389299.11
2024-04,2023/24,2024,4,Hard Red Winter,Import,0.538033,14642.86
2024-04,2023/24,2024,4,Soft Red Winter,Export,17.452011,474965.94
2024-04,2023/24,2024,4,Soft Red Winter,Import,0.182269,4960.56
2024-04,2023/24,2024,4,White,Export,16.198333,440846.41
2024-04,2023/24,2024,4,White,Import,0.551065,14997.55
2024-05,2023/24,2024,5,All Wheat,Export,58.327083,1587403.2
2024-05,2023/24,2024,5,All Wheat,Import,10.312942,280672.3
2024-05,2023/24,2024,5,Durum,Export,1.368551,37245.85
2024-05,2023/24,2024,5,Durum,Import,3.821032,103991.45
2024-05,2023/24,2024,5,Hard Red Spring,Export,16.537887,450087.56
2024-05,2023/24,2024,5,Hard Red Spring,Import,4.101433,111622.74
2024-05,2023/24,2024,5,Hard Red Winter,Export,14.505031,394762.28
2024-05,2023/24,2024,5,Hard Red Winter,Import,1.382124,37615.25
2024-05,2023/24,2024,5,Soft Red Winter,Export,13.936684,379294.41
2024-05,2023/24,2024,5,Soft Red Winter,Import,0.412512,11226.75
2024-05,2023/24,2024,5,White,Export,11.978931,326013.1
2024-05,2023/24,2024,5,White,Import,0.59584,16216.11
2024-06,2024/25,2024,6,All Wheat,Export,57.240883,1557841.68
2024-06,2024/25,2024,6,All Wheat,Import,10.475005,285082.93
2024-06,2024/25,2024,6,Durum,Export,0.796685,21682.21
2024-06,2024/25,2024,6,Durum,Import,4.374042,119041.92
2024-06,2024/25,2024,6,Hard Red Spring,Export,17.924553,487826.42
2024-06,2024/25,2024,6,Hard Red Spring,Import,4.967262,135186.72
2024-06,2024/25,2024,6,Hard Red Winter,Export,12.833555,349272.17
2024-06,2024/25,2024,6,Hard Red Winter,Import,0.320777,8730.13
2024-06,2024/25,2024,6,Soft Red Winter,Export,5.430397,147791.2
2024-06,2024/25,2024,6,Soft Red Winter,Import,0.247376,6732.47
2024-06,2024/25,2024,6,White,Export,20.255693,551269.68
2024-06,2024/25,2024,6,White,Import,0.565548,15391.68
2024-07,2024/25,2024,7,All Wheat,Export,70.556146,1920223.76
2024-07,2024/25,2024,7,All Wheat,Import,8.801113,239527.06
2024-07,2024/25,2024,7,Durum,Export,2.21824,60370.6
2024-07,2024/25,2024,7,Durum,Import,3.712363,101033.97
2024-07,2024/25,2024,7,Hard Red Spring,Export,22.103562,601560.43
2024-07,2024/25,2024,7,Hard Red Spring,Import,4.077882,110981.77
2024-07,2024/25,2024,7,Hard Red Winter,Export,15.620093,425109.3
2024-07,2024/25,2024,7,Hard Red Winter,Import,0.25508,6942.13
2024-07,2024/25,2024,7,Soft Red Winter,Export,14.569129,396506.74
2024-07,2024/25,2024,7,Soft Red Winter,Import,0.18582,5057.19
2024-07,2024/25,2024,7,White,Export,16.045122,436676.71
2024-07,2024/25,2024,7,White,Import,0.569968,15511.99
2024-08,2024/25,2024,8,All Wheat,Export,93.250031,2537850.16
2024-08,2024/25,2024,8,All Wheat,Import,12.021118,327161.25
2024-08,2024/25,2024,8,Durum,Export,3.07485,83683.7
2024-08,2024/25,2024,8,Durum,Import,4.086531,111217.16
2024-08,2024/25,2024,8,Hard Red Spring,Export,28.278869,769624.75
2024-08,2024/25,2024,8,Hard Red Spring,Import,5.617357,152879.42
2024-08,2024/25,2024,8,Hard Red Winter,Export,24.831415,675800.43
2024-08,2024/25,2024,8,Hard Red Winter,Import,0.916375,24939.64
2024-08,2024/25,2024,8,Soft Red Winter,Export,18.075295,491928.97
2024-08,2024/25,2024,8,Soft Red Winter,Import,0.850465,23145.88
2024-08,2024/25,2024,8,White,Export,18.989602,516812.31
2024-08,2024/25,2024,8,White,Import,0.55039,14979.16
2024-09,2024/25,2024,9,All Wheat,Export,93.465675,2543719.02
2024-09,2024/25,2024,9,All Wheat,Import,11.23048,305643.6
2024-09,2024/25,2024,9,Durum,Export,1.489238,40530.42
2024-09,2024/25,2024,9,Durum,Import,3.496836,95168.27
2024-09,2024/25,2024,9,Hard Red Spring,Export,36.221061,985775.82
2024-09,2024/25,2024,9,Hard Red Spring,Import,5.732654,156017.3
2024-09,2024/25,2024,9,Hard Red Winter,Export,15.253644,415136.18
2024-09,2024/25,2024,9,Hard Red Winter,Import,0.75708,20604.34
2024-09,2024/25,2024,9,Soft Red Winter,Export,12.168951,331184.6
2024-09,2024/25,2024,9,Soft Red Winter,Import,0.739608,20128.85
2024-09,2024/25,2024,9,White,Export,28.332781,771092.0
2024-09,2024/25,2024,9,White,Import,0.504302,13724.84
2024-10,2024/25,2024,10,All Wheat,Export,52.786639,1436617.01
2024-10,2024/25,2024,10,All Wheat,Import,13.367563,363805.47
2024-10,2024/25,2024,10,Durum,Export,0.69574,18934.94
2024-10,2024/25,2024,10,Durum,Import,3.797794,103359.02
2024-10,2024/25,2024,10,Hard Red Spring,Export,12.767336,347469.96
2024-10,2024/25,2024,10,Hard Red Spring,Import,8.369679,227785.34
2024-10,2024/25,2024,10,Hard Red Winter,Export,17.931519,488016.03
2024-10,2024/25,2024,10,Hard Red Winter,Import,0.343313,9343.45
2024-10,2024/25,2024,10,Soft Red Winter,Export,8.692812,236579.6
2024-10,2024/25,2024,10,Soft Red Winter,Import,0.260565,7091.41
2024-10,2024/25,2024,10,White,Export,12.699232,345616.48
2024-10,2024/25,2024,10,White,Import,0.596213,16226.25
2024-11,2024/25,2024,11,All Wheat,Export,46.43358,1263715.06
2024-11,2024/25,2024,11,All Wheat,Import,12.227653,332782.22
2024-11,2024/25,2024,11,Durum,Export,2.187841,59543.29
2024-11,2024/25,2024,11,Durum,Import,4.326178,117739.27
2024-11,2024/25,2024,11,Hard Red Spring,Export,15.640232,425657.39
2024-11,2024/25,2024,11,Hard Red Spring,Import,6.815775,185495.03
2024-11,2024/25,2024,11,Hard Red Winter,Export,11.615151,316112.63
2024-11,2024/25,2024,11,Hard Red Winter,Import,0.282677,7693.2
2024-11,2024/25,2024,11,Soft Red Winter,Export,4.491983,122251.75
2024-11,2024/25,2024,11,Soft Red Winter,Import,0.230057,6261.14
2024-11,2024/25,2024,11,White,Export,12.498373,340150.0
2024-11,2024/25,2024,11,White,Import,0.572966,15593.58
2024-12,2024/25,2024,12,All Wheat,Export,65.162583,1773435.02
2024-12,2024/25,2024,12,All Wheat,Import,17.752856,483153.61
2024-12,2024/25,2024,12,Durum,Export,1.336451,36372.23
2024-12,2024/25,2024,12,Durum,Import,5.230148,142341.3
2024-12,2024/25,2024,12,Hard Red Spring,Export,22.423087,610256.46
2024-12,2024/25,2024,12,Hard Red Spring,Import,9.98512,271750.46
2024-12,2024/25,2024,12,Hard Red Winter,Export,15.43725,420133.12
2024-12,2024/25,2024,12,Hard Red Winter,Import,0.983419,26764.29
2024-12,2024/25,2024,12,Soft Red Winter,Export,5.684787,154714.56
2024-12,2024/25,2024,12,Soft Red Winter,Import,0.917383,24967.07
2024-12,2024/25,2024,12,White,Export,20.281009,551958.64
2024-12,2024/25,2024,12,White,Import,0.636787,17330.5
2025-01,2024/25,2025,1,All Wheat,Export,52.393632,1425921.11
2025-01,2024/25,2025,1,All Wheat,Import,18.855211,513154.78
2025-01,2024/25,2025,1,Durum,Export,1.303467,35474.57
2025-01,2024/25,2025,1,Durum,Import,7.857566,213847.91
2025-01,2024/25,2025,1,Hard Red Spring,Export,14.796904,402705.75
2025-01,2024/25,2025,1,Hard Red Spring,Import,9.099982,247660.94
2025-01,2024/25,2025,1,Hard Red Winter,Export,11.882953,323401.0
2025-01,2024/25,2025,1,Hard Red Winter,Import,0.694004,18887.69
2025-01,2024/25,2025,1,Soft Red Winter,Export,7.871274,214220.99
2025-01,2024/25,2025,1,Soft Red Winter,Import,0.610324,16610.29
2025-01,2024/25,2025,1,White,Export,16.539035,450118.8
2025-01,2024/25,2025,1,White,Import,0.593336,16147.95
2025-02,2024/25,2025,2,All Wheat,Export,62.913742,1712231.6
2025-02,2024/25,2025,2,All Wheat,Import,11.627006,316435.27
2025-02,2024/25,2025,2,Durum,Export,1.380683,37576.05
2025-02,2024/25,2025,2,Durum,Import,3.998501,108821.37
2025-02,2024/25,2025,2,Hard Red Spring,Export,21.974915,598059.21
2025-02,2024/25,2025,2,Hard Red Spring,Import,6.788022,184739.7
2025-02,2024/25,2025,2,Hard Red Winter,Export,12.724344,346299.92
2025-02,2024/25,2025,2,Hard Red Winter,Import,0.201385,5480.81
2025-02,2024/25,2025,2,Soft Red Winter,Export,9.950822,270817.01
2025-02,2024/25,2025,2,Soft Red Winter,Import,0.130199,3543.43
2025-02,2024/25,2025,2,White,Export,16.882978,459479.41
2025-02,2024/25,2025,2,White,Import,0.508899,13849.96
2025-03,2024/25,2025,3,All Wheat,Export,71.326134,1941179.41
2025-03,2024/25,2025,3,All Wheat,Import,12.294278,334595.45
2025-03,2024/25,2025,3,Durum,Export,1.364895,37146.35
2025-03,2024/25,2025,3,Durum,Import,4.72905,128703.66
2025-03,2024/25,2025,3,Hard Red Spring,Export,19.253359,523990.62
2025-03,2024/25,2025,3,Hard Red Spring,Import,6.498497,176860.13
2025-03,2024/25,2025,3,Hard Red Winter,Export,20.58862,560330.45
2025-03,2024/25,2025,3,Hard Red Winter,Import,0.252392,6869.0
2025-03,2024/25,2025,3,Soft Red Winter,Export,12.92817,351847.17
2025-03,2024/25,2025,3,Soft Red Winter,Import,0.181399,4936.87
2025-03,2024/25,2025,3,White,Export,17.19109,467864.83
2025-03,2024/25,2025,3,White,Import,0.63294,17225.79
2025-04,2024/25,2025,4,All Wheat,Export,81.187012,2209548.54
2025-04,2024/25,2025,4,All Wheat,Import,9.766743,265807.22
2025-04,2024/25,2025,4,Durum,Export,2.391715,65091.83
2025-04,2024/25,2025,4,Durum,Import,2.952939,80365.85
2025-04,2024/25,2025,4,Hard Red Spring,Export,19.486779,530343.25
2025-04,2024/25,2025,4,Hard Red Spring,Import,4.748201,129224.87
2025-04,2024/25,2025,4,Hard Red Winter,Export,28.461409,774592.67
2025-04,2024/25,2025,4,Hard Red Winter,Import,1.054458,28697.64
2025-04,2024/25,2025,4,Soft Red Winter,Export,10.903147,296735.06
2025-04,2024/25,2025,4,Soft Red Winter,Import,0.383311,10432.0
2025-04,2024/25,2025,4,White,Export,19.943962,542785.73
2025-04,2024/25,2025,4,White,Import,0.627835,17086.86
2025-05,2024/25,2025,5,All Wheat,Export,82.111872,2234719.1
2025-05,2024/25,2025,5,All Wheat,Import,11.211201,305118.92
2025-05,2024/25,2025,5,Durum,Export,1.119822,30476.55
2025-05,2024/25,2025,5,Durum,Import,2.670922,72690.6
2025-05,2024/25,2025,5,Hard Red Spring,Export,20.598957,560611.78
2025-05,2024/25,2025,5,Hard Red Spring,Import,6.960488,189433.44
2025-05,2024/25,2025,5,Hard Red Winter,Export,28.503635,775741.89
2025-05,2024/25,2025,5,Hard Red Winter,Import,0.55103,14996.57
2025-05,2024/25,2025,5,Soft Red Winter,Export,7.384647,200977.18
2025-05,2024/25,2025,5,Soft Red Winter,Import,0.482135,13121.56
2025-05,2024/25,2025,5,White,Export,24.50481,666911.69
2025-05,2024/25,2025,5,White,Import,0.546627,14876.75
2025-06,2025/26,2025,6,All Wheat,Export,66.268343,1803528.87
2025-06,2025/26,2025,6,All Wheat,Import,11.227855,305572.16
2025-06,2025/26,2025,6,Durum,Export,1.346214,36637.95
2025-06,2025/26,2025,6,Durum,Import,3.594453,97824.98
2025-06,2025/26,2025,6,Hard Red Spring,Export,19.611135,533727.68
2025-06,2025/26,2025,6,Hard Red Spring,Import,6.158348,167602.78
2025-06,2025/26,2025,6,Hard Red Winter,Export,29.233718,795611.49
2025-06,2025/26,2025,6,Hard Red Winter,Import,0.492139,13393.84
2025-06,2025/26,2025,6,Soft Red Winter,Export,6.986907,190152.47
2025-06,2025/26,2025,6,Soft Red Winter,Import,0.43133,11738.87
2025-06,2025/26,2025,6,White,Export,9.090368,247399.29
2025-06,2025/26,2025,6,White,Import,0.551585,15011.69
2025-07,2025/26,2025,7,All Wheat,Export,85.075202,2315367.74
2025-07,2025/26,2025,7,All Wheat,Import,11.178314,304223.88
2025-07,2025/26,2025,7,Durum,Export,3.291588,89582.36
2025-07,2025/26,2025,7,Durum,Import,3.738445,101743.81
2025-07,2025/26,2025,7,Hard Red Spring,Export,19.372296,527227.55
2025-07,2025/26,2025,7,Hard Red Spring,Import,5.857671,159419.7
2025-07,2025/26,2025,7,Hard Red Winter,Export,35.582127,968386.89
2025-07,2025/26,2025,7,Hard Red Winter,Import,0.478877,13032.9
2025-07,2025/26,2025,7,Soft Red Winter,Export,16.125837,438873.41
2025-07,2025/26,2025,7,Soft Red Winter,Import,0.403736,10987.89
2025-07,2025/26,2025,7,White,Export,10.703352,291297.54
2025-07,2025/26,2025,7,White,Import,0.699585,19039.58
2025-08,2025/26,2025,8,All Wheat,Export,101.473901,2761667.22
2025-08,2025/26,2025,8,All Wheat,Import,8.271404,225110.75
2025-08,2025/26,2025,8,Durum,Export,2.413302,65679.32
2025-08,2025/26,2025,8,Durum,Import,2.077545,56541.5
2025-08,2025/26,2025,8,Hard Red Spring,Export,25.622538,697331.27
2025-08,2025/26,2025,8,Hard Red Spring,Import,4.407495,119952.38
2025-08,2025/26,2025,8,Hard Red Winter,Export,38.276207,1041707.72
2025-08,2025/26,2025,8,Hard Red Winter,Import,0.666805,18147.47
2025-08,2025/26,2025,8,Soft Red Winter,Export,17.770246,483626.89
2025-08,2025/26,2025,8,Soft Red Winter,Import,0.583125,15870.07
2025-08,2025/26,2025,8,White,Export,17.391608,473322.03
2025-08,2025/26,2025,8,White,Import,0.536434,14599.34
2025-09,2025/26,2025,9,All Wheat,Export,124.878191,3398627.68
2025-09,2025/26,2025,9,All Wheat,Import,9.358544,254697.85
2025-09,2025/26,2025,9,Durum,Export,3.71764,101177.59
2025-09,2025/26,2025,9,Durum,Import,3.703095,100781.73
2025-09,2025/26,2025,9,Hard Red Spring,Export,31.098513,846362.89
2025-09,2025/26,2025,9,Hard Red Spring,Import,4.039581,109939.39
2025-09,2025/26,2025,9,Hard Red Winter,Export,48.005374,1306492.29
2025-09,2025/26,2025,9,Hard Red Winter,Import,0.886834,24135.66
2025-09,2025/26,2025,9,Soft Red Winter,Export,12.474945,339512.4
2025-09,2025/26,2025,9,Soft Red Winter,Import,0.226292,6158.67
2025-09,2025/26,2025,9,White,Export,29.581719,805082.51
2025-09,2025/26,2025,9,White,Import,0.502742,13682.41
2025-10,2025/26,2025,10,All Wheat,Export,70.817678,1927341.51
2025-10,2025/26,2025,10,All Wheat,Import,9.252636,251815.5
2025-10,2025/26,2025,10,Durum,Export,0.969559,26387.08
2025-10,2025/26,2025,10,Durum,Import,3.243719,88279.57
2025-10,2025/26,2025,10,Hard Red Spring,Export,17.827214,485177.31
2025-10,2025/26,2025,10,Hard Red Spring,Import,4.742996,129083.2
2025-10,2025/26,2025,10,Hard Red Winter,Export,26.86861,731243.78
2025-10,2025/26,2025,10,Hard Red Winter,Import,0.423776,11533.3
2025-10,2025/26,2025,10,Soft Red Winter,Export,8.848911,240827.92
2025-10,2025/26,2025,10,Soft Red Winter,Import,0.327628,8916.57
2025-10,2025/26,2025,10,White,Export,16.303384,443705.43
2025-10,2025/26,2025,10,White,Import,0.514517,14002.86
2025-11,2025/26,2025,11,All Wheat,Export,58.103099,1581307.34
2025-11,2025/26,2025,11,All Wheat,Import,11.445398,311492.71
2025-11,2025/26,2025,11,Durum,Export,2.098481,57111.3
2025-11,2025/26,2025,11,Durum,Import,4.534266,123402.52
2025-11,2025/26,2025,11,Hard Red Spring,Export,13.635184,371088.91
2025-11,2025/26,2025,11,Hard Red Spring,Import,5.798625,157812.71
2025-11,2025/26,2025,11,Hard Red Winter,Export,21.342164,580838.56
2025-11,2025/26,2025,11,Hard Red Winter,Import,0.30291,8243.85
2025-11,2025/26,2025,11,Soft Red Winter,Export,6.807587,185272.17
2025-11,2025/26,2025,11,Soft Red Winter,Import,0.222527,6056.18
2025-11,2025/26,2025,11,White,Export,14.219684,386996.41
2025-11,2025/26,2025,11,White,Import,0.587071,15977.46
2025-12,2025/26,2025,12,All Wheat,Export,72.613686,1976220.84
2025-12,2025/26,2025,12,All Wheat,Import,10.886289,296276.26
2025-12,2025/26,2025,12,Durum,Export,2.367362,64429.03
2025-12,2025/26,2025,12,Durum,Import,4.000233,108868.5
2025-12,2025/26,2025,12,Hard Red Spring,Export,16.295925,443502.43
2025-12,2025/26,2025,12,Hard Red Spring,Import,5.598097,152355.24
2025-12,2025/26,2025,12,Hard Red Winter,Export,23.454232,638319.63
2025-12,2025/26,2025,12,Hard Red Winter,Import,0.375729,10225.68
2025-12,2025/26,2025,12,Soft Red Winter,Export,6.28401,171022.73
2025-12,2025/26,2025,12,Soft Red Winter,Import,0.296363,8065.67
2025-12,2025/26,2025,12,White,Export,24.212158,658947.01
2025-12,2025/26,2025,12,White,Import,0.615867,16761.16
2026-01,2025/26,2026,1,All Wheat,Export,57.619185,1568137.36
2026-01,2025/26,2026,1,All Wheat,Import,11.361992,309222.76
2026-01,2025/26,2026,1,Durum,Export,4.497495,122401.76
2026-01,2025/26,2026,1,Durum,Import,4.123205,112215.26
2026-01,2025/26,2026,1,Hard Red Spring,Export,17.845367,485671.35
2026-01,2025/26,2026,1,Hard Red Spring,Import,5.92646,161291.83
2026-01,2025/26,2026,1,Hard Red Winter,Export,16.567293,450887.86
2026-01,2025/26,2026,1,Hard Red Winter,Import,0.422883,11508.98
2026-01,2025/26,2026,1,Soft Red Winter,Export,6.580158,179082.58
2026-01,2025/26,2026,1,Soft Red Winter,Import,0.355221,9667.52
2026-01,2025/26,2026,1,White,Export,12.128872,330093.83
2026-01,2025/26,2026,1,White,Import,0.534223,14539.17
2026-02,2025/26,2026,2,All Wheat,Export,72.445101,1971632.7
2026-02,2025/26,2026,2,All Wheat,Import,10.131016,275721.09
2026-02,2025/26,2026,2,Durum,Export,3.274798,89125.41
2026-02,2025/26,2026,2,Durum,Import,4.625043,125873.06
2026-02,2025/26,2026,2,Hard Red Spring,Export,14.247256,387746.8
2026-02,2025/26,2026,2,Hard Red Spring,Import,4.398294,119701.95
2026-02,2025/26,2026,2,Hard Red Winter,Export,21.672786,589836.63
2026-02,2025/26,2026,2,Hard Red Winter,Import,0.339237,9232.52
2026-02,2025/26,2026,2,Soft Red Winter,Export,9.991172,271915.17
2026-02,2025/26,2026,2,Soft Red Winter,Import,0.269977,7347.57
2026-02,2025/26,2026,2,White,Export,23.259088,633008.68
2026-02,2025/26,2026,2,White,Import,0.498465,13566.0
2026-03,2025/26,2026,3,All Wheat,Export,68.19444,1855948.67
2026-03,2025/26,2026,3,All Wheat,Import,10.535962,286741.93
2026-03,2025/26,2026,3,Durum,Export,2.65067,72139.42
2026-03,2025/26,2026,3,Durum,Import,5.769339,157015.7
2026-03,2025/26,2026,3,Hard Red Spring,Export,18.532214,504364.26
2026-03,2025/26,2026,3,Hard Red Spring,Import,3.80871,103656.1
2026-03,2025/26,2026,3,Hard Red Winter,Export,23.823476,648368.83
2026-03,2025/26,2026,3,Hard Red Winter,Import,0.19137,5208.25
2026-03,2025/26,2026,3,Soft Red Winter,Export,12.774698,347670.33
2026-03,2025/26,2026,3,Soft Red Winter,Import,0.111359,3030.69
2026-03,2025/26,2026,3,White,Export,10.413382,283405.83
2026-03,2025/26,2026,3,White,Import,0.655184,17831.18
2026-04,2025/26,2026,4,All Wheat,Export,69.82665,1900370.13
2026-04,2025/26,2026,4,All Wheat,Import,10.110379,275159.44
2026-04,2025/26,2026,4,Durum,Export,2.806263,76373.98
2026-04,2025/26,2026,4,Durum,Import,4.656668,126733.74
2026-04,2025/26,2026,4,Hard Red Spring,Export,20.689718,563081.89
2026-04,2025/26,2026,4,Hard Red Spring,Import,4.34916,118364.76
2026-04,2025/26,2026,4,Hard Red Winter,Export,18.842102,512798.01
2026-04,2025/26,2026,4,Hard Red Winter,Import,0.270306,7356.54
2026-04,2025/26,2026,4,Soft Red Winter,Export,9.924611,270103.66
2026-04,2025/26,2026,4,Soft Red Winter,Import,0.210849,5738.36
2026-04,2025/26,2026,4,White,Export,17.563956,478012.59
2026-04,2025/26,2026,4,White,Import,0.623395,16966.04
2026-05,2025/26,2026,5,All Wheat,Export,60.465756,1645608.34
2026-05,2025/26,2026,5,All Wheat,Import,11.07779,301488.06
2026-05,2025/26,2026,5,Durum,Export,3.445248,93764.3
2026-05,2025/26,2026,5,Durum,Import,4.14573,112828.3
2026-05,2025/26,2026,5,Hard Red Spring,Export,18.022985,490505.3
2026-05,2025/26,2026,5,Hard Red Spring,Import,5.523907,150336.13
2026-05,2025/26,2026,5,Hard Red Winter,Export,17.513141,476629.62
2026-05,2025/26,2026,5,Hard Red Winter,Import,0.576536,15690.73
2026-05,2025/26,2026,5,Soft Red Winter,Export,7.142249,194380.18
2026-05,2025/26,2026,5,Soft Red Winter,Import,0.141776,3858.52
2026-05,2025/26,2026,5,White,Export,14.342133,390328.92
2026-05,2025/26,2026,5,White,Import,0.68984,18774.37
2026-06,2026/27,2026,6,All Wheat,Export,55.445763,1508986.51
2026-06,2026/27,2026,6,All Wheat,Import,10.984472,298948.36
2026-06,2026/27,2026,6,Durum,Export,1.759736,47892.16
2026-06,2026/27,2026,6,Durum,Import,3.833288,104325.01
2026-06,2026/27,2026,6,Hard Red Spring,Export,15.358554,417991.37
2026-06,2026/27,2026,6,Hard Red Spring,Import,5.632034,153278.87
2026-06,2026/27,2026,6,Hard Red Winter,Export,18.780481,511120.98
2026-06,2026/27,2026,6,Hard Red Winter,Import,0.500669,13625.99
2026-06,2026/27,2026,6,Soft Red Winter,Export,7.001499,190549.6
2026-06,2026/27,2026,6,Soft Red Winter,Import,0.437025,11893.88
2026-06,2026/27,2026,6,White,Export,12.545494,341432.41
2026-06,2026/27,2026,6,White,Import,0.581455,15824.62
2026-07,2026/27,2026,7,All Wheat,Export,61.958455,1686232.94
2026-07,2026/27,2026,7,All Wheat,Import,13.298082,361914.51
2026-07,2026/27,2026,7,Durum,Export,1.937879,52740.42
2026-07,2026/27,2026,7,Durum,Import,3.876204,105492.98
2026-07,2026/27,2026,7,Hard Red Spring,Export,15.606417,424737.09
2026-07,2026/27,2026,7,Hard Red Spring,Import,7.146957,194508.31
2026-07,2026/27,2026,7,Hard Red Winter,Export,14.133171,384641.91
2026-07,2026/27,2026,7,Hard Red Winter,Import,0.869519,23664.42
2026-07,2026/27,2026,7,Soft Red Winter,Export,13.511184,367714.21
2026-07,2026/27,2026,7,Soft Red Winter,Import,0.805438,21920.43
2026-07,2026/27,2026,7,White,Export,16.769804,456399.31
2026-07,2026/27,2026,7,White,Import,0.599965,16328.36
